"t","EIR_tot","slide_prev0to5","prop_killed_ivm","mv_dead","mvx_dead"
1,139.064941546028,0.624000884168645,NA,0,0
2,155.301922069117,0.624000884168645,0,5.48980117367367,0
3,165.396932374327,0.624000884168645,0,10.9796023473473,0
4,170.628680375287,0.624000884168645,0,16.469403521021,0
5,172.107017999068,0.624000884168645,0,21.9592046946947,0
6,170.88464781686,0.624000884168645,0,27.4490058683683,0
7,168.001822410892,0.624000884168645,0,32.938807042042,0
8,164.410457339635,0.624000884168645,0,38.4286082157157,0
9,160.849731937589,0.624000884168645,0,43.9184093893894,0
10,157.774868919952,0.624000884168645,0,49.408210563063,0
11,155.372639733286,0.624000884168645,0,54.8980117367367,0
12,153.638646732434,0.624000884168645,0,60.3878129104104,0
13,152.46636125674,0.6239998285345,0,65.877614084084,0
14,151.716437928387,0.624317235509937,0,71.3674152577577,0
15,151.258954743891,0.625066412841597,0,76.8572164314314,0
16,150.991169717605,0.626000019248187,0,82.347017605105,0
17,150.840011449094,0.626946097531891,0,87.8368187787787,0
18,150.757386470864,0.627793275661552,0,93.3266199524524,0
19,150.713499641233,0.628481067987851,0,98.8164211261261,0
20,150.69078172331,0.628990773407949,0,104.3062222998,0
21,150.679291723356,0.629334263118206,0,109.796023473473,0
22,150.673601812898,0.629541256939527,0,115.285824647147,0
23,150.670837708104,0.629647725265636,0,120.775625820821,0
24,150.669518308436,0.629687619907302,0,126.265426994494,0
25,150.668898620706,0.6296884925428,0,131.755228168168,0
26,150.668611848197,0.629670287787318,0,137.245029341842,0
27,150.668480958912,0.629646052480298,0,142.734830515515,0
28,150.668422100664,0.629623480726238,0,148.224631689189,0
29,150.668400156989,0.629606549174977,0,153.714432862863,0
30,150.668436130287,0.629596880960484,0,159.204234036536,0
31,150.668697469813,0.629594737471763,0,164.69403521021,0
32,150.669652918341,0.629599671139815,0,170.183836383884,0
33,150.672174728436,0.62961092123429,0,175.673637557557,0
34,150.677464701157,0.629627635799902,0,181.163438731231,0
35,150.686792631228,0.629648985365806,0,186.653239904905,0
36,150.701153951656,0.629674214024153,0,192.143041078578,0
37,150.720989071071,0.629702656647617,0,197.632842252252,0
38,150.746058653072,0.629733739170989,0,203.122643425926,0
39,150.77549237186,0.629766971340593,0,208.612444599599,0
40,150.807967037173,0.629801936820921,0,214.102245773273,0
41,150.841944140095,0.629838283059948,0,219.592046946947,0
42,150.875900611203,0.629875712414894,0,225.08184812062,0
43,150.908508200116,0.629913976550282,0,230.571649294294,0
44,150.938741966691,0.629952876445185,0,236.061450467968,0
45,150.965919390884,0.629992267678187,0,241.551251641641,0
46,150.989684787505,0.630032066174674,0,247.041052815315,0
47,151.009958613307,0.630072247677668,0,252.530853988989,0
48,151.026870606012,0.630112836790054,0,258.020655162662,0
49,151.040691367144,0.630153886451521,0,263.510456336336,0
50,151.051771888919,0.630195452824977,0,269.00025751001,0
51,151.060495522579,0.630237571867371,0,274.490058683683,0
52,151.067243444388,0.630280242610924,0,279.979859857357,0
53,151.07237230006,0.63032341956615,0,285.469661031031,0
54,151.076201683755,0.63036701401927,0,290.959462204704,0
55,151.079008859772,0.630410902149536,0,296.449263378378,0
56,151.081028345222,0.630454937052954,0,301.939064552052,0
57,151.082454463948,0.630498961843243,0,307.428865725726,0
58,151.083445462142,0.630542821609568,0,312.918666899399,0
59,151.084128241784,0.630586372882783,0,318.408468073073,0
60,151.08460311218,0.630629490059579,0,323.898269246746,0
61,151.084948233652,0.630672068870118,0,329.38807042042,0
62,151.0852235963,0.63071402735549,0,334.877871594094,0
63,151.085474493422,0.630755304994319,0,340.367672767767,0
64,151.085734513898,0.630795860628213,0,345.857473941441,0
65,151.086028094659,0.63083566974435,0,351.347275115115,0
66,151.086372680635,0.630874721549136,0,356.837076288789,0
67,151.086780519048,0.630913016125402,0,362.326877462462,0
68,151.087260102115,0.630950561853863,0,367.816678636136,0
69,151.087817267879,0.630987373186484,0,373.30647980981,0
70,151.088455971982,0.631023468795429,0,378.796280983483,0
71,151.089178763127,0.631058870084421,0,384.286082157157,0
72,151.089987012425,0.63109360002407,0,389.775883330831,0
73,151.090880964176,0.631127682265915,0,395.265684504504,0
74,151.091859682654,0.631161140487917,0,400.755485678178,0
75,151.092920965676,0.631193997926893,0,406.245286851851,0
76,151.094061282664,0.631226277060394,0,411.735088025525,0
77,151.095275775731,0.631257999405467,0,417.224889199199,0
78,151.096558341523,0.631289185407933,0,422.714690372873,0
79,151.097901792925,0.631319854400337,0,428.204491546546,0
80,151.099298085885,0.631350024609619,0,433.69429272022,0
81,151.100738588377,0.631379713198499,0,439.184093893894,0
82,151.10221436617,0.631408936326452,0,444.673895067567,0
83,151.103716461286,0.63143770921848,0,450.163696241241,0
84,151.105236144333,0.631466046232577,0,455.653497414915,0
85,151.106765127193,0.63149396091967,0,461.143298588588,0
86,151.108295729034,0.631521466072821,0,466.633099762262,0
87,151.10982099389,0.631548573765262,0,472.122900935936,0
88,151.111334762019,0.63157529537893,0,477.612702109609,0
89,151.112831700427,0.631601641626519,0,483.102503283283,0
90,151.114307299186,0.63162762257064,0,488.592304456957,0
91,151.115757841037,0.631653247643438,0,494.08210563063,0
92,151.117180351381,0.631678525669342,0,499.571906804304,0
93,151.118572535237,0.631703464892667,0,505.061707977978,0
94,151.119932706665,0.631728073010677,0,510.551509151651,0
95,151.121259715196,0.631752357211891,0,516.041310325325,0
96,151.122552872774,0.631776324218629,0,521.531111498999,0
97,151.123811883683,0.631799980332378,0,527.020912672672,0
98,151.125036779295,0.631823331480402,0,532.510713846346,0
99,151.126227858636,0.631846383261963,0,538.00051502002,0
100,148.701854052991,0.631869140992792,0,543.493770471897,0
101,136.832224992712,0.631891609746625,0,552.095959716031,0
102,125.879043789044,0.63191379439302,0,560.10301848711,0
103,115.812349509017,0.631935699630904,0,567.619611097108,0
104,106.559840366012,0.631957330017642,0,574.741066420827,0
105,98.0563419080101,0.631978689993617,0,581.544156575264,0
106,90.2453650053306,0.631999783902519,0,588.090717040608,0
107,83.0809438049008,0.632020616007642,0,594.430555071154,0
108,76.528004784853,0.632041190504627,0,600.603794449388,0
109,70.5603132226692,0.632061511531034,0,606.642759443988,0
110,65.1565990966109,0.632081583173279,0,612.573493981403,0
111,60.296335979676,0.63210140947132,0,618.416983538085,0
112,55.9564867646243,0.632076281958073,0,624.190138562943,0
113,52.1098088547073,0.630984229332314,0,629.906587508142,0
114,48.7246484766944,0.629571919691898,0,635.577314422062,0
115,45.7655592989505,0.627915045009633,0,641.211172806525,0
116,43.1917561200721,0.62606608292158,0,646.815299569934,0
117,40.9498530663315,0.62406435124529,0,652.39544821419,0
118,38.9707143152619,0.621939952362759,0,657.956257562295,0
119,37.1829589165379,0.619716349486502,0,663.501467817537,0
120,35.5338639638794,0.617412240222829,0,669.034094992856,0
121,34.0000146930369,0.615042950873632,0,674.556571357267,0
122,32.5826989478775,0.61262144269178,0,680.070858546944,0
123,31.2950865285784,0.610158989460965,0,685.578538751776,0
124,30.1501470807335,0.607665593333133,0,691.080888228883,0
125,29.1538094353868,0.605150214562081,0,696.578936557159,0
126,28.3033833593129,0.602620885941977,0,702.073514372999,0
127,27.5891755238091,0.60008476609772,0,707.565291861053,0
128,26.9972276392974,0.597548129974787,0,713.054809795385,0
129,26.5119163851531,0.595016151393081,0,718.542504571355,0
130,26.1178575729553,0.592492410184975,0,724.028728377494,0
131,25.8009522751442,0.589978530979424,0,729.513765464762,0
132,25.5487055616386,0.587474474814886,0,734.997845269793,0
133,25.3501420650444,0.584979428913528,0,740.481153004461,0
134,25.1956260418932,0.582492796963459,0,745.96383819126,0
135,25.0767385875622,0.580014836029449,0,751.446021549071,0
136,24.9862216495411,0.577546804185627,0,756.927800548925,0
137,24.917940829558,0.575090744735977,0,762.409253898969,0
138,24.8668256924277,0.572649117730299,0,767.890445161356,0
139,24.8287740913428,0.570224444856618,0,773.371425670288,0
140,24.8005289138411,0.567819050730482,0,778.852236887344,0
141,24.7795438633592,0.565434917795939,0,784.332912303219,0
142,24.7638533971241,0.563073636567796,0,789.813478972482,0
143,24.7519566324262,0.56073641851398,0,795.293958751828,0
144,24.7427193059692,0.558424137558562,0,800.774369299918,0
145,24.7352939700975,0.55613737592574,0,806.254724884823,0
146,24.7290563902912,0.553876464354013,0,811.735037036071,0
147,24.7235551973838,0.551641516944916,0,817.215315070808,0
148,24.7184716377445,0.54943246410835,0,822.695566518784,0
149,24.7135868370271,0.547249085684276,0,828.175797465633,0
150,24.7087548921228,0.545091043989228,0,833.656012830238,0
151,24.7038811051518,0.542957915173855,0,839.136216588604,0
152,24.6989052660027,0.540849217148893,0,844.616411954733,0
153,24.6937900081818,0.538764432959029,0,850.096601526775,0
154,24.6885138841902,0.536703029273265,0,855.576787405141,0
155,24.6830682691189,0.534664470325759,0,861.056971287888,0
156,24.6774567653777,0.532648227963474,0,866.5371545478,0
157,24.6716957049805,0.530653788570154,0,872.017338294692,0
158,24.6658145914706,0.528680657582283,0,877.497523425778,0
159,24.6598557596417,0.526728362220779,0,882.977710666351,0
160,24.6538729966646,0.524796452897981,0,888.457900602678,0
161,24.6479292389326,0.52288450362576,0,893.9380937086,0
162,24.6420936670498,0.520992111647542,0,899.418290367037,0
163,24.6364385821895,0.519118896480982,0,904.898490887354,0
164,24.6310364023383,0.517264498546922,0,910.378695519415,0
165,24.6259570144955,0.515428577571251,0,915.858904464964,0
166,24.6212656136833,0.51361081094901,0,921.339117886815,0
167,24.6170210780376,0.511810892238185,0,926.819335916272,0
168,24.6132748702297,0.510028529895724,0,932.29955865914,0
169,24.6100704184136,0.508263446297565,0,937.779786200602,0
170,24.6074429119217,0.506515377021539,0,943.260018609158,0
171,24.6054194410522,0.504784070327973,0,948.74025593979,0
172,24.6040194063362,0.503069286753567,0,954.220498236537,0
173,24.6032551244839,0.501370798736415,0,959.700745534593,0
174,24.6031325630274,0.499688390208893,0,965.180997861995,0
175,24.6036521451521,0.498021856120116,0,970.661255240977,0
176,24.604809574405,0.496371001874286,0,976.141517689065,0
177,24.6065966408304,0.494735642688538,0,981.621785219988,0
178,24.60900197992,0.493115602886185,0,987.102057844411,0
179,24.612011766218,0.491510715146906,0,992.582335570497,0
180,24.6156103303881,0.489920819738047,0,998.062618404384,0
181,24.6197806959192,0.488345763748665,0,1003.54290635058,0
182,24.6245050356477,0.486785400345789,0,1009.02319941228,0
183,24.6297650520116,0.485239588068482,0,1014.50349759159,0
184,24.6355422867672,0.483708190172486,0,1019.98380088977,0
185,24.6418183677994,0.482191074033391,0,1025.46410930735,0
186,24.6485752009917,0.480688110613082,0,1030.94442284432,0
187,24.6557951155857,0.479199173990712,0,1036.4247415002,0
188,24.6634609713233,0.477724140957643,0,1041.90506527413,0
189,24.6715562351012,0.476262890672927,0,1047.38539416494,0
190,24.6800650337171,0.474815304374623,0,1052.86572817124,0
191,24.688972188273,0.473381265141029,0,1058.34606729144,0
192,24.6982632348777,0.471960657696333,0,1063.82641152377,0
193,24.707924434945,0.470553368254469,0,1069.30676086634,0
194,24.7179427772579,0.469159284395269,0,1074.78711531718,0
195,24.7283059732578,0.467778294967123,0,1080.2674748742,0
196,24.7390024467868,0.466410290011693,0,1085.74783953527,0
197,24.7500213188958,0.465055160706271,0,1091.22820929818,0
198,24.7613523880784,0.463712799319963,0,1096.7085841607,0
199,24.7729861062992,0.462383099180247,0,1102.18896412057,0
200,24.7849135515391,0.461065954647818,0,1107.66934917547,0
201,24.7971263973636,0.459761261097642,0,1113.14973932308,0
202,24.8096168800012,0.458468914904592,0,1118.63013456106,0
203,24.8223777635189,0.45718881343221,0,1124.11053488707,0
204,24.8354023040185,0.455920855024164,0,1129.59094029873,0
205,24.8486842134826,0.454664938997711,0,1135.07135079367,0
206,24.8622176237685,0.453420965638618,0,1140.55176636952,0
207,24.8759970512727,0.452188836196895,0,1146.03218702389,0
208,24.8900173629729,0.450968452883434,0,1151.5126127544,0
209,24.9042737442046,0.449759718867194,0,1156.99304355865,0
210,24.918761668333,0.448562538272578,0,1162.47347943425,0
211,24.9334768685165,0.447376816176569,0,1167.95392037883,0
212,24.9484153118713,0.44620245860572,0,1173.43436638998,0
213,24.9635731760493,0.44503937253275,0,1178.91481746532,0
214,24.9789468280573,0.443887465872474,0,1184.39527360245,0
215,24.9945328052721,0.442746647476767,0,1189.875734799,0
216,25.0103277986829,0.441616827128771,0,1195.35620105257,0
217,25.0263286381948,0.440497915536247,0,1200.83667236078,0
218,25.0425322796685,0.439389824323898,0,1206.31714872124,0
219,25.0589357935935,0.438292466024621,0,1211.79763013159,0
220,25.0755363553225,0.437205754069954,0,1217.27811658942,0
221,25.0923312366866,0.436129602779771,0,1222.75860809238,0
222,25.109317798655,0.435063927351145,0,1228.23910463807,0
223,25.1264934849993,0.434008643846464,0,1233.71960622414,0
224,25.1438558168843,0.432963669181109,0,1239.20011284821,0
225,25.161402388262,0.431928921110777,0,1244.6806245079,0
226,25.1791308617786,0.430904318218376,0,1250.16114120087,0
227,25.1970389652449,0.429889779900653,0,1255.64166292473,0
228,25.2151244886107,0.428885226354784,0,1261.12218967713,0
229,25.2333852813727,0.427890578565019,0,1266.6027214557,0
230,25.2518192501764,0.426905758289235,0,1272.0832582581,0
231,25.2704243567314,0.425930688045595,0,1277.56380008197,0
232,25.2891986159883,0.424965291099461,0,1283.04434692494,0
233,25.3081400945312,0.424009491450587,0,1288.52489878468,0
234,25.3272469089953,0.423063213820425,0,1294.00545565883,0
235,25.3465172246611,0.422126383639743,0,1299.48601754505,0
236,25.3659492541788,0.421198927036618,0,1304.96658444099,0
237,25.3855412563739,0.420280770824796,0,1310.44715634431,0
238,25.4052915350013,0.419371842492243,0,1315.92773325268,0
239,25.4251984376007,0.418472070190074,0,1321.40831516376,0
240,25.4452603544201,0.417581382721883,0,1326.88890207519,0
241,25.4654757173317,0.416699709533441,0,1332.36949398467,0
242,25.4858429986867,0.415826980702561,0,1337.85009088986,0
243,25.5063607102329,0.414963126929375,0,1343.33069278842,0
244,25.5270274020777,0.414108079526979,0,1348.81129967803,0
245,25.547841661597,0.41326177041236,0,1354.29191155638,0
246,25.5688021123077,0.412424132097515,0,1359.77252842113,0
247,25.5899074127902,0.411595097680916,0,1365.25315026997,0
248,25.6111562556581,0.410774600839322,0,1370.73377710057,0
249,25.6325473664486,0.409962575819776,0,1376.21440891063,0
250,25.6540795025219,0.409158957431783,0,1381.69504569784,0
251,25.6757514520093,0.408363681039799,0,1387.17568745987,0
252,25.6975620328116,0.407576682555998,0,1392.65633419442,0
253,25.719510091514,0.406797898433152,0,1398.13698589919,0
254,25.7415945023513,0.406027265657679,0,1403.61764257187,0
255,25.7638141662276,0.40526472174296,0,1409.09830421015,0
256,25.7861680097743,0.404510204722874,0,1414.57897081174,0
257,25.808654984342,0.40376365314537,0,1420.05964237434,0
258,25.8312740650655,0.403025006066223,0,1425.54031889566,0
259,25.8540242499925,0.402294203043006,0,1431.02100037339,0
260,25.8769045592211,0.401571184129216,0,1436.50168680524,0
261,25.8999140340064,0.400855889868406,0,1441.98237818894,0
262,25.9230517359434,0.400148261288498,0,1447.46307452218,0
263,25.9463167462203,0.399448239896287,0,1452.94377580268,0
264,25.9697081648433,0.398755767672013,0,1458.42448202816,0
265,25.9932251098743,0.398070787063959,0,1463.90519319635,0
266,26.016866716736,0.397393240983215,0,1469.38590930494,0
267,26.0406321375824,0.396723072798611,0,1474.86663035167,0
268,26.0645205406153,0.396060226331649,0,1480.34735633427,0
269,26.0885311094495,0.395404645851494,0,1485.82808725046,0
270,26.1126630425353,0.39475627607012,0,1491.30882309797,0
271,26.1369155526256,0.394115062137599,0,1496.78956387452,0
272,26.1612878661865,0.393480949637328,0,1502.27030957785,0
273,26.1857792228735,0.392853884581381,0,1507.7510602057,0
274,26.2103888750642,0.392233813405982,0,1513.2318157558,0
275,26.2351160873925,0.391620682967085,0,1518.71257622588,0
276,26.259960136256,0.391014440535887,0,1524.1933416137,0
277,26.2849203093854,0.390415033794484,0,1529.67411191699,0
278,26.3099959054677,0.38982241083166,0,1535.15488713349,0
279,26.335186233731,0.389236520138691,0,1540.63566726095,0
280,26.360490613542,0.388657310605146,0,1546.11645229712,0
281,26.3859083740531,0.388084731514819,0,1551.59724223974,0
282,26.4114388538921,0.387518732541796,0,1557.07803708657,0
283,26.4370814007924,0.38695926374646,0,1562.55883683537,0
284,26.4628353712654,0.386406275571565,0,1568.03964148389,0
285,26.4887001303185,0.385859718838439,0,1573.52045102988,0
286,26.5146750511795,0.385319544743266,0,1579.0012654711,0
287,26.5407595149791,0.384785704853306,0,1584.48208480533,0
288,26.5669529104831,0.384258151103224,0,1589.96290903031,0
289,26.593254633868,0.383736835791533,0,1595.44373814381,0
290,26.6196640884623,0.383221711577067,0,1600.9245721436,0
291,26.646180684485,0.382712731475417,0,1606.40541102746,0
292,26.6728038388257,0.382209848855487,0,1611.88625479313,0
293,26.69953297486,0.381713017436172,0,1617.36710343841,0
294,26.726367522206,0.381222191282981,0,1622.84795696107,0
295,26.7533069165131,0.380737324804692,0,1628.32881535888,0
296,26.7803505992874,0.380258372750134,0,1633.80967862961,0
297,26.8074980177205,0.379785290205049,0,1639.29054677105,0
298,26.834748624475,0.379318032588859,0,1644.77141978098,0
299,26.862101877513,0.378856555651551,0,1650.25229765718,0
300,26.8895572399604,0.378400815470658,0,1655.73318039743,0
301,26.917114179934,0.377950768448254,0,1661.21406799953,0
302,26.9447721703665,0.377506371307905,0,1666.69496046127,0
303,26.9725306888682,0.377067581091742,0,1672.17585778042,0
304,27.0003892176133,0.376634355157634,0,1677.65675995478,0
305,27.0283472431709,0.376206651176284,0,1683.13766698215,0
306,27.0564042563666,0.375784427128377,0,1688.61857886032,0
307,27.0845597521778,0.375367641301834,0,1694.09949558709,0
308,27.1128132296181,0.374956252289119,0,1699.58041716026,0
309,27.1411641915909,0.374550218984461,0,1705.06134357763,0
310,27.1696121447795,0.374149500581184,0,1710.542274837,0
311,27.1981565995689,0.373754056569131,0,1716.02321093617,0
312,27.2267970699203,0.37336384673206,0,1721.50415187295,0
313,27.2555330732564,0.372978831145026,0,1726.98509764516,0
314,27.284364130379,0.372598970171867,0,1732.46604825058,0
315,27.3132897653953,0.372224224462774,0,1737.94700368705,0
316,27.3423095055975,0.37185455495177,0,1743.42796395236,0
317,27.371422881376,0.371489922854244,0,1748.90892904434,0
318,27.4006294261626,0.371130289664614,0,1754.3898989608,0
319,27.4299286763428,0.370775617153966,0,1759.87087369955,0
320,27.45932017116,0.370425867367651,0,1765.35185325843,0
321,27.4888034526504,0.370081002622981,0,1770.83283763523,0
322,27.5183780655974,0.369740985507016,0,1776.3138268278,0
323,27.5480435574368,0.369405778874267,0,1781.79482083395,0
324,27.5777994781858,0.369075345844435,0,1787.27581965152,0
325,27.6076453804024,0.368749649800249,0,1792.75682327831,0
326,27.637580819127,0.368428654385342,0,1798.23783171218,0
327,27.6676053518017,0.368112323502028,0,1803.71884495094,0
328,27.6977185382199,0.367800621309191,0,1809.19986299243,0
329,27.7279199404993,0.367493512220252,0,1814.68088583447,0
330,27.7582091230086,0.367190960901079,0,1820.16191347492,0
331,27.7885856523102,0.366892932267896,0,1825.64294591161,0
332,27.8190490971305,0.366599391485295,0,1831.12398314236,0
333,27.8495990283228,0.3663103039643,0,1836.60502516503,0
334,27.8802350188004,0.366025635360318,0,1842.08607197746,0
335,27.9109566434982,0.365745351571188,0,1847.56712357748,0
336,27.9417634793571,0.365469418735319,0,1853.04817996294,0
337,27.9726551052692,0.365197803229773,0,1858.5292411317,0
338,28.0036311020306,0.364930471668333,0,1864.0103070816,0
339,28.0346910523207,0.364667390899665,0,1869.49137781048,0
340,28.0658345406805,0.364408528005546,0,1874.97245331619,0
341,28.0970611534563,0.364153850298976,0,1880.45353359661,0
342,28.1283704787713,0.363903325322366,0,1885.93461864956,0
343,28.1597621065188,0.363656920845831,0,1891.41570847292,0
344,28.1912356283201,0.363414604865421,0,1896.89680306453,0
345,28.2227906374864,0.363176345601331,0,1902.37790242227,0
346,28.2544267290054,0.362942111496205,0,1907.85900654397,0
347,28.2861434995298,0.362711871213505,0,1913.34011542752,0
348,28.3179405473298,0.362485593635756,0,1918.82122907077,0
349,28.3498174722729,0.362263247862881,0,1924.30234747159,0
350,28.3817738758238,0.36204480321061,0,1929.78347062784,0
351,28.4138093610108,0.361830229208853,0,1935.26459853739,0
352,28.4459235323952,0.361619495600037,0,1940.74573119811,0
353,28.4781159960654,0.361412572337538,0,1946.22686860787,0
354,28.5103863596298,0.361209429584167,0,1951.70801076454,0
355,28.5427342321783,0.361010037710549,0,1957.18915766601,0
356,28.5751592242679,0.360814367293567,0,1962.67030931013,0
357,28.6076609479279,0.360622389114901,0,1968.15146569478,0
358,28.6402390166314,0.360434074159511,0,1973.63262681786,0
359,28.6728930452723,0.360249393614088,0,1979.11379267724,0
360,28.7056226501645,0.360068318865604,0,1984.59496327078,0
361,28.7384274490372,0.359890821499912,0,1990.07613859639,0
362,28.7713070610038,0.359716873300223,0,1995.55731865194,0
363,28.8042611065527,0.359546446245666,0,2001.03850343532,0
364,28.837289207556,0.359379512509942,0,2006.5196929444,0
365,28.8703909872439,0.359216044459893,0,2012.0008871771,0
366,28.9035660701881,0.359056014654067,0,2017.48208613128,0
367,28.9368140823064,0.358899395841374,0,2022.96328980485,0
368,28.9701346508574,0.358746160959778,0,2028.44449819569,0
369,29.0035274044156,0.358596283134869,0,2033.9257113017,0
370,29.0369919728674,0.358449735678532,0,2039.40692912077,0
371,29.0705279874213,0.358306492087693,0,2044.8881516508,0
372,29.1041350805843,0.358166526042972,0,2050.36937888969,0
373,29.1378128861507,0.358029811407347,0,2055.85061083533,0
374,29.1715610392111,0.357896322224914,0,2061.33184748563,0
375,29.2053791761452,0.357766032719645,0,2066.81308883849,0
376,29.2392669346023,0.357638917294063,0,2072.29433489181,0
377,29.2732239535025,0.357514950527997,0,2077.77558564349,0
378,29.3072498730462,0.357394107177417,0,2083.25684109145,0
379,29.3413443346912,0.357276362173159,0,2088.73810123359,0
380,29.3755069811485,0.357161690619679,0,2094.21936606782,0
381,29.409737456393,0.357050067793909,0,2099.70063559204,0
382,29.4440354056534,0.356941469144075,0,2105.18190980417,0
383,29.4784004753981,0.356835870288451,0,2110.66318870213,0
384,29.5128323133423,0.356733247014215,0,2116.14447228381,0
385,29.5473305684521,0.356633575276348,0,2121.62576054715,0
386,29.581894890926,0.356536831196423,0,2127.10705349006,0
387,29.6165249321944,0.356442991061447,0,2132.58835111045,0
388,29.6512203449324,0.356352031322809,0,2138.06965340625,0
389,29.6859807830453,0.35626392859513,0,2143.55096037537,0
390,29.7208059016609,0.356178659655112,0,2149.03227201574,0
391,29.7556953571407,0.356096201440479,0,2154.51358832528,0
392,29.7906488070776,0.356016531048923,0,2159.99490930191,0
393,29.8256659102823,0.355939625736956,0,2165.47623494356,0
394,29.8607463267871,0.355865462918845,0,2170.95756524816,0
395,29.8958897178569,0.355794020165624,0,2176.43890021363,0
396,29.9310957459723,0.355725275203981,0,2181.9202398379,0
397,29.9663640748287,0.355659205915193,0,2187.40158411891,0
398,30.0016943693485,0.355595790334148,0,2192.88293305459,0
399,30.0370862956732,0.355535006648323,0,2198.36428664287,0
400,30.0725395211549,0.355476833196699,0,2203.84564488168,0
401,30.108053714365,0.355421248468789,0,2209.32700776896,0
402,30.143628545098,0.355368231103689,0,2214.80837530264,0
403,30.179263684358,0.355317759889008,0,2220.28974748068,0
404,30.2149588043614,0.355269813759891,0,2225.771124301,0
405,30.2507135785493,0.355224371798103,0,2231.25250576153,0
406,30.2865276815736,0.355181413231024,0,2236.73389186025,0
407,30.3224007892957,0.35514091743065,0,2242.21528259507,0
408,30.3583325787976,0.355102863912693,0,2247.69667796394,0
409,30.3943227283772,0.355067232335648,0,2253.17807796481,0
410,30.4303709175403,0.35503400249979,0,2258.65948259564,0
411,30.4664768270081,0.355003154346267,0,2264.14089185435,0
412,30.5026401387226,0.354974667956235,0,2269.62230573891,0
413,30.5388605358338,0.354948523549871,0,2275.10372424726,0
414,30.5751377027031,0.354924701485455,0,2280.58514737736,0
415,30.6114713249141,0.354903182258542,0,2286.06657512715,0
416,30.6478610892617,0.35488394650102,0,2291.54800749461,0
417,30.6843066837496,0.354866974980191,0,2297.02944447766,0
418,30.7208077976016,0.354852248597934,0,2302.51088607428,0
419,30.7573641212573,0.354839748389848,0,2307.99233228243,0
420,30.7939753463648,0.354829455524315,0,2313.47378310005,0
421,30.8306411657882,0.354821351301663,0,2318.95523852511,0
422,30.8673612736116,0.354815417153365,0,2324.43669855557,0
423,30.9041353651287,0.354811634641119,0,2329.9181631894,0
424,30.9409631368452,0.354809985456002,0,2335.39963242455,0
425,30.9778442864888,0.354810451417698,0,2340.88110625899,0
426,31.014778512999,0.354813014473624,0,2346.36258469068,0
427,31.0517655165252,0.354817656698069,0,2351.8440677176,0
428,31.0888049984373,0.354824360291433,0,2357.32555533771,0
429,31.1258966613203,0.354833107579415,0,2362.80704754898,0
430,31.1630402089685,0.354843881012141,0,2368.28854434938,0
431,31.2002353463927,0.354856663163397,0,2373.77004573688,0
432,31.2374817798226,0.354871436729878,0,2379.25155170945,0
433,31.2747792166966,0.354888184530319,0,2384.73306226507,0
434,31.3121273656663,0.354906889504725,0,2390.21457740171,0
435,31.3495259366032,0.354927534713648,0,2395.69609711735,0
436,31.3869746405889,0.354950103337359,0,2401.17762140996,0
437,31.4244731899144,0.354974578675054,0,2406.65915027752,0
438,31.4620212980901,0.355000944144156,0,2412.14068371801,0
439,31.4996186798375,0.355029183279533,0,2417.62222172942,0
440,31.5372650510859,0.355059279732694,0,2423.10376430971,0
441,31.57496012898,0.355091217271088,0,2428.58531145688,0
442,31.6127036318777,0.355124979777379,0,2434.06686316891,0
443,31.650495279343,0.355160551248642,0,2439.54841944378,0
444,31.6883347921505,0.355197915795649,0,2445.02998027947,0
445,31.7262218922894,0.355237057642193,0,2450.51154567398,0
446,31.7641563029532,0.355277961124298,0,2455.9931156253,0
447,31.802137748542,0.355320610689489,0,2461.4746901314,0
448,31.8401659546689,0.355364990896151,0,2466.95626919029,0
449,31.8782406481509,0.355411086412764,0,2472.43785279995,0
450,31.9163615570073,0.35545888201717,0,2477.91944095837,0
451,31.9545284104675,0.355508362595929,0,2483.40103366354,0
452,31.992740938964,0.355559513143612,0,2488.88263091347,0
453,32.030998874128,0.355612318762055,0,2494.36423270614,0
454,32.069301948796,0.355666764659711,0,2499.84583903956,0
455,32.1076498970067,0.355722836150991,0,2505.32744991171,0
456,32.1460424539945,0.35578051865552,0,2510.8090653206,0
457,32.1844793561927,0.355839797697478,0,2516.29068526423,0
458,32.2229603412356,0.355900658904986,0,2521.77230974059,0
459,32.2614851479498,0.355963088009365,0,2527.2539387477,0
460,32.3000535163548,0.356027070844476,0,2532.73557228354,0
461,32.3386651876681,0.356092593346124,0,2538.21721034613,0
462,32.377319904296,0.356159641551349,0,2543.69885293347,0
463,32.4160174098322,0.356228201597756,0,2549.18050004356,0
464,32.4547574490633,0.356298259722922,0,2554.66215167441,0
465,32.4935397679618,0.356369802263737,0,2560.14380782403,0
466,32.5323641136819,0.356442815655714,0,2565.62546849042,0
467,32.5712302345643,0.356517286432406,0,2571.1071336716,0
468,32.6101378801322,0.356593201224779,0,2576.58880336558,0
469,32.649086801085,0.356670546760531,0,2582.07047757037,0
470,32.6880767493014,0.356749309863491,0,2587.55215628397,0
471,32.7271074778386,0.356829477453041,0,2593.03383950441,0
472,32.7661787409241,0.35691103654343,0,2598.5155272297,0
473,32.8052902939572,0.356993974243174,0,2603.99721945785,0
474,32.8444418935108,0.357078277754501,0,2609.47891618687,0
475,32.8836332973221,0.357163934372685,0,2614.9606174148,0
476,32.9228642642925,0.357250931485433,0,2620.44232313965,0
477,32.9621345544904,0.35733925657235,0,2625.92403335942,0
478,33.0014439291432,0.357428897204299,0,2631.40574807216,0
479,33.0407921506342,0.357519841042782,0,2636.88746727586,0
480,33.0801789825064,0.357612075839407,0,2642.36919096857,0
481,33.1196041894556,0.357705589435287,0,2647.8509191483,0
482,33.1590675373258,0.35780036976041,0,2653.33265181308,0
483,33.1985687931123,0.35789640483311,0,2658.81438896092,0
484,33.2381077249567,0.357993682759498,0,2664.29613058987,0
485,33.2776841021406,0.358092191732833,0,2669.77787669793,0
486,33.317297695088,0.358191920032989,0,2675.25962728315,0
487,33.3569482753621,0.358292856025914,0,2680.74138234355,0
488,33.3966356156582,0.358394988163013,0,2686.22314187717,0
489,33.4363594898039,0.358498304980597,0,2691.70490588202,0
490,33.4761196727589,0.358602795099381,0,2697.18667435614,0
491,33.5159159406062,0.358708447223872,0,2702.66844729758,0
492,33.5557480705515,0.358815250141809,0,2708.15022470434,0
493,33.595615840924,0.35892319272369,0,2713.63200657449,0
494,33.6355190311675,0.35903226392216,0,2719.11379290604,0
495,33.6754574218387,0.359142452771469,0,2724.59558369704,0
496,33.7154307946084,0.359253748386986,0,2730.07737894552,0
497,33.7554389322533,0.359366139964629,0,2735.55917864953,0
498,33.7954816186527,0.359479616780308,0,2741.04098280709,0
499,33.8355586387899,0.359594168189447,0,2746.52279141625,0
500,33.8756697787451,0.359709783626444,0,2752.00460447505,0
501,33.9158148256909,0.359826452604106,0,2757.48642198154,0
502,33.9559935678929,0.359944164713176,0,2762.96824393374,0
503,33.9962057947046,0.360062909621818,0,2768.45007032972,0
504,34.0364512965611,0.360182677075052,0,2773.93190116752,0
505,34.0767298649794,0.360303456894281,0,2779.41373644516,0
506,34.1170412925546,0.360425238976802,0,2784.89557616072,0
507,34.1573853729526,0.360548013295244,0,2790.37742031223,0
508,34.1977619009098,0.360671769897089,0,2795.85926889773,0
509,34.2381706722306,0.36079649890421,0,2801.34112191528,0
510,34.2786114837788,0.360922190512315,0,2806.82297936294,0
511,34.3190841334775,0.361048834990464,0,2812.30484123874,0
512,34.3595884203062,0.361176422680625,0,2817.78670754074,0
513,34.4001241442938,0.36130494399713,0,2823.268578267,0
514,34.4406911065155,0.361434389426189,0,2828.75045341556,0
515,34.4812891090922,0.361564749525461,0,2834.23233298448,0
516,34.5219179551827,0.361696014923522,0,2839.71421697182,0
517,34.56257744898,0.361828176319378,0,2845.19610537562,0
518,34.6032673957111,0.361961224482047,0,2850.67799819396,0
519,34.6439876016291,0.362095150250043,0,2856.15989542488,0
520,34.6847378740095,0.362229944530886,0,2861.64179706644,0
521,34.7255180211491,0.362365598300694,0,2867.12370311671,0
522,34.7663278523595,0.362502102603685,0,2872.60561357374,0
523,34.8071671779619,0.362639448551684,0,2878.0875284356,0
524,34.8480358092866,0.362777627323723,0,2883.56944770033,0
525,34.8889335586665,0.362916630165557,0,2889.05137136602,0
526,34.9298602394316,0.363056448389181,0,2894.53329943072,0
527,34.9708156659083,0.36319707337242,0,2900.0152318925,0
528,35.0117996534132,0.363338496558477,0,2905.49716874942,0
529,35.0528120182472,0.363480709455442,0,2910.97910999954,0
530,35.0938525776948,0.363623703635891,0,2916.46105564094,0
531,35.1349211500182,0.36376747073645,0,2921.94300567168,0
532,35.1760175544511,0.363912002457303,0,2927.42496008983,0
533,35.2171416111972,0.364057290561798,0,2932.90691889346,0
534,35.2582931414254,0.364203326876025,0,2938.38888208064,0
535,35.2994719672634,0.364350103288334,0,2943.87084964944,0
536,35.3406779117952,0.364497611748933,0,2949.35282159792,0
537,35.3819107990573,0.364645844269488,0,2954.83479792418,0
538,35.4231704540313,0.364794792922647,0,2960.31677862627,0
539,35.4644567026423,0.364944449841634,0,2965.79876370228,0
540,35.5057693717544,0.365094807219872,0,2971.28075315027,0
541,35.5471082891638,0.365245857310504,0,2976.76274696832,0
542,35.5884732835961,0.365397592425995,0,2982.24474515451,0
543,35.6298641847032,0.365550004937765,0,2987.72674770692,0
544,35.6712808230554,0.365703087275721,0,2993.20875462363,0
545,35.7127230301389,0.365856831927855,0,2998.6907659027,0
546,35.7541906383523,0.366011231439894,0,3004.17278154223,0
547,35.7956834809996,0.366166278414837,0,3009.6548015403,0
548,35.8372013922866,0.366321965512558,0,3015.13682589497,0
549,35.8787442073183,0.366478285449461,0,3020.61885460435,0
550,35.9203117620912,0.366635230998032,0,3026.10088766651,0
551,35.96190389349,0.366792794986443,0,3031.58292507952,0
552,36.0035204392846,0.366950970298212,0,3037.06496684149,0
553,36.045161238123,0.367109749871769,0,3042.54701295049,0
554,36.0868261295275,0.367269126700059,0,3048.02906340461,0
555,36.1285149538917,0.367429093830219,0,3053.51111820193,0
556,36.1702275524738,0.367589644363139,0,3058.99317734055,0
557,36.2119637673922,0.367750771453082,0,3064.47524081855,0
558,36.2537234416229,0.367912468307358,0,3069.95730863401,0
559,36.2955064189925,0.368074728185906,0,3075.43938078505,0
560,36.3373125441741,0.368237544400906,0,3080.92145726972,0
561,36.3791416626845,0.368400910316467,0,3086.40353808615,0
562,36.4209936208771,0.368564819348214,0,3091.8856232324,0
563,36.462868265938,0.368729264962911,0,3097.36771270659,0
564,36.504765445883,0.368894240678147,0,3102.84980650679,0
565,36.5466850095509,0.369059740061941,0,3108.33190463111,0
566,36.588626806599,0.369225756732361,0,3113.81400707764,0
567,36.6305906875006,0.369392284357222,0,3119.29611384447,0
568,36.6725765035376,0.369559316653698,0,3124.77822492971,0
569,36.7145841067974,0.369726847387945,0,3130.26034033144,0
570,36.7566133501685,0.369894870374808,0,3135.74246004778,0
571,36.7986640873351,0.370063379477437,0,3141.22458407681,0
572,36.840736172772,0.370232368606919,0,3146.70671241663,0
573,36.882829461742,0.37040183172199,0,3152.18884506535,0
574,36.9249438102894,0.370571762828657,0,3157.67098202108,0
575,36.9670790752354,0.370742155979842,0,3163.15312328189,0
576,37.009235114175,0.370913005275087,0,3168.63526884591,0
577,37.0514117854714,0.371084304860201,0,3174.11741871124,0
578,37.0936089482504,0.371256048926891,0,3179.59957287597,0
579,37.1358264623982,0.371428231712492,0,3185.08173133821,0
580,37.1780641885549,0.371600847499602,0,3190.56389409607,0
581,37.2203219881101,0.371773890615738,0,3196.04606114766,0
582,37.2625997231995,0.371947355433055,0,3201.52823249107,0
583,37.3048972566991,0.372121236367998,0,3207.01040812443,0
584,37.3472144522209,0.372295527880962,0,3212.49258804583,0
585,37.3895511741092,0.372470224476014,0,3217.97477225339,0
586,37.4319072874349,0.372645320700558,0,3223.45696074522,0
587,37.4742826579913,0.372820811144991,0,3228.93915351942,0
588,37.5166771522904,0.372996690442442,0,3234.4213505741,0
589,37.5590906375572,0.373172953268435,0,3239.90355190739,0
590,37.6015229817257,0.373349594340555,0,3245.38575751738,0
591,37.6439740534348,0.373526608418194,0,3250.8679674022,0
592,37.6864437220233,0.373703990302215,0,3256.35018155995,0
593,37.7289318575252,0.373881734834628,0,3261.83239998876,0
594,37.7714383306662,0.374059836898345,0,3267.31462268674,0
595,37.8139630128584,0.374238291416842,0,3272.796849652,0
596,37.8565057761958,0.374417093353847,0,3278.27908088265,0
597,37.899066493451,0.374596237713099,0,3283.76131637683,0
598,37.9416450380693,0.374775719538014,0,3289.24355613264,0
599,37.9842412841649,0.374955533911386,0,3294.7258001482,0
600,38.0268551065173,0.375135675955142,0,3300.20804842164,0
601,38.069486380566,0.375316140830022,0,3305.69030095107,0
602,38.1121349824059,0.375496923735279,0,3311.17255773462,0
603,38.1548007887841,0.375678019908447,0,3316.6548187704,0
604,38.1974836770946,0.37585942462502,0,3322.13708405653,0
605,38.2401835253741,0.376041133198162,0,3327.61935359115,0
606,38.2829002122986,0.376223140978481,0,3333.10162737237,0
607,38.3256336171778,0.376405443353708,0,3338.58390539832,0
608,38.3683836199516,0.376588035748422,0,3344.06618766712,0
609,38.411150101186,0.376770913623823,0,3349.5484741769,0
610,38.4539329420684,0.376954072477416,0,3355.03076492578,0
611,38.4967320244033,0.377137507842745,0,3360.51305991189,0
612,38.5395472306092,0.37732121528917,0,3365.99535913336,0
613,38.5823784437126,0.377505190421557,0,3371.47766258832,0
614,38.6252255473456,0.37768942888002,0,3376.95997027489,0
615,38.6680884257406,0.377873926339699,0,3382.4422821912,0
616,38.7109669637267,0.378058678510454,0,3387.92459833539,0
617,38.7538610467253,0.378243681136622,0,3393.40691870559,0
618,38.7967705607466,0.37842892999679,0,3398.88924329992,0
619,38.8396953923845,0.3786144209035,0,3404.37157211652,0
620,38.8826354288135,0.378800149703011,0,3409.85390515352,0
621,38.9255905577842,0.378986112275075,0,3415.33624240905,0
622,38.9685606676194,0.37917230453265,0,3420.81858388126,0
623,39.0115456472102,0.379358722421665,0,3426.30092956826,0
624,39.0545453860117,0.379545361920805,0,3431.78327946821,0
625,39.0975597740393,0.37973221904122,0,3437.26563357923,0
626,39.1405887018647,0.379919289826311,0,3442.74799189945,0
627,39.1836320606123,0.380106570351507,0,3448.23035442703,0
628,39.2266897419545,0.380294056723979,0,3453.7127211601,0
629,39.2697616381086,0.380481745082444,0,3459.19509209678,0
630,39.3128476418327,0.38066963159693,0,3464.67746723523,0
631,39.3559476464216,0.38085771246851,0,3470.15984657359,0
632,39.3990615457035,0.381045983929103,0,3475.64223010998,0
633,39.4421892340356,0.381234442241245,0,3481.12461784256,0
634,39.4853306063008,0.381423083697827,0,3486.60700976947,0
635,39.5284855579038,0.381611904621908,0,3492.08940588884,0
636,39.5716539847673,0.381800901366482,0,3497.57180619883,0
637,39.6148357833282,0.381990070314225,0,3503.05421069757,0
638,39.6580308505343,0.382179407877318,0,3508.53661938321,0
639,39.7012390838402,0.382368910497205,0,3514.01903225389,0
640,39.7444603812039,0.382558574644358,0,3519.50144930777,0
641,39.787694641083,0.382748396818103,0,3524.98387054297,0
642,39.8309417624315,0.382938373546375,0,3530.46629595766,0
643,39.8742016446954,0.383128501385498,0,3535.94872554998,0
644,39.9174741878102,0.383318776920009,0,3541.43115931807,0
645,39.9607592921964,0.383509196762417,0,3546.91359726009,0
646,40.0040568587567,0.383699757552992,0,3552.39603937418,0
647,40.0473667888721,0.383890455959596,0,3557.8784856585,0
648,40.0906889843985,0.384081288677437,0,3563.36093611119,0
649,40.1340233476633,0.384272252428871,0,3568.84339073041,0
650,40.1773697814621,0.384463343963235,0,3574.3258495143,0
651,40.220728189055,0.384654560056602,0,3579.80831246102,0
652,40.2640984741635,0.384845897511599,0,3585.29077956873,0
653,40.307480540967,0.385037353157231,0,3590.77325083556,0
654,40.3508742940994,0.385228923848645,0,3596.25572625969,0
655,40.394279638646,0.385420606466958,0,3601.73820583926,0
656,40.4376964801401,0.385612397919078,0,3607.22068957243,0
657,40.4811247245596,0.385804295137475,0,3612.70317745735,0
658,40.524564278324,0.38599629508002,0,3618.18566949218,0
659,40.5680150482908,0.386188394729797,0,3623.66816567508,0
660,40.611476941753,0.386380591094889,0,3629.1506660042,0
661,40.6549498664351,0.38657288120822,0,3634.63317047771,0
662,40.6984337304904,0.386765262127367,0,3640.11567909376,0
663,40.741928442498,0.38695773093435,0,3645.59819185051,0
664,40.7854339114593,0.387150284735488,0,3651.08070874612,0
665,40.8289500467949,0.387342920661202,0,3656.56322977875,0
666,40.8724767583423,0.387535635865817,0,3662.04575494656,0
667,40.9160139563518,0.387728427527426,0,3667.52828424772,0
668,40.9595615514842,0.387921292847682,0,3673.01081768038,0
669,41.0031194548076,0.38811422905162,0,3678.49335524271,0
670,41.0466875777943,0.388307233387519,0,3683.97589693288,0
671,41.0902658323182,0.388500303126694,0,3689.45844274904,0
672,41.1338541306512,0.388693435563332,0,3694.94099268936,0
673,41.1774523854613,0.388886628014348,0,3700.42354675201,0
674,41.2210605098089,0.389079877819184,0,3705.90610493515,0
675,41.2646784171441,0.389273182339653,0,3711.38866723695,0
676,41.3083060213042,0.389466538959798,0,3716.87123365557,0
677,41.3519432365105,0.389659945085683,0,3722.35380418919,0
678,41.3955899773659,0.389853398145264,0,3727.83637883596,0
679,41.4392461588515,0.390046895588229,0,3733.31895759406,0
680,41.4829116963248,0.390240434885806,0,3738.80154046166,0
681,41.526586505516,0.390434013530636,0,3744.28412743693,0
682,41.570270502526,0.390627629036611,0,3749.76671851804,0
683,41.6139636038234,0.39082127893869,0,3755.24931370316,0
684,41.6576657262419,0.391014960792781,0,3760.73191299045,0
685,41.7013767869777,0.391208672175571,0,3766.2145163781,0
686,41.745096703587,0.391402410684354,0,3771.69712386427,0
687,41.788825393983,0.39159617393692,0,3777.17973544714,0
688,41.832562776434,0.391789959571372,0,3782.66235112488,0
689,41.8763087695603,0.391983765245978,0,3788.14497089567,0
690,41.9200632923317,0.392177588639052,0,3793.62759475768,0
691,41.9638262640655,0.392371427448773,0,3799.11022270908,0
692,42.0075976044236,0.39256527939305,0,3804.59285474805,0
693,42.0513772334098,0.392759142209401,0,3810.07549087278,0
694,42.0951650713683,0.392953013654767,0,3815.55813108143,0
695,42.1389610389802,0.393146891505401,0,3821.04077537218,0
696,42.1827650572618,0.39334077355673,0,3826.52342374321,0
697,42.2265770475621,0.39353465762318,0,3832.0060761927,0
698,42.2703969315603,0.393728541538077,0,3837.48873271883,0
699,42.3142246312635,0.393922423153494,0,3842.97139331978,0
700,42.3580600690045,0.394116300340097,0,3848.45405799372,0
701,42.4019031674397,0.394310170987042,0,3853.93672673885,0
702,42.4457538495462,0.39450403300182,0,3859.41939955334,0
703,42.4896120386204,0.394697884310114,0,3864.90207643536,0
704,42.533477658275,0.394891722855702,0,3870.38475738312,0
705,42.5773506324375,0.395085546600289,0,3875.86744239478,0
706,42.6212308853474,0.395279353523389,0,3881.35013146854,0
707,42.6651183415543,0.395473141622214,0,3886.83282460257,0
708,42.7090129259161,0.395666908911515,0,3892.31552179506,0
709,42.7529145635962,0.395860653423471,0,3897.7982230442,0
710,42.7968231800621,0.396054373207575,0,3903.28092834817,0
711,42.8407387010826,0.396248066330479,0,3908.76363770515,0
712,42.8846610527266,0.396441730875894,0,3914.24635111334,0
713,42.9285901613601,0.396635364944465,0,3919.72906857093,0
714,42.9725259536453,0.396828966653628,0,3925.21179007609,0
715,43.0164683565373,0.397022534137518,0,3930.69451562702,0
716,43.0604172972832,0.397216065546832,0,3936.17724522191,0
717,43.1043727034199,0.397409559048701,0,3941.65997885895,0
718,43.1483345027715,0.397603012826599,0,3947.14271653632,0
719,43.1923026234485,0.397796425080201,0,3952.62545825222,0
720,43.2362769938448,0.397989794025269,0,3958.10820400483,0
721,43.2802575426365,0.39818311789356,0,3963.59095379236,0
722,43.32424419878,0.398376394932677,0,3969.07370761299,0
723,43.3682368915098,0.398569623405978,0,3974.55646546491,0
724,43.4122355503369,0.398762801592466,0,3980.03922734633,0
725,43.4562401050471,0.398955927786651,0,3985.52199325542,0
726,43.5002504856991,0.39914900029847,0,3991.00476319039,0
727,43.5442666226225,0.399342017453165,0,3996.48753714943,0
728,43.5882884464167,0.399534977591157,0,4001.97031513073,0
729,43.6323158879482,0.399727879067969,0,4007.45309713249,0
730,43.6763488783498,0.399920720254096,0,4012.93588315292,0
731,43.7203873490185,0.400113499534897,0,4018.41867319019,0
732,43.7644312316137,0.400306215310511,0,4023.90146724252,0
733,43.8084804580559,0.400498865995728,0,4029.3842653081,0
734,43.8525349605246,0.400691450019892,0,4034.86706738513,0
735,43.8965946714571,0.400883965826812,0,4040.3498734718,0
736,43.9406595235467,0.401076411874634,0,4045.83268356632,0
737,43.9847294497411,0.401268786635758,0,4051.31549766689,0
738,44.0288043832407,0.40146108859674,0,4056.7983157717,0
739,44.0728842574975,0.401653316258165,0,4062.28113787896,0
740,44.1169690062129,0.401845468134584,0,4067.76396398687,0
741,44.1610585633368,0.402037542754393,0,4073.24679409363,0
742,44.2051528630658,0.402229538659727,0,4078.72962819744,0
743,44.2492518398413,0.402421454406396,0,4084.21246629651,0
744,44.293355428349,0.402613288563755,0,4089.69530838904,0
745,44.3374635635166,0.402805039714621,0,4095.17815447323,0
746,44.3815761805126,0.402996706455191,0,4100.66100454729,0
747,44.4256932147451,0.403188287394922,0,4106.14385860943,0
748,44.4698146018601,0.403379781156459,0,4111.62671665784,0
749,44.51394027774,0.403571186375537,0,4117.10957869074,0
750,44.558070178503,0.403762501700876,0,4122.59244470632,0
751,44.6022042405002,0.403953725794115,0,4128.07531470281,0
752,44.6463424003162,0.4041448573297,0,4133.5581886784,0
753,44.6904845947663,0.404335894994795,0,4139.04106663131,0
754,44.7346307608954,0.404526837489215,0,4144.52394855973,0
755,44.7787808359773,0.40471768352531,0,4150.00683446189,0
756,44.8229347575131,0.404908431827888,0,4155.48972433599,0
757,44.8670924632294,0.405099081134141,0,4160.97261818024,0
758,44.9112538910781,0.405289630193532,0,4166.45551599285,0
759,44.955418979234,0.405480077767733,0,4171.93841777204,0
760,44.9995876660943,0.405670422630532,0,4177.421323516,0
761,45.0437598902776,0.405860663567737,0,4182.90423322297,0
762,45.0879355906214,0.406050799377113,0,4188.38714689114,0
763,45.1321147061826,0.406240828868286,0,4193.87006451873,0
764,45.1762971762352,0.406430750862654,0,4199.35298610395,0
765,45.2204829402693,0.406620564193328,0,4204.83591164503,0
766,45.2646719379902,0.406810267705025,0,4210.31884114017,0
767,45.3088641093173,0.406999860253999,0,4215.80177458758,0
768,45.3530593943825,0.407189340707972,0,4221.28471198549,0
769,45.3972577335296,0.407378707946025,0,4226.76765333211,0
770,45.441459067313,0.407567960858552,0,4232.25059862565,0
771,45.4856633364963,0.407757098347163,0,4237.73354786434,0
772,45.529870482052,0.4079461193246,0,4243.21650104638,0
773,45.5740804451594,0.408135022714684,0,4248.69945817,0
774,45.6182931672045,0.408323807452217,0,4254.18241923342,0
775,45.6625085897786,0.408512472482907,0,4259.66538423486,0
776,45.7067266546766,0.408701016763314,0,4265.14835317253,0
777,45.7509473038974,0.408889439260743,0,4270.63132604465,0
778,45.7951704796417,0.409077738953192,0,4276.11430284944,0
779,45.8393961243112,0.409265914829281,0,4281.59728358514,0
780,45.8836241805084,0.409453965888153,0,4287.08026824994,0
781,45.9278545910343,0.409641891139431,0,4292.56325684209,0
782,45.9720872988887,0.409829689603131,0,4298.0462493598,0
783,46.0163222472687,0.410017360309582,0,4303.52924580128,0
784,46.0605593795674,0.410204902299379,0,4309.01224616478,0
785,46.1047986393737,0.410392314623288,0,4314.4952504485,0
786,46.1490399704709,0.410579596342187,0,4319.97825865068,0
787,46.1932833168359,0.410766746527002,0,4325.46127076954,0
788,46.2375286226385,0.41095376425862,0,4330.9442868033,0
789,46.2817758322399,0.411140648627837,0,4336.42730675019,0
790,46.3260248901928,0.411327398735288,0,4341.91033060843,0
791,46.3702757412395,0.411514013691363,0,4347.39335837626,0
792,46.4145283303118,0.411700492616165,0,4352.87639005189,0
793,46.4587826025299,0.411886834639421,0,4358.35942563356,0
794,46.5030385032012,0.412073038900424,0,4363.84246511949,0
795,46.5472959778201,0.412259104547978,0,4369.32550850792,0
796,46.5915549720669,0.412445030740308,0,4374.80855579707,0
797,46.6358154318067,0.412630816645018,0,4380.29160698517,0
798,46.680077303089,0.412816461439019,0,4385.77466207045,0
799,46.7243405321468,0.413001964308454,0,4391.25772105114,0
800,46.7686050653957,0.413187324448655,0,4396.74078392547,0
801,46.8128708494332,0.413372541064063,0,4402.22385069167,0
802,46.857137831038,0.413557613368167,0,4407.70692134798,0
803,46.901405957169,0.413742540583456,0,4413.18999589262,0
804,46.945675174965,0.413927321941338,0,4418.67307432383,0
805,46.9899454317433,0.414111956682088,0,4424.15615663984,0
806,47.0342166749996,0.414296444054792,0,4429.6392428389,0
807,47.078488852407,0.414480783317271,0,4435.12233291922,0
808,47.1227619118149,0.414664973736037,0,4440.60542687904,0
809,47.1670358012492,0.414849014586227,0,4446.0885247166,0
810,47.2113104689108,0.415032905151533,0,4451.57162643014,0
811,47.255585863175,0.415216644724167,0,4457.05473201789,0
812,47.2998619325913,0.415400232604774,0,4462.53784147808,0
813,47.3441386258823,0.415583668102395,0,4468.02095480896,0
814,47.3884158919428,0.415766950534404,0,4473.50407200876,0
815,47.43269367984,0.415950079226438,0,4478.98719307571,0
816,47.4769719388115,0.416133053512361,0,4484.47031800807,0
817,47.5212506182663,0.416315872734191,0,4489.95344680406,0
818,47.5655296677827,0.416498536242045,0,4495.43657946192,0
819,47.6098090371082,0.416681043394097,0,4500.9197159799,0
820,47.6540886761593,0.416863393556502,0,4506.40285635623,0
821,47.6983685350203,0.417045586103353,0,4511.88600058915,0
822,47.7426485639424,0.41722762041663,0,4517.36914867691,0
823,47.7869287133442,0.417409495886128,0,4522.85230061775,0
824,47.8312089338101,0.417591211909424,0,4528.33545640991,0
825,47.8754891760898,0.417772767891808,0,4533.81861605163,0
826,47.9197693910984,0.41795416324623,0,4539.30177954115,0
827,47.9640495299147,0.418135397393263,0,4544.78494687671,0
828,48.0083295437819,0.418316469761026,0,4550.26811805657,0
829,48.0526093841058,0.418497379785148,0,4555.75129307896,0
830,48.0968890024548,0.418678126908716,0,4561.23447194214,0
831,48.1411683505599,0.418858710582207,0,4566.71765464433,0
832,48.1854473803125,0.419039130263458,0,4572.2008411838,0
833,48.229726043766,0.419219385417602,0,4577.68403155878,0
834,48.2740042931333,0.419399475517013,0,4583.16722576752,0
835,48.3182820807871,0.419579400041273,0,4588.65042380828,0
836,48.3625593592601,0.4197591584771,0,4594.13362567929,0
837,48.4068360812426,0.419938750318313,0,4599.6168313788,0
838,48.4511121995836,0.420118175065781,0,4605.10004090506,0
839,48.4953876672899,0.42029743222736,0,4610.58325425633,0
840,48.5396624375248,0.420476521317866,0,4616.06647143085,0
841,48.5839364636087,0.420655441859008,0,4621.54969242686,0
842,48.6282096990179,0.420834193379343,0,4627.03291724263,0
843,48.6724820973838,0.42101277541424,0,4632.51614587639,0
844,48.7167536124934,0.421191187505812,0,4637.99937832641,0
845,48.7610241982878,0.421369429202885,0,4643.48261459092,0
846,48.8052938088622,0.421547500060946,0,4648.9658546682,0
847,48.8495623984657,0.421725399642086,0,4654.44909855647,0
848,48.8938299214997,0.421903127514973,0,4659.93234625401,0
849,48.9380963325186,0.422080683254786,0,4665.41559775906,0
850,48.982361586229,0.422258066443178,0,4670.89885306987,0
851,49.0266256374883,0.422435276668234,0,4676.38211218471,0
852,49.0708884413059,0.422612313524412,0,4681.86537510182,0
853,49.1151499528412,0.422789176612512,0,4687.34864181945,0
854,49.1594101274038,0.422965865539625,0,4692.83191233587,0
855,49.2036689204533,0.423142379919081,0,4698.31518664933,0
856,49.247926287598,0.423318719370418,0,4703.79846475809,0
857,49.2921821845953,0.423494883519327,0,4709.2817466604,0
858,49.3364365673508,0.423670871997611,0,4714.76503235452,0
859,49.3806893919178,0.423846684443146,0,4720.24832183871,0
860,49.4249406144972,0.424022320499824,0,4725.73161511122,0
861,49.4691901914365,0.42419777981753,0,4731.21491217032,0
862,49.5134380792299,0.42437306205208,0,4736.69821301426,0
863,49.5576842345177,0.424548166865184,0,4742.1815176413,0
864,49.6019286140852,0.424723093924413,0,4747.6648260497,0
865,49.6461711748639,0.42489784290314,0,4753.14813823773,0
866,49.6904118739289,0.42507241348051,0,4758.63145420364,0
867,49.7346506685004,0.425246805341397,0,4764.11477394569,0
868,49.7788875159422,0.425421018176354,0,4769.59809746215,0
869,49.823122373761,0.425595051681582,0,4775.08142475128,0
870,49.8673551996074,0.425768905558882,0,4780.56475581133,0
871,49.9115859512739,0.425942579515617,0,4786.04809064058,0
872,49.9558145866953,0.426116073264671,0,4791.53142923728,0
873,50.0000410639484,0.426289386524404,0,4797.01477159971,0
874,50.044265341251,0.426462519018622,0,4802.49811772611,0
875,50.0884873769618,0.426635470476526,0,4807.98146761477,0
876,50.1327071295803,0.426808240632675,0,4813.46482126394,0
877,50.1769245577456,0.426980829226955,0,4818.94817867189,0
878,50.2211396202369,0.427153236004526,0,4824.43153983688,0
879,50.2653522759725,0.427325460715792,0,4829.91490475718,0
880,50.3095624840093,0.427497503116361,0,4835.39827343106,0
881,50.3537702035433,0.427669362967001,0,4840.88164585679,0
882,50.3979753939077,0.427841040033611,0,4846.36502203263,0
883,50.4421780145741,0.42801253408717,0,4851.84840195685,0
884,50.4863780251508,0.428183844903711,0,4857.33178562772,0
885,50.5305753853832,0.428354972264277,0,4862.8151730435,0
886,50.5747700551535,0.428525915954882,0,4868.29856420248,0
887,50.6189619944792,0.428696675766478,0,4873.78195910291,0
888,50.663151163514,0.428867251494916,0,4879.26535774307,0
889,50.707337522547,0.429037642940904,0,4884.74876012122,0
890,50.7515210320016,0.429207849909982,0,4890.23216623565,0
891,50.7957016524364,0.429377872212469,0,4895.71557608462,0
892,50.8398793445437,0.429547709663443,0,4901.19898966639,0
893,50.8840540691494,0.429717362082695,0,4906.68240697926,0
894,50.9282257872134,0.429886829294691,0,4912.16582802148,0
895,50.9723944598278,0.430056111128546,0,4917.64925279134,0
896,51.0165600482178,0.430225207417979,0,4923.13268128709,0
897,51.0607225137407,0.430394118001282,0,4928.61611350703,0
898,51.1048818178854,0.430562842721284,0,4934.09954944942,0
899,51.1490379222726,0.430731381425313,0,4939.58298911254,0
900,51.1931907886538,0.43089973396517,0,4945.06643249466,0
901,51.2373403789114,0.431067900197081,0,4950.54987959406,0
902,51.281486655058,0.431235879981672,0,4956.03333040902,0
903,51.325629579236,0.431403673183936,0,4961.51678493781,0
904,51.3697691137178,0.431571279673187,0,4967.00024317871,0
905,51.4139052209046,0.431738699323042,0,4972.48370513,0
906,51.4580378633265,0.431905932011374,0,4977.96717078995,0
907,51.5021670036423,0.432072977620284,0,4983.45064015684,0
908,51.5462926046386,0.432239836036072,0,4988.93411322896,0
909,51.5904146292299,0.432406507149191,0,4994.41759000458,0
910,51.6345330404579,0.432572990854228,0,4999.90107048198,0
911,51.6786478014915,0.432739287049863,0,5005.38455465945,0
912,51.7227588756261,0.432905395638837,0,5010.86804253525,0
913,51.7668662262832,0.433071316527923,0,5016.35153410768,0
914,51.8109698170104,0.433237049627889,0,5021.83502937501,0
915,51.8550696114807,0.43340259485347,0,5027.31852833553,0
916,51.8991655734922,0.433567952123334,0,5032.80203098751,0
917,51.9432576669682,0.433733121360046,0,5038.28553732925,0
918,51.9873458559557,0.433898102490049,0,5043.76904735902,0
919,52.0314301046263,0.434062895443617,0,5049.2525610751,0
920,52.0755103772753,0.434227500154831,0,5054.73607847579,0
921,52.1195866383209,0.434391916561554,0,5060.21959955937,0
922,52.1636588523049,0.434556144605386,0,5065.70312432411,0
923,52.2077269838912,0.434720184231645,0,5071.18665276831,0
924,52.2517909978659,0.434884035389333,0,5076.67018489025,0
925,52.2958508591377,0.4350476980311,0,5082.15372068822,0
926,52.3399065327359,0.435211172113224,0,5087.63726016051,0
927,52.3839579838117,0.435374457595571,0,5093.12080330539,0
928,52.4280051776367,0.435537554441572,0,5098.60435012116,0
929,52.472048079603,0.43570046261819,0,5104.08790060611,0
930,52.516086655223,0.435863182095886,0,5109.57145475852,0
931,52.5601208701286,0.436025712848602,0,5115.05501257668,0
932,52.6041506900712,0.436188054853718,0,5120.53857405889,0
933,52.6481760809212,0.436350208092031,0,5126.02213920342,0
934,52.6921970086675,0.436512172547724,0,5131.50570800858,0
935,52.7362134394178,0.436673948208335,0,5136.98928047265,0
936,52.7802253393969,0.436835535064732,0,5142.47285659392,0
937,52.824232674948,0.436996933111082,0,5147.95643637068,0
938,52.8682354125311,0.437158142344821,0,5153.44001980123,0
939,52.9122335187231,0.437319162766632,0,5158.92360688385,0
940,52.9562269602177,0.437479994380408,0,5164.40719761684,0
941,53.0002157038243,0.437640637193233,0,5169.89079199849,0
942,53.0441997164685,0.437801091215349,0,5175.3743900271,0
943,53.088178965191,0.437961356460126,0,5180.85799170095,0
944,53.1321534171479,0.438121432944045,0,5186.34159701835,0
945,53.1761230396099,0.438281320686656,0,5191.82520597759,0
946,53.2200877999621,0.438441019710564,0,5197.30881857695,0
947,53.2640476657036,0.438600530041393,0,5202.79243481475,0
948,53.3080026044472,0.438759851707766,0,5208.27605468926,0
949,53.3519525839189,0.438918984741272,0,5213.7596781988,0
950,53.3958975719579,0.439077929176443,0,5219.24330534165,0
951,53.4398375365156,0.439236685050728,0,5224.72693611611,0
952,53.4837724456561,0.439395252404464,0,5230.21057052048,0
953,53.5277022675551,0.439553631280854,0,5235.69420855306,0
954,53.5716269704999,0.439711821725935,0,5241.17785021215,0
955,53.6155465228892,0.439869823788559,0,5246.66149549604,0
956,53.6594608932321,0.440027637520362,0,5252.14514440304,0
957,53.7033700501484,0.440185262975742,0,5257.62879693143,0
958,53.7472739623682,0.44034270021183,0,5263.11245307953,0
959,53.7911725987309,0.440499949288468,0,5268.59611284564,0
960,53.8350659281858,0.440657010268183,0,5274.07977622805,0
961,53.878953919791,0.44081388321616,0,5279.56344322506,0
962,53.9228365427134,0.440970568200223,0,5285.04711383498,0
963,53.9667137662282,0.4411270652908,0,5290.53078805611,0
964,54.0105855597184,0.44128337456091,0,5296.01446588675,0
965,54.0544518926751,0.441439496086131,0,5301.49814732521,0
966,54.0983127346962,0.441595429944577,0,5306.98183236978,0
967,54.1421680554868,0.441751176216878,0,5312.46552101877,0
968,54.1860178248586,0.441906734986148,0,5317.94921327049,0
969,54.2298620127293,0.442062106337972,0,5323.43290912324,0
970,54.2737005891228,0.442217290360371,0,5328.91660857532,0
971,54.3175335241681,0.442372287143786,0,5334.40031162505,0
972,54.3613607880998,0.442527096781053,0,5339.88401827071,0
973,54.405182351257,0.442681719367377,0,5345.36772851063,0
974,54.4489981840834,0.442836155000313,0,5350.85144234311,0
975,54.4928082571268,0.442990403779738,0,5356.33515976646,0
976,54.5366125410387,0.443144465807833,0,5361.81888077897,0
977,54.5804110065739,0.443298341189059,0,5367.30260537897,0
978,54.6242036245906,0.44345203003013,0,5372.78633356476,0
979,54.6679903660492,0.443605532439997,0,5378.27006533464,0
980,54.7117712020129,0.443758848529822,0,5383.75380068693,0
981,54.7555461036466,0.443911978412955,0,5389.23753961994,0
982,54.7993150422168,0.444064922204915,0,5394.72128213198,0
983,54.8430779890917,0.444217680023365,0,5400.20502822135,0
984,54.8868349157398,0.444370251988093,0,5405.68877788636,0
985,54.9305857937307,0.444522638220987,0,5411.17253112534,0
986,54.9743305947341,0.444674838846017,0,5416.65628793658,0
987,55.0180692905194,0.44482685398921,0,5422.14004831841,0
988,55.0618018529557,0.444978683778631,0,5427.62381226913,0
989,55.105528254011,0.445130328344363,0,5433.10757978706,0
990,55.1492484657528,0.445281787818481,0,5438.59135087051,0
991,55.1929624603461,0.445433062335038,0,5444.07512551779,0
992,55.2366702100548,0.445584152030038,0,5449.55890372722,0
993,55.2803716872403,0.445735057041417,0,5455.04268549712,0
994,55.3240668643612,0.445885777509025,0,5460.52647082579,0
995,55.3677557139736,0.446036313574605,0,5466.01025971155,0
996,55.4114382087299,0.446186665381767,0,5471.49405215272,0
997,55.4551143213792,0.446336833075979,0,5476.97784814762,0
998,55.4987840247666,0.446486816804533,0,5482.46164769456,0
999,55.5424472918323,0.446636616716538,0,5487.94545079185,0
1000,55.5861040956128,0.446786232962892,0,5493.42925743783,0
1001,55.6297544092387,0.446935665696266,0,5498.91306763079,0
1002,55.6733982059355,0.447084915071083,0,5504.39688136907,0
1003,55.7170354590233,0.447233981243497,0,5509.88069865097,0
1004,55.7606661419157,0.447382864371379,0,5515.36451947483,0
1005,55.80429022812,0.447531564614292,0,5520.84834383895,0
1006,55.8479076912368,0.447680082133476,0,5526.33217174166,0
1007,55.8915185049594,0.447828417091826,0,5531.81600318128,0
1008,55.935122643074,0.447976569653875,0,5537.29983815613,0
1009,55.9787200794585,0.448124539985776,0,5542.78367666453,0
1010,56.022310788083,0.44827232825528,0,5548.26751870481,0
1011,56.065894743009,0.448419934631724,0,5553.75136427527,0
1012,56.1094719183891,0.448567359286002,0,5559.23521337426,0
1013,56.1530422884668,0.448714602390561,0,5564.71906600008,0
1014,56.1966058275757,0.448861664119369,0,5570.20292215106,0
1015,56.2401625101401,0.449008544647906,0,5575.68678182553,0
1016,56.2837123106736,0.449155244153142,0,5581.17064502181,0
1017,56.3272552037794,0.449301762813523,0,5586.65451173822,0
1018,56.3707911641497,0.449448100808949,0,5592.13838197309,0
1019,56.4143201665655,0.449594258320757,0,5597.62225572475,0
1020,56.4578421858962,0.449740235531709,0,5603.10613299151,0
1021,56.5013571970992,0.449886032625966,0,5608.59001377172,0
1022,56.5448651752197,0.450031649789079,0,5614.07389806368,0
1023,56.58836609539,0.450177087207968,0,5619.55778586573,0
1024,56.6318599328297,0.450322345070904,0,5625.0416771762,0
1025,56.675346662845,0.450467423567494,0,5630.52557199342,0
1026,56.7188262608283,0.450612322888665,0,5636.0094703157,0
1027,56.7622987022583,0.450757043226646,0,5641.49337214139,0
1028,56.8057639626989,0.450901584774951,0,5646.97727746881,0
1029,56.8492220177999,0.451045947728363,0,5652.46118629628,0
1030,56.8926728432955,0.451190132282921,0,5657.94509862215,0
1031,56.9361164150049,0.451334138635898,0,5663.42901444473,0
1032,56.9795527088315,0.45147796698579,0,5668.91293376237,0
1033,57.0229817007627,0.451621617532295,0,5674.39685657338,0
1034,57.0664033668694,0.451765090476303,0,5679.88078287611,0
1035,57.1098176833061,0.451908386019877,0,5685.36471266888,0
1036,57.1532246263097,0.452051504366236,0,5690.84864595003,0
1037,57.1966241722004,0.452194445719745,0,5696.33258271788,0
1038,57.2400162973802,0.452337210285892,0,5701.81652297078,0
1039,57.283400978333,0.452479798271277,0,5707.30046670705,0
1040,57.3267781916249,0.452622209883599,0,5712.78441392503,0
1041,57.3701479139025,0.452764445331636,0,5718.26836462306,0
1042,57.4135101218941,0.452906504825234,0,5723.75231879947,0
1043,57.4568647924079,0.453048388575288,0,5729.23627645258,0
1044,57.500211902333,0.453190096793733,0,5734.72023758075,0
1045,57.5435514286382,0.453331629693523,0,5740.2042021823,0
1046,57.5868833483717,0.453472987488621,0,5745.68817025558,0
1047,57.6302076386614,0.453614170393984,0,5751.17214179891,0
1048,57.673524276714,0.453755178625545,0,5756.65611681064,0
1049,57.7168332398147,0.453896012400204,0,5762.1400952891,0
1050,57.7601345053272,0.45403667193581,0,5767.62407723263,0
1051,57.803428050693,0.454177157451149,0,5773.10806263957,0
1052,57.8467138534316,0.454317469165928,0,5778.59205150826,0
1053,57.8899918911394,0.454457607300764,0,5784.07604383704,0
1054,57.9332621414901,0.454597572077169,0,5789.56003962424,0
1055,57.9765245822338,0.454737363717534,0,5795.04403886821,0
1056,58.0197791911974,0.454876982445118,0,5800.5280415673,0
1057,58.0630259462834,0.455016428484038,0,5806.01204771982,0
1058,58.1062648254702,0.455155702059248,0,5811.49605732414,0
1059,58.1494958068117,0.455294803396529,0,5816.98007037859,0
1060,58.1927188684365,0.45543373272248,0,5822.46408688152,0
1061,58.2359339885484,0.455572490264498,0,5827.94810683126,0
1062,58.2791411454252,0.455711076250771,0,5833.43213022616,0
1063,58.3223403174193,0.455849490910261,0,5838.91615706457,0
1064,58.3655314829565,0.455987734472695,0,5844.40018734482,0
1065,58.4087146205361,0.456125807168547,0,5849.88422106526,0
1066,58.4518897087307,0.456263709229031,0,5855.36825822424,0
1067,58.4950567261857,0.456401440886086,0,5860.8522988201,0
1068,58.538215651619,0.456539002372364,0,5866.33634285119,0
1069,58.5813664638208,0.456676393921218,0,5871.82039031584,0
1070,58.6245091416531,0.456813615766687,0,5877.30444121242,0
1071,58.6676436640495,0.456950668143491,0,5882.78849553926,0
1072,58.7107700100149,0.457087551287008,0,5888.27255329472,0
1073,58.7538881586251,0.457224265433275,0,5893.75661447713,0
1074,58.7969980890268,0.457360810818966,0,5899.24067908485,0
1075,58.8400997804366,0.457497187681385,0,5904.72474711623,0
1076,58.8831932121417,0.457633396258454,0,5910.20881856961,0
1077,58.9262783634985,0.457769436788698,0,5915.69289344334,0
1078,58.9693552139332,0.457905309511241,0,5921.17697173578,0
1079,59.0124237429409,0.458041014665788,0,5926.66105344528,0
1080,59.0554839300855,0.458176552492613,0,5932.14513857017,0
1081,59.0985357549998,0.458311923232555,0,5937.62922710882,0
1082,59.1415791973842,0.458447127127002,0,5943.11331905958,0
1083,59.1846142370074,0.458582164417878,0,5948.5974144208,0
1084,59.2276408537057,0.458717035347638,0,5954.08151319083,0
1085,59.2706590273824,0.45885174015925,0,5959.56561536802,0
1086,59.3136687380083,0.458986279096194,0,5965.04972095072,0
1087,59.3566699656204,0.45912065240244,0,5970.53382993729,0
1088,59.3996626903224,0.459254860322446,0,5976.01794232609,0
1089,59.4426468922841,0.459388903101143,0,5981.50205811546,0
1090,59.485622551741,0.459522780983929,0,5986.98617730376,0
1091,59.5285896489942,0.459656494216654,0,5992.47029988935,0
1092,59.5715481644098,0.45979004304561,0,5997.95442587058,0
1093,59.6144980784194,0.459923427717528,0,6003.43855524581,0
1094,59.6574393715186,0.460056648479556,0,6008.92268801339,0
1095,59.7003720242678,0.460189705579262,0,6014.40682417168,0
1096,59.743296017291,0.460322599264612,0,6019.89096371903,0
1097,59.7862113312765,0.46045532978397,0,6025.37510665382,0
1098,59.8291179469758,0.460587897386085,0,6030.85925297438,0
1099,59.8720158452035,0.460720302320076,0,6036.34340267909,0
1100,59.9149050068375,0.460852544835433,0,6041.8275557663,0
1101,59.9577854128177,0.460984625181997,0,6047.31171223436,0
1102,60.000657044147,0.461116543609958,0,6052.79587208164,0
1103,60.04351988189,0.461248300369843,0,6058.2800353065,0
1104,60.086373907173,0.461379895712505,0,6063.7642019073,0
1105,60.1292191011841,0.461511329889119,0,6069.2483718824,0
1106,60.1720554451722,0.461642603151166,0,6074.73254523016,0
1107,60.2148829204477,0.461773715750431,0,6080.21672194894,0
1108,60.2577015083811,0.461904667938988,0,6085.70090203711,0
1109,60.3005111904036,0.462035459969197,0,6091.18508549302,0
1110,60.3433119480064,0.46216609209369,0,6096.66927231504,0
1111,60.3861037627405,0.462296564565365,0,6102.15346250154,0
1112,60.4288866162166,0.462426877637379,0,6107.63765605087,0
1113,60.4716604901044,0.462557031563135,0,6113.1218529614,0
1114,60.514425366133,0.462687026596276,0,6118.6060532315,0
1115,60.5571812260899,0.462816862990681,0,6124.09025685952,0
1116,60.5999280518212,0.462946541000447,0,6129.57446384384,0
1117,60.6426658252313,0.46307606087989,0,6135.05867418283,0
1118,60.6853945282822,0.463205422883531,0,6140.54288787484,0
1119,60.728114142994,0.463334627266092,0,6146.02710491824,0
1120,60.7708246514439,0.463463674282484,0,6151.51132531141,0
1121,60.8135260357664,0.463592564187803,0,6156.9955490527,0
1122,60.8562182781529,0.463721297237322,0,6162.47977614049,0
1123,60.898901360851,0.463849873686474,0,6167.96400657315,0
1124,60.9415752661653,0.463978293790863,0,6173.44824034904,0
1125,60.984239976456,0.464106557806236,0,6178.93247746652,0
1126,61.0268954741392,0.46423466598849,0,6184.41671792399,0
1127,61.0695417416869,0.464362618593658,0,6189.90096171979,0
1128,61.1121787616259,0.4644904158779,0,6195.38520885231,0
1129,61.1548065165385,0.464618058097504,0,6200.86945931991,0
1130,61.1974249890616,0.464745545508868,0,6206.35371312096,0
1131,61.2400341618867,0.464872878368502,0,6211.83797025384,0
1132,61.2826340177596,0.465000056933015,0,6217.32223071691,0
1133,61.32522453948,0.465127081459109,0,6222.80649450856,0
1134,61.3678057099018,0.465253952203576,0,6228.29076162715,0
1135,61.410377511932,0.465380669423283,0,6233.77503207106,0
1136,61.4529399285312,0.465507233375176,0,6239.25930583865,0
1137,61.4954929427127,0.465633644316263,0,6244.74358292831,0
1138,61.538036537543,0.465759902503612,0,6250.22786333841,0
1139,61.580570696141,0.465886008194347,0,6255.71214706732,0
1140,61.623095401678,0.466011961645633,0,6261.19643411342,0
1141,61.6656106373772,0.466137763114681,0,6266.68072447509,0
1142,61.7081163865137,0.466263412858729,0,6272.1650181507,0
1143,61.7506126324144,0.466388911135047,0,6277.64931513862,0
1144,61.7930993584572,0.466514258200923,0,6283.13361543724,0
1145,61.8355765480715,0.46663945431366,0,6288.61791904493,0
1146,61.8780441847372,0.466764499730569,0,6294.10222596007,0
1147,61.920502251985,0.46688939470896,0,6299.58653618104,0
1148,61.9629507333963,0.467014139506146,0,6305.07084970622,0
1149,62.0053896126022,0.467138734379421,0,6310.55516653398,0
1150,62.047818873284,0.46726317958607,0,6316.0394866627,0
1151,62.0902384991727,0.467387475383353,0,6321.52381009078,0
1152,62.1326484740488,0.4675116220285,0,6327.00813681658,0
1153,62.175048781742,0.467635619778711,0,6332.49246683848,0
1154,62.2174394061308,0.467759468891144,0,6337.97680015488,0
1155,62.2598203311431,0.467883169622915,0,6343.46113676414,0
1156,62.3021915407547,0.468006722231084,0,6348.94547666466,0
1157,62.3445530189904,0.46813012697266,0,6354.42981985481,0
1158,62.3869047499224,0.468253384104588,0,6359.91416633297,0
1159,62.4292467176714,0.468376493883744,0,6365.39851609754,0
1160,62.4715789064055,0.468499456566937,0,6370.88286914689,0
1161,62.5139013003403,0.468622272410891,0,6376.36722547941,0
1162,62.5562138837387,0.468744941672253,0,6381.85158509348,0
1163,62.5985166409106,0.468867464607576,0,6387.33594798749,0
1164,62.6408095562127,0.468989841473326,0,6392.82031415982,0
1165,62.6830926140483,0.469112072525866,0,6398.30468360887,0
1166,62.725365798867,0.469234158021455,0,6403.78905633301,0
1167,62.7676290951647,0.469356098216247,0,6409.27343233062,0
1168,62.8098824874831,0.469477893366278,0,6414.75781160012,0
1169,62.8521259604098,0.469599543727471,0,6420.24219413986,0
1170,62.8943594985778,0.46972104955562,0,6425.72657994825,0
1171,62.9365830866655,0.469842411106394,0,6431.21096902368,0
1172,62.9787967093963,0.469963628635332,0,6436.69536136452,0
1173,63.0210003515386,0.470084702397829,0,6442.17975696918,0
1174,63.0631939979058,0.470205632649145,0,6447.66415583604,0
1175,63.105377633355,0.470326419644388,0,6453.14855796349,0
1176,63.1475512427885,0.470447063638519,0,6458.63296334992,0
1177,63.1897148111519,0.470567564886341,0,6464.11737199372,0
1178,63.2318683234355,0.470687923642498,0,6469.60178389328,0
1179,63.2740117646724,0.470808140161471,0,6475.08619904701,0
1180,63.3161451199399,0.470928214697569,0,6480.57061745328,0
1181,63.3582683743583,0.471048147504935,0,6486.05503911048,0
1182,63.400381513091,0.471167938837525,0,6491.53946401703,0
1183,63.4424845213444,0.471287588949124,0,6497.0238921713,0
1184,63.4845773843674,0.471407098093324,0,6502.50832357168,0
1185,63.5266600874517,0.471526466523534,0,6507.99275821659,0
1186,63.5687326159311,0.471645694492965,0,6513.4771961044,0
1187,63.6107949551815,0.471764782254631,0,6518.96163723352,0
1188,63.652847090621,0.471883730061351,0,6524.44608160234,0
1189,63.6948890077091,0.47200253816573,0,6529.93052920925,0
1190,63.7369206919473,0.472121206820171,0,6535.41498005266,0
1191,63.7789421288779,0.47223973627686,0,6540.89943413095,0
1192,63.820953304085,0.47235812678777,0,6546.38389144253,0
1193,63.8629542031932,0.472476378604653,0,6551.8683519858,0
1194,63.9049448118683,0.472594491979034,0,6557.35281575915,0
1195,64.2924799833092,0.472712467162217,0,6562.84446069449,0
1196,61.0860546205913,0.472830304405271,0,6569.89317889492,0
1197,58.0212399569728,0.472948003959031,0,6576.64735339935,0
1198,55.1133688681842,0.473065566074094,0,6583.15421943497,0
1199,52.3543652634012,0.47318299100082,0,6589.46184513569,0
1200,49.7372081372593,0.473300278989318,0,6595.608941926,0
1201,47.2570520220684,0.473417430289453,0,6601.62668933075,0
1202,44.9125156801814,0.47353444515084,0,6607.54020252086,0
1203,42.7061806761054,0.473651323822836,0,6613.36971288853,0
1204,40.643758630368,0.473768066554539,0,6619.13151974119,0
1205,38.7322100661934,0.473884673594796,0,6624.8387554943,0
1206,36.9775954269106,0.474001145192181,0,6630.50200167635,0
1207,35.3833734264963,0.474034268304498,0,6636.12978519606,0
1208,33.9494948140043,0.473226291374436,0,6641.7289780242,0
1209,32.6722817706252,0.472311786531744,0,6647.30511875673,0
1210,31.5448041875891,0.471299386225928,0,6652.86267164715,0
1211,30.5566318230852,0.470202244187304,0,6658.40523533963,0
1212,29.6915366985483,0.469031139141937,0,6663.93571100908,0
1213,28.9264803432824,0.467795066958226,0,6669.45643770797,0
1214,28.2365896970123,0.466501746301492,0,6674.96930140183,0
1215,27.6029398047333,0.465158073506444,0,6680.47582286436,0
1216,27.016791611891,0.463770499799323,0,6685.97722853138,0
1217,26.4782278944815,0.462345288562816,0,6691.47450753296,0
1218,25.9916523537693,0.46088863466832,0,6696.96845767322,0
1219,25.5614441871588,0.45940666312453,0,6702.45972248531,0
1220,25.1894579810329,0.457905347689988,0,6707.9488211164,0
1221,24.8744222939946,0.456390394947237,0,6713.43617240375,0
1222,24.6125113278908,0.454867129329112,0,6718.9221142802,0
1223,24.398337679041,0.453340380182062,0,6724.406919423,0
1224,24.2259021112912,0.451814286963496,0,6729.89080787604,0
1225,24.0892895281417,0.450291976011591,0,6735.37395722464,0
1226,23.9830457185139,0.448775341496026,0,6740.85651079813,0
1227,23.9022864212293,0.447265213592581,0,6746.33858428614,0
1228,23.8426641362882,0.445761875206284,0,6751.82027107738,0
1229,23.8003079265378,0.444265631362723,0,6757.30164656527,0
1230,23.7717907466499,0.442777169333021,0,6762.78277161968,0
1231,23.7541239316781,0.441297637722527,0,6768.26369538818,0
1232,23.7447573125966,0.439828522809292,0,6773.74445755675,0
1233,23.7415674530461,0.438371444697008,0,6779.22509017441,0
1234,23.7428283542179,0.436927967349407,0,6784.70561912455,0
1235,23.7471681776478,0.43549946704696,0,6790.18606531251,0
1236,23.7535190936652,0.434087066172247,0,6795.66644562417,0
1237,23.7610667755782,0.432691619647456,0,6801.1467737001,0
1238,23.7692039523304,0.431313734031452,0,6806.62706055999,0
1239,23.7774900725616,0.429953799686344,0,6812.10731510676,0
1240,23.7856174612494,0.428612022982078,0,6817.58754453362,0
1241,23.7933833752312,0.427288453809337,0,6823.06775465287,0
1242,23.800666962945,0.425983009309343,0,6828.54795016128,0
1243,23.8074100283506,0.424695496114088,0,6834.02813485437,0
1244,23.8136007036173,0.423425632368223,0,6839.50831179947,0
1245,23.8192595424411,0.422173069318443,0,6844.98848347557,0
1246,23.8244279759282,0.420937411524773,0,6850.46865188626,0
1247,23.8291593173097,0.419718234695417,0,6855.94881865088,0
1248,23.8335124540198,0.418515100551315,0,6861.42898507824,0
1249,23.8375480984703,0.417327568569525,0,6866.90915222617,0
1250,23.8413271340408,0.416155204839381,0,6872.38932094965,0
1251,23.8449103505725,0.414997588450676,0,6877.8694919396,0
1252,23.8483588139396,0.413854315883567,0,6883.34966575436,0
1253,23.8517342539722,0.412725003829607,0,6888.82984284509,0
1254,23.8550990950797,0.41160929080627,0,6894.31002357625,0
1255,23.8585160005133,0.41050683784428,0,6899.79020824218,0
1256,23.8620469927336,0.409417328443862,0,6905.27039708056,0
1257,23.8657523156106,0.408340467945211,0,6910.75059028321,0
1258,23.8696892263844,0.407275982440081,0,6916.23078800487,0
1259,23.8739108789802,0.406223617361591,0,6921.71099037027,0
1260,23.8784654046262,0.40518313589721,0,6927.19119747989,0
1261,23.8833952421072,0.404154317371815,0,6932.67140941458,0
1262,23.8887367284081,0.403136955725966,0,6938.15162623928,0
1263,23.8945199359956,0.402130858174148,0,6943.63184800611,0
1264,23.9007687263076,0.401135844074375,0,6949.11207475676,0
1265,23.9075009830841,0.400151743995577,0,6954.59230652453,0
1266,23.914728987269,0.399178398939136,0,6960.0725433359,0
1267,23.9224598965835,0.398215659659414,0,6965.55278521184,0
1268,23.930696293853,0.397263386031387,0,6971.03303216884,0
1269,23.9394367720863,0.396321446426929,0,6976.5132842198,0
1270,23.9486765283905,0.395389717078077,0,6981.9935413747,0
1271,23.9584079442911,0.394468081421052,0,6987.47380364113,0
1272,23.9686211347718,0.393556429425659,0,6992.95407102479,0
1273,23.9793044541088,0.392654656920672,0,6998.43434352981,0
1274,23.9904449506838,0.391762664928502,0,7003.91462115907,0
1275,24.0020287671688,0.390880359022458,0,7009.39490391445,0
1276,24.0140414850974,0.390007648718401,0,7014.87519179698,0
1277,24.0264684155286,0.38914444690978,0,7020.35548480703,0
1278,24.0392948385898,0.388290669352668,0,7025.83578294446,0
1279,24.0525061962263,0.387446234205096,0,7031.31608620867,0
1280,24.066088242931,0.38661106162288,0,7036.7963945987,0
1281,24.080027159924,0.38578507341158,0,7042.27670811331,0
1282,24.0943096379791,0.38496819273241,0,7047.75702675104,0
1283,24.1089229344529,0.384160343858915,0,7053.23735051025,0
1284,24.123854909501,0.383361451980341,0,7058.71767938912,0
1285,24.1390940460269,0.382571443046711,0,7064.19801338573,0
1286,24.1546294569027,0.381790243650012,0,7069.67835249806,0
1287,24.1704508827307,0.381017780936372,0,7075.15869672401,0
1288,24.1865486825204,0.380253982544482,0,7080.6390460614,0
1289,24.2029138190531,0.379498776565491,0,7086.11940050802,0
1290,24.2195378399527,0.378752091519704,0,7091.59976006163,0
1291,24.2364128555476,0.37801385634643,0,7097.08012471993,0
1292,24.253531514203,0.377284000403916,0,7102.56049448059,0
1293,24.270886975647,0.376562453476591,0,7108.04086934128,0
1294,24.288472882521,0.375849145786895,0,7113.52124929966,0
1295,24.3062833307673,0.375144008010024,0,7119.00163435336,0
1296,24.324312839306,0.374446971290404,0,7124.48202449999,0
1297,24.3425563194243,0.373757967258856,0,7129.96241973718,0
1298,24.3610090440888,0.373076928049301,0,7135.44282006254,0
1299,24.3796666177618,0.372403786314693,0,7140.92322547368,0
1300,24.3985249471149,0.371738475242043,0,7146.40363596819,0
1301,24.4175802129617,0.371080928566324,0,7151.88405154369,0
1302,24.4368288434823,0.370431080582769,0,7157.36447219778,0
1303,24.4562674891442,0.369788866157683,0,7162.84489792806,0
1304,24.4758929994866,0.369154220737866,0,7168.32532873212,0
1305,24.4957024018607,0.368527080358628,0,7173.80576460758,0
1306,24.5156928819837,0.367907381650017,0,7179.28620555203,0
1307,24.5358617664916,0.36729506184149,0,7184.76665156308,0
1308,24.5562065074382,0.366690058765135,0,7190.24710263834,0
1309,24.5767246686528,0.366092310857475,0,7195.72755877541,0
1310,24.5974139136803,0.365501757159585,0,7201.2080199719,0
1311,24.6182719953631,0.364918337315811,0,7206.68848622543,0
1312,24.6392967469111,0.364341991571259,0,7212.1689575336,0
1313,24.6604860743024,0.363772660768142,0,7217.64943389404,0
1314,24.6818379497219,0.363210286340811,0,7223.12991530435,0
1315,24.7033504060769,0.362654810309829,0,7228.61040176218,0
1316,24.7250215324304,0.362106175275279,0,7234.09089326511,0
1317,24.7468494702039,0.36156432440941,0,7239.57138981079,0
1318,24.7688324099152,0.361029201448486,0,7245.05189139685,0
1319,24.790968588516,0.360500750684229,0,7250.53239802091,0
1320,24.8132562872119,0.35997891695499,0,7256.0129096806,0
1321,24.8356938296431,0.359463645636735,0,7261.49342637356,0
1322,24.8582795802777,0.358954882633696,0,7266.97394809741,0
1323,24.8810119431026,0.358452574369056,0,7272.45447484981,0
1324,24.9038893605411,0.357956667775744,0,7277.93500662838,0
1325,24.9269103124888,0.357467110287335,0,7283.41554343078,0
1326,24.9500733154017,0.356983849828932,0,7288.89608525464,0
1327,24.9733769215184,0.356506834808332,0,7294.37663209762,0
1328,24.9968197181807,0.356036014107494,0,7299.85718395735,0
1329,25.0204003271419,0.355571337074235,0,7305.3377408315,0
1330,25.0441174038647,0.35511275351406,0,7310.81830271772,0
1331,25.0679696368732,0.354660213682361,0,7316.29886961366,0
1332,25.0919557471443,0.354213668276979,0,7321.77944151698,0
1333,25.1160744874218,0.353773068430984,0,7327.26001842535,0
1334,25.1403246415106,0.353338365705643,0,7332.74060033642,0
1335,25.1647050235915,0.352909512083752,0,7338.22118724786,0
1336,25.1892144775538,0.352486459963305,0,7343.70177915734,0
1337,25.2138518762253,0.352069162151321,0,7349.18237606252,0
1338,25.2386161206016,0.351657571857864,0,7354.66297796109,0
1339,25.2635061390902,0.351251642690376,0,7360.1435848507,0
1340,25.2885208867661,0.350851328648305,0,7365.62419672904,0
1341,25.3136593445279,0.350456584117798,0,7371.1048135938,0
1342,25.3389205182833,0.350067363866586,0,7376.58543544264,0
1343,25.3643034381575,0.349683623039137,0,7382.06606227324,0
1344,25.3898071577056,0.349305317152024,0,7387.5466940833,0
1345,25.4154307530541,0.348932402089285,0,7393.0273308705,0
1346,25.4411733220904,0.348564834097996,0,7398.50797263254,0
1347,25.467033983693,0.348202569784032,0,7403.98861936709,0
1348,25.4930118769495,0.347845566107978,0,7409.46927107185,0
1349,25.5191061603435,0.347493780381005,0,7414.94992774454,0
1350,25.5453160109981,0.347147170260933,0,7420.43058938282,0
1351,25.5716406239717,0.346805693748459,0,7425.91125598441,0
1352,25.5980792115239,0.346469309183441,0,7431.39192754701,0
1353,25.624631002389,0.346137975241157,0,7436.87260406833,0
1354,25.6512952411058,0.345811650928733,0,7442.35328554605,0
1355,25.6780711874025,0.345490295581711,0,7447.83397197791,0
1356,25.7049581155347,0.345173868860587,0,7453.3146633616,0
1357,25.7319553136646,0.344862330747375,0,7458.79535969485,0
1358,25.7590620832925,0.344555641542303,0,7464.27606097535,0
1359,25.7862777387288,0.344253761860635,0,7469.75676720083,0
1360,25.8136016065193,0.343956652629397,0,7475.23747836901,0
1361,25.8410330249287,0.343664275084185,0,7480.71819447761,0
1362,25.8685713434747,0.343376590766085,0,7486.19891552434,0
1363,25.8962159224726,0.343093561518678,0,7491.67964150694,0
1364,25.9239661325535,0.342815149484929,0,7497.16037242313,0
1365,25.9518213542406,0.342541317104206,0,7502.64110827064,0
1366,25.9797809775749,0.342272027109398,0,7508.12184904719,0
1367,26.0078444017179,0.342007242524047,0,7513.60259475052,0
1368,26.0360110345584,0.341746926659414,0,7519.08334537837,0
1369,26.0642802923686,0.341491043111675,0,7524.56410092847,0
1370,26.092651599502,0.341239555759221,0,7530.04486139855,0
1371,26.1211243880451,0.34099242875989,0,7535.52562678637,0
1372,26.149698097502,0.340749626548221,0,7541.00639708966,0
1373,26.1783721745188,0.34051111383281,0,7546.48717230615,0
1374,26.2071460726296,0.340276855593765,0,7551.96795243361,0
1375,26.2360192519568,0.340046817080044,0,7557.44873746978,0
1376,26.2649911789572,0.339820963806882,0,7562.92952741241,0
1377,26.2940613262064,0.339599261553321,0,7568.41032225924,0
1378,26.3232291721685,0.339381676359766,0,7573.89112200804,0
1379,26.3524942009496,0.339168174525463,0,7579.37192665655,0
1380,26.3818559020912,0.338958722606081,0,7584.85273620255,0
1381,26.4113137703996,0.338753287411405,0,7590.33355064377,0
1382,26.4408673057318,0.338551836002973,0,7595.81436997799,0
1383,26.4705160127968,0.338354335691708,0,7601.29519420297,0
1384,26.5002594009912,0.338160754035648,0,7606.77602331647,0
1385,26.5300969842529,0.337971058837774,0,7612.25685731627,0
1386,26.5600282808672,0.337785218143729,0,7617.73769620012,0
1387,26.5900528133086,0.337603200239603,0,7623.2185399658,0
1388,26.6201701081133,0.33742497364981,0,7628.69938861108,0
1389,26.6503796957388,0.337250507135013,0,7634.18024213373,0
1390,26.6806811104008,0.337079769689941,0,7639.66110053154,0
1391,26.7110738899461,0.336912730541316,0,7645.14196380227,0
1392,26.7415575757533,0.33674935914588,0,7650.62283194371,0
1393,26.7721317125927,0.336589625188362,0,7656.10370495364,0
1394,26.8027958484971,0.336433498579437,0,7661.58458282985,0
1395,26.8335495346628,0.336280949453778,0,7667.0654655701,0
1396,26.8643923253616,0.336131948168197,0,7672.5463531722,0
1397,26.8953237778105,0.335986465299664,0,7678.02724563393,0
1398,26.9263434520709,0.335844471643404,0,7683.50814295308,0
1399,26.9574509109769,0.335705938211075,0,7688.98904512744,0
1400,26.9886457200422,0.335570836228972,0,7694.46995215481,0
1401,27.0199274473531,0.335439137136137,0,7699.95086403299,0
1402,27.0512956634908,0.335310812582567,0,7705.43178075976,0
1403,27.0827499414771,0.335185834427525,0,7710.91270233293,0
1404,27.1142898566762,0.335064174737761,0,7716.3936287503,0
1405,27.1459149867142,0.334945805785743,0,7721.87456000967,0
1406,27.1776249114243,0.334830700047982,0,7727.35549610884,0
1407,27.2094192127912,0.334718830203415,0,7732.83643704562,0
1408,27.2412974748632,0.334610169131674,0,7738.31738281782,0
1409,27.2732592836924,0.334504689911429,0,7743.79833342325,0
1410,27.3053042272999,0.334402365818836,0,7749.27928885971,0
1411,27.3374318956089,0.334303170325934,0,7754.76024912503,0
1412,27.3696418803779,0.334207077099007,0,7760.24121421701,0
1413,27.4019337751596,0.334114059997035,0,7765.72218413346,0
1414,27.434307175272,0.334024093070223,0,7771.20315887221,0
1415,27.4667616777275,0.333937150558419,0,7776.68413843109,0
1416,27.4992968811882,0.33385320688958,0,7782.1651228079,0
1417,27.5319123859432,0.333772236678331,0,7787.64611200046,0
1418,27.5646077938663,0.333694214724522,0,7793.12710600662,0
1419,27.597382708362,0.333619116011707,0,7798.60810482418,0
1420,27.6302367343349,0.333546915705706,0,7804.08910845098,0
1421,27.6631694781771,0.333477589153258,0,7809.57011688484,0
1422,27.696180547715,0.33341111188058,0,7815.0511301236,0
1423,27.7292695521747,0.333347459591929,0,7820.53214816509,0
1424,27.7624361021681,0.333286608168279,0,7826.01317100714,0
1425,27.7956798096695,0.333228533665999,0,7831.49419864759,0
1426,27.8290002879714,0.333173212315446,0,7836.97523108427,0
1427,27.862397151663,0.333120620519629,0,7842.45626831503,0
1428,27.8958700166278,0.333070734852967,0,7847.9373103377,0
1429,27.9294185000057,0.333023532059969,0,7853.41835715012,0
1430,27.963042220165,0.332978989053897,0,7858.89940875015,0
1431,27.9967407966963,0.332937082915528,0,7864.38046513561,0
1432,28.0305138504019,0.332897790891955,0,7869.86152630437,0
1433,28.0643610032595,0.332861090395274,0,7875.34259225426,0
1434,28.0982818784087,0.332826959001342,0,7880.82366298314,0
1435,28.1322761001547,0.332795374448629,0,7886.30473848886,0
1436,28.166343293942,0.332766314637002,0,7891.78581876927,0
1437,28.2004830863326,0.332739757626479,0,7897.26690382223,0
1438,28.2346951050053,0.332715681636075,0,7902.74799364558,0
1439,28.2689789787532,0.332694065042701,0,7908.2290882372,0
1440,28.3033343374546,0.332674886379942,0,7913.71018759493,0
1441,28.3377608120657,0.332658124336896,0,7919.19129171664,0
1442,28.3722580346289,0.332643757757114,0,7924.67240060019,0
1443,28.4068256382532,0.33263176563747,0,7930.15351424344,0
1444,28.4414632570991,0.332622127127,0,7935.63463264426,0
1445,28.4761705263815,0.332614821525829,0,7941.11575580051,0
1446,28.5109470823723,0.332609828284149,0,7946.59688371006,0
1447,28.5457925623775,0.332607127001075,0,7952.07801637078,0
1448,28.5807066047338,0.332606697423571,0,7957.55915378054,0
1449,28.6156888488207,0.332608519445456,0,7963.04029593721,0
1450,28.6507389350462,0.332612573106359,0,7968.52144283867,0
1451,28.6858565048347,0.332618838590625,0,7974.0025944828,0
1452,28.7210412006356,0.332627296226322,0,7979.48375086745,0
1453,28.7562926659269,0.332637926484288,0,7984.96491199053,0
1454,28.7916105451974,0.332650709977057,0,7990.44607784991,0
1455,28.8269944839474,0.332665627457856,0,7995.92724844345,0
1456,28.862444128703,0.332682659819688,0,8001.40842376905,0
1457,28.8979591270032,0.332701788094338,0,8006.88960382461,0
1458,28.933539127394,0.332722993451357,0,8012.37078860798,0
1459,28.9691837794384,0.332746257197141,0,8017.85197811707,0
1460,29.004892733721,0.332771560774028,0,8023.33317234976,0
1461,29.0406656418343,0.332798885759295,0,8028.81437130395,0
1462,29.0765021563822,0.332828213864217,0,8034.29557497752,0
1463,29.1124019309958,0.332859526933221,0,8039.77678336835,0
1464,29.1483646203214,0.332892806942933,0,8045.25799647436,0
1465,29.1843898800181,0.332928036001236,0,8050.73921429343,0
1466,29.2204773667714,0.332965196346412,0,8056.22043682346,0
1467,29.2566267382949,0.333004270346284,0,8061.70166406235,0
1468,29.2928376533211,0.333045240497273,0,8067.182896008,0
1469,29.3291097716081,0.333088089423525,0,8072.66413265829,0
1470,29.3654427539544,0.333132799876112,0,8078.14537401115,0
1471,29.4018362621873,0.333179354732128,0,8083.62662006447,0
1472,29.4382899591646,0.333227736993806,0,8089.10787081616,0
1473,29.4748035087898,0.333277929787724,0,8094.58912626412,0
1474,29.5113765760108,0.333329916363982,0,8100.07038640625,0
1475,29.5480088268146,0.333383680095314,0,8105.55165124048,0
1476,29.5846999282368,0.333439204476274,0,8111.0329207647,0
1477,29.6214495483736,0.333496473122489,0,8116.51419497683,0
1478,29.6582573563717,0.333555469769781,0,8121.99547387479,0
1479,29.6951230224329,0.333616178273356,0,8127.47675745648,0
1480,29.7320462178301,0.333678582607062,0,8132.95804571982,0
1481,29.7690266149023,0.333742666862587,0,8138.43933866272,0
1482,29.8060638870533,0.333808415248627,0,8143.92063628312,0
1483,29.8431577087645,0.333875812090141,0,8149.40193857891,0
1484,29.8803077556008,0.333944841827621,0,8154.88324554803,0
1485,29.917513704204,0.334015489016263,0,8160.36455718841,0
1486,29.9547752322996,0.334087738325204,0,8165.84587349794,0
1487,29.992092018712,0.334161574536839,0,8171.32719447457,0
1488,30.0294637433564,0.33423698254603,0,8176.80852011622,0
1489,30.0668900872413,0.334313947359329,0,8182.28985042082,0
1490,30.1043707324836,0.334392454094295,0,8187.77118538629,0
1491,30.1419053623077,0.334472487978775,0,8193.25252501057,0
1492,30.179493661043,0.334554034350117,0,8198.73386929158,0
1493,30.2171353141341,0.334637078654473,0,8204.21521822725,0
1494,30.2548300081496,0.334721606446137,0,8209.69657181553,0
1495,30.292577430776,0.33480760338678,0,8215.17793005434,0
1496,30.3303772708228,0.334895055244726,0,8220.65929294162,0
1497,30.3682292182363,0.334983947894327,0,8226.14066047531,0
1498,30.406132964095,0.335074267315232,0,8231.62203265334,0
1499,30.4440882006104,0.335165999591666,0,8237.10340947366,0
1500,30.4820946211393,0.335259130911783,0,8242.5847909342,0
1501,30.5201519201862,0.335353647567012,0,8248.06617703291,0
1502,30.5582597933995,0.335449535951323,0,8253.54756776773,0
1503,30.5964179375797,0.335546782560568,0,8259.0289631366,0
1504,30.6346260506894,0.335645373991879,0,8264.51036313748,0
1505,30.6728838318465,0.335745296942943,0,8269.9917677683,0
1506,30.7111909813287,0.335846538211342,0,8275.47317702701,0
1507,30.7495472005863,0.33594908469395,0,8280.95459091157,0
1508,30.7879521922375,0.336052923386274,0,8286.43600941993,0
1509,30.8264056600692,0.336158041381767,0,8291.91743255002,0
1510,30.8649073090476,0.336264425871226,0,8297.39886029982,0
1511,30.90345684532,0.336372064142187,0,8302.88029266727,0
1512,30.9420539762118,0.336480943578234,0,8308.36172965033,0
1513,30.9806984102326,0.336591051658384,0,8313.84317124695,0
1514,31.0193898570852,0.336702375956528,0,8319.32461745509,0
1515,31.0581280276595,0.336814904140751,0,8324.80606827271,0
1516,31.0969126340357,0.336928623972707,0,8330.28752369777,0
1517,31.1357433894954,0.337043523307073,0,8335.76898372823,0
1518,31.174620008517,0.337159590090912,0,8341.25044836206,0
1519,31.213542206776,0.337276812363039,0,8346.73191759721,0
1520,31.252509701154,0.33739517825346,0,8352.21339143165,0
1521,31.2915222097396,0.3375146759828,0,8357.69486986335,0
1522,31.3305794518248,0.337635293861654,0,8363.17635289027,0
1523,31.3696811479116,0.337757020290014,0,8368.65784051038,0
1524,31.4088270197175,0.337879843756744,0,8374.13933272164,0
1525,31.4480167901697,0.338003752838938,0,8379.62082952205,0
1526,31.4872501834085,0.338128736201337,0,8385.10233090954,0
1527,31.5265269247961,0.338254782595817,0,8390.58383688211,0
1528,31.5658467409107,0.338381880860787,0,8396.06534743773,0
1529,31.6052093595474,0.33851001992059,0,8401.54686257438,0
1530,31.6446145097259,0.338639188784992,0,8407.02838229001,0
1531,31.6840619216888,0.338769376548621,0,8412.50990658262,0
1532,31.7235513268986,0.338900572390369,0,8417.99143545019,0
1533,31.7630824580441,0.339032765572861,0,8423.47296889068,0
1534,31.8026550490421,0.339165945441944,0,8428.95450690208,0
1535,31.8422688350331,0.339300101426086,0,8434.43604948238,0
1536,31.8819235523835,0.33943522303584,0,8439.91759662955,0
1537,31.9216189386922,0.339571299863353,0,8445.39914834157,0
1538,31.961354732784,0.33970832158179,0,8450.88070461644,0
1539,32.0011306747106,0.33984627794478,0,8456.36226545214,0
1540,32.040946505757,0.339985158785942,0,8461.84383084665,0
1541,32.0808019684369,0.340124954018337,0,8467.32540079796,0
1542,32.1206968064909,0.340265653633909,0,8472.80697530407,0
1543,32.1606307648925,0.340407247703003,0,8478.28855436295,0
1544,32.2006035898457,0.340549726373859,0,8483.77013797261,0
1545,32.2406150287815,0.340693079872049,0,8489.25172613103,0
1546,32.2806648303612,0.340837298499983,0,8494.7333188362,0
1547,32.3207527444782,0.340982372636445,0,8500.21491608613,0
1548,32.3608785222519,0.341128292736025,0,8505.69651787881,0
1549,32.4010419160293,0.341275049328623,0,8511.17812421222,0
1550,32.4412426793888,0.341422633018999,0,8516.65973508437,0
1551,32.4814805671337,0.341571034486234,0,8522.14135049327,0
1552,32.5217553352921,0.341720244483214,0,8527.6229704369,0
1553,32.5620667411205,0.341870253836194,0,8533.10459491326,0
1554,32.6024145430992,0.342021053444286,0,8538.58622392036,0
1555,32.6427985009295,0.342172634278938,0,8544.06785745621,0
1556,32.6832183755374,0.342324987383488,0,8549.54949551879,0
1557,32.7236739290702,0.342478103872697,0,8555.03113810613,0
1558,32.7641649248925,0.342631974932216,0,8560.51278521622,0
1559,32.8046911275882,0.342786591818138,0,8565.99443684707,0
1560,32.8452523029595,0.342941945856557,0,8571.47609299669,0
1561,32.8858482180214,0.343098028443043,0,8576.95775366309,0
1562,32.9264786410021,0.34325483104218,0,8582.43941884427,0
1563,32.9671433413441,0.343412345187155,0,8587.92108853824,0
1564,33.0078420896977,0.343570562479237,0,8593.40276274303,0
1565,33.0485746579197,0.343729474587317,0,8598.88444145663,0
1566,33.0893408190755,0.343889073247495,0,8604.36612467707,0
1567,33.130140347433,0.344049350262595,0,8609.84781240236,0
1568,33.1709730184595,0.344210297501686,0,8615.32950463051,0
1569,33.2118386088243,0.344371906899682,0,8620.81120135954,0
1570,33.2527368963928,0.344534170456876,0,8626.29290258747,0
1571,33.2936676602226,0.344697080238462,0,8631.77460831231,0
1572,33.3346306805653,0.344860628374126,0,8637.25631853208,0
1573,33.3756257388616,0.345024807057618,0,8642.73803324482,0
1574,33.4166526177373,0.345189608546262,0,8648.21975244853,0
1575,33.4577111010022,0.345355025160547,0,8653.70147614123,0
1576,33.4988009736487,0.345521049283725,0,8659.18320432096,0
1577,33.5399220218455,0.345687673361323,0,8664.66493698574,0
1578,33.5810740329359,0.345854889900729,0,8670.14667413359,0
1579,33.6222567954373,0.346022691470804,0,8675.62841576253,0
1580,33.6634700990345,0.346191070701416,0,8681.1101618706,0
1581,33.7047137345771,0.346360020283008,0,8686.59191245582,0
1582,33.7459874940794,0.346529532966227,0,8692.07366751622,0
1583,33.7872911707138,0.346699601561474,0,8697.55542704983,0
1584,33.8286245588069,0.346870218938468,0,8703.03719105468,0
1585,33.86998745384,0.347041378025878,0,8708.51895952881,0
1586,33.9113796524424,0.347213071810897,0,8714.00073247024,0
1587,33.952800952387,0.347385293338799,0,8719.48250987701,0
1588,33.9942511525902,0.347558035712574,0,8724.96429174715,0
1589,34.0357300531062,0.347731292092524,0,8730.44607807871,0
1590,34.0772374551216,0.347905055695819,0,8735.92786886971,0
1591,34.1187731609545,0.348079319796129,0,8741.40966411819,0
1592,34.16033697405,0.348254077723241,0,8746.89146382219,0
1593,34.2019286989743,0.348429322862621,0,8752.37326797975,0
1594,34.2435481414124,0.348605048655035,0,8757.85507658891,0
1595,34.2851951081651,0.348781248596196,0,8763.33688964772,0
1596,34.3268694071421,0.348957916236319,0,8768.8187071542,0
1597,34.3685708473592,0.349135045179749,0,8774.30052910641,0
1598,34.410299238936,0.349312629084614,0,8779.78235550239,0
1599,34.4520543930885,0.349490661662396,0,8785.26418634018,0
1600,34.4938361221259,0.349669136677554,0,8790.74602161783,0
1601,34.5356442394481,0.349848047947184,0,8796.22786133338,0
1602,34.577478559539,0.350027389340608,0,8801.70970548489,0
1603,34.6193388979623,0.350207154778989,0,8807.1915540704,0
1604,34.6612250713589,0.350387338235003,0,8812.67340708795,0
1605,34.7031368974408,0.350567933732441,0,8818.15526453561,0
1606,34.7450741949859,0.350748935345819,0,8823.63712641141,0
1607,34.7870367838358,0.350930337200059,0,8829.11899271341,0
1608,34.8290244848895,0.351112133470105,0,8834.60086343966,0
1609,34.871037120098,0.351294318380534,0,8840.08273858823,0
1610,34.9130745124618,0.351476886205234,0,8845.56461815714,0
1611,34.9551364860251,0.351659831267044,0,8851.04650214448,0
1612,34.9972228658698,0.35184314793736,0,8856.52839054829,0
1613,35.0393334781127,0.352026830635816,0,8862.01028336662,0
1614,35.0814681499002,0.35221087382994,0,8867.49218059755,0
1615,35.1236267094019,0.352395272034764,0,8872.97408223911,0
1616,35.1658089858076,0.352580019812501,0,8878.45598828938,0
1617,35.2080148093219,0.352765111772218,0,8883.93789874641,0
1618,35.2502440111583,0.352950542569449,0,8889.41981360827,0
1619,35.2924964235351,0.353136306905875,0,8894.901732873,0
1620,35.3347718796708,0.353322399529007,0,8900.38365653869,0
1621,35.3770702137777,0.353508815231805,0,8905.86558460339,0
1622,35.4193912610577,0.353695548852357,0,8911.34751706516,0
1623,35.4617348576981,0.353882595273576,0,8916.82945392208,0
1624,35.5041008408644,0.354069949422824,0,8922.31139517221,0
1625,35.5464890486968,0.354257606271592,0,8927.7933408136,0
1626,35.588899320305,0.354445560835204,0,8933.27529084434,0
1627,35.6313314957621,0.354633808172454,0,8938.7572452625,0
1628,35.6737854160999,0.354822343385283,0,8944.23920406612,0
1629,35.7162609233046,0.355011161618488,0,8949.7211672533,0
1630,35.7587578603101,0.355200258059378,0,8955.2031348221,0
1631,35.8012760709933,0.355389627937441,0,8960.68510677059,0
1632,35.8438154001698,0.355579266524068,0,8966.16708309685,0
1633,35.8863756935875,0.355769169132211,0,8971.64906379894,0
1634,35.9289567979212,0.355959331116058,0,8977.13104887494,0
1635,35.9715585607689,0.356149747870759,0,8982.61303832293,0
1636,36.0141808306449,0.356340414832098,0,8988.09503214099,0
1637,36.0568234569746,0.356531327476163,0,8993.57703032718,0
1638,36.0994862900907,0.356722481319084,0,8999.05903287959,0
1639,36.1421691812265,0.356913871916709,0,9004.54103979629,0
1640,36.1848719825104,0.357105494864281,0,9010.02305107537,0
1641,36.2275945469619,0.357297345796179,0,9015.5050667149,0
1642,36.2703367284855,0.357489420385601,0,9020.98708671296,0
1643,36.3130983818645,0.357681714344251,0,9026.46911106764,0
1644,36.3558793627578,0.357874223422074,0,9031.95113977701,0
1645,36.3986795276925,0.358066943406958,0,9037.43317283917,0
1646,36.4414987340595,0.358259870124417,0,9042.91521025219,0
1647,36.4843368401083,0.358452999437335,0,9048.39725201415,0
1648,36.5271937049415,0.358646327245675,0,9053.87929812315,0
1649,36.5700691885088,0.358839849486164,0,9059.36134857727,0
1650,36.6129631516027,0.359033562132044,0,9064.84340337459,0
1651,36.6558754558529,0.359227461192787,0,9070.32546251321,0
1652,36.69880596372,0.359421542713788,0,9075.80752599121,0
1653,36.7417545384917,0.359615802776114,0,9081.28959380668,0
1654,36.7847210442765,0.359810237496231,0,9086.77166595771,0
1655,36.8277053459983,0.3600048430257,0,9092.25374244239,0
1656,36.8707073093916,0.360199615550931,0,9097.73582325881,0
1657,36.9137268009963,0.360394551292917,0,9103.21790840507,0
1658,36.9567636881512,0.360589646506932,0,9108.69999787925,0
1659,36.9998178389906,0.360784897482296,0,9114.18209167945,0
1660,37.0428891224372,0.360980300542105,0,9119.66418980377,0
1661,37.085977408198,0.361175852042948,0,9125.1462922503,0
1662,37.1290825667585,0.361371548374661,0,9130.62839901713,0
1663,37.1722044693776,0.361567385960077,0,9136.11051010237,0
1664,37.2153429880823,0.361763361254738,0,9141.5926255041,0
1665,37.2584979956627,0.361959470746659,0,9147.07474522044,0
1666,37.3016693656662,0.362155710956081,0,9152.55686924947,0
1667,37.3448569723929,0.362352078435192,0,9158.03899758929,0
1668,37.3880606908901,0.362548569767888,0,9163.52113023801,0
1669,37.4312803969474,0.362745181569543,0,9169.00326719373,0
1670,37.4745159670907,0.362941910486722,0,9174.48540845455,0
1671,37.5177672785781,0.36313875319696,0,9179.96755401857,0
1672,37.5610342093943,0.363335706408525,0,9185.44970388389,0
1673,37.6043166382452,0.363532766860146,0,9190.93185804863,0
1674,37.6476144445532,0.363729931320789,0,9196.41401651087,0
1675,37.6909275084522,0.363927196589431,0,9201.89617926873,0
1676,37.7342557107817,0.364124559494789,0,9207.37834632032,0
1677,37.7775989330826,0.364322016895106,0,9212.86051766374,0
1678,37.8209570575922,0.364519565677922,0,9218.34269329709,0
1679,37.8643299672383,0.364717202759815,0,9223.82487321849,0
1680,37.907717545635,0.36491492508619,0,9229.30705742605,0
1681,37.9511196770775,0.365112729631053,0,9234.78924591788,0
1682,37.9945362465369,0.365310613396758,0,9240.27143869208,0
1683,38.0379671396556,0.3655085734138,0,9245.75363574676,0
1684,38.081412242742,0.365706606740598,0,9251.23583708005,0
1685,38.124871442766,0.365904710463241,0,9256.71804269004,0
1686,38.1683446273539,0.366102881695289,0,9262.20025257485,0
1687,38.2118316847833,0.366301117577558,0,9267.68246673261,0
1688,38.2553325039787,0.366499415277877,0,9273.16468516142,0
1689,38.2988469745066,0.366697771990887,0,9278.64690785939,0
1690,38.3423749865703,0.366896184937833,0,9284.12913482465,0
1691,38.3859164310054,0.367094651366326,0,9289.61136605531,0
1692,38.4294711992754,0.367293168550148,0,9295.09360154949,0
1693,38.4730391834663,0.367491733789045,0,9300.5758413053,0
1694,38.5166202762823,0.367690344408498,0,9306.05808532086,0
1695,38.560214371041,0.367888997759528,0,9311.5403335943,0
1696,38.6038213616689,0.368087691218499,0,9317.02258612373,0
1697,38.6474411426965,0.368286422186886,0,9322.50484290728,0
1698,38.6910736092539,0.368485188091094,0,9327.98710394305,0
1699,38.7347186570662,0.368683986382258,0,9333.46936922919,0
1700,38.7783761824487,0.368882814536016,0,9338.95163876381,0
1701,38.8220460823028,0.36908167005234,0,9344.43391254503,0
1702,38.8657282541112,0.369280550455328,0,9349.91619057098,0
1703,38.9094225959332,0.369479453292994,0,9355.39847283978,0
1704,38.953129006401,0.369678376137095,0,9360.88075934956,0
1705,38.9968473847143,0.36987731658293,0,9366.36305009844,0
1706,39.0405776306368,0.370076272249136,0,9371.84534508455,0
1707,39.0843196444909,0.370275240777515,0,9377.32764430602,0
1708,39.1280733271545,0.370474219832842,0,9382.80994776098,0
1709,39.1718385800556,0.370673207102662,0,9388.29225544755,0
1710,39.2156153051685,0.370872200297126,0,9393.77456736386,0
1711,39.2594034050095,0.371071197148796,0,9399.25688350805,0
1712,39.3032027826328,0.37127019541245,0,9404.73920387825,0
1713,39.3470133416259,0.371469192864924,0,9410.22152847258,0
1714,39.3908349861058,0.37166818730492,0,9415.70385728918,0
1715,39.4346676207146,0.371867176552811,0,9421.18619032618,0
1716,39.4785111506153,0.372066158450496,0,9426.66852758171,0
1717,39.5223654814883,0.372265130861198,0,9432.15086905392,0
1718,39.5662305195264,0.372464091669293,0,9437.63321474092,0
1719,39.6101061714315,0.372663038780149,0,9443.11556464087,0
1720,39.6539923444103,0.372861970119943,0,9448.59791875188,0
1721,39.6978889461703,0.373060883635479,0,9454.08027707211,0
1722,39.7417958849158,0.373259777294052,0,9459.56263959969,0
1723,39.7857130693441,0.373458649083244,0,9465.04500633275,0
1724,39.8296404086416,0.373657497010772,0,9470.52737726944,0
1725,39.8735778124798,0.373856319104332,0,9476.00975240789,0
1726,39.9175251910114,0.374055113411413,0,9481.49213174624,0
1727,39.961482454867,0.374253877999147,0,9486.97451528264,0
1728,40.0054495151505,0.374452610954152,0,9492.45690301522,0
1729,40.0494262834359,0.374651310382358,0,9497.93929494213,0
1730,40.0934126717635,0.374849974408851,0,9503.4216910615,0
1731,40.1374085926359,0.375048601177727,0,9508.90409137149,0
1732,40.1814139590149,0.375247188851917,0,9514.38649587023,0
1733,40.2254286843172,0.37544573561304,0,9519.86890455587,0
1734,40.2694526824112,0.375644239661258,0,9525.35131742655,0
1735,40.3134858676135,0.375842699215101,0,9530.83373448042,0
1736,40.3575281546849,0.376041112511331,0,9536.31615571563,0
1737,40.401579458827,0.376239477804793,0,9541.79858113032,0
1738,40.4456396956792,0.376437793368251,0,9547.28101072264,0
1739,40.4897087813147,0.37663605749225,0,9552.76344449073,0
1740,40.5337866322369,0.376834268484973,0,9558.24588243275,0
1741,40.5778731653768,0.377032424672077,0,9563.72832454684,0
1742,40.6219682980888,0.377230524396567,0,9569.21077083116,0
1743,40.6660719481475,0.377428566018648,0,9574.69322128385,0
1744,40.710184033745,0.377626547915566,0,9580.17567590307,0
1745,40.7543044734866,0.377824468481493,0,9585.65813468696,0
1746,40.7984331863883,0.378022326127367,0,9591.14059763368,0
1747,40.8425700918735,0.378220119280754,0,9596.62306474138,0
1748,40.8867151097691,0.378417846385723,0,9602.10553600822,0
1749,40.930868160303,0.378615505902698,0,9607.58801143235,0
1750,40.975029164101,0.378813096308318,0,9613.07049101192,0
1751,41.019198042183,0.379010616095317,0,9618.55297474509,0
1752,41.0633747159604,0.37920806377238,0,9624.03546263001,0
1753,41.1075591072333,0.379405437864005,0,9629.51795466484,0
1754,41.1517511381864,0.379602736910388,0,9635.00045084774,0
1755,41.1959507313871,0.379799959467279,0,9640.48295117686,0
1756,41.2401578097821,0.379997104105852,0,9645.96545565036,0
1757,41.284372296694,0.380194169412589,0,9651.44796426642,0
1758,41.3285941158192,0.38039115398914,0,9656.93047702316,0
1759,41.3728231912243,0.380588056452197,0,9662.41299391878,0
1760,41.4170594473432,0.380784875433384,0,9667.89551495141,0
1761,41.461302808975,0.380981609579109,0,9673.37804011922,0
1762,41.5055532012803,0.381178257550459,0,9678.86056942038,0
1763,41.5498105497788,0.381374818023074,0,9684.34310285304,0
1764,41.5940747803467,0.381571289687017,0,9689.82564041537,0
1765,41.6383458192133,0.381767671246665,0,9695.30818210553,0
1766,41.682623592959,0.381963961420584,0,9700.7907279217,0
1767,41.7269080285125,0.382160158941407,0,9706.27327786202,0
1768,41.7711990531471,0.382356262555725,0,9711.75583192467,0
1769,41.8154965944796,0.382552271023967,0,9717.23839010781,0
1770,41.859800580467,0.382748183120277,0,9722.72095240961,0
1771,41.9041109394032,0.382943997632415,0,9728.20351882823,0
1772,41.9484275999175,0.383139713361628,0,9733.68608936184,0
1773,41.9927504909717,0.383335329122545,0,9739.16866400862,0
1774,42.0370795418572,0.383530843743067,0,9744.65124276672,0
1775,42.081414682193,0.383726256064249,0,9750.13382563432,0
1776,42.1257558419231,0.383921564940196,0,9755.61641260959,0
1777,42.1701029513135,0.384116769237953,0,9761.0990036907,0
1778,42.214455940951,0.384311867837392,0,9766.58159887581,0
1779,42.2588147417396,0.384506859631113,0,9772.06419816311,0
1780,42.3031792848983,0.384701743524331,0,9777.54680155076,0
1781,42.3475495019598,0.384896518434771,0,9783.02940903693,0
1782,42.3919253247666,0.385091183292566,0,9788.5120206198,0
1783,42.4363066854701,0.385285737040155,0,9793.99463629754,0
1784,42.4806935165275,0.385480178632171,0,9799.47725606833,0
1785,42.5250857506995,0.385674507035349,0,9804.95987993033,0
1786,42.5694833210485,0.385868721228421,0,9810.44250788174,0
1787,42.6138861609366,0.386062820202011,0,9815.92513992071,0
1788,42.6582942040223,0.386256802958544,0,9821.40777604543,0
1789,42.7027073842595,0.38645066851214,0,9826.89041625408,0
1790,42.747125635895,0.386644415888519,0,9832.37306054483,0
1791,42.7915488934658,0.386838044124903,0,9837.85570891586,0
1792,42.8359770917979,0.387031552269922,0,9843.33836136536,0
1793,42.8804101660037,0.387224939383513,0,9848.82101789148,0
1794,42.9248480514798,0.387418204536831,0,9854.30367849243,0
1795,42.9692906839058,0.387611346812153,0,9859.78634316638,0
1796,43.013737999241,0.38780436530278,0,9865.26901191151,0
1797,43.0581899337234,0.387997259112954,0,9870.75168472599,0
1798,43.1026464238678,0.388190027357756,0,9876.23436160802,0
1799,43.1471074064627,0.388382669163023,0,9881.71704255577,0
1800,43.1915728185697,0.388575183665254,0,9887.19972756744,0
1801,43.2360425975211,0.388767570011519,0,9892.68241664119,0
1802,43.2805166809174,0.388959827359375,0,9898.16510977522,0
1803,43.3249950066265,0.389151954876773,0,9903.64780696772,0
1804,43.3694775127812,0.389343951741973,0,9909.13050821685,0
1805,43.4139641377772,0.389535817143457,0,9914.61321352082,0
1806,43.458454820272,0.389727550279845,0,9920.09592287781,0
1807,43.5029494991825,0.389919150359805,0,9925.578636286,0
1808,43.5474481136832,0.390110616601974,0,9931.06135374358,0
1809,43.591950603205,0.39030194823487,0,9936.54407524875,0
1810,43.636456907433,0.390493144496809,0,9942.02680079968,0
1811,43.6809669663047,0.390684204635828,0,9947.50953039457,0
1812,43.725480720009,0.390875127909595,0,9952.99226403161,0
1813,43.7699981089834,0.391065913585334,0,9958.47500170898,0
1814,43.8145190739134,0.391256560939741,0,9963.95774342488,0
1815,43.8590435557304,0.391447069258907,0,9969.44048917749,0
1816,43.9035714956098,0.391637437838237,0,9974.92323896502,0
1817,43.9481028349698,0.391827665982372,0,9980.40599278565,0
1818,43.99263751547,0.392017753005109,0,9985.88875063757,0
1819,44.037175479009,0.392207698229328,0,9991.37151251899,0
1820,44.0817166677237,0.392397500986912,0,9996.85427842808,0
1821,44.1262610239874,0.392587160618672,0,10002.337048363,0
1822,44.1708084904079,0.392776676474272,0,10007.8198223221,0
1823,44.215359009827,0.392966047912154,0,10013.3026003034,0
1824,44.2599125253179,0.393155274299462,0,10018.7853823052,0
1825,44.3044689801842,0.393344355011972,0,10024.2681683256,0
1826,44.3490283179589,0.393533289434015,0,10029.7509583629,0
1827,44.3935904824018,0.393722076958409,0,10035.2337524152,0
1828,44.4381554174994,0.393910716986383,0,10040.7165504808,0
1829,44.4827230674625,0.394099208927507,0,10046.1993525578,0
1830,44.5272933767253,0.394287552199623,0,10051.6821586445,0
1831,44.5718662899436,0.394475746228775,0,10057.164968739,0
1832,44.6164417519942,0.394663790449134,0,10062.6477828395,0
1833,44.6610197079724,0.394851684302938,0,10068.1306009444,0
1834,44.705600103192,0.395039427240416,0,10073.6134230516,0
1835,44.7501828831826,0.395227018719724,0,10079.0962491595,0
1836,44.7947679936892,0.395414458206875,0,10084.5790792663,0
1837,44.8393553806712,0.395601745175674,0,10090.0619133701,0
1838,44.8839449902995,0.395788879107655,0,10095.5447514692,0
1839,44.9285367689571,0.395975859492007,0,10101.0275935617,0
1840,44.9731306632369,0.396162685825516,0,10106.5104396459,0
1841,45.0177266199405,0.396349357612497,0,10111.99328972,0
1842,45.0623245860769,0.396535874364732,0,10117.4761437821,0
1843,45.1069245088619,0.396722235601403,0,10122.9590018305,0
1844,45.1515263357159,0.396908440849033,0,10128.4418638634,0
1845,45.1961300142637,0.397094489641419,0,10133.924729879,0
1846,45.2407354923326,0.397280381519574,0,10139.4075998755,0
1847,45.2853427179513,0.397466116031661,0,10144.8904738511,0
1848,45.3299516393497,0.397651692732938,0,10150.373351804,0
1849,45.3745622049561,0.397837111185689,0,10155.8562337324,0
1850,45.4191743633974,0.398022370959171,0,10161.3391196346,0
1851,45.4637880634977,0.398207471629551,0,10166.8220095086,0
1852,45.5084032542765,0.398392412779847,0,10172.3049033529,0
1853,45.5530198849486,0.39857719399987,0,10177.7878011655,0
1854,45.5976379049224,0.398761814886164,0,10183.2707029447,0
1855,45.6422572637988,0.398946275041951,0,10188.7536086887,0
1856,45.6868779113704,0.399130574077069,0,10194.2365183956,0
1857,45.7314997976206,0.399314711607921,0,10199.7194320638,0
1858,45.7761228727217,0.399498687257413,0,10205.2023496914,0
1859,45.8207470870352,0.399682500654902,0,10210.6852712766,0
1860,45.8653723911094,0.399866151436137,0,10216.1681968177,0
1861,45.9099987356794,0.400049639243206,0,10221.6511263128,0
1862,45.9546260716657,0.40023296372448,0,10227.1340597602,0
1863,45.9992543501729,0.40041612453456,0,10232.6169971581,0
1864,46.0438835224895,0.400599121334222,0,10238.0999385048,0
1865,46.0885135400861,0.400781953790365,0,10243.5828837983,0
1866,46.133144354615,0.400964621575953,0,10249.065833037,0
1867,46.1777759179093,0.401147124369971,0,10254.548786219,0
1868,46.222408181981,0.401329461857362,0,10260.0317433427,0
1869,46.2670410990213,0.401511633728987,0,10265.5147044061,0
1870,46.3116746213992,0.401693639681562,0,10270.9976694075,0
1871,46.3563087016601,0.401875479417616,0,10276.4806383452,0
1872,46.4009432925258,0.402057152645434,0,10281.9636112173,0
1873,46.4455783468929,0.402238659079012,0,10287.4465880221,0
1874,46.4902138178317,0.402419998438001,0,10292.9295687578,0
1875,46.5348496585865,0.402601170447664,0,10298.4125534226,0
1876,46.5794858225735,0.402782174838823,0,10303.8955420148,0
1877,46.6241222633801,0.402963011347808,0,10309.3785345325,0
1878,46.6687589347653,0.403143679716418,0,10314.8615309739,0
1879,46.7133957906566,0.40332417969186,0,10320.3445313374,0
1880,46.7580327851514,0.403504511026711,0,10325.8275356212,0
1881,46.8026698725151,0.40368467347887,0,10331.3105438233,0
1882,46.8473070071796,0.403864666811503,0,10336.7935559422,0
1883,46.891944143744,0.404044490793006,0,10342.276571976,0
1884,46.936581236973,0.404224145196956,0,10347.7595919228,0
1885,46.9812182417954,0.404403629802061,0,10353.2426157811,0
1886,47.025855113305,0.40458294439212,0,10358.7256435489,0
1887,47.0704918067579,0.404762088755975,0,10364.2086752245,0
1888,47.1151282775732,0.404941062687465,0,10369.6917108062,0
1889,47.1597644813317,0.405119865985386,0,10375.1747502922,0
1890,47.2044003737745,0.405298498453441,0,10380.6577936806,0
1891,47.2490359108033,0.405476959900201,0,10386.1408409697,0
1892,47.2936710484791,0.405655250139062,0,10391.6238921578,0
1893,47.3383057430213,0.405833368988193,0,10397.1069472431,0
1894,47.3829399508074,0.406011316270506,0,10402.5900062238,0
1895,47.4275736283718,0.406189091813607,0,10408.0730690981,0
1896,47.4722067324052,0.406366695449748,0,10413.5561358643,0
1897,47.5168392197542,0.406544127015799,0,10419.0392065206,0
1898,47.5614710474199,0.406721386353194,0,10424.5222810653,0
1899,47.6061021725582,0.406898473307896,0,10430.0053594965,0
1900,47.650732552478,0.407075387730354,0,10435.4884418125,0
1901,47.695362144641,0.407252129475463,0,10440.9715280116,0
1902,47.7399909066612,0.407428698402524,0,10446.4546180919,0
1903,47.7846187963038,0.407605094375205,0,10451.9377120517,0
1904,47.8292457714845,0.407781317261495,0,10457.4208098893,0
1905,47.8738717902697,0.407957366933675,0,10462.9039116028,0
1906,47.9184968108743,0.408133243268272,0,10468.3870171905,0
1907,47.9631207916621,0.408308946146018,0,10473.8701266507,0
1908,48.0077436911453,0.40848447545182,0,10479.3532399816,0
1909,48.0523654679826,0.408659831074714,0,10484.8363571814,0
1910,48.0969860809802,0.408835012907829,0,10490.3194782484,0
1911,48.1416054890897,0.409010020848353,0,10495.8026031807,0
1912,48.1862236514081,0.409184854797489,0,10501.2857319767,0
1913,48.2308405271773,0.409359514660426,0,10506.7688646346,0
1914,48.2754560757833,0.409534000346295,0,10512.2520011526,0
1915,48.320070256755,0.409708311768133,0,10517.7351415289,0
1916,48.3646830297648,0.409882448842855,0,10523.2182857618,0
1917,48.4092943546265,0.410056411491205,0,10528.7014338496,0
1918,48.453904191296,0.410230199637731,0,10534.1845857904,0
1919,48.49851249987,0.410403813210747,0,10539.6677415826,0
1920,48.543119240585,0.41057725214229,0,10545.1509012243,0
1921,48.587724373818,0.4107505163681,0,10550.6340647138,0
1922,48.6323278600843,0.410923605827568,0,10556.1172320494,0
1923,48.676929660038,0.411096520463715,0,10561.6004032292,0
1924,48.7215297344712,0.411269260223155,0,10567.0835782516,0
1925,48.7661280443127,0.411441825056052,0,10572.5667571148,0
1926,48.8107245506287,0.411614214916099,0,10578.049939817,0
1927,48.8553192146209,0.411786429760478,0,10583.5331263565,0
1928,48.8999119976268,0.411958469549824,0,10589.0163167314,0
1929,48.9445028611188,0.412130334248201,0,10594.4995109402,0
1930,48.9890917667033,0.41230202382306,0,10599.9827089809,0
1931,49.0336786761209,0.41247353824521,0,10605.4659108519,0
1932,49.0782635512452,0.412644877488791,0,10610.9491165515,0
1933,49.1228463540822,0.412816041531231,0,10616.4323260777,0
1934,49.1674270467704,0.412987030353225,0,10621.915539429,0
1935,49.2120055915793,0.413157843938697,0,10627.3987566035,0
1936,49.2565819509095,0.413328482274768,0,10632.8819775995,0
1937,49.3011560872924,0.413498945351734,0,10638.3652024153,0
1938,49.3457279633883,0.413669233163023,0,10643.8484310491,0
1939,49.3902975419877,0.41383934570517,0,10649.3316634991,0
1940,49.4348647860093,0.414009282977793,0,10654.8148997636,0
1941,49.4794296585001,0.414179044983546,0,10660.2981398409,0
1942,49.5239921226348,0.414348631728109,0,10665.7813837291,0
1943,49.568552141715,0.414518043220145,0,10671.2646314267,0
1944,49.613109679169,0.41468727947127,0,10676.7478829317,0
1945,49.6576646985513,0.414856340496039,0,10682.2311382425,0
1946,49.7022171635415,0.415025226311892,0,10687.7143973574,0
1947,49.7467670379446,0.41519393693915,0,10693.1976602745,0
1948,49.7913142856897,0.415362472400972,0,10698.6809269921,0
1949,49.8358588708299,0.415530832723324,0,10704.1641975085,0
1950,49.8804007575421,0.415699017934967,0,10709.647471822,0
1951,49.9249399101253,0.415867028067411,0,10715.1307499308,0
1952,49.9694762930017,0.416034863154896,0,10720.6140318331,0
1953,50.0140098707149,0.416202523234368,0,10726.0973175272,0
1954,50.0585406079298,0.416370008345438,0,10731.5806070114,0
1955,50.1030684694325,0.416537318530372,0,10737.0639002839,0
1956,50.1475934201291,0.416704453834052,0,10742.547197343,0
1957,50.1921154250457,0.416871414303949,0,10748.0304981869,0
1958,50.2366344493278,0.417038199990108,0,10753.513802814,0
1959,50.2811504582395,0.417204810945107,0,10758.9971112224,0
1960,50.3256634171635,0.417371247224038,0,10764.4804234104,0
1961,50.3701732916003,0.417537508884488,0,10769.9637393763,0
1962,50.4146800471674,0.417703595986491,0,10775.4470591184,0
1963,50.4591836495999,0.417869508592533,0,10780.9303826348,0
1964,50.5036840647485,0.418035246767499,0,10786.4137099239,0
1965,50.5481812585803,0.418200810578661,0,10791.897040984,0
1966,50.5926751971778,0.418366200095658,0,10797.3803758132,0
1967,50.637165846738,0.418531415390454,0,10802.8637144099,0
1968,50.6816531735729,0.418696456537331,0,10808.3470567724,0
1969,50.7261371441081,0.418861323612854,0,10813.8304028988,0
1970,50.7706177248826,0.419026016695846,0,10819.3137527874,0
1971,50.8150948825491,0.419190535867376,0,10824.7971064366,0
1972,50.8595685838722,0.419354881210717,0,10830.2804638445,0
1973,50.9040387957286,0.419519052811335,0,10835.7638250095,0
1974,50.9485054851072,0.419683050756866,0,10841.2471899298,0
1975,50.9929686191072,0.41984687513708,0,10846.7305586037,0
1976,51.0374281649393,0.420010526043874,0,10852.2139310294,0
1977,51.0818840899239,0.420174003571235,0,10857.6973072053,0
1978,51.1263363614913,0.420337307815223,0,10863.1806871295,0
1979,51.1707849471814,0.420500438873957,0,10868.6640708004,0
1980,51.2152298146422,0.420663396847569,0,10874.1474582162,0
1981,51.2596709316311,0.420826181838207,0,10879.6308493751,0
1982,51.3041082660126,0.420988793950001,0,10885.1142442756,0
1983,51.3485417857589,0.421151233289032,0,10890.5976429157,0
1984,51.3929714589497,0.421313499963334,0,10896.0810452939,0
1985,51.4373972537706,0.421475594082846,0,10901.5644514083,0
1986,51.4818191385137,0.421637515759407,0,10907.0478612573,0
1987,51.5262370815769,0.421799265106732,0,10912.5312748391,0
1988,51.570651051463,0.421960842240381,0,10918.0146921519,0
1989,51.6150610167801,0.422122247277756,0,10923.4981131941,0
1990,51.6594669462399,0.422283480338059,0,10928.981537964,0
1991,51.7038688086588,0.422444541542286,0,10934.4649664598,0
1992,51.7482665729565,0.422605431013206,0,10939.9483986797,0
1993,51.7926602081552,0.422766148875325,0,10945.4318346221,0
1994,51.8370496833805,0.422926695254889,0,10950.9152742852,0
1995,51.8814349678598,0.423087070279845,0,10956.3987176673,0
1996,51.9258160309219,0.423247274079826,0,10961.8821647667,0
1997,51.9701928419979,0.423407306786141,0,10967.3656155817,0
1998,52.0145653706186,0.423567168531737,0,10972.8490701105,0
1999,52.0589335864161,0.423726859451195,0,10978.3325283514,0
2000,52.1032974591223,0.423886379680706,0,10983.8159903027,0
2001,52.1476569585686,0.424045729358043,0,10989.2994559626,0
2002,52.1920120546857,0.424204908622561,0,10994.7829253295,0
2003,52.236362717503,0.424363917615153,0,11000.2663984016,0
2004,52.2807089171483,0.424522756478255,0,11005.7498751772,0
2005,52.3250506238474,0.424681425355814,0,11011.2333556546,0
2006,52.3693878079232,0.424839924393266,0,11016.7168398321,0
2007,52.4137204397964,0.424998253737533,0,11022.2003277079,0
2008,52.4580484899837,0.425156413536989,0,11027.6838192803,0
2009,52.5023719290984,0.425314403941448,0,11033.1673145477,0
2010,52.5466907278497,0.425472225102153,0,11038.6508135082,0
2011,52.5910048570417,0.425629877171739,0,11044.1343161602,0
2012,52.6353142875744,0.42578736030424,0,11049.6178225019,0
2013,52.6796189904418,0.425944674655052,0,11055.1013325317,0
2014,52.7239189367321,0.42610182038092,0,11060.5848462478,0
2015,52.7682140976278,0.426258797639934,0,11066.0683636485,0
2016,52.8125044444041,0.426415606591484,0,11071.551884732,0
2017,52.8567899484298,0.426572247396276,0,11077.0354094968,0
2018,52.901070581166,0.426728720216288,0,11082.518937941,0
2019,52.9453463141659,0.426885025214766,0,11088.0024700629,0
2020,52.989617119075,0.427041162556211,0,11093.4860058609,0
2021,53.0338829676294,0.427197132406347,0,11098.9695453332,0
2022,53.0781438316568,0.427352934932121,0,11104.453088478,0
2023,53.1223996830755,0.42750857030168,0,11109.9366352938,0
2024,53.1666504938934,0.427664038684346,0,11115.4201857788,0
2025,53.2108962362092,0.427819340250623,0,11120.9037399312,0
2026,53.25513688221,0.427974475172154,0,11126.3872977493,0
2027,53.2993724041726,0.428129443621721,0,11131.8708592315,0
2028,53.3436027744624,0.428284245773234,0,11137.3544243761,0
2029,53.3878279655325,0.428438881801693,0,11142.8379931812,0
2030,53.4320479499247,0.428593351883201,0,11148.3215656453,0
2031,53.4762627002674,0.428747656194928,0,11153.8051417666,0
2032,53.5204721892768,0.4289017949151,0,11159.2887215433,0
2033,53.5646763897555,0.429055768222999,0,11164.7723049739,0
2034,53.6088752745923,0.429209576298916,0,11170.2558920565,0
2035,53.6530688167624,0.429363219324174,0,11175.7394827895,0
2036,53.697256989326,0.429516697481087,0,11181.2230771711,0
2037,53.7414397654289,0.429670010952949,0,11186.7066751998,0
2038,53.7856171183017,0.429823159924038,0,11192.1902768736,0
2039,53.829789021259,0.429976144579569,0,11197.673882191,0
2040,53.8739554477,0.430128965105715,0,11203.1574911502,0
2041,53.9181163711074,0.430281621689568,0,11208.6411037496,0
2042,53.962271765047,0.430434114519129,0,11214.1247199874,0
2043,54.0064216031679,0.430586443783313,0,11219.6083398619,0
2044,54.0505658592014,0.430738609671902,0,11225.0919633715,0
2045,54.0947045069614,0.430890612375564,0,11230.5755905143,0
2046,54.1388375203434,0.43104245208582,0,11236.0592212888,0
2047,54.1829648733243,0.431194128995032,0,11241.5428556931,0
2048,54.2270865399623,0.431345643296403,0,11247.0264937257,0
2049,54.2712024943961,0.431496995183942,0,11252.5101353848,0
2050,54.3153127108452,0.431648184852473,0,11257.9937806687,0
2051,54.3594171636086,0.43179921249761,0,11263.4774295757,0
2052,54.4035158270652,0.431950078315737,0,11268.9610821041,0
2053,54.4476086756736,0.432100782504021,0,11274.4447382522,0
2054,54.4916956839704,0.432251325260364,0,11279.9283980183,0
2055,54.5357768265717,0.432401706783422,0,11285.4120614007,0
2056,54.5798520781712,0.432551927272578,0,11290.8957283977,0
2057,54.6239214135409,0.432701986927919,0,11296.3793990076,0
2058,54.6679848075301,0.432851885950256,0,11301.8630732288,0
2059,54.7120422350653,0.433001624541071,0,11307.3467510594,0
2060,54.7560936711498,0.433151202902539,0,11312.8304324979,0
2061,54.8001390908636,0.433300621237499,0,11318.3141175424,0
2062,54.8441784693623,0.433449879749438,0,11323.7978061914,0
2063,54.8882117818778,0.433598978642502,0,11329.2814984432,0
2064,54.9322390037171,0.433747918121454,0,11334.7651942959,0
2065,54.9762601102625,0.433896698391684,0,11340.248893748,0
2066,55.0202750769709,0.434045319659195,0,11345.7325967977,0
2067,55.0642838793736,0.434193782130576,0,11351.2163034434,0
2068,55.1082864930762,0.434342086013016,0,11356.7000136833,0
2069,55.1522828937575,0.434490231514267,0,11362.1837275158,0
2070,55.1962730571702,0.434638218842652,0,11367.6674449391,0
2071,55.2402569591398,0.434786048207048,0,11373.1511659516,0
2072,55.2842345755644,0.434933719816863,0,11378.6348905516,0
2073,55.3282058824148,0.435081233882053,0,11384.1186187374,0
2074,55.3721708557335,0.435228590613079,0,11389.6023505073,0
2075,55.4161294716349,0.43537579022092,0,11395.0860858596,0
2076,55.4600817063048,0.435522832917056,0,11400.5698247926,0
2077,55.5040275359997,0.435669718913444,0,11406.0535673046,0
2078,55.5479669370473,0.435816448422536,0,11411.537313394,0
2079,55.5918998858455,0.435963021657239,0,11417.021063059,0
2080,55.635826358862,0.436109438830922,0,11422.504816298,0
2081,55.6797463326347,0.436255700157407,0,11427.9885731092,0
2082,55.7236597837705,0.436401805850941,0,11433.4723334911,0
2083,55.7675666889457,0.436547756126216,0,11438.9560974418,0
2084,55.811467024905,0.436693551198327,0,11444.4398649597,0
2085,55.855360768462,0.436839191282784,0,11449.9236360432,0
2086,55.8992478964981,0.4369846765955,0,11455.4074106904,0
2087,55.9431283859627,0.437130007352763,0,11460.8911888999,0
2088,55.9870022138725,0.43727518377126,0,11466.3749706698,0
2089,56.0308693573115,0.43742020606803,0,11471.8587559984,0
2090,56.0747297934306,0.437565074460484,0,11477.3425448842,0
2091,56.1185834994474,0.437709789166384,0,11482.8263373254,0
2092,56.162430452645,0.437854350403824,0,11488.3101333203,0
2093,56.2062706303737,0.437998758391248,0,11493.7939328672,0
2094,56.2501040100482,0.43814301334741,0,11499.2777359645,0
2095,56.2939305691493,0.438287115491388,0,11504.7615426105,0
2096,56.3377502852224,0.438431065042564,0,11510.2453528034,0
2097,56.3815631358777,0.438574862220614,0,11515.7291665417,0
2098,56.42536909879,0.438718507245515,0,11521.2129838236,0
2099,56.4691681516979,0.438862000337509,0,11526.6968046475,0
2100,56.512960272404,0.439005341717122,0,11532.1806290116,0
2101,56.5567454387744,0.439148531605142,0,11537.6644569143,0
2102,56.6005236287382,0.439291570222603,0,11543.1482883539,0
2103,56.6442948202876,0.439434457790803,0,11548.6321233288,0
2104,56.6880589914772,0.439577194531262,0,11554.1159618372,0
2105,56.7318161204242,0.439719780665743,0,11559.5998038775,0
2106,56.7755661853077,0.439862216416226,0,11565.0836494479,0
2107,56.8193091643683,0.440004502004904,0,11570.5674985469,0
2108,56.8630450359085,0.440146637654187,0,11576.0513511727,0
2109,56.9067737782912,0.440288623586669,0,11581.5352073237,0
2110,56.9504953699411,0.440430460025151,0,11587.0190669982,0
2111,56.9942097893425,0.440572147192607,0,11592.5029301945,0
2112,57.0379170150408,0.440713685312188,0,11597.9867969109,0
2113,57.081617025641,0.440855074607225,0,11603.4706671458,0
2114,57.1253097998076,0.440996315301191,0,11608.9545408974,0
2115,57.1689953162651,0.441137407617731,0,11614.4384181642,0
2116,57.2126735537965,0.441278351780626,0,11619.9222989444,0
2117,57.2563444912442,0.441419148013796,0,11625.4061832363,0
2118,57.300008107509,0.441559796541305,0,11630.8900710384,0
2119,57.3436643815498,0.441700297587322,0,11636.3739623489,0
2120,57.3873132923838,0.441840651376156,0,11641.8578571661,0
2121,57.4309548190859,0.44198085813221,0,11647.3417554884,0
2122,57.4745889407885,0.442120918079997,0,11652.8256573141,0
2123,57.5182156366812,0.442260831444136,0,11658.3095626415,0
2124,57.5618348860104,0.442400598449317,0,11663.7934714689,0
2125,57.6054466680793,0.442540219320335,0,11669.2773837948,0
2126,57.6490509622475,0.442679694282048,0,11674.7612996174,0
2127,57.6926477479308,0.44281902355939,0,11680.245218935,0
2128,57.7362370046007,0.442958207377363,0,11685.729141746,0
2129,57.7798187117844,0.443097245961015,0,11691.2130680488,0
2130,57.8233928490646,0.443236139535463,0,11696.6969978415,0
2131,57.8669593960787,0.44337488832585,0,11702.1809311227,0
2132,57.9105183325192,0.443513492557373,0,11707.6648678905,0
2133,57.9540696381333,0.443651952455258,0,11713.1488081434,0
2134,57.997613292722,0.443790268244748,0,11718.6327518797,0
2135,58.0411492761407,0.443928440151124,0,11724.1166990977,0
2136,58.0846775682987,0.444066468399667,0,11729.6006497957,0
2137,58.1281981491586,0.444204353215674,0,11735.0846039721,0
2138,58.1717109987363,0.444342094824444,0,11740.5685616252,0
2139,58.2152160971006,0.444479693451269,0,11746.0525227534,0
2140,58.2587134243735,0.444617149321444,0,11751.536487355,0
2141,58.3022029607292,0.444754462660233,0,11757.0204554282,0
2142,58.3456846863941,0.444891633692894,0,11762.5044269716,0
2143,58.389158581647,0.445028662644654,0,11767.9884019833,0
2144,58.432624626818,0.445165549740705,0,11773.4723804618,0
2145,58.4760828022893,0.445302295206218,0,11778.9563624053,0
2146,58.5195330884938,0.4454388992663,0,11784.4403478122,0
2147,58.5629754659159,0.445575362146033,0,11789.9243366809,0
2148,58.6064099150906,0.445711684070431,0,11795.4083290097,0
2149,58.6498364166037,0.445847865264456,0,11800.8923247969,0
2150,58.6932549510911,0.445983905953013,0,11806.3763240409,0
2151,58.7366654992387,0.446119806360927,0,11811.86032674,0
2152,58.7800680417827,0.446255566712965,0,11817.3443328925,0
2153,58.8234625595085,0.446391187233803,0,11822.8283424968,0
2154,58.866849033251,0.446526668148042,0,11828.3123555513,0
2155,58.9102274438946,0.446662009680197,0,11833.7963720542,0
2156,58.9535977723722,0.446797212054681,0,11839.2803920039,0
2157,58.9969599996655,0.446932275495826,0,11844.7644153988,0
2158,59.0403141068048,0.447067200227844,0,11850.2484422372,0
2159,59.0836600748686,0.447201986474856,0,11855.7324725175,0
2160,59.1269978849834,0.447336634460863,0,11861.2165062379,0
2161,59.1703275183236,0.447471144409751,0,11866.7005433969,0
2162,59.213648956111,0.447605516545296,0,11872.1845839928,0
2163,59.2569621796146,0.447739751091131,0,11877.6686280239,0
2164,59.3002671701512,0.447873848270781,0,11883.1526754885,0
2165,59.3435639090837,0.448007808307622,0,11888.6367263851,0
2166,59.3868523778223,0.4481416314249,0,11894.1207807119,0
2167,59.4301325578233,0.448275317845722,0,11899.6048384674,0
2168,59.4734044305896,0.448408867793035,0,11905.0888996498,0
2169,59.5166679776697,0.448542281489658,0,11910.5729642575,0
2170,59.5599231806584,0.448675559158234,0,11916.0570322889,0
2171,59.6031700211957,0.448808701021264,0,11921.5411037423,0
2172,59.6464084809675,0.448941707301079,0,11927.025178616,0
2173,59.6896385417041,0.449074578219841,0,11932.5092569084,0
2174,59.7328601851819,0.449207313999557,0,11937.9933386179,0
2175,59.7760733932211,0.449339914862039,0,11943.4774237428,0
2176,59.8192781476869,0.449472381028939,0,11948.9615122815,0
2177,59.8624744304889,0.449604712721718,0,11954.4456042323,0
2178,59.9056622235809,0.449736910161653,0,11959.9296995935,0
2179,59.9488415089604,0.449868973569842,0,11965.4137983635,0
2180,59.9920122686687,0.45000090316717,0,11970.8979005407,0
2181,60.035174484791,0.450132699174352,0,11976.3820061234,0
2182,60.0783281394557,0.45026436181188,0,11981.86611511,0
2183,60.1214732148341,0.450395891300057,0,11987.3502274988,0
2184,60.1646096931409,0.45052728785898,0,11992.8343432881,0
2185,60.2077375566332,0.450658551708522,0,11998.3184624764,0
2186,60.250856787611,0.450789683068365,0,12003.802585062,0
2187,60.2939673684164,0.450920682157952,0,12009.2867110432,0
2188,60.3370692814338,0.451051549196523,0,12014.7708404185,0
2189,60.3801625090898,0.451182284403088,0,12020.254973186,0
2190,60.4232470338524,0.451312887996427,0,12025.7391093443,0
2191,60.4663228382319,0.451443360195104,0,12031.2232488917,0
2192,60.5093899047791,0.451573701217432,0,12036.7073918265,0
2193,60.5524482160869,0.451703911281507,0,12042.191538147,0
2194,60.5954977547889,0.451833990605173,0,12047.6756878517,0
2195,60.6385385035594,0.451963939406038,0,12053.159840939,0
2196,60.6815704451139,0.45209375790147,0,12058.643997407,0
2197,60.7245935622081,0.452223446308576,0,12064.1281572543,0
2198,60.767607837638,0.452353004844234,0,12069.6123204792,0
2199,60.8106132542398,0.452482433725046,0,12075.09648708,0
2200,60.8536097948899,0.452611733167376,0,12080.5806570551,0
2201,60.8965974425043,0.45274090338732,0,12086.0648304028,0
2202,60.9395761800386,0.452869944600714,0,12091.5490071216,0
2203,60.9825459904881,0.452998857023139,0,12097.0331872098,0
2204,61.0255068568869,0.453127640869892,0,12102.5173706657,0
2205,61.0684587623089,0.453256296356021,0,12108.0015574877,0
2206,61.1114016898663,0.453384823696286,0,12113.4857476742,0
2207,61.1543356227106,0.453513223105182,0,12118.9699412235,0
2208,61.1972605440314,0.453641494796928,0,12124.4541381341,0
2209,61.240176437057,0.453769638985453,0,12129.9383384042,0
2210,61.2830832850542,0.453897655884424,0,12135.4225420322,0
2211,61.3259810713273,0.454025545707202,0,12140.9067490165,0
2212,61.3688697792193,0.454153308666879,0,12146.3909593555,0
2213,61.4117493921102,0.454280944976251,0,12151.8751730475,0
2214,61.4546198934181,0.454408454847821,0,12157.3593900909,0
2215,61.4974812665986,0.454535838493811,0,12162.8436104841,0
2216,61.5403334951442,0.454663096126127,0,12168.3278342254,0
2217,61.583176562585,0.454790227956403,0,12173.8120613132,0
2218,61.6260104524874,0.454917234195951,0,12179.2962917458,0
2219,61.6688351484556,0.455044115055795,0,12184.7805255217,0
2220,61.7116506341296,0.455170870746655,0,12190.2647626392,0
2221,61.7544568931862,0.455297501478933,0,12195.7490030966,0
2222,61.7972539093387,0.455424007462743,0,12201.2332468925,0
2223,61.8400416663364,0.45555038890787,0,12206.717494025,0
2224,61.8828201479648,0.455676646023802,0,12212.2017444926,0
2225,61.9255893380453,0.455802779019705,0,12217.6859982936,0
2226,61.9683492204348,0.455928788104431,0,12223.1702554265,0
2227,62.0110997790261,0.456054673486523,0,12228.6545158896,0
2228,62.0538409977473,0.45618043537419,0,12234.1387796812,0
2229,62.096572860562,0.456306073975337,0,12239.6230467998,0
2230,62.1392953514686,0.456431589497531,0,12245.1073172437,0
2231,62.182008454501,0.456556982148027,0,12250.5915910113,0
2232,62.2247121537275,0.456682252133749,0,12256.075868101,0
2233,62.2674064332514,0.456807399661289,0,12261.5601485111,0
2234,62.3100912772107,0.456932424936923,0,12267.04443224,0
2235,62.3527666697776,0.457057328166578,0,12272.5287192861,0
2236,62.3954325951587,0.457182109555868,0,12278.0130096478,0
2237,62.4380890375948,0.457306769310057,0,12283.4973033234,0
2238,62.4807359813609,0.457431307634083,0,12288.9816003113,0
2239,62.5233734107656,0.457555724732547,0,12294.4659006099,0
2240,62.5660013101515,0.457680020809701,0,12299.9502042176,0
2241,62.6086196638948,0.457804196069477,0,12305.4345111327,0
2242,62.6512284564051,0.457928250715443,0,12310.9188213537,0
2243,62.6938276721254,0.458052184950844,0,12316.4031348789,0
2244,62.736417295532,0.458175998978569,0,12321.8874517066,0
2245,62.7789973111344,0.458299693001164,0,12327.3717718354,0
2246,62.8215677034751,0.458423267220837,0,12332.8560952634,0
2247,62.8641284571289,0.458546721839431,0,12338.3404219892,0
2248,62.9066795567043,0.458670057058463,0,12343.8247520111,0
2249,62.9492209868414,0.458793273079075,0,12349.3090853275,0
2250,62.9917527322135,0.458916370102078,0,12354.7934219368,0
2251,63.034274777526,0.459039348327919,0,12360.2777618373,0
2252,63.0767871075164,0.459162207956692,0,12365.7621050275,0
2253,63.1192897069546,0.459284949188146,0,12371.2464515056,0
2254,63.1617825606421,0.459407572221656,0,12376.7308012702,0
2255,63.2042656534127,0.459530077256263,0,12382.2151543196,0
2256,63.2467389701316,0.459652464490627,0,12387.6995106521,0
2257,63.2892024956959,0.459774734123064,0,12393.1838702661,0
2258,63.3316562150339,0.459896886351527,0,12398.6682331601,0
2259,63.3741001131057,0.4600189213736,0,12404.1525993325,0
2260,63.4165341749023,0.460140839386522,0,12409.6369687815,0
2261,63.4589583854459,0.460262640587145,0,12415.1213415057,0
2262,63.5013727297901,0.460384325171983,0,12420.6057175033,0
2263,63.543777193019,0.460505893337163,0,12426.0900967728,0
2264,63.5861717602479,0.460627345278462,0,12431.5744793125,0
2265,63.6285564166225,0.460748681191285,0,12437.0588651209,0
2266,63.6709311473193,0.460869901270664,0,12442.5432541963,0
2267,63.7132959375453,0.460991005711277,0,12448.0276465372,0
2268,63.7556507725377,0.461111994707415,0,12453.5120421418,0
2269,63.7979956375641,0.461232868453018,0,12458.9964410087,0
2270,63.8403305179224,0.46135362714164,0,12464.4808431361,0
2271,63.8826553989403,0.461474270966475,0,12469.9652485226,0
2272,63.9249702659756,0.46159480012034,0,12475.4496571664,0
2273,63.967275104416,0.461715214795677,0,12480.9340690659,0
2274,64.0095698996789,0.461835515184568,0,12486.4184842197,0
2275,64.0518546372113,0.461955701478699,0,12491.9029026259,0
2276,64.09412930249,0.462075773869407,0,12497.3873242831,0
2277,64.1363938810207,0.462195732547634,0,12502.8717491897,0
2278,64.1786483583391,0.462315577703956,0,12508.356177344,0
2279,64.2208927200097,0.462435309528576,0,12513.8406087443,0
2280,64.2631269516264,0.462554928211307,0,12519.3250433892,0
2281,64.3053510388119,0.462674433941605,0,12524.8094812771,0
2282,64.347564967218,0.462793826908525,0,12530.2939224062,0
2283,64.3897687225256,0.462913107300768,0,12535.778366775,0
2284,64.4319622904438,0.463032275306636,0,12541.2628143819,0
2285,64.474145656711,0.463151331114065,0,12546.7472652253,0
2286,64.5163188070936,0.46327027491061,0,12552.2317193036,0
2287,64.558481727387,0.463389106883435,0,12557.7161766152,0
2288,64.6006344034146,0.463507827219346,0,12563.2006371585,0
2289,64.6427768210283,0.463626436104741,0,12568.6851009318,0
2290,65.0621116430312,0.46374493372566,0,12574.1624540444,0
2291,61.8596384485712,0.463863320267753,0,12581.1951523265,0
2292,58.7557101840443,0.463981595916287,0,12587.9552013388,0
2293,55.810743193639,0.464099760856145,0,12594.4668016128,0
2294,53.0165510263454,0.464217815271837,0,12600.7782429255,0
2295,50.3659978414736,0.464335759347484,0,12606.9284153723,0
2296,47.8541203116978,0.464453593266823,0,12612.9486422403,0
2297,45.4794370209601,0.464571317213219,0,12618.8641543071,0
2298,43.2444789136183,0.464688931369634,0,12624.6952762534,0
2299,41.1549748574277,0.46480643591866,0,12630.4583826155,0
2300,39.2179631416077,0.464923831042515,0,12636.1666663073,0
2301,37.439614767104,0.465041116923016,0,12641.8307575609,0
2302,35.8234959995944,0.464993932936984,0,12647.4592226632,0
2303,34.3696341493209,0.464090519219761,0,12653.0589652797,0
2304,33.0743805562046,0.46309941971795,0,12658.6355494882,0
2305,31.9307565414698,0.462022885756688,0,12664.1934601357,0
2306,30.9280120175332,0.460872766099883,0,12669.7363124734,0
2307,30.0490840611774,0.459658686990594,0,12675.2670210467,0
2308,29.2699059700062,0.458388627069499,0,12680.7879356852,0
2309,28.5650632462697,0.457069410588867,0,12686.3009510375,0
2310,27.9158612471664,0.45570715457271,0,12691.8075948978,0
2311,27.3143075702873,0.454307640340959,0,12697.3090993586,0
2312,26.7613019138331,0.452876563488541,0,12702.8064581078,0
2313,26.2618328738604,0.451419641944606,0,12708.3004726233,0
2314,25.8205459439437,0.449942599442681,0,12713.7917894058,0
2315,25.4392995641241,0.448451067000825,0,12719.2809299988,0
2316,25.1166676512268,0.4469504502991,0,12724.7683151697,0
2317,24.8486010765212,0.445445799806835,0,12730.2542844073,0
2318,24.6294799586071,0.443941679549627,0,12735.739111646,0
2319,24.4530960070069,0.442441937007415,0,12741.2230179453,0
2320,24.3133580944878,0.44094934187886,0,12746.7061817092,0
2321,24.2046639440014,0.439465370038417,0,12752.1887469272,0
2322,24.1220003774936,0.437990424165126,0,12757.6708298218,0
2323,24.0609050343069,0.436524415324038,0,12763.152524213,0
2324,24.0174062156719,0.435067371124497,0,12768.6339058416,0
2325,23.9879923023783,0.433619797924073,0,12774.1150358582,0
2326,23.969607451052,0.432182736490834,0,12779.5959636365,0
2327,23.9596510355728,0.430757606735271,0,12785.0767290457,0
2328,23.9559636522245,0.429345976735206,0,12790.5573642826,0
2329,23.9567948814139,0.42794935492624,0,12796.03789535,0
2330,23.9607570893731,0.426569049913607,0,12801.5183432494,0
2331,23.9667727651583,0.425206102465786,0,12806.9987249447,0
2332,23.9740220629297,0.423861274180073,0,12812.4790541393,0
2333,23.9818949377291,0.422535070254067,0,12817.9593419038,0
2334,23.9899498084099,0.421227775085696,0,12823.439597182,0
2335,23.9978790249362,0.419939487048507,0,12828.9198272003,0
2336,24.0054804507808,0.418670147953291,0,12834.400037798,0
2337,24.0126340860037,0.417419568456523,0,12839.8802336933,0
2338,24.0192825529336,0.41618745190191,0,12845.3604186994,0
2339,24.025414535509,0.414973417821523,0,12850.8405958977,0
2340,24.0310506901203,0.413777024784808,0,12856.3207677786,0
2341,24.0362320083098,0.412597791545939,0,12861.800936355,0
2342,24.0410108278156,0.411435215450154,0,12867.2811032538,0
2343,24.0454446334769,0.410288787515422,0,12872.7612697896,0
2344,24.0495924883034,0.40915800409747,0,12878.2414370254,0
2345,24.0535135874027,0.40804237545753,0,12883.72160582,0
2346,24.0572671762998,0.406941431716378,0,12889.2017768674,0
2347,24.0609130472825,0.405854726723632,0,12894.6819507288,0
2348,24.0645119856144,0.404781840313177,0,12900.1621278572,0
2349,24.068125794665,0.403722379346664,0,12905.6423086189,0
2350,24.071816787467,0.402675977837194,0,12911.1224933095,0
2351,24.0756468280012,0.401642296359944,0,12916.6026821679,0
2352,24.0796761055769,0.400621020899619,0,12922.0828753867,0
2353,24.0839618451426,0.399611861272158,0,12927.5630731215,0
2354,24.0885571225383,0.398614549263947,0,12933.0432754976,0
2355,24.0935098938183,0.397628836642374,0,12938.5234826158,0
2356,24.0988622907217,0.39665449319213,0,12944.0036945575,0
2357,24.1046501930806,0.395691304906202,0,12949.4839113878,0
2358,24.1109030611992,0.394739072413125,0,12954.9641331592,0
2359,24.1176439954388,0.393797609663488,0,12960.4443599136,0
2360,24.1248899836511,0.392866742851939,0,12965.9245916843,0
2361,24.1326522966356,0.391946309519657,0,12971.4048284981,0
2362,24.1409369915029,0.391036157772594,0,12976.8850703761,0
2363,24.1497454854545,0.390136145555958,0,12982.3653173347,0
2364,24.1590751657649,0.389246139942457,0,12987.8455693869,0
2365,24.1689200074271,0.388366016410551,0,12993.3258265429,0
2366,24.1792711743907,0.387495658106721,0,12998.8060888102,0
2367,24.1901175867794,0.38663495509664,0,13004.2863561945,0
2368,24.2014464414652,0.385783803617332,0,13009.7666287001,0
2369,24.2132436786644,0.38494210534442,0,13015.2469063298,0
2370,24.2254943906332,0.384109766689253,0,13020.7271890855,0
2371,24.2381831721975,0.383286698137701,0,13026.2074769684,0
2372,24.2512944147965,0.382472813640198,0,13031.6877699787,0
2373,24.2648125474817,0.381668030059284,0,13037.1680681163,0
2374,24.2787222293243,0.38087226667923,0,13042.6483713807,0
2375,24.2930084985879,0.380085444778931,0,13048.1286797708,0
2376,24.3076568842576,0.379307487267187,0,13053.6089932855,0
2377,24.3226534856244,0.378538318377196,0,13059.0893119234,0
2378,24.3379850256894,0.377777863416739,0,13064.5696356826,0
2379,24.3536388836451,0.377026048568773,0,13070.0499645615,0
2380,24.3696031110116,0.376282800736692,0,13075.5302985582,0
2381,24.3858664352013,0.375548047427725,0,13081.0106376706,0
2382,24.4024182538565,0.37482171666924,0,13086.4909818965,0
2383,24.4192486223151,0.374103736952251,0,13091.971331234,0
2384,24.4363482358805,0.373394037196952,0,13097.4516856806,0
2385,24.4537084079873,0.372692546735029,0,13102.9320452342,0
2386,24.4713210453659,0.371999195305299,0,13108.4124098925,0
2387,24.489178620788,0.371313913059102,0,13113.8927796532,0
2388,24.5072741438306,0.370636630572473,0,13119.3731545139,0
2389,24.5256011299651,0.369967278862164,0,13124.8535344723,0
2390,24.544153568632,0.369305789404252,0,13130.333919526,0
2391,24.5629258906863,0.368652094153847,0,13135.8143096726,0
2392,24.5819129355819,0.368006125564851,0,13141.2947049098,0
2393,24.6011099186079,0.36736781660859,0,13146.7751052352,0
2394,24.6205123988153,0.366737100791419,0,13152.2555106463,0
2395,24.6401162479686,0.366113912170977,0,13157.7359211409,0
2396,24.6599176207908,0.36549818537089,0,13163.2163367164,0
2397,24.6799129266825,0.364889855593447,0,13168.6967573704,0
2398,24.7000988033422,0.364288858630698,0,13174.1771831007,0
2399,24.7204720924029,0.363695130873927,0,13179.6576139048,0
2400,24.7410298170996,0.363108609321412,0,13185.1380497802,0
2401,24.7617691619399,0.362529231584172,0,13190.6184907247,0
2402,24.7826874545405,0.361956935890135,0,13196.0989367358,0
2403,24.803782149539,0.361391661086726,0,13201.579387811,0
2404,24.8250508143948,0.360833346641827,0,13207.0598439481,0
2405,24.8464911169316,0.360281932642913,0,13212.5403051446,0
2406,24.8681008146239,0.359737359794842,0,13218.0207713981,0
2407,24.8898777454546,0.359199569416351,0,13223.5012427063,0
2408,24.911819820081,0.358668503435261,0,13228.9817190667,0
2409,24.933925015163,0.358144104382342,0,13234.462200477,0
2410,24.9561913678092,0.357626315384312,0,13239.9426869348,0
2411,24.9786169709862,0.357115080156078,0,13245.4231784378,0
2412,25.0011999696376,0.356610342992212,0,13250.9036749835,0
2413,25.0239385574388,0.356112048757715,0,13256.3841765695,0
2414,25.0468309741534,0.355620142878468,0,13261.8646831936,0
2415,25.0698755034921,0.355134571331488,0,13267.3451948533,0
2416,25.0930704712609,0.35465528063491,0,13272.8257115462,0
2417,25.1164142438074,0.354182217837787,0,13278.3062332701,0
2418,25.1399052267496,0.353715330510021,0,13283.7867600225,0
2419,25.1635418639352,0.353254566732483,0,13289.2672918011,0
2420,25.187322636453,0.352799875087167,0,13294.7478286035,0
2421,25.2112460617724,0.352351204647508,0,13300.2283704273,0
2422,25.2353106929957,0.351908504969049,0,13305.7089172703,0
2423,25.2595151182017,0.351471726080488,0,13311.18946913,0
2424,25.2838579597246,0.351040818474881,0,13316.6700260042,0
2425,25.3083378734889,0.350615733101147,0,13322.1505878904,0
2426,25.3329535483783,0.350196421356003,0,13327.6311547863,0
2427,25.357703705623,0.349782835076295,0,13333.1117266897,0
2428,25.3825870980827,0.349374926531485,0,13338.592303598,0
2429,25.407602509558,0.348972648416479,0,13344.0728855091,0
2430,25.4327487541142,0.348575953844854,0,13349.5534724205,0
2431,25.4580246753802,0.348184796342428,0,13355.03406433,0
2432,25.4834291457528,0.347799129840929,0,13360.5146612352,0
2433,25.5089610656282,0.347418908671997,0,13365.9952631338,0
2434,25.5346193626478,0.347044087561527,0,13371.4758700234,0
2435,25.5604029909002,0.346674621624244,0,13376.9564819017,0
2436,25.5863109300628,0.34631046635835,0,13382.4370987665,0
2437,25.6123421845794,0.345951577640461,0,13387.9177206153,0
2438,25.6384957828665,0.345597911720819,0,13393.3983474459,0
2439,25.6647707764651,0.345249425218632,0,13398.878979256,0
2440,25.6911662391791,0.344906075117469,0,13404.3596160432,0
2441,25.7176812662561,0.344567818760895,0,13409.8402578052,0
2442,25.7443149736108,0.344234613848333,0,13415.3209045398,0
2443,25.771066496989,0.343906418430945,0,13420.8015562445,0
2444,25.7979349911601,0.343583190907579,0,13426.2822129172,0
2445,25.8249196291577,0.343264890020915,0,13431.7628745555,0
2446,25.8520196015626,0.342951474853782,0,13437.2435411571,0
2447,25.8792341157303,0.342642904825415,0,13442.7242127197,0
2448,25.9065623950757,0.342339139687809,0,13448.204889241,0
2449,25.9340036784101,0.342040139522231,0,13453.6855707187,0
2450,25.9615572193015,0.341745864735846,0,13459.1662571506,0
2451,25.9892222853997,0.341456276058252,0,13464.6469485343,0
2452,26.016998157827,0.341171334538124,0,13470.1276448675,0
2453,26.0448841306243,0.340891001540013,0,13475.608346148,0
2454,26.0728795101911,0.340615238741171,0,13481.0890523735,0
2455,26.1009836147207,0.340344008128308,0,13486.5697635417,0
2456,26.1291957736945,0.34007727199447,0,13492.0504796503,0
2457,26.1575153274322,0.339814992936056,0,13497.531200697,0
2458,26.1859416266055,0.339557133849786,0,13503.0119266796,0
2459,26.2144740317797,0.339303657929659,0,13508.4926575958,0
2460,26.2431119130039,0.339054528664025,0,13513.9733934433,0
2461,26.271854649444,0.338809709832779,0,13519.4541342199,0
2462,26.3007016289675,0.338569165504454,0,13524.9348799232,0
2463,26.3296522477759,0.338332860033357,0,13530.4156305511,0
2464,26.3587059100814,0.33810075805683,0,13535.8963861011,0
2465,26.3878620277953,0.33787282449258,0,13541.3771465712,0
2466,26.417120020184,0.337649024535893,0,13546.8579119591,0
2467,26.446479313574,0.337429323656955,0,13552.3386822623,0
2468,26.4759393410999,0.337213687598278,0,13557.8194574788,0
2469,26.5054995424298,0.337002082372135,0,13563.3002376063,0
2470,26.5351593634869,0.336794474257927,0,13568.7810226425,0
2471,26.5649182562135,0.336590829799654,0,13574.2618125851,0
2472,26.5947756783713,0.336391115803516,0,13579.7426074319,0
2473,26.6247310932946,0.336195299335422,0,13585.2234071807,0
2474,26.6547839696693,0.336003347718518,0,13590.7042118292,0
2475,26.6849337813471,0.335815228530821,0,13596.1850213752,0
2476,26.7151800071745,0.335630909602944,0,13601.6658358164,0
2477,26.7455221307774,0.335450359015699,0,13607.1466551507,0
2478,26.7759596403857,0.335273545097781,0,13612.6274793757,0
2479,26.80649202869,0.335100436423561,0,13618.1083084891,0
2480,26.8371187926808,0.334931001810894,0,13623.5891424889,0
2481,26.8678394334713,0.334765210318841,0,13629.0699813728,0
2482,26.8986534561565,0.334603031245501,0,13634.5508251385,0
2483,26.9295603697021,0.334444434125946,0,13640.0316737838,0
2484,26.9605596867876,0.334289388730087,0,13645.5125273064,0
2485,26.991650923668,0.334137865060538,0,13650.9933857042,0
2486,27.0228336000637,0.33398983335058,0,13656.474248975,0
2487,27.0541072390623,0.33384526406221,0,13661.9551171164,0
2488,27.0854713669758,0.333704127884072,0,13667.4359901263,0
2489,27.1169255132334,0.333566395729452,0,13672.9168680025,0
2490,27.1484692103008,0.333432038734388,0,13678.3977507428,0
2491,27.1801019935777,0.333301028255774,0,13683.8786383449,0
2492,27.2118234012834,0.333173335869385,0,13689.3595308066,0
2493,27.2436329743719,0.333048933368005,0,13694.8404281258,0
2494,27.275530256472,0.332927792759649,0,13700.3213303001,0
2495,27.3075147937806,0.332809886265709,0,13705.8022373275,0
2496,27.3395861349772,0.33269518631909,0,13711.2831492057,0
2497,27.3717438311635,0.332583665562464,0,13716.7640659324,0
2498,27.4039874358023,0.332475296846575,0,13722.2449875056,0
2499,27.4363165046244,0.332370053228417,0,13727.725913923,0
2500,27.468730595564,0.332267907969509,0,13733.2068451823,0
2501,27.5012292687196,0.332168834534258,0,13738.6877812815,0
2502,27.5338120862834,0.332072806588285,0,13744.1687222183,0
2503,27.56647861247,0.331979797996708,0,13749.6496679905,0
2504,27.5992284134718,0.33188978282251,0,13755.1306185959,0
2505,27.6320610574268,0.331802735325007,0,13760.6115740324,0
2506,27.6649761143456,0.331718629958182,0,13766.0925342977,0
2507,27.6979731560619,0.331637441369079,0,13771.5734993897,0
2508,27.731051756208,0.331559144396285,0,13777.0544693061,0
2509,27.7642114901711,0.331483714068427,0,13782.5354440449,0
2510,27.797451935036,0.331411125602565,0,13788.0164236038,0
2511,27.8307726695519,0.331341354402687,0,13793.4974079806,0
2512,27.8641732741186,0.331274376058296,0,13798.9783971731,0
2513,27.8976533307326,0.331210166342892,0,13804.4593911793,0
2514,27.9312124229497,0.331148701212475,0,13809.9403899969,0
2515,27.9648501358683,0.331089956804132,0,13815.4213936236,0
2516,27.9985660561086,0.331033909434667,0,13820.9024020575,0
2517,28.0323597717644,0.330980535599121,0,13826.3834152963,0
2518,28.066230872381,0.330929811969362,0,13831.8644333378,0
2519,28.1001789489519,0.330881715392775,0,13837.3454561798,0
2520,28.1342035938816,0.330836222890887,0,13842.8264838203,0
2521,28.1683044009564,0.330793311657954,0,13848.3075162569,0
2522,28.2024809653351,0.330752959059658,0,13853.7885534877,0
2523,28.2367328835419,0.330715142631844,0,13859.2695955104,0
2524,28.2710597534285,0.330679840079148,0,13864.7506423228,0
2525,28.3054611741589,0.330647029273683,0,13870.2316939228,0
2526,28.3399367462133,0.330616688253824,0,13875.7127503083,0
2527,28.3744860713642,0.330588795222942,0,13881.193811477,0
2528,28.4091087526527,0.330563328548086,0,13886.6748774269,0
2529,28.4438043943852,0.330540266758767,0,13892.1559481558,0
2530,28.4785726021359,0.330519588545793,0,13897.6370236615,0
2531,28.5134129827161,0.330501272759993,0,13903.1181039419,0
2532,28.5483251441656,0.330485298410993,0,13908.5991889949,0
2533,28.5833086957607,0.330471644666083,0,13914.0802788183,0
2534,28.618363247999,0.330460290849045,0,13919.5613734099,0
2535,28.6534884125819,0.330451216438925,0,13925.0424727676,0
2536,28.6886838024151,0.330444401068894,0,13930.5235768893,0
2537,28.7239490316165,0.330439824525171,0,13936.0046857729,0
2538,28.7592837154924,0.330437466745831,0,13941.4857994161,0
2539,28.7946874705327,0.330437307819662,0,13946.9669178169,0
2540,28.8301599144228,0.330439327985107,0,13952.4480409732,0
2541,28.8657006660338,0.330443507629179,0,13957.9291688827,0
2542,28.9013093454091,0.330449827286303,0,13963.4103015434,0
2543,28.9369855737693,0.330458267637258,0,13968.8914389532,0
2544,28.9727289735224,0.330468809508177,0,13974.3725811099,0
2545,29.0085391682446,0.330481433869422,0,13979.8537280113,0
2546,29.0444157826796,0.330496121834518,0,13985.3348796555,0
2547,29.0803584427533,0.330512854659173,0,13990.8160360401,0
2548,29.1163667755654,0.330531613740251,0,13996.2971971632,0
2549,29.1524404093814,0.330552380614693,0,14001.7783630226,0
2550,29.1885789736399,0.330575136958528,0,14007.2595336161,0
2551,29.2247820989637,0.330599864585935,0,14012.7407089417,0
2552,29.2610494171438,0.330626545448186,0,14018.2218889973,0
2553,29.2973805611428,0.330655161632649,0,14023.7030737807,0
2554,29.33377516511,0.330685695361874,0,14029.1842632897,0
2555,29.3702328643747,0.33071812899262,0,14034.6654575224,0
2556,29.4067532954408,0.330752445014846,0,14040.1466564766,0
2557,29.4433360959983,0.330788626050789,0,14045.6278601502,0
2558,29.4799809049311,0.330826654854074,0,14051.109068541,0
2559,29.5166873623066,0.330866514308726,0,14056.590281647,0
2560,29.5534551093795,0.330908187428226,0,14062.0714994661,0
2561,29.5902837886088,0.330951657354667,0,14067.5527219961,0
2562,29.62717304365,0.330996907357825,0,14073.033949235,0
2563,29.6641225193535,0.331043920834206,0,14078.5151811807,0
2564,29.701131861778,0.331092681306196,0,14083.996417831,0
2565,29.7382007181958,0.331143172421213,0,14089.4776591838,0
2566,29.7753287370847,0.331195377950765,0,14094.9589052372,0
2567,29.8125155681353,0.33124928178958,0,14100.4401559888,0
2568,29.8497608622664,0.331304867954807,0,14105.9214114368,0
2569,29.8870642716162,0.331362120585123,0,14111.4026715789,0
2570,29.9244254495445,0.33142102393985,0,14116.8839364132,0
2571,29.9618440506473,0.331481562398157,0,14122.3652059374,0
2572,29.9993197307581,0.331543720458246,0,14127.8464801495,0
2573,30.0368521469431,0.331607482736462,0,14133.3277590475,0
2574,30.0744409575108,0.331672833966483,0,14138.8090426292,0
2575,30.1120858220243,0.331739758998568,0,14144.2903308925,0
2576,30.1497864012929,0.331808242798691,0,14149.7716238354,0
2577,30.1875423573768,0.331878270447719,0,14155.2529214558,0
2578,30.2253533536021,0.331949827140671,0,14160.7342237516,0
2579,30.263219054558,0.332022898185927,0,14166.2155307207,0
2580,30.3011391260951,0.332097469004383,0,14171.6968423611,0
2581,30.3391132353377,0.332173525128712,0,14177.1781586706,0
2582,30.3771410506902,0.332251052202629,0,14182.6594796472,0
2583,30.415222241831,0.332330035980065,0,14188.1408052889,0
2584,30.4533564797193,0.332410462324403,0,14193.6221355935,0
2585,30.4915434366088,0.332492317207789,0,14199.103470559,0
2586,30.529782786041,0.332575586710341,0,14204.5848101832,0
2587,30.5680742028475,0.332660257019374,0,14210.0661544643,0
2588,30.6064173631635,0.33274631442871,0,14215.5475033999,0
2589,30.6448119444276,0.332833745337959,0,14221.0288569882,0
2590,30.6832576253791,0.332922536251729,0,14226.510215227,0
2591,30.7217540860673,0.333012673778928,0,14231.9915781143,0
2592,30.7603010078594,0.333104144632099,0,14237.472945648,0
2593,30.7988980734349,0.333196935626647,0,14242.954317826,0
2594,30.8375449667897,0.333291033680124,0,14248.4356946463,0
2595,30.876241373249,0.333386425811586,0,14253.9170761069,0
2596,30.914986979462,0.333483099140873,0,14259.3984622056,0
2597,30.9537814734029,0.333581040887874,0,14264.8798529404,0
2598,30.9926245443814,0.333680238371884,0,14270.3612483093,0
2599,31.0315158830444,0.333780679010942,0,14275.8426483101,0
2600,31.070455181372,0.333882350321095,0,14281.324052941,0
2601,31.1094421326847,0.333985239915739,0,14286.8054621997,0
2602,31.1484764316515,0.334089335505007,0,14292.2868760842,0
2603,31.1875577742834,0.334194624895046,0,14297.7682945926,0
2604,31.2266858579367,0.334301095987347,0,14303.2497177227,0
2605,31.2658603813236,0.334408736778152,0,14308.7311454725,0
2606,31.3050810445079,0.334517535357771,0,14314.2125778399,0
2607,31.3443475489039,0.334627479909906,0,14319.694014823,0
2608,31.3836595972864,0.334738558711047,0,14325.1754564196,0
2609,31.4230168937904,0.33485076012985,0,14330.6569026278,0
2610,31.4624191439076,0.334964072626452,0,14336.1383534454,0
2611,31.5018660544921,0.335078484751855,0,14341.6198088704,0
2612,31.5413573337661,0.335193985147353,0,14347.1012689009,0
2613,31.5808926913138,0.335310562543854,0,14352.5827335347,0
2614,31.620471838084,0.335428205761257,0,14358.0642027699,0
2615,31.6600944863981,0.335546903707891,0,14363.5456766043,0
2616,31.6997603499452,0.335666645379882,0,14369.027155036,0
2617,31.7394691437809,0.335787419860514,0,14374.5086380629,0
2618,31.7792205843354,0.335909216319665,0,14379.990125683,0
2619,31.8190143894116,0.336032024013228,0,14385.4716178943,0
2620,31.8588502781811,0.336155832282461,0,14390.9531146947,0
2621,31.8987279711896,0.336280630553417,0,14396.4346160822,0
2622,31.9386471903594,0.336406408336403,0,14401.9161220548,0
2623,31.9786076589836,0.336533155225343,0,14407.3976326104,0
2624,32.018609101728,0.336660860897192,0,14412.879147747,0
2625,32.0586512446368,0.336789515111423,0,14418.3606674627,0
2626,32.0987338151265,0.336919107709408,0,14423.8421917553,0
2627,32.1388565419849,0.337049628613838,0,14429.3237206228,0
2628,32.1790191553772,0.337181067828193,0,14434.8052540633,0
2629,32.2192213868422,0.337313415436185,0,14440.2867920747,0
2630,32.2594629692881,0.337446661601151,0,14445.768334655,0
2631,32.299743636998,0.337580796565534,0,14451.2498818022,0
2632,32.3400631256283,0.337715810650353,0,14456.7314335142,0
2633,32.3804211722034,0.337851694254609,0,14462.2129897891,0
2634,32.4208175151177,0.337988437854746,0,14467.6945506248,0
2635,32.4612518941378,0.338126032004159,0,14473.1761160193,0
2636,32.5017240503961,0.338264467332608,0,14478.6576859706,0
2637,32.5422337263898,0.338403734545678,0,14484.1392604767,0
2638,32.5827806659853,0.33854382442429,0,14489.6208395356,0
2639,32.6233646144115,0.338684727824154,0,14495.1024231453,0
2640,32.6639853182573,0.338826435675212,0,14500.5840113037,0
2641,32.7046425254749,0.338968938981161,0,14506.0656040089,0
2642,32.7453359853758,0.339112228818929,0,14511.5472012588,0
2643,32.7860654486258,0.339256296338124,0,14517.0288030515,0
2644,32.8268306672472,0.339401132760546,0,14522.5104093849,0
2645,32.8676313946169,0.339546729379699,0,14527.992020257,0
2646,32.9084673854601,0.339693077560245,0,14533.4736356659,0
2647,32.9493383958503,0.339840168737501,0,14538.9552556096,0
2648,32.9902441832103,0.339987994416988,0,14544.4368800859,0
2649,33.0311845063038,0.340136546173885,0,14549.918509093,0
2650,33.0721591252351,0.340285815652531,0,14555.4001426289,0
2651,33.1131678014494,0.340435794565977,0,14560.8817806915,0
2652,33.1542102977264,0.340586474695471,0,14566.3634232788,0
2653,33.1952863781768,0.340737847889948,0,14571.8450703889,0
2654,33.2363958082437,0.34088990606559,0,14577.3267220197,0
2655,33.2775383546965,0.341042641205339,0,14582.8083781694,0
2656,33.3187137856264,0.341196045358381,0,14588.2900388358,0
2657,33.3599218704465,0.341350110639706,0,14593.7717040169,0
2658,33.4011623798878,0.341504829229651,0,14599.2533737109,0
2659,33.4424350859931,0.341660193373385,0,14604.7350479157,0
2660,33.4837397621157,0.341816195380462,0,14610.2167266293,0
2661,33.5250761829174,0.34197282762439,0,14615.6984098497,0
2662,33.5664441243613,0.342130082542124,0,14621.180097575,0
2663,33.6078433637091,0.342287952633616,0,14626.6617898032,0
2664,33.6492736795202,0.342446430461393,0,14632.1434865322,0
2665,33.6907348516444,0.342605508650078,0,14637.6251877601,0
2666,33.7322266612177,0.342765179885919,0,14643.106893485,0
2667,33.7737488906621,0.342925436916394,0,14648.5886037048,0
2668,33.815301323678,0.343086272549737,0,14654.0703184175,0
2669,33.8568837452399,0.343247679654475,0,14659.5520376212,0
2670,33.8984959415947,0.343409651159029,0,14665.0337613139,0
2671,33.9401377002561,0.343572180051267,0,14670.5154894936,0
2672,33.9818088099985,0.343735259378042,0,14675.9972221584,0
2673,34.0235090608549,0.343898882244785,0,14681.4789593063,0
2674,34.0652382441125,0.344063041815092,0,14686.9607009352,0
2675,34.1069961523052,0.344227731310254,0,14692.4424470433,0
2676,34.1487825792116,0.344392944008857,0,14697.9241976285,0
2677,34.1905973198504,0.344558673246378,0,14703.4059526889,0
2678,34.2324401704735,0.344724912414735,0,14708.8877122225,0
2679,34.2743109285623,0.344891654961874,0,14714.3694762273,0
2680,34.3162093928241,0.345058894391386,0,14719.8512447015,0
2681,34.3581353631849,0.345226624262065,0,14725.3330176429,0
2682,34.4000886407846,0.345394838187493,0,14730.8147950497,0
2683,34.4420690279747,0.34556352983567,0,14736.2965769198,0
2684,34.4840763283098,0.345732692928586,0,14741.7783632514,0
2685,34.5261103465432,0.345902321241801,0,14747.2601540424,0
2686,34.5681708886236,0.346072408604088,0,14752.7419492909,0
2687,34.610257761688,0.346242948897014,0,14758.2237489949,0
2688,34.6523707740559,0.346413936054529,0,14763.7055531524,0
2689,34.694509735226,0.346585364062604,0,14769.1873617616,0
2690,34.7366744558696,0.346757226958836,0,14774.6691748204,0
2691,34.7788647478239,0.346929518832035,0,14780.1509923269,0
2692,34.8210804240889,0.347102233821865,0,14785.6328142791,0
2693,34.8633212988209,0.347275366118466,0,14791.1146406751,0
2694,34.9055871873257,0.347448909962046,0,14796.5964715128,0
2695,34.9478779060545,0.347622859642518,0,14802.0783067905,0
2696,34.9901932725984,0.347797209499144,0,14807.560146506,0
2697,35.032533105681,0.347971953920128,0,14813.0419906576,0
2698,35.0748972251541,0.348147087342255,0,14818.5238392431,0
2699,35.1172854519922,0.348322604250549,0,14824.0056922606,0
2700,35.1596976082852,0.348498499177871,0,14829.4875497083,0
2701,35.2021335172336,0.348674766704562,0,14834.9694115841,0
2702,35.2445930031433,0.348851401458109,0,14840.4512778861,0
2703,35.2870758914183,0.349028398112756,0,14845.9331486123,0
2704,35.3295820085549,0.349205751389145,0,14851.4150237609,0
2705,35.3721111821376,0.34938345605399,0,14856.8969033298,0
2706,35.4146632408312,0.349561506919703,0,14862.3787873171,0
2707,35.4572380143749,0.34973989884403,0,14867.860675721,0
2708,35.499835333578,0.349918626729741,0,14873.3425685393,0
2709,35.5424550303122,0.350097685524257,0,14878.8244657702,0
2710,35.5850969375057,0.3502770702193,0,14884.3063674118,0
2711,35.6277608891384,0.350456775850574,0,14889.788273462,0
2712,35.670446720235,0.35063679749742,0,14895.2701839191,0
2713,35.7131542668579,0.350817130282456,0,14900.7520987809,0
2714,35.7558833661033,0.350997769371269,0,14906.2340180457,0
2715,35.7986338560935,0.351178709972081,0,14911.7159417114,0
2716,35.8414055759709,0.351359947335392,0,14917.1978697761,0
2717,35.8841983658924,0.351541476753675,0,14922.6798022378,0
2718,35.9270120670234,0.351723293561054,0,14928.1617390947,0
2719,35.9698465215305,0.351905393132953,0,14933.6436803449,0
2720,36.0127015725765,0.352087770885793,0,14939.1256259863,0
2721,36.0555770643143,0.35227042227668,0,14944.607576017,0
2722,36.0984728418792,0.352453342803063,0,14950.0895304352,0
2723,36.1413887513845,0.352636528002428,0,14955.5714892388,0
2724,36.1843246399147,0.352819973452002,0,14961.053452426,0
2725,36.2272803555188,0.353003674768412,0,14966.5354199948,0
2726,36.2702557472045,0.353187627607386,0,14972.0173919433,0
2727,36.3132506649327,0.353371827663466,0,14977.4993682695,0
2728,36.3562649596098,0.35355627066967,0,14982.9813489716,0
2729,36.3992984830827,0.353740952397199,0,14988.4633340476,0
2730,36.4423510881328,0.353925868655156,0,14993.9453234956,0
2731,36.4854226284682,0.354111015290222,0,14999.4273173137,0
2732,36.5285129587195,0.354296388186356,0,15004.9093154998,0
2733,36.5716219344327,0.35448198326453,0,15010.3913180523,0
2734,36.6147494120627,0.354667796482404,0,15015.873324969,0
2735,36.6578952489676,0.354853823834042,0,15021.355336248,0
2736,36.7010593034028,0.355040061349641,0,15026.8373518876,0
2737,36.7442414345143,0.355226505095221,0,15032.3193718856,0
2738,36.7874415023326,0.35541315117234,0,15037.8013962403,0
2739,36.8306593677673,0.355599995717836,0,15043.2834249497,0
2740,36.8738948926,0.35578703490352,0,15048.7654580118,0
2741,36.9171479394787,0.355974264935894,0,15054.2474954249,0
2742,36.960418371912,0.356161682055901,0,15059.7295371868,0
2743,37.0037060542623,0.356349282538626,0,15065.2115832958,0
2744,37.0470108517404,0.356537062693017,0,15070.6936337499,0
2745,37.090332630399,0.356725018861641,0,15076.1756885473,0
2746,37.133671257127,0.356913147420392,0,15081.6577476859,0
2747,37.1770265996433,0.357101444778219,0,15087.1398111639,0
2748,37.2203985264906,0.357289907376881,0,15092.6218789793,0
2749,37.26378690703,0.35747853169067,0,15098.1039511304,0
2750,37.3071916114344,0.357667314226138,0,15103.5860276151,0
2751,37.350612510683,0.357856251521861,0,15109.0681084315,0
2752,37.3940494765551,0.358045340148164,0,15114.5501935777,0
2753,37.4375023816243,0.358234576706861,0,15120.0322830519,0
2754,37.4809710992528,0.358423957831013,0,15125.5143768521,0
2755,37.5244555035851,0.358613480184671,0,15130.9964749764,0
2756,37.5679554695423,0.358803140462611,0,15136.478577423,0
2757,37.6114708728168,0.358992935390105,0,15141.9606841898,0
2758,37.6550015898657,0.359182861722665,0,15147.442795275,0
2759,37.6985474979055,0.359372916245787,0,15152.9249106768,0
2760,37.7421084749063,0.359563095774722,0,15158.4070303931,0
2761,37.7856843995859,0.359753397154232,0,15163.8891544221,0
2762,37.8292751514042,0.359943817258334,0,15169.371282762,0
2763,37.8728806105577,0.36013435299008,0,15174.8534154107,0
2764,37.9165006579735,0.360325001281314,0,15180.3355523664,0
2765,37.9601351753037,0.360515759092427,0,15185.8176936272,0
2766,38.0037840449204,0.360706623412138,0,15191.2998391912,0
2767,38.0474471499092,0.360897591257258,0,15196.7819890566,0
2768,38.0911243740642,0.361088659672448,0,15202.2641432213,0
2769,38.1348156018827,0.361279825730009,0,15207.7463016835,0
2770,38.1785207185589,0.361471086529648,0,15213.2284644414,0
2771,38.2222396099795,0.361662439198242,0,15218.710631493,0
2772,38.2659721627171,0.361853880889634,0,15224.1928028364,0
2773,38.3097182640259,0.362045408784401,0,15229.6749784698,0
2774,38.3534778018355,0.362237020089628,0,15235.1571583912,0
2775,38.3972506647461,0.362428712038704,0,15240.6393425987,0
2776,38.4410367420227,0.362620481891101,0,15246.1215310905,0
2777,38.4848359235902,0.362812326932145,0,15251.6037238647,0
2778,38.528648100028,0.363004244472824,0,15257.0859209194,0
2779,38.5724731625649,0.363196231849566,0,15262.5681222527,0
2780,38.6163110030735,0.363388286424022,0,15268.0503278627,0
2781,38.6601615140657,0.363580405582873,0,15273.5325377475,0
2782,38.7040245886868,0.363772586737614,0,15279.0147519053,0
2783,38.7479001207112,0.363964827324344,0,15284.4969703341,0
2784,38.7917880045367,0.364157124803575,0,15289.9791930321,0
2785,38.8356881351796,0.364349476660021,0,15295.4614199973,0
2786,38.8796004082701,0.364541880402397,0,15300.943651228,0
2787,38.9235247200468,0.364734333563226,0,15306.4258867222,0
2788,38.9674609673521,0.36492683369864,0,15311.908126478,0
2789,39.0114090476272,0.365119378388173,0,15317.3903704935,0
2790,39.0553688589072,0.365311965234588,0,15322.872618767,0
2791,39.0993402998162,0.365504591863667,0,15328.3548712964,0
2792,39.1433232695628,0.36569725592402,0,15333.8371280799,0
2793,39.1873176679349,0.365889955086909,0,15339.3193891157,0
2794,39.2313233952953,0.366082687046045,0,15344.8016544019,0
2795,39.275340352577,0.366275449517406,0,15350.2839239365,0
2796,39.3193684412782,0.366468240239057,0,15355.7661977177,0
2797,39.3634075634579,0.36666105697096,0,15361.2484757436,0
2798,39.4074576217316,0.366853897494788,0,15366.7307580124,0
2799,39.451518519266,0.367046759613757,0,15372.2130445222,0
2800,39.4955901597752,0.367239641152435,0,15377.6953352711,0
2801,39.5396724475159,0.367432539956564,0,15383.1776302572,0
2802,39.5837652872828,0.367625453892893,0,15388.6599294787,0
2803,39.6278685844043,0.367818380848992,0,15394.1422329336,0
2804,39.6719822447385,0.368011318733083,0,15399.6245406202,0
2805,39.7161061746678,0.368204265473868,0,15405.1068525365,0
2806,39.7602402810959,0.368397219020358,0,15410.5891686807,0
2807,39.8043844714427,0.368590177341696,0,15416.0714890509,0
2808,39.8485386536399,0.368783138427004,0,15421.5538136453,0
2809,39.8927027361274,0.3689761002852,0,15427.0361424619,0
2810,39.936876627849,0.369169060944837,0,15432.5184754988,0
2811,39.9810602382474,0.36936201845395,0,15438.0008127544,0
2812,40.0252534772614,0.369554970879874,0,15443.4831542266,0
2813,40.069456255321,0.369747916309095,0,15448.9654999136,0
2814,40.1136684833432,0.369940852847089,0,15454.4478498135,0
2815,40.1578900727288,0.370133778618158,0,15459.9302039246,0
2816,40.2021209353577,0.370326691765273,0,15465.4125622448,0
2817,40.2463609835851,0.370519590449924,0,15470.8949247724,0
2818,40.290610130238,0.370712472851955,0,15476.3772915054,0
2819,40.3348682886107,0.370905337169416,0,15481.8596624421,0
2820,40.3791353724615,0.371098181618413,0,15487.3420375806,0
2821,40.4234112960085,0.371291004432946,0,15492.8244169189,0
2822,40.4676959739263,0.371483803864772,0,15498.3068004553,0
2823,40.5119893213414,0.371676578183247,0,15503.7891881879,0
2824,40.5562912538299,0.371869325675179,0,15509.2715801148,0
2825,40.6006016874123,0.372062044644684,0,15514.7539762342,0
2826,40.6449205385507,0.372254733413044,0,15520.2363765442,0
2827,40.6892477241453,0.372447390318553,0,15525.7187810429,0
2828,40.7335831615305,0.372640013716383,0,15531.2011897285,0
2829,40.777926768471,0.372832601978439,0,15536.6836025992,0
2830,40.8222784631597,0.373025153493216,0,15542.1660196531,0
2831,40.8666381642124,0.373217666665665,0,15547.6484408883,0
2832,40.9110057906655,0.373410139917052,0,15553.130866303,0
2833,40.9553812619726,0.373602571684815,0,15558.6132958953,0
2834,40.9997644980004,0.37379496042244,0,15564.0957296634,0
2835,41.0441554190262,0.373987304599318,0,15569.5781676054,0
2836,41.0885539457343,0.374179602700609,0,15575.0606097195,0
2837,41.1329599992121,0.374371853227119,0,15580.5430560038,0
2838,41.1773735009479,0.374564054695158,0,15586.0255064565,0
2839,41.221794372827,0.374756205636417,0,15591.5079610757,0
2840,41.2662225371287,0.374948304597834,0,15596.9904198596,0
2841,41.310657916523,0.37514035014147,0,15602.4728828064,0
2842,41.3551004340682,0.375332340844376,0,15607.9553499141,0
2843,41.3995500132064,0.375524275298473,0,15613.4378211809,0
2844,41.4440065777619,0.375716152110422,0,15618.920296605,0
2845,41.4884700519375,0.375907969901502,0,15624.4027761846,0
2846,41.5329403603112,0.376099727307489,0,15629.8852599178,0
2847,41.5774174278342,0.37629142297853,0,15635.3677478027,0
2848,41.6219011798268,0.376483055579024,0,15640.8502398375,0
2849,41.6663915419762,0.376674623787502,0,15646.3327360204,0
2850,41.7108884403338,0.376866126296509,0,15651.8152363495,0
2851,41.7553918013117,0.377057561812483,0,15657.297740823,0
2852,41.7999015516804,0.377248929055642,0,15662.7802494391,0
2853,41.8444176185657,0.377440226759863,0,15668.2627621958,0
2854,41.8889399294462,0.377631453672573,0,15673.7452790915,0
2855,41.9334684121501,0.37782260855463,0,15679.2278001241,0
2856,41.9780029948536,0.378013690180211,0,15684.7103252919,0
2857,42.0225436060766,0.378204697336703,0,15690.1928545931,0
2858,42.0670901746814,0.378395628824586,0,15695.6753880257,0
2859,42.1116426298697,0.378586483457327,0,15701.1579255881,0
2860,42.1562009011794,0.378777260061271,0,15706.6404672782,0
2861,42.200764918483,0.378967957475529,0,15712.1230130944,0
2862,42.2453346119846,0.379158574551872,0,15717.6055630347,0
2863,42.2899099122169,0.379349110154628,0,15723.0881170973,0
2864,42.3344907500399,0.379539563160568,0,15728.5706752805,0
2865,42.3790770566373,0.37972993245881,0,15734.0532375823,0
2866,42.4236687635146,0.379920216950709,0,15739.5358040009,0
2867,42.4682658024968,0.380110415549757,0,15745.0183745345,0
2868,42.5128681057258,0.38030052718148,0,15750.5009491813,0
2869,42.5574756056577,0.380490550783333,0,15755.9835279394,0
2870,42.6020882350615,0.380680485304607,0,15761.466110807,0
2871,42.6467059270156,0.380870329706321,0,15766.9486977823,0
2872,42.6913286149064,0.381060082961129,0,15772.4312888634,0
2873,42.7359562324257,0.381249744053221,0,15777.9138840485,0
2874,42.7805887135683,0.381439311978221,0,15783.3964833358,0
2875,42.8252259926301,0.381628785743097,0,15788.8790867234,0
2876,42.8698680042061,0.381818164366062,0,15794.3616942096,0
2877,42.9145146831873,0.38200744687648,0,15799.8443057925,0
2878,42.9591659647598,0.38219663231477,0,15805.3269214702,0
2879,43.0038217844021,0.382385719732317,0,15810.809541241,0
2880,43.0484820778824,0.382574708191374,0,15816.292165103,0
2881,43.0931467812578,0.382763596764976,0,15821.7747930544,0
2882,43.1378158308715,0.382952384536844,0,15827.2574250934,0
2883,43.1824891633503,0.383141070601299,0,15832.7400612181,0
2884,43.2271667156042,0.383329654063169,0,15838.2227014268,0
2885,43.2718484248227,0.383518134037703,0,15843.7053457175,0
2886,43.3165342284734,0.383706509650481,0,15849.1879940886,0
2887,43.361224064301,0.38389478003733,0,15854.670646538,0
2888,43.4059178703238,0.384082944344233,0,15860.1533030642,0
2889,43.4506155848331,0.384271001727245,0,15865.6359636651,0
2890,43.495317146391,0.384458951352412,0,15871.1186283391,0
2891,43.5400224938276,0.384646792395679,0,15876.6012970842,0
2892,43.5847315662408,0.384834524042813,0,15882.0839698987,0
2893,43.6294443029933,0.385022145489317,0,15887.5666467807,0
2894,43.6741606437111,0.385209655940348,0,15893.0493277285,0
2895,43.7188805282819,0.385397054610634,0,15898.5320127401,0
2896,43.7636038968533,0.3855843407244,0,15904.0147018139,0
2897,43.8083306898309,0.385771513515274,0,15909.4973949479,0
2898,43.8530608478767,0.385958572226222,0,15914.9800921404,0
2899,43.8977943119075,0.386145516109464,0,15920.4627933895,0
2900,43.9425310230927,0.386332344426389,0,15925.9454986935,0
2901,43.9872709228539,0.386519056447488,0,15931.4282080505,0
2902,44.0320139528617,0.386705651452269,0,15936.9109214587,0
2903,44.0767600550349,0.386892128729184,0,15942.3936389163,0
2904,44.1215091715391,0.387078487575556,0,15947.8763604214,0
2905,44.1662612447845,0.387264727297497,0,15953.3590859724,0
2906,44.2110162174246,0.387450847209837,0,15958.8418155672,0
2907,44.2557740323552,0.387636846636056,0,15964.3245492043,0
2908,44.3005346327116,0.387822724908199,0,15969.8072868817,0
2909,44.3452979618683,0.388008481366811,0,15975.2900285976,0
2910,44.3900639634371,0.388194115360867,0,15980.7727743502,0
2911,44.4348325812649,0.388379626247691,0,15986.2555241377,0
2912,44.4796037594335,0.388565013392895,0,15991.7382779583,0
2913,44.5243774422575,0.388750276170306,0,15997.2210358102,0
2914,44.5691535742821,0.388935413961889,0,16002.7037976917,0
2915,44.6139321002834,0.389120426157691,0,16008.1865636008,0
2916,44.6587129652655,0.38930531215576,0,16013.6693335357,0
2917,44.7034961144594,0.389490071362081,0,16019.1521074948,0
2918,44.7482814933225,0.389674703190517,0,16024.6348854761,0
2919,44.793069047536,0.389859207062726,0,16030.1176674778,0
2920,44.8378587230042,0.390043582408106,0,16035.6004534983,0
2921,44.8826504658536,0.390227828663732,0,16041.0832435355,0
2922,44.9274442224302,0.390411945274275,0,16046.5660375879,0
2923,44.9722399392997,0.390595931691953,0,16052.0488356534,0
2924,45.0170375632455,0.390779787376462,0,16057.5316377305,0
2925,45.0618370412671,0.390963511794905,0,16063.0144438171,0
2926,45.1066383205795,0.391147104421741,0,16068.4972539117,0
2927,45.1514413486115,0.391330564738714,0,16073.9800680122,0
2928,45.1962460730045,0.391513892234789,0,16079.462886117,0
2929,45.2410524416118,0.391697086406101,0,16084.9457082243,0
2930,45.2858604024962,0.39188014675588,0,16090.4285343322,0
2931,45.3306699039301,0.392063072794399,0,16095.911364439,0
2932,45.3754808943939,0.392245864038917,0,16101.3941985428,0
2933,45.4202933225738,0.392428520013604,0,16106.8770366418,0
2934,45.4651071373622,0.392611040249498,0,16112.3598787344,0
2935,45.5099222878558,0.392793424284442,0,16117.8427248186,0
2936,45.5547387233538,0.392975671663015,0,16123.3255748926,0
2937,45.5995563933584,0.393157781936489,0,16128.8084289548,0
2938,45.644375247572,0.393339754662765,0,16134.2912870032,0
2939,45.6891952358967,0.393521589406309,0,16139.7741490361,0
2940,45.7340163084339,0.393703285738113,0,16145.2570150517,0
2941,45.7788384154821,0.393884843235621,0,16150.7398850481,0
2942,45.8236615075364,0.394066261482679,0,16156.2227590237,0
2943,45.8684855352876,0.394247540069491,0,16161.7056369766,0
2944,45.9133104496202,0.394428678592543,0,16167.1885189051,0
2945,45.9581362016128,0.394609676654568,0,16172.6714048072,0
2946,46.0029627425358,0.394790533864484,0,16178.1542946813,0
2947,46.0477900238507,0.394971249837335,0,16183.6371885256,0
2948,46.0926179972098,0.395151824194252,0,16189.1200863382,0
2949,46.1374466144539,0.395332256562388,0,16194.6029881174,0
2950,46.1822758276124,0.395512546574866,0,16200.0858938613,0
2951,46.2271055889019,0.395692693870741,0,16205.5688035683,0
2952,46.2719358507249,0.39587269809493,0,16211.0517172365,0
2953,46.3167665656693,0.396052558898171,0,16216.5346348641,0
2954,46.3615976865075,0.396232275936979,0,16222.0175564493,0
2955,46.4064291661945,0.396411848873575,0,16227.5004819904,0
2956,46.4512609578685,0.396591277375859,0,16232.9834114855,0
2957,46.4960930148486,0.396770561117349,0,16238.4663449329,0
2958,46.540925290634,0.396949699777128,0,16243.9492823308,0
2959,46.5857577389042,0.397128693039807,0,16249.4322236774,0
2960,46.6305903135169,0.397307540595469,0,16254.915168971,0
2961,46.6754229685073,0.397486242139618,0,16260.3981182097,0
2962,46.7202556580879,0.397664797373146,0,16265.8810713917,0
2963,46.7650883366465,0.397843206002264,0,16271.3640285153,0
2964,46.8099209587462,0.398021467738475,0,16276.8469895788,0
2965,46.8547534791244,0.39819958229852,0,16282.3299545802,0
2966,46.8995858526913,0.398377549404324,0,16287.8129235179,0
2967,46.9444180345298,0.398555368782964,0,16293.29589639,0
2968,46.9892499798941,0.39873304016662,0,16298.7788731948,0
2969,47.0340816442091,0.398910563292517,0,16304.2618539305,0
2970,47.0789129830697,0.399087937902903,0,16309.7448385953,0
2971,47.1237439522395,0.399265163744982,0,16315.2278271874,0
2972,47.1685745076501,0.399442240570884,0,16320.7108197051,0
2973,47.2134046054009,0.399619168137622,0,16326.1938161466,0
2974,47.2582342017572,0.399795946207035,0,16331.6768165101,0
2975,47.3030632531504,0.399972574545762,0,16337.1598207938,0
2976,47.3478917161766,0.40014905292519,0,16342.642828996,0
2977,47.3927195475957,0.400325381121409,0,16348.1258411149,0
2978,47.4375467043314,0.400501558915179,0,16353.6088571486,0
2979,47.4823731434691,0.400677586091882,0,16359.0918770955,0
2980,47.5271988222563,0.400853462441477,0,16364.5749009538,0
2981,47.5720236981017,0.401029187758477,0,16370.0579287216,0
2982,47.6168477285733,0.401204761841879,0,16375.5409603972,0
2983,47.6616708713991,0.401380184495148,0,16381.0239959789,0
2984,47.7064930844656,0.401555455526174,0,16386.5070354648,0
2985,47.7513143258167,0.401730574747213,0,16391.9900788533,0
2986,47.7961345536537,0.401905541974873,0,16397.4731261424,0
2987,47.8409537263342,0.40208035703006,0,16402.9561773305,0
2988,47.8857718023711,0.402255019737936,0,16408.4392324158,0
2989,47.9305887404328,0.402429529927896,0,16413.9222913965,0
2990,47.9754044993407,0.402603887433512,0,16419.4053542708,0
2991,48.0202190380706,0.402778092092505,0,16424.888421037,0
2992,48.0650323157505,0.402952143746711,0,16430.3714916933,0
2993,48.10984429166,0.403126042242026,0,16435.854566238,0
2994,48.1546549252307,0.403299787428391,0,16441.3376446692,0
2995,48.1994641760439,0.403473379159741,0,16446.8207269852,0
2996,48.2442720038311,0.403646817293967,0,16452.3038131842,0
2997,48.289078368473,0.403820101692895,0,16457.7869032645,0
2998,48.3338832299983,0.403993232222228,0,16463.2699972244,0
2999,48.3786865485835,0.404166208751526,0,16468.7530950619,0
3000,48.4234882845525,0.404339031154172,0,16474.2361967755,0
3001,48.4682883983749,0.404511699307318,0,16479.7193023632,0
3002,48.5130868506665,0.404684213091873,0,16485.2024118234,0
3003,48.5578836021878,0.404856572392457,0,16490.6855251543,0
3004,48.6026786138433,0.405028777097357,0,16496.1686423541,0
3005,48.6474718466818,0.405200827098518,0,16501.651763421,0
3006,48.6922632618944,0.405372722291482,0,16507.1348883534,0
3007,48.7370528208148,0.405544462575371,0,16512.6180171494,0
3008,48.7818404849186,0.405716047852854,0,16518.1011498072,0
3009,48.8266262158217,0.405887478030095,0,16523.5842863252,0
3010,48.8714099752809,0.406058753016746,0,16529.0674267016,0
3011,48.9161917251925,0.4062298727259,0,16534.5505709345,0
3012,48.9609714275917,0.40640083707405,0,16540.0337190222,0
3013,49.0057490446523,0.406571645981082,0,16545.5168709631,0
3014,49.0505245386857,0.406742299370218,0,16551.0000267552,0
3015,49.0952978721406,0.406912797167994,0,16556.483186397,0
3016,49.1400690076021,0.40708313930424,0,16561.9663498865,0
3017,49.184837907791,0.407253325712018,0,16567.449517222,0
3018,49.2296045355636,0.407423356327629,0,16572.9326884019,0
3019,49.2743688539108,0.407593231090555,0,16578.4158634243,0
3020,49.3191308259573,0.407762949943432,0,16583.8990422875,0
3021,49.3638904149614,0.407932512832037,0,16589.3822249897,0
3022,49.4086475843141,0.408101919705234,0,16594.8654115291,0
3023,49.4534022975384,0.408271170514959,0,16600.3486019041,0
3024,49.4981545182893,0.408440265216192,0,16605.8317961129,0
3025,49.5429042103521,0.408609203766911,0,16611.3149941536,0
3026,49.5876513376432,0.408777986128084,0,16616.7981960246,0
3027,49.6323958642082,0.408946612263628,0,16622.2814017241,0
3028,49.6771377542219,0.409115082140373,0,16627.7646112504,0
3029,49.7218769719883,0.409283395728058,0,16633.2478246017,0
3030,49.7666134819384,0.409451552999271,0,16638.7310417762,0
3031,49.8113472486312,0.409619553929446,0,16644.2142627722,0
3032,49.8560782367527,0.409787398496829,0,16649.697487588,0
3033,49.9008064111146,0.409955086682433,0,16655.1807162217,0
3034,49.9455317366546,0.410122618470039,0,16660.6639486717,0
3035,49.9902541784352,0.410289993846149,0,16666.1471849363,0
3036,50.0349737016437,0.410457212799955,0,16671.6304250135,0
3037,50.0796902715913,0.410624275323341,0,16677.1136689018,0
3038,50.1244038537122,0.410791181410814,0,16682.5969165993,0
3039,50.1691144135638,0.410957931059513,0,16688.0801681044,0
3040,50.2138219168256,0.411124524269169,0,16693.5634234152,0
3041,50.2585263292985,0.411290961042068,0,16699.0466825301,0
3042,50.3032276169051,0.411457241383054,0,16704.5299454472,0
3043,50.3479257456879,0.411623365299469,0,16710.0132121648,0
3044,50.3926206818097,0.411789332801147,0,16715.4964826812,0
3045,50.437312391553,0.411955143900399,0,16720.9797569947,0
3046,50.4820008413186,0.412120798611952,0,16726.4630351034,0
3047,50.526685997626,0.412286296952963,0,16731.9463170057,0
3048,50.5713678271126,0.412451638942973,0,16737.4296026999,0
3049,50.6160462965327,0.41261682460388,0,16742.912892184,0
3050,50.6607213727578,0.412781853959933,0,16748.3961854566,0
3051,50.7053930227749,0.412946727037685,0,16753.8794825157,0
3052,50.7500612136872,0.413111443865982,0,16759.3627833596,0
3053,50.7947259127129,0.413276004475948,0,16764.8460879866,0
3054,50.8393870871843,0.41344040890093,0,16770.329396395,0
3055,50.8840447045486,0.413604657176513,0,16775.8127085831,0
3056,50.9286987323655,0.413768749340471,0,16781.296024549,0
3057,50.9733491383084,0.413932685432743,0,16786.779344291,0
3058,51.017995890163,0.414096465495437,0,16792.2626678075,0
3059,51.0626389558266,0.414260089572769,0,16797.7459950966,0
3060,51.1072783033082,0.414423557711068,0,16803.2293261567,0
3061,51.1519139007277,0.41458686995875,0,16808.7126609859,0
3062,51.1965457163151,0.414750026366275,0,16814.1959995826,0
3063,51.2411737184106,0.414913026986159,0,16819.679341945,0
3064,51.2857978754635,0.41507587187292,0,16825.1626880715,0
3065,51.330418156032,0.415238561083072,0,16830.6460379601,0
3066,51.3750345287825,0.415401094675111,0,16836.1293916093,0
3067,51.4196469624893,0.415563472709464,0,16841.6127490172,0
3068,51.4642554260341,0.415725695248505,0,16847.0961101822,0
3069,51.5088598884052,0.415887762356509,0,16852.5794751025,0
3070,51.5534603186972,0.416049674099631,0,16858.0628437764,0
3071,51.5980566861108,0.416211430545909,0,16863.5462162021,0
3072,51.6426489599514,0.416373031765205,0,16869.029592378,0
3073,51.6872371096298,0.416534477829221,0,16874.5129723022,0
3074,51.7318211046607,0.41669576881146,0,16879.996355973,0
3075,51.7764009146627,0.4168569047872,0,16885.4797433888,0
3076,51.8209765093581,0.4170178858335,0,16890.9631345478,0
3077,51.8655478585711,0.417178712029146,0,16896.4465294482,0
3078,51.9101149322291,0.417339383454655,0,16901.9299280884,0
3079,51.9546777003611,0.417499900192255,0,16907.4133304666,0
3080,51.9992361330972,0.417660262325844,0,16912.896736581,0
3081,52.0437902006687,0.417820469941,0,16918.38014643,0
3082,52.0883398734072,0.417980523124942,0,16923.8635600117,0
3083,52.132885121744,0.41814042196651,0,16929.3469773246,0
3084,52.1774259162103,0.41830016655617,0,16934.8303983668,0
3085,52.2219622274356,0.418459756985955,0,16940.3138231367,0
3086,52.2664940261485,0.418619193349486,0,16945.7972516324,0
3087,52.3110212831754,0.418778475741936,0,16951.2806838524,0
3088,52.35554396944,0.418937604259998,0,16956.7641197948,0
3089,52.4000620559635,0.419096579001903,0,16962.2475594579,0
3090,52.4445755138633,0.419255400067359,0,16967.73100284,0
3091,52.4890843143533,0.419414067557567,0,16973.2144499394,0
3092,52.5335884287427,0.419572581575193,0,16978.6979007544,0
3093,52.5780878284361,0.419730942224332,0,16984.1813552832,0
3094,52.622582484933,0.419889149610527,0,16989.6648135241,0
3095,52.6670723698269,0.420047203840716,0,16995.1482754753,0
3096,52.7115574548052,0.420205105023234,0,17000.6317411353,0
3097,52.756037711649,0.4203628532678,0,17006.1152105022,0
3098,52.8005131122316,0.420520448685475,0,17011.5986835743,0
3099,52.8449836285196,0.420677891388679,0,17017.0821603499,0
3100,52.889449232571,0.42083518149115,0,17022.5656408273,0
3101,52.9339098965356,0.420992319107929,0,17028.0491250048,0
3102,52.9783655926544,0.421149304355368,0,17033.5326128806,0
3103,53.0228162932587,0.42130613735107,0,17039.016104453,0
3104,53.0672619707706,0.421462818213918,0,17044.4995997204,0
3105,53.1117025977015,0.421619347064035,0,17049.9830986809,0
3106,53.1561381466522,0.421775724022759,0,17055.4666013329,0
3107,53.2005685903128,0.421931949212662,0,17060.9501076746,0
3108,53.2449939014612,0.422088022757494,0,17066.4336177044,0
3109,53.2894140529637,0.422243944782194,0,17071.9171314204,0
3110,53.3338290177744,0.422399715412872,0,17077.4006488211,0
3111,53.3782387689341,0.422555334776773,0,17082.8841699047,0
3112,53.4226432795706,0.422710803002296,0,17088.3676946695,0
3113,53.467042522898,0.422866120218947,0,17093.8512231137,0
3114,53.5114364722159,0.42302128655734,0,17099.3347552356,0
3115,53.55582510091,0.423176302149187,0,17104.8182910336,0
3116,53.6002083824501,0.423331167127263,0,17110.3018305059,0
3117,53.6445862903917,0.423485881625417,0,17115.7853736507,0
3118,53.6889587983734,0.423640445778539,0,17121.2689204665,0
3119,53.7333258801181,0.423794859722545,0,17126.7524709515,0
3120,53.7776875094322,0.423949123594388,0,17132.2360251039,0
3121,53.8220436602042,0.424103237532002,0,17137.719582922,0
3122,53.8663943064061,0.42425720167433,0,17143.2031444042,0
3123,53.9107394220913,0.424411016161285,0,17148.6867095488,0
3124,53.9550789813949,0.424564681133733,0,17154.1702783539,0
3125,53.9994129585337,0.424718196733512,0,17159.653850818,0
3126,54.0437413278048,0.424871563103369,0,17165.1374269393,0
3127,54.0880640635861,0.425024780386992,0,17170.621006716,0
3128,54.1323811403353,0.425177848728973,0,17176.1045901466,0
3129,54.1766925325896,0.42533076827479,0,17181.5881772292,0
3130,54.2209982149662,0.425483539170823,0,17187.0717679622,0
3131,54.2652981621599,0.425636161564301,0,17192.5553623438,0
3132,54.3095923489451,0.425788635603322,0,17198.0389603724,0
3133,54.3538807501734,0.425940961436829,0,17203.5225620463,0
3134,54.3981633407741,0.426093139214582,0,17209.0061673637,0
3135,54.4424400957544,0.426245169087181,0,17214.4897763229,0
3136,54.4867109901976,0.426397051206014,0,17219.9733889223,0
3137,54.5309759992636,0.42654878572327,0,17225.4570051601,0
3138,54.5752350981887,0.426700372791926,0,17230.9406250346,0
3139,54.6194882622842,0.426851812565712,0,17236.4242485441,0
3140,54.6637354669376,0.427003105199137,0,17241.907875687,0
3141,54.7079766876104,0.427154250847436,0,17247.3915064615,0
3142,54.7522118998391,0.427305249666587,0,17252.8751408658,0
3143,54.7964410792342,0.427456101813295,0,17258.3587788984,0
3144,54.8406642014799,0.42760680744496,0,17263.8424205575,0
3145,54.8848812423339,0.4277573667197,0,17269.3260658414,0
3146,54.9290921776267,0.427907779796305,0,17274.8097147484,0
3147,54.9732969832615,0.428058046834246,0,17280.2933672768,0
3148,55.0174956352138,0.428208167993666,0,17285.7770234249,0
3149,55.0616881095308,0.428358143435346,0,17291.260683191,0
3150,55.1058743823315,0.428507973320729,0,17296.7443465734,0
3151,55.1500544298056,0.428657657811873,0,17302.2280135704,0
3152,55.1942282282138,0.428807197071464,0,17307.7116841803,0
3153,55.2383957538874,0.428956591262804,0,17313.1953584015,0
3154,55.2825569832271,0.429105840549778,0,17318.6790362321,0
3155,55.326711892704,0.42925494509688,0,17324.1627176705,0
3156,55.3708604588579,0.429403905069168,0,17329.6464027151,0
3157,55.415002658298,0.429552720632268,0,17335.1300913641,0
3158,55.4591384677019,0.42970139195238,0,17340.6137836158,0
3159,55.5032678638152,0.429849919196225,0,17346.0974794686,0
3160,55.5473908234518,0.429998302531088,0,17351.5811789207,0
3161,55.5915073234927,0.430146542124765,0,17357.0648819704,0
3162,55.6356173408863,0.430294638145568,0,17362.5485886161,0
3163,55.679720852648,0.430442590762335,0,17368.032298856,0
3164,55.7238178358592,0.430590400144375,0,17373.5160126885,0
3165,55.767908267668,0.430738066461509,0,17378.9997301118,0
3166,55.8119921252876,0.430885589884024,0,17384.4834511243,0
3167,55.8560693859971,0.431032970582673,0,17389.9671757243,0
3168,55.9001400271409,0.431180208728687,0,17395.4509039101,0
3169,55.9442040261273,0.43132730449372,0,17400.93463568,0
3170,55.9882613604301,0.431474258049892,0,17406.4183710323,0
3171,56.0323120075864,0.43162106956974,0,17411.9021099653,0
3172,56.0763559451972,0.431767739226225,0,17417.3858524773,0
3173,56.1203931509271,0.431914267192735,0,17422.8695985667,0
3174,56.1644236025036,0.432060653643041,0,17428.3533482317,0
3175,56.2084472777172,0.43220689875133,0,17433.8371014707,0
3176,56.2524641544205,0.432353002692166,0,17439.3208582819,0
3177,56.2964742105282,0.432498965640487,0,17444.8046186638,0
3178,56.3404774240171,0.432644787771621,0,17450.2883826145,0
3179,56.3844737729252,0.432790469261229,0,17455.7721501324,0
3180,56.4284632353516,0.432936010285352,0,17461.2559212159,0
3181,56.4724457894563,0.433081411020358,0,17466.7396958631,0
3182,56.5164214134596,0.433226671642955,0,17472.2234740726,0
3183,56.5603900856424,0.433371792330191,0,17477.7072558425,0
3184,56.6043517843449,0.433516773259412,0,17483.1910411711,0
3185,56.6483064879671,0.433661614608298,0,17488.6748300569,0
3186,56.6922541749682,0.43380631655482,0,17494.1586224981,0
3187,56.7361948238664,0.433950879277245,0,17499.642418493,0
3188,56.7801284132383,0.434095302954142,0,17505.1262180399,0
3189,56.8240549217189,0.434239587764338,0,17510.6100211372,0
3190,56.8679743280014,0.434383733886957,0,17516.0938277832,0
3191,56.9118866108361,0.43452774150137,0,17521.5776379761,0
3192,56.9557917490312,0.434671610787213,0,17527.0614517144,0
3193,56.9996897214521,0.434815341924379,0,17532.5452689963,0
3194,57.0435805070203,0.434958935092985,0,17538.0290898202,0
3195,57.0874640847143,0.435102390473408,0,17543.5129141843,0
3196,57.1313404335687,0.435245708246234,0,17548.996742087,0
3197,57.175209532674,0.435388888592277,0,17554.4805735266,0
3198,57.2190713611762,0.435531931692572,0,17559.9644085015,0
3199,57.2629258982765,0.435674837728344,0,17565.4482470099,0
3200,57.3067731232314,0.43581760688104,0,17570.9320890501,0
3201,57.350613015352,0.435960239332282,0,17576.4159346206,0
3202,57.3944455540038,0.436102735263885,0,17581.8997837196,0
3203,57.4382707186065,0.436245094857853,0,17587.3836363454,0
3204,57.4820884886334,0.43638731829634,0,17592.8674924964,0
3205,57.5258988436121,0.436529405761695,0,17598.3513521709,0
3206,57.5697017631226,0.436671357436403,0,17603.8352153672,0
3207,57.6134972267985,0.436813173503114,0,17609.3190820836,0
3208,57.6572852143261,0.436954854144627,0,17614.8029523184,0
3209,57.701065705444,0.437096399543867,0,17620.2868260701,0
3210,57.7448386799431,0.437237809883918,0,17625.7707033369,0
3211,57.7886041176661,0.437379085347965,0,17631.2545841171,0
3212,57.8323619985077,0.437520226119332,0,17636.738468409,0
3213,57.8761123024137,0.437661232381458,0,17642.2223562111,0
3214,57.9198550093808,0.437802104317878,0,17647.7062475215,0
3215,57.9635900994572,0.437942842112255,0,17653.1901423388,0
3216,58.007317552741,0.438083445948322,0,17658.674040661,0
3217,58.0510373493812,0.438223916009924,0,17664.1579424867,0
3218,58.0947494695764,0.438364252480988,0,17669.6418478141,0
3219,58.1384538935753,0.43850445554551,0,17675.1257566416,0
3220,58.182150601676,0.438644525387583,0,17680.6096689675,0
3221,58.2258395742259,0.438784462191343,0,17686.0935847901,0
3222,58.2695207916217,0.438924266141012,0,17691.5775041077,0
3223,58.3131942343083,0.439063937420859,0,17697.0614269187,0
3224,58.3568598827797,0.439203476215201,0,17702.5453532215,0
3225,58.4005177175779,0.439342882708422,0,17708.0292830142,0
3226,58.4441677192928,0.43948215708492,0,17713.5132162954,0
3227,58.4878098685626,0.439621299529156,0,17718.9971530632,0
3228,58.5314441460724,0.439760310225606,0,17724.4810933161,0
3229,58.5750705325549,0.439899189358775,0,17729.9650370524,0
3230,58.6186890087899,0.440037937113202,0,17735.4489842704,0
3231,58.6622995556038,0.440176553673418,0,17740.9329349684,0
3232,58.7059021538698,0.440315039223992,0,17746.4168891448,0
3233,58.7494967845072,0.440453393949479,0,17751.9008467979,0
3234,58.7930834284815,0.440591618034444,0,17757.3848079261,0
3235,58.8366620668041,0.440729711663454,0,17762.8687725276,0
3236,58.8802326805319,0.440867675021049,0,17768.3527406009,0
3237,58.9237952507673,0.441005508291785,0,17773.8367121442,0
3238,58.9673497586577,0.44114321166017,0,17779.320687156,0
3239,59.0108961853956,0.441280785310711,0,17784.8046656344,0
3240,59.0544345122181,0.441418229427885,0,17790.288647578,0
3241,59.0979647204066,0.441555544196122,0,17795.7726329849,0
3242,59.1414867912873,0.441692729799845,0,17801.2566218536,0
3243,59.1850007062298,0.441829786423406,0,17806.7406141824,0
3244,59.2285064466477,0.441966714251137,0,17812.2246099696,0
3245,59.2720039939984,0.442103513467309,0,17817.7086092136,0
3246,59.3154933297823,0.442240184256139,0,17823.1926119126,0
3247,59.3589744355434,0.4423767268018,0,17828.6766180652,0
3248,59.402447292868,0.442513141288382,0,17834.1606276695,0
3249,59.4459118833858,0.442649427899933,0,17839.6446407239,0
3250,59.4893681887684,0.442785586820415,0,17845.1286572269,0
3251,59.5328161907301,0.442921618233721,0,17850.6126771766,0
3252,59.5762558710271,0.443057522323675,0,17856.0967005715,0
3253,59.6196872114574,0.443193299274002,0,17861.5807274099,0
3254,59.663110193861,0.443328949268363,0,17867.0647576902,0
3255,59.7065248001187,0.443464472490312,0,17872.5487914106,0
3256,59.7499310121533,0.443599869123318,0,17878.0328285696,0
3257,59.7933288119281,0.44373513935076,0,17883.5168691654,0
3258,59.8367181814475,0.443870283355897,0,17889.0009131965,0
3259,59.8800991027565,0.444005301321913,0,17894.4849606612,0
3260,59.9234715579405,0.444140193431855,0,17899.9690115578,0
3261,59.9668355291251,0.44427495986868,0,17905.4530658846,0
3262,60.0101909984762,0.444409600815223,0,17910.9371236401,0
3263,60.0535379481992,0.444544116454195,0,17916.4211848225,0
3264,60.0968763605394,0.444678506968204,0,17921.9052494302,0
3265,60.1402062177814,0.444812772539707,0,17927.3893174616,0
3266,60.1835275022495,0.44494691335106,0,17932.873388915,0
3267,60.2268401963064,0.445080929584467,0,17938.3574637887,0
3268,60.2701442823542,0.445214821422006,0,17943.8415420811,0
3269,60.3134397428337,0.445348589045624,0,17949.3256237906,0
3270,60.3567265602239,0.445482232637106,0,17954.8097089155,0
3271,60.4000047170427,0.445615752378123,0,17960.2937974542,0
3272,60.4432741958455,0.445749148450169,0,17965.7778894049,0
3273,60.4865349792263,0.445882421034607,0,17971.2619847661,0
3274,60.5297870498164,0.446015570312643,0,17976.7460835362,0
3275,60.573030390285,0.446148596465318,0,17982.2301857134,0
3276,60.6162649833388,0.446281499673532,0,17987.7142912961,0
3277,60.6594908117215,0.446414280118,0,17993.1984002826,0
3278,60.7027078582143,0.446546937979292,0,17998.6825126714,0
3279,60.7459161056349,0.446679473437801,0,18004.1666284608,0
3280,60.7891155368378,0.446811886673746,0,18009.6507476491,0
3281,60.8323061347147,0.446944177867189,0,18015.1348702347,0
3282,60.8754878821927,0.447076347197991,0,18020.6189962159,0
3283,60.9186607622361,0.447208394845863,0,18026.1031255911,0
3284,60.9618247578445,0.447340320990311,0,18031.5872583587,0
3285,61.0049798520541,0.44747212581067,0,18037.071394517,0
3286,61.0481260279364,0.44760380948609,0,18042.5555340644,0
3287,61.0912632685986,0.447735372195518,0,18048.0396769992,0
3288,61.1343915571834,0.447866814117735,0,18053.5238233197,0
3289,61.1775108768686,0.447998135431298,0,18059.0079730244,0
3290,61.2206212108674,0.448129336314594,0,18064.4921261116,0
3291,61.2637225424275,0.448260416945798,0,18069.9762825797,0
3292,61.3068148548319,0.448391377502883,0,18075.460442427,0
3293,61.3498981313979,0.448522218163634,0,18080.9446056518,0
3294,61.3929723554772,0.448652939105605,0,18086.4287722526,0
3295,61.4360375104565,0.448783540506173,0,18091.9129422277,0
3296,61.4790935797557,0.448914022542478,0,18097.3971155755,0
3297,61.5221405468294,0.449044385391465,0,18102.8812922943,0
3298,61.565178395166,0.449174629229863,0,18108.3654723824,0
3299,61.6082071082874,0.449304754234171,0,18113.8496558384,0
3300,61.6512266697493,0.449434760580696,0,18119.3338426604,0
3301,61.6942370631406,0.449564648445494,0,18124.8180328469,0
3302,61.7372382720839,0.449694418004425,0,18130.3022263962,0
3303,61.7802302802346,0.44982406943311,0,18135.7864233067,0
3304,61.8232130712813,0.449953602906944,0,18141.2706235768,0
3305,61.8661866289452,0.450083018601108,0,18146.7548272049,0
3306,61.9091509369806,0.45021231669053,0,18152.2390341892,0
3307,61.9521059791743,0.450341497349931,0,18157.7232445282,0
3308,61.9950517393452,0.450470560753777,0,18163.2074582202,0
3309,62.037988201345,0.450599507076313,0,18168.6916752636,0
3310,62.0809153490575,0.450728336491542,0,18174.1758956567,0
3311,62.1238331663981,0.450857049173222,0,18179.660119398,0
3312,62.1667416373149,0.450985645294888,0,18185.1443464858,0
3313,62.2096407457869,0.451114125029808,0,18190.6285769185,0
3314,62.2525304758256,0.45124248855103,0,18196.1128106944,0
3315,62.2954108114734,0.451370736031339,0,18201.5970478119,0
3316,62.3382817368044,0.451498867643279,0,18207.0812882693,0
3317,62.381143235924,0.451626883559154,0,18212.5655320651,0
3318,62.4239952929684,0.451754783950997,0,18218.0497791976,0
3319,62.4668378921055,0.451882568990616,0,18223.5340296653,0
3320,62.5096710175334,0.45201023884954,0,18229.0182834663,0
3321,62.5524946534813,0.452137793699061,0,18234.5025405992,0
3322,62.5953087842091,0.452265233710209,0,18239.9868010623,0
3323,62.6381133940071,0.452392559053751,0,18245.4710648539,0
3324,62.6809084671961,0.452519769900211,0,18250.9553319725,0
3325,62.7236939881272,0.452646866419828,0,18256.4396024164,0
3326,62.7664699411817,0.452773848782609,0,18261.923876184,0
3327,62.8092363107708,0.452900717158272,0,18267.4081532736,0
3328,62.8519930813358,0.453027471716285,0,18272.8924336837,0
3329,62.8947402373478,0.453154112625852,0,18278.3767174127,0
3330,62.9374777633078,0.453280640055897,0,18283.8610044588,0
3331,62.9802056437462,0.453407054175096,0,18289.3452948204,0
3332,63.0229238632227,0.453533355151834,0,18294.829588496,0
3333,63.0656324063269,0.453659543154247,0,18300.313885484,0
3334,63.1083312576774,0.453785618350183,0,18305.7981857826,0
3335,63.1510204019219,0.453911580907225,0,18311.2824893903,0
3336,63.1936998237374,0.454037430992689,0,18316.7667963054,0
3337,63.2363695078295,0.454163168773597,0,18322.2511065264,0
3338,63.279029438933,0.454288794416723,0,18327.7354200516,0
3339,63.3216796018114,0.454414308088536,0,18333.2197368793,0
3340,63.3643199812568,0.454539709955249,0,18338.704057008,0
3341,63.4069505620896,0.454665000182787,0,18344.1883804361,0
3342,63.4495713291592,0.454790178936792,0,18349.6727071619,0
3343,63.4921822673428,0.454915246382641,0,18355.1570371838,0
3344,63.5347833615462,0.455040202685405,0,18360.6413705002,0
3345,63.5773745967032,0.455165048009902,0,18366.1257071095,0
3346,63.6199559577755,0.455289782520641,0,18371.61004701,0
3347,63.6625274297533,0.455414406381863,0,18377.0943902001,0
3348,63.705088997654,0.45553891975752,0,18382.5787366783,0
3349,63.7476406465231,0.455663322811273,0,18388.0630864429,0
3350,63.7901823614339,0.455787615706512,0,18393.5474394922,0
3351,63.8327141274868,0.455911798606316,0,18399.0317958247,0
3352,63.8752359298104,0.456035871673502,0,18404.5161554388,0
3353,63.91774775356,0.456159835070579,0,18410.0005183328,0
3354,63.9602495839187,0.456283688959776,0,18415.4848845052,0
3355,64.0027414060965,0.456407433503033,0,18420.9692539542,0
3356,64.0452232053307,0.45653106886199,0,18426.4536266783,0
3357,64.0876949668857,0.456654595198013,0,18431.938002676,0
3358,64.1301566760526,0.456778012672154,0,18437.4223819455,0
3359,64.1726083181498,0.456901321445194,0,18442.9067644852,0
3360,64.215049878522,0.457024521677605,0,18448.3911502936,0
3361,64.2574813425408,0.457147613529573,0,18453.875539369,0
3362,64.2999026956047,0.457270597160992,0,18459.3599317099,0
3363,64.3423139231383,0.457393472731449,0,18464.8443273145,0
3364,64.3847150105929,0.457516240400257,0,18470.3287261814,0
3365,64.4271059434461,0.457638900326408,0,18475.8131283088,0
3366,64.4694867072019,0.457761452668621,0,18481.2975336953,0
3367,64.5118572873904,0.457883897585301,0,18486.7819423391,0
3368,64.5542176695679,0.458006235234564,0,18492.2663542386,0
3369,64.5965678393168,0.458128465774233,0,18497.7507693923,0
3370,64.6389077822452,0.458250589361816,0,18503.2351877986,0
3371,64.6812374839878,0.458372606154547,0,18508.7196094558,0
3372,64.7235569302043,0.458494516309335,0,18514.2040343624,0
3373,64.7658661065808,0.458616319982814,0,18519.6884625166,0
3374,64.8081649988287,0.458738017331301,0,18525.172893917,0
3375,64.8504535926852,0.458859608510818,0,18530.6573285619,0
3376,64.8927318739132,0.458981093677097,0,18536.1417664497,0
3377,64.9349998283006,0.459102472985549,0,18541.6262075789,0
3378,64.9772574416612,0.459223746591309,0,18547.1106519477,0
3379,65.0195046998339,0.459344914649185,0,18552.5950995546,0
3380,65.0617415886829,0.459465977313706,0,18558.079550398,0
3381,65.1039680940976,0.459586934739087,0,18563.5640044763,0
3382,65.1461842019925,0.459707787079241,0,18569.0484617879,0
3383,65.1883898983074,0.459828534487791,0,18574.5329223311,0
3384,65.2305851690066,0.459949177118037,0,18580.0173861045,0
3385,65.5980775159526,0.460069715122998,0,18585.5229977802,0
3386,62.3051336682101,0.460190148655378,0,18592.5780378409,0
3387,59.1785528931144,0.460310477867581,0,18599.3282805823,0
3388,56.2121094070793,0.460430702911704,0,18605.8319778003,0
3389,53.3975653077744,0.460550823939555,0,18612.1370495163,0
3390,50.7277724786986,0.460670841102619,0,18618.2820875451,0
3391,48.1978249217416,0.460790754552088,0,18624.2981754199,0
3392,45.8063698777938,0.460910564438863,0,18630.2103506963,0
3393,43.556099011464,0.461030270913511,0,18636.0387823246,0
3394,41.4528782006535,0.461149874126315,0,18641.7997193938,0
3395,39.5038157754687,0.461269374227264,0,18647.5062537712,0
3396,37.7150698879274,0.461388771366028,0,18653.1689342879,0
3397,36.0901206188198,0.461341936889324,0,18658.7962615876,0
3398,34.6288576876634,0.460392364168775,0,18664.3950864538,0
3399,33.3274678734849,0.459363506418692,0,18669.9709303455,0
3400,32.1787978993104,0.458256142152566,0,18675.5282437615,0
3401,31.1718834081205,0.457081211433152,0,18681.0706142533,0
3402,30.2892949767139,0.455847565423766,0,18686.6009340355,0
3403,29.5063873632689,0.454562524832775,0,18692.1215349573,0
3404,28.7971434235685,0.453232360609915,0,18697.6342971364,0
3405,28.1425167050015,0.451862730015605,0,18703.1407366688,0
3406,27.5345545934367,0.450459036394634,0,18708.6420762094,0
3407,26.9745097192961,0.449026665763804,0,18714.1393018371,0
3408,26.4678553649652,0.44757108063599,0,18719.6332088895,0
3409,26.0196862869453,0.446097789891772,0,18725.1244389136,0
3410,25.6321802694233,0.444612238548992,0,18730.6135094579,0
3411,25.3040818558165,0.44311966601455,0,18736.100838067,0
3412,25.0313891678714,0.441624969620641,0,18741.5867616301,0
3413,24.8084460376553,0.440132567699383,0,18747.0715519825,0
3414,24.6289612039946,0.438646159050292,0,18752.5554284902,0
3415,24.4867405831101,0.437168344373455,0,18758.0385681905,0
3416,24.3760756841507,0.435700400228405,0,18763.5211139703,0
3417,24.2918535153478,0.434242510515179,0,18769.0031811618,0
3418,24.2295235930451,0.432794376060854,0,18774.484862866,0
3419,24.1850400484038,0.431355850476143,0,18779.9662342438,0
3420,24.1548312767802,0.429927316341374,0,18785.4473559771,0
3421,24.1357945732855,0.428509739326535,0,18790.9282770616,0
3422,24.1252937911122,0.427104501020215,0,18796.409037061,0
3423,24.1211433125455,0.425713152983392,0,18801.8896679255,0
3424,24.1215738476213,0.424337196066506,0,18807.3701954586,0
3425,24.1251845119504,0.422977931458157,0,18812.850640501,0
3426,24.1308887457292,0.421636387978951,0,18818.3310198865,0
3427,24.1378607336974,0.420313309089723,0,18823.8113472137,0
3428,24.1454866796709,0.419009175839291,0,18829.2916334681,0
3429,24.1533228194305,0.41772424351932,0,18834.7718875253,0
3430,24.161060400752,0.416458577803574,0,18840.2521165563,0
3431,24.1684968940218,0.41521208558293,0,18845.7323263553,0
3432,24.1755123258646,0.413984541643406,0,18851.2125216047,0
3433,24.1820495280711,0.41277561361672,0,18856.6927060883,0
3434,24.1880973729399,0.411584886406299,0,18862.172882864,0
3435,24.1936765092928,0.410411885748343,0,18867.653054403,0
3436,24.1988275914381,0.40925609986374,0,18873.1332227027,0
3437,24.2036022184663,0.408116998174605,0,18878.6133893776,0
3438,24.2080567377137,0.406994046533798,0,18884.0935557323,0
3439,24.2122487501952,0.405886718905696,0,18889.5737228215,0
3440,24.2162357910385,0.404794505853785,0,18895.0538914974,0
3441,24.2200753969724,0.403716920349883,0,18900.5340624488,0
3442,24.2238257427961,0.402653501459176,0,18906.0142362324,0
3443,24.2275461946921,0.401603816389942,0,18911.4944132979,0
3444,24.2312973975167,0.400567461321877,0,18916.9745940086,0
3445,24.235140783028,0.399544061314455,0,18922.454778658,0
3446,24.2391375904073,0.398533269506024,0,18927.934967483,0
3447,24.2433475948434,0.397534765756196,0,18933.4151606748,0
3448,24.2478277592425,0.396548254870716,0,18938.8953583877,0
3449,24.252630989089,0.395573464556643,0,18944.375560746,0
3450,24.2578051071362,0.394610143266208,0,18949.8557678498,0
3451,24.2633921045455,0.393658058088795,0,18955.3359797799,0
3452,24.2694276807523,0.392716992823162,0,18960.8161966008,0
3453,24.2759410553087,0.391786746312798,0,18966.2964183645,0
3454,24.2829550174915,0.390867131065194,0,18971.7766451127,0
3455,24.2904861724129,0.389957972126838,0,18977.2568768785,0
3456,24.2985453415021,0.389059106153181,0,18982.7371136882,0
3457,24.3071380753272,0.388170380603354,0,18988.2173555628,0
3458,24.3162652393541,0.387291652995353,0,18993.6976025188,0
3459,24.3259236370149,0.386422790175864,0,18999.1778545689,0
3460,24.3361066403393,0.385563667579047,0,19004.658111723,0
3461,24.3468048033781,0.384714168467675,0,19010.1383739889,0
3462,24.3580064402143,0.383874183161796,0,19015.6186413721,0
3463,24.3696981547492,0.383043608267665,0,19021.0989138767,0
3464,24.3818653147581,0.38222234592196,0,19026.5791915057,0
3465,24.3944924663802,0.381410303066925,0,19032.0594742608,0
3466,24.4075636888047,0.380607390769084,0,19037.5397621432,0
3467,24.4210628910553,0.379813523591577,0,19043.0200551531,0
3468,24.4349740544208,0.379028619026679,0,19048.5003532904,0
3469,24.4492814252317,0.378252596993168,0,19053.9806565545,0
3470,24.4639696634909,0.37748537939975,0,19059.4609649444,0
3471,24.479023953215,0.376726889773466,0,19064.9412784589,0
3472,24.4944300803167,0.375977052949596,0,19070.4215970966,0
3473,24.5101744840191,0.375235794819176,0,19075.9019208558,0
3474,24.526244287194,0.374503042128595,0,19081.3822497346,0
3475,24.5426273103749,0.373778722325168,0,19086.8625837312,0
3476,24.5593120732569,0.373062763441826,0,19092.3429228435,0
3477,24.5762877871146,0.37235509401533,0,19097.8232670694,0
3478,24.5935443405074,0.371655643032178,0,19103.3036164068,0
3479,24.6110722799824,0.370964339896795,0,19108.7839708534,0
3480,24.6288627868006,0.370281114416561,0,19114.264330407,0
3481,24.646907650783,0.369605896800055,0,19119.7446950653,0
3482,24.6651992418255,0.368938617664901,0,19125.2250648259,0
3483,24.6837304795225,0.368279208052207,0,19130.7054396866,0
3484,24.7024948011418,0.367627599444568,0,19136.185819645,0
3485,24.7214861286152,0.366983723786307,0,19141.6662046987,0
3486,24.7406988349223,0.366347513504559,0,19147.1465948453,0
3487,24.7601277102652,0.365718901530162,0,19152.6269900825,0
3488,24.7797679283074,0.365097821317146,0,19158.1073904079,0
3489,24.7996150131408,0.364484206860959,0,19163.587795819,0
3490,24.8196648073247,0.363877992715147,0,19169.0682063135,0
3491,24.8399134412984,0.363279114006377,0,19174.548621889,0
3492,24.8603573043134,0.362687506447273,0,19180.0290425431,0
3493,24.8809930173364,0.362103106347547,0,19185.5094682734,0
3494,24.9018174080409,0.361525850623419,0,19190.9898990775,0
3495,24.9228274879274,0.36095567680529,0,19196.4703349529,0
3496,24.9440204314984,0.360392523043312,0,19201.9507758974,0
3497,24.9653935576743,0.359836328111302,0,19207.4312219084,0
3498,24.9869443133474,0.359287031409037,0,19212.9116729837,0
3499,25.0086702589085,0.358744572962913,0,19218.3921291207,0
3500,25.0305690555489,0.35820889342471,0,19223.8725903172,0
3501,25.0526384543592,0.357679934068972,0,19229.3530565708,0
3502,25.0748762870389,0.35715763678907,0,19234.8335278789,0
3503,25.0972804579697,0.356641944091984,0,19240.3140042394,0
3504,25.11984893746,0.356132799091712,0,19245.7944856497,0
3505,25.1425797561366,0.355630145501784,0,19251.2749721075,0
3506,25.1654710003164,0.355133927627035,0,19256.7554636104,0
3507,25.18852080812,0.354644090354642,0,19262.2359601561,0
3508,25.211727366213,0.354160579144421,0,19267.7164617422,0
3509,25.2350889071611,0.353683340018843,0,19273.1969683662,0
3510,25.2586037072935,0.353212319552854,0,19278.6774800259,0
3511,25.2822700848728,0.352747464863495,0,19284.1579967189,0
3512,25.3060863985472,0.352288723599306,0,19289.6385184427,0
3513,25.3300510460903,0.351836043929913,0,19295.1190451951,0
3514,25.3541624633739,0.35138937453582,0,19300.5995769737,0
3515,25.3784191234017,0.350948664598296,0,19306.0801137761,0
3516,25.4028195354542,0.350513863789408,0,19311.5606556,0
3517,25.42736224435,0.350084922262452,0,19317.0412024429,0
3518,25.4520458297998,0.349661790642784,0,19322.5217543027,0
3519,25.4768689057005,0.349244420018846,0,19328.0023111768,0
3520,25.50183011947,0.348832761933502,0,19333.482873063,0
3521,25.5269281514178,0.348426768375815,0,19338.963439959,0
3522,25.5521617141399,0.34802639177326,0,19344.4440118623,0
3523,25.5775295518046,0.347631584984112,0,19349.9245887707,0
3524,25.6030304394612,0.347242301290175,0,19355.4051706818,0
3525,25.6286631823556,0.346858494389921,0,19360.8857575932,0
3526,25.6544266152352,0.346480118392006,0,19366.3663495027,0
3527,25.6803196015467,0.346107127808891,0,19371.8469464078,0
3528,25.7063410326599,0.345739477550793,0,19377.3275483064,0
3529,25.7324898271023,0.345377122919981,0,19382.808155196,0
3530,25.7587649297632,0.345020019605345,0,19388.2887670744,0
3531,25.7851653110243,0.344668123677017,0,19393.7693839391,0
3532,25.8116899659267,0.34432139158129,0,19399.250005788,0
3533,25.838337913367,0.343979780135807,0,19404.7306326186,0
3534,25.8651081952487,0.343643246524923,0,19410.2112644286,0
3535,25.8919998756087,0.343311748295081,0,19415.6919012158,0
3536,25.9190120397876,0.342985243350452,0,19421.1725429779,0
3537,25.946143793646,0.342663689948788,0,19426.6531897124,0
3538,25.9733942627282,0.342347046697331,0,19432.1338414172,0
3539,26.0007625914442,0.342035272548755,0,19437.6144980899,0
3540,26.0282479423014,0.341728326797314,0,19443.0951597281,0
3541,26.0558494951868,0.34142616907517,0,19448.5758263297,0
3542,26.0835664465926,0.341128759348672,0,19454.0564978923,0
3543,26.1113980088955,0.340836057914712,0,19459.5371744137,0
3544,26.1393434096857,0.340548025397235,0,19465.0178558914,0
3545,26.167401891134,0.340264622743893,0,19470.4985423232,0
3546,26.1955727093138,0.339985811222583,0,19475.9792337069,0
3547,26.2238551335889,0.339711552418108,0,19481.4599300402,0
3548,26.2522484460582,0.339441808228966,0,19486.9406313207,0
3549,26.280751941003,0.339176540864208,0,19492.4213375462,0
3550,26.3093649243209,0.338915712840197,0,19497.9020487143,0
3551,26.3380867130209,0.338659286977495,0,19503.3827648229,0
3552,26.3669166347742,0.338407226397881,0,19508.8634858697,0
3553,26.3958540274378,0.338159494521346,0,19514.3442118523,0
3554,26.4248982385958,0.337916055063052,0,19519.8249427685,0
3555,26.454048625151,0.337676872030407,0,19525.305678616,0
3556,26.4833045529641,0.337441909720275,0,19530.7864193925,0
3557,26.5126653964462,0.337211132716081,0,19536.2671650959,0
3558,26.542130538193,0.336984505884955,0,19541.7479157237,0
3559,26.5716993686627,0.336761994374991,0,19547.2286712738,0
3560,26.601371285876,0.3365435636126,0,19552.7094317439,0
3561,26.6311456950759,0.336329179299733,0,19558.1901971317,0
3562,26.6610220084362,0.336118807411205,0,19563.670967435,0
3563,26.6909996448124,0.335912414192125,0,19569.1517426515,0
3564,26.7210780294794,0.335709966155357,0,19574.6325227789,0
3565,26.7512565938555,0.335511430078886,0,19580.1133078151,0
3566,26.7815347752701,0.335316773003301,0,19585.5940977577,0
3567,26.8119120167695,0.335125962229398,0,19591.0748926046,0
3568,26.8423877668807,0.334938965315714,0,19596.5556923534,0
3569,26.8729614793924,0.334755750076057,0,19602.0364970019,0
3570,26.9036326131719,0.334576284577148,0,19607.5173065479,0
3571,26.9344006320043,0.334400537136351,0,19612.9981209891,0
3572,26.9652650043822,0.334228476319305,0,19618.4789403233,0
3573,26.9962252033336,0.334060070937603,0,19623.9597645483,0
3574,27.0272807062822,0.33389529004659,0,19629.4405936618,0
3575,27.0584309948966,0.333734102943198,0,19634.9214276616,0
3576,27.0896755549164,0.333576479163671,0,19640.4022665454,0
3577,27.1210138760148,0.333422388481403,0,19645.8831103111,0
3578,27.1524454516914,0.33327180090488,0,19651.3639589564,0
3579,27.1839697791257,0.333124686675572,0,19656.8448124791,0
3580,27.2155863590394,0.332981016265797,0,19662.3256708769,0
3581,27.2472946955898,0.33284076037669,0,19667.8065341476,0
3582,27.2790942962786,0.332703889936267,0,19673.287402289,0
3583,27.3109846718155,0.332570376097373,0,19678.768275299,0
3584,27.3429653360118,0.332440190235682,0,19684.2491531752,0
3585,27.3750358057034,0.332313303947804,0,19689.7300359154,0
3586,27.4071956006567,0.33218968904942,0,19695.2109235175,0
3587,27.4394442434569,0.332069317573305,0,19700.6918159793,0
3588,27.4717812594252,0.331952161767468,0,19706.1727132984,0
3589,27.5042061765627,0.331838194093378,0,19711.6536154728,0
3590,27.5367185254522,0.331727387224127,0,19717.1345225001,0
3591,27.569317839173,0.331619714042579,0,19722.6154343783,0
3592,27.6020036532421,0.331515147639616,0,19728.0963511051,0
3593,27.6347755055615,0.331413661312465,0,19733.5772726783,0
3594,27.6676329363272,0.331315228562889,0,19739.0581990956,0
3595,27.7005754879668,0.331219823095461,0,19744.539130355,0
3596,27.733602705103,0.331127418815931,0,19750.0200664542,0
3597,27.76671413449,0.331037989829577,0,19755.501007391,0
3598,27.7999093249439,0.330951510439486,0,19760.9819531632,0
3599,27.833187827299,0.330867955144931,0,19766.4629037686,0
3600,27.8665491943805,0.33078729863984,0,19771.943859205,0
3601,27.8999929809365,0.330709515811159,0,19777.4248194704,0
3602,27.9335187435895,0.330634581737232,0,19782.9057845623,0
3603,27.9671260408121,0.330562471686298,0,19788.3867544788,0
3604,28.0008144328917,0.330493161114997,0,19793.8677292175,0
3605,28.0345834818735,0.330426625666775,0,19799.3487087764,0
3606,28.0684327515284,0.330362841170378,0,19804.8296931532,0
3607,28.1023618073426,0.33030178363844,0,19810.3106823458,0
3608,28.1363702164688,0.330243429265993,0,19815.7916763519,0
3609,28.1704575476891,0.330187754428962,0,19821.2726751695,0
3610,28.2046233713991,0.330134735682753,0,19826.7536787963,0
3611,28.2388672595926,0.330084349760906,0,19832.2346872302,0
3612,28.2731887858153,0.330036573573611,0,19837.7157004689,0
3613,28.3075875251434,0.329991384206307,0,19843.1967185104,0
3614,28.3420630541813,0.329948758918372,0,19848.6777413525,0
3615,28.376614951031,0.329908675141762,0,19854.1587689929,0
3616,28.4112427952619,0.329871110479609,0,19859.6398014296,0
3617,28.4459461679018,0.329836042704903,0,19865.1208386604,0
3618,28.4807246514352,0.329803449759253,0,19870.601880683,0
3619,28.5155778297661,0.329773309751516,0,19876.0829274955,0
3620,28.5505052882044,0.32974560095649,0,19881.5639790955,0
3621,28.5855066134693,0.329720301813692,0,19887.0450354809,0
3622,28.6205813936714,0.329697390926111,0,19892.5260966497,0
3623,28.6557292182882,0.329676847058896,0,19898.0071625996,0
3624,28.6909496781615,0.329658649138131,0,19903.4882333285,0
3625,28.7262423655024,0.329642776249685,0,19908.9693088342,0
3626,28.7616068738635,0.32962920763794,0,19914.4503891146,0
3627,28.7970427981296,0.329617922704573,0,19919.9314741676,0
3628,28.8325497345263,0.329608901007415,0,19925.4125639909,0
3629,28.8681272806095,0.3296021222593,0,19930.8936585825,0
3630,28.9037750352466,0.329597566326834,0,19936.3747579403,0
3631,28.939492598618,0.329595213229257,0,19941.855862062,0
3632,28.9752795722268,0.329595043137369,0,19947.3369709455,0
3633,29.0111355588773,0.329597036372354,0,19952.8180845888,0
3634,29.0470601626696,0.329601173404629,0,19958.2992029896,0
3635,29.0830529890116,0.329607434852786,0,19963.7803261458,0
3636,29.1191136446128,0.329615801482524,0,19969.2614540554,0
3637,29.1552417374708,0.32962625420549,0,19974.7425867161,0
3638,29.1914368768755,0.329638774078217,0,19980.2237241259,0
3639,29.2276986734212,0.329653342301129,0,19985.7048662825,0
3640,29.2640267389898,0.32966994021743,0,19991.186013184,0
3641,29.3004206867486,0.329688549312033,0,19996.6671648281,0
3642,29.3368801311648,0.329709151210573,0,20002.1483212128,0
3643,29.3734046880011,0.329731727678402,0,20007.6294823359,0
3644,29.4099939743064,0.329756260619504,0,20013.1106481952,0
3645,29.4466476084224,0.329782732075505,0,20018.5918187888,0
3646,29.4833652099968,0.329811124224737,0,20024.0729941144,0
3647,29.5201463999689,0.329841419381196,0,20029.5541741699,0
3648,29.5569908005708,0.329873599993536,0,20035.0353589533,0
3649,29.5938980353433,0.329907648644154,0,20040.5165484624,0
3650,29.6308677291317,0.329943548048238,0,20045.9977426951,0
