"t","mu","avhc","EIR_tot","slide_prev0to5","prop_killed_ivm","mv_dead","mvx_dead"
1,0.132,0.306666666666667,69.5324707730142,0.624000884168645,NA,0,0
2,0.132,0.306666666666667,77.6509610227361,0.624000884168645,0,5.48980117367367,0
3,0.132,0.306666666666667,82.6984662282491,0.624000884168645,0,10.9796023473473,0
4,0.132,0.306666666666667,85.314338241792,0.624000884168645,0,16.469403521021,0
5,0.132,0.306666666666667,86.0535027006598,0.624000884168645,0,21.9592046946947,0
6,0.132,0.306666666666667,85.4423242013757,0.624000884168645,0,27.4490058683683,0
7,0.132,0.306666666666667,84.000908369317,0.624000884168645,0,32.938807042042,0
8,0.132,0.306666666666667,82.2052473576887,0.624000884168645,0,38.4286082157157,0
9,0.132,0.306666666666667,80.4249500140649,0.624000884168645,0,43.9184093893894,0
10,0.132,0.306666666666667,78.8873835087568,0.624000884168645,0,49.408210563063,0
11,0.132,0.306666666666667,77.6863610692382,0.624000884168645,0,54.8980117367367,0
12,0.132,0.306666666666667,76.8193410590555,0.624000884168645,0,60.3878129104104,0
13,0.132,0.306666666666667,76.23316478209,0.624001167106395,0,65.877614084084,0
14,0.132,0.306666666666667,75.8581927709666,0.624321815254558,0,71.3674152577577,0
15,0.132,0.306666666666667,75.629456043571,0.625070490978422,0,76.8572164314314,0
16,0.132,0.306666666666667,75.4955717178158,0.626003665783363,0,82.3470176051051,0
17,0.132,0.306666666666667,75.4199997889774,0.626949373999855,0,87.8368187787787,0
18,0.132,0.306666666666667,75.3786916336817,0.627796235198931,0,93.3266199524524,0
19,0.132,0.306666666666667,75.3567504633273,0.628483757152005,0,98.8164211261261,0
20,0.132,0.306666666666667,75.3453920807837,0.628993232058632,0,104.3062222998,0
21,0.132,0.306666666666667,75.339647069704,0.629336522160622,0,109.796023473473,0
22,0.132,0.306666666666667,75.3368018479533,0.629543342255427,0,115.285824647147,0
23,0.132,0.306666666666667,75.3354194750998,0.629649663169451,0,120.775625820821,0
24,0.132,0.306666666666667,75.3347595510795,0.629689430059376,0,126.265426994494,0
25,0.132,0.306666666666667,75.3344495389887,0.629690188664024,0,131.755228168168,0
26,0.132,0.306666666666667,75.3343060527027,0.629671881759826,0,137.245029341842,0
27,0.132,0.306666666666667,75.3342405492801,0.629647555604838,0,142.734830515515,0
28,0.132,0.306666666666667,75.3342110889359,0.629624903311661,0,148.224631689189,0
29,0.132,0.306666666666667,75.3342001862792,0.629607900118034,0,153.714432862863,0
30,0.132,0.306666666666667,75.3342187317062,0.629598167796161,0,159.204234036536,0
31,0.132,0.306666666666667,75.3343513259074,0.629595966595793,0,164.69403521021,0
32,0.132,0.306666666666667,75.3348333774191,0.629600847975235,0,170.183836383884,0
33,0.132,0.306666666666667,75.3361016199548,0.629612050463798,0,175.673637557557,0
34,0.132,0.306666666666667,75.338756740232,0.62962872150114,0,181.163438731231,0
35,0.132,0.306666666666667,75.3434326699637,0.629650031113863,0,186.653239904905,0
36,0.132,0.306666666666667,75.3506258115943,0.629675222977806,0,192.143041078579,0
37,0.132,0.306666666666667,75.3605551111444,0.6297036316061,0,197.632842252252,0
38,0.132,0.306666666666667,75.3730999672325,0.629734682619864,0,203.122643425926,0
39,0.132,0.306666666666667,75.387824705534,0.629767885496392,0,208.6124445996,0
40,0.132,0.306666666666667,75.4040675905922,0.629802823661102,0,214.102245773273,0
41,0.132,0.306666666666667,75.4210594950115,0.629839144356386,0,219.592046946947,0
42,0.132,0.306666666666667,75.4380391529951,0.62987654977464,0,225.081848120621,0
43,0.132,0.306666666666667,75.4543427929433,0.629914791479004,0,230.571649294294,0
44,0.132,0.306666666666667,75.4694582778857,0.62995367043178,0,236.061450467968,0
45,0.132,0.306666666666667,75.4830446663335,0.629993042256137,0,241.551251641642,0
46,0.132,0.306666666666667,75.4949243789193,0.630032822933744,0,247.041052815315,0
47,0.132,0.306666666666667,75.5050578664111,0.63007298821791,0,252.530853988989,0
48,0.132,0.306666666666667,75.5135101664265,0.63011356264036,0,258.020655162663,0
49,0.132,0.306666666666667,75.5204167191353,0.630154598990434,0,263.510456336336,0
50,0.132,0.306666666666667,75.525953121718,0.630196153223897,0,269.00025751001,0
51,0.132,0.306666666666667,75.5303111255111,0.630238261063724,0,274.490058683684,0
52,0.132,0.306666666666667,75.5336813759356,0.630280921315347,0,279.979859857357,0
53,0.132,0.306666666666667,75.5362422327851,0.630324088285332,0,285.469661031031,0
54,0.132,0.306666666666667,75.5381535198724,0.63036767309428,0,290.959462204704,0
55,0.132,0.306666666666667,75.5395538844572,0.630411551792064,0,296.449263378378,0
56,0.132,0.306666666666667,75.5405605932773,0.630455577383359,0,301.939064552052,0
57,0.132,0.306666666666667,75.5412708102984,0.630499592919889,0,307.428865725725,0
58,0.132,0.306666666666667,75.5417636568971,0.630543443453898,0,312.918666899399,0
59,0.132,0.306666666666667,75.542102578943,0.630586985497796,0,318.408468073073,0
60,0.132,0.306666666666667,75.5423377239809,0.630630093443043,0,323.898269246746,0
61,0.132,0.306666666666667,75.5425081640046,0.630672663024309,0,329.38807042042,0
62,0.132,0.306666666666667,75.5426438846379,0.630714612292583,0,334.877871594094,0
63,0.132,0.306666666666667,75.5427675233861,0.630755880740729,0,340.367672767767,0
64,0.132,0.306666666666667,75.5428958654152,0.630796427225629,0,345.857473941441,0
65,0.132,0.306666666666667,75.5430411204267,0.630836227250781,0,351.347275115115,0
66,0.132,0.306666666666667,75.5432120028828,0.630875270038302,0,356.837076288788,0
67,0.132,0.306666666666667,75.5434146287085,0.63091355568554,0,362.326877462462,0
68,0.132,0.306666666666667,75.5436532370127,0.630951092586845,0,367.816678636136,0
69,0.132,0.306666666666667,75.5439307399641,0.630987895205815,0,373.30647980981,0
70,0.132,0.306666666666667,75.5442491086149,0.63102398222491,0,378.796280983483,0
71,0.132,0.306666666666667,75.5446096104899,0.631059375056504,0,384.286082157157,0
72,0.132,0.306666666666667,75.5450129240882,0.631094096678176,0,389.775883330831,0
73,0.132,0.306666666666667,75.5454591643539,0.631128170747214,0,395.265684504504,0
74,0.132,0.306666666666667,75.5459478560907,0.631161620945849,0,400.755485678178,0
75,0.132,0.306666666666667,75.5464778908915,0.631194470514058,0,406.245286851852,0
76,0.132,0.306666666666667,75.5470474962981,0.631226741931555,0,411.735088025525,0
77,0.132,0.306666666666667,75.54765423651,0.631258456716599,0,417.224889199199,0
78,0.132,0.306666666666667,75.5482950534115,0.631289635315559,0,422.714690372873,0
79,0.132,0.306666666666667,75.5489663475491,0.631320297060883,0,428.204491546546,0
80,0.132,0.306666666666667,75.5496640915684,0.631350460178904,0,433.69429272022,0
81,0.132,0.306666666666667,75.5503839647859,0.631380141831329,0,439.184093893894,0
82,0.132,0.306666666666667,75.551121496006,0.631409358176229,0,444.673895067567,0
83,0.132,0.306666666666667,75.5518722027812,0.631438124436867,0,450.163696241241,0
84,0.132,0.306666666666667,75.5526317175278,0.63146645496919,0,455.653497414915,0
85,0.132,0.306666666666667,75.5533958937918,0.631494363321772,0,461.143298588588,0
86,0.132,0.306666666666667,75.5541608892465,0.631521862285037,0,466.633099762262,0
87,0.132,0.306666666666667,75.5549232243788,0.63154896392932,0,472.122900935936,0
88,0.132,0.306666666666667,75.5556798181436,0.631575679633421,0,477.612702109609,0
89,0.132,0.306666666666667,75.5564280031531,0.631602020106695,0,483.102503283283,0
90,0.132,0.306666666666667,75.557165523794,0.631627995408259,0,488.592304456957,0
91,0.132,0.306666666666667,75.5578905209799,0.631653614966636,0,494.08210563063,0
92,0.132,0.306666666666667,75.5586015071109,0.631678887602566,0,499.571906804304,0
93,0.132,0.306666666666667,75.5592973345174,0.631703821556639,0,505.061707977978,0
94,0.132,0.306666666666667,75.5599771601361,0.631728424522398,0,510.551509151651,0
95,0.132,0.306666666666667,75.5606404087168,0.631752703684695,0,516.041310325325,0
96,0.132,0.306666666666667,75.5612867362538,0.631776665762239,0,521.531111498999,0
97,0.132,0.306666666666667,75.5619159949476,0.631800317053016,0,527.020912672672,0
98,0.132,0.306666666666667,75.5625282005618,0.631823663480895,0,532.510713846346,0
99,0.132,0.306666666666667,75.5631235026913,0.631846710641873,0,538.00051502002,0
100,0.132,0.306666666666667,75.563702158253,0.631869463848554,0,543.490316193693,0
101,0.132,0.306666666666667,75.5642645082318,0.631891928171684,0,548.980117367367,0
102,0.132,0.306666666666667,75.5648109576222,0.631914108477976,0,554.469918541041,0
103,0.132,0.306666666666667,75.565341958374,0.631936009463651,0,559.959719714714,0
104,0.132,0.306666666666667,75.565857995067,0.631957635683503,0,565.449520888388,0
105,0.132,0.306666666666667,75.5663595730393,0.631978991575479,0,570.939322062062,0
106,0.132,0.306666666666667,75.5668472086342,0.632000081480951,0,576.429123235735,0
107,0.132,0.306666666666667,75.5673214212713,0.632020909661025,0,581.918924409409,0
108,0.132,0.306666666666667,75.5677827270541,0.632041480309245,0,587.408725583083,0
109,0.132,0.306666666666667,75.5682316336557,0.632061797561199,0,592.898526756756,0
110,0.132,0.306666666666667,75.5686686362723,0.63208186550141,0,598.38832793043,0
111,0.132,0.306666666666667,75.5690942144604,0.632101688168031,0,603.878129104104,0
112,0.132,0.306666666666667,75.5695088297164,0.632121269555715,0,609.367930277777,0
113,0.132,0.306666666666667,75.5699129236888,0.632140613617045,0,614.857731451451,0
114,0.132,0.306666666666667,75.570306916931,0.632159724262892,0,620.347532625125,0
115,0.132,0.306666666666667,75.5706912081304,0.632178605361939,0,625.837333798799,0
116,0.132,0.306666666666667,75.5710661737535,0.632197260739667,0,631.327134972472,0
117,0.132,0.306666666666667,75.5714321680603,0.632215694176955,0,636.816936146146,0
118,0.132,0.306666666666667,75.5717895234387,0.632233909408477,0,642.30673731982,0
119,0.132,0.306666666666667,75.5721385510175,0.632251910121021,0,647.796538493493,0
120,0.132,0.306666666666667,75.5724795415096,0.632269699951797,0,653.286339667167,0
121,0.132,0.306666666666667,75.5728127662431,0.632287282486822,0,658.776140840841,0
122,0.132,0.306666666666667,75.5731384783341,0.63230466125943,0,664.265942014515,0
123,0.132,0.306666666666667,75.5734569139589,0.632321839748902,0,669.755743188188,0
124,0.132,0.306666666666667,75.573768293685,0.632338821379286,0,675.245544361862,0
125,0.132,0.306666666666667,75.5740728238239,0.632355609518371,0,680.735345535536,0
126,0.132,0.306666666666667,75.5743706977729,0.632372207476847,0,686.225146709209,0
127,0.132,0.306666666666667,75.5746620973203,0.632388618507645,0,691.714947882883,0
128,0.132,0.306666666666667,75.5749471938878,0.632404845805441,0,697.204749056557,0
129,0.132,0.306666666666667,75.5752261496973,0.632420892506349,0,702.69455023023,0
130,0.132,0.306666666666667,75.5754991188479,0.632436761687773,0,708.184351403904,0
131,0.132,0.306666666666667,75.5757662482945,0.632452456368417,0,713.674152577578,0
132,0.132,0.306666666666667,75.5760276787276,0.632467979508464,0,719.163953751251,0
133,0.132,0.306666666666667,75.5762835453497,0.63248333400988,0,724.653754924925,0
134,0.132,0.306666666666667,75.5765339785558,0.632498522716877,0,730.143556098599,0
135,0.132,0.306666666666667,75.5767791045179,0.632513548416481,0,735.633357272273,0
136,0.132,0.306666666666667,75.5770190456832,0.632528413839225,0,741.123158445946,0
137,0.132,0.306666666666667,75.577253921192,0.632543121659942,0,746.61295961962,0
138,0.132,0.306666666666667,75.5774838472224,0.632557674498639,0,752.102760793294,0
139,0.132,0.306666666666667,75.5777089372712,0.632572074921456,0,757.592561966967,0
140,0.132,0.306666666666667,75.5779293023787,0.632586325441678,0,763.082363140641,0
141,0.132,0.306666666666667,75.5781450513044,0.632600428520795,0,768.572164314314,0
142,0.132,0.306666666666667,75.5783562906621,0.632614386569612,0,774.061965487988,0
143,0.132,0.306666666666667,75.5785631250195,0.63262820194936,0,779.551766661662,0
144,0.132,0.306666666666667,75.5787656569706,0.632641876972854,0,785.041567835336,0
145,0.132,0.306666666666667,75.5789639871839,0.632655413905625,0,790.531369009009,0
146,0.132,0.306666666666667,75.5791582144331,0.632668814967072,0,796.021170182683,0
147,0.132,0.306666666666667,75.5793484356135,0.632682082331595,0,801.510971356357,0
148,0.132,0.306666666666667,75.5795347457479,0.632695218129715,0,807.00077253003,0
149,0.132,0.306666666666667,75.5797172379855,0.632708224449174,0,812.490573703704,0
150,0.132,0.306666666666667,75.5798960035953,0.632721103336013,0,817.980374877377,0
151,0.132,0.306666666666667,75.5800711319572,0.632733856795615,0,823.470176051051,0
152,0.132,0.306666666666667,75.5802427105526,0.632746486793735,0,828.959977224725,0
153,0.132,0.306666666666667,75.580410824955,0.632758995257486,0,834.449778398398,0
154,0.132,0.306666666666667,75.5805755588221,0.632771384076294,0,839.939579572072,0
155,0.132,0.306666666666667,75.580736993891,0.632783655102839,0,845.429380745746,0
156,0.132,0.306666666666667,75.5808952099765,0.632795810153939,0,850.91918191942,0
157,0.132,0.306666666666667,75.5810502849726,0.632807851011425,0,856.408983093093,0
158,0.132,0.306666666666667,75.5812022948584,0.632819779422975,0,861.898784266767,0
159,0.132,0.306666666666667,75.5813513137075,0.632831597102922,0,867.388585440441,0
160,0.132,0.306666666666667,75.5814974137022,0.632843305733035,0,872.878386614114,0
161,0.132,0.306666666666667,75.5816406651512,0.632854906963272,0,878.368187787788,0
162,0.132,0.306666666666667,75.5817811365111,0.632866402412506,0,883.857988961462,0
163,0.132,0.306666666666667,75.5819188944114,0.632877793669231,0,889.347790135135,0
164,0.132,0.306666666666667,75.5820540036831,0.632889082292242,0,894.837591308809,0
165,0.132,0.306666666666667,75.5821865273898,0.632900269811289,0,900.327392482483,0
166,0.132,0.306666666666667,75.5823165268618,0.632911357727723,0,905.817193656156,0
167,0.132,0.306666666666667,75.582444061732,0.632922347515108,0,911.30699482983,0
168,0.132,0.306666666666667,75.5825691899736,0.632933240619824,0,916.796796003504,0
169,0.132,0.306666666666667,75.5826919679399,0.632944038461646,0,922.286597177177,0
170,0.132,0.306666666666667,75.5828124504043,0.632954742434316,0,927.776398350851,0
171,0.132,0.306666666666667,75.5829306906021,0.63296535390609,0,933.266199524525,0
172,0.132,0.306666666666667,75.5830467402716,0.632975874220273,0,938.756000698198,0
173,0.132,0.306666666666667,75.5831606496967,0.632986304695745,0,944.245801871872,0
174,0.132,0.306666666666667,75.5832724677484,0.632996646627467,0,949.735603045546,0
175,0.132,0.306666666666667,75.5833822419265,0.633006901286976,0,955.225404219219,0
176,0.132,0.306666666666667,75.5834900184012,0.633017069922876,0,960.715205392893,0
177,0.132,0.306666666666667,75.583595842053,0.633027153761304,0,966.205006566567,0
178,0.132,0.306666666666667,75.5836997565131,0.633037154006395,0,971.69480774024,0
179,0.132,0.306666666666667,75.5838018042021,0.633047071840735,0,977.184608913914,0
180,0.132,0.306666666666667,75.5839020263676,0.633056908425799,0,982.674410087588,0
181,0.132,0.306666666666667,75.584000463122,0.633066664902388,0,988.164211261261,0
182,0.132,0.306666666666667,75.5840971534776,0.633076342391044,0,993.654012434935,0
183,0.132,0.306666666666667,75.5841921353816,0.633085941992471,0,999.143813608609,0
184,0.132,0.306666666666667,75.5842854457497,0.633095464787932,0,1004.63361478228,0
185,0.132,0.306666666666667,75.5843771204985,0.633104911839652,0,1010.12341595596,0
186,0.132,0.306666666666667,75.584467194577,0.633114284191198,0,1015.61321712963,0
187,0.132,0.306666666666667,75.5845557019965,0.633123582867861,0,1021.1030183033,0
188,0.132,0.306666666666667,75.5846426758602,0.633132808877027,0,1026.59281947698,0
189,0.132,0.306666666666667,75.5847281483905,0.63314196320854,0,1032.08262065065,0
190,0.132,0.306666666666667,75.5848121509568,0.633151046835055,0,1037.57242182432,0
191,0.132,0.306666666666667,75.584894714101,0.633160060712387,0,1043.062222998,0
192,0.132,0.306666666666667,75.5849758675625,0.633169005779848,0,1048.55202417167,0
193,0.132,0.306666666666667,75.5850556403028,0.633177882960586,0,1054.04182534535,0
194,0.132,0.306666666666667,75.5851340605281,0.633186693161904,0,1059.53162651902,0
195,0.132,0.306666666666667,75.585211155712,0.633195437275579,0,1065.02142769269,0
196,0.132,0.306666666666667,75.5852869526172,0.633204116178176,0,1070.51122886637,0
197,0.132,0.306666666666667,75.585361477316,0.633212730731352,0,1076.00103004004,0
198,0.132,0.306666666666667,75.5854347552105,0.633221281782152,0,1081.49083121371,0
199,0.132,0.306666666666667,75.5855068110519,0.633229770163302,0,1086.98063238739,0
200,0.132,0.306666666666667,75.5855776689593,0.633238196693492,0,1092.47043356106,0
201,0.132,0.306666666666667,75.5856473524377,0.633246562177657,0,1097.96023473473,0
202,0.132,0.306666666666667,75.5857158843956,0.633254867407248,0,1103.45003590841,0
203,0.132,0.306666666666667,75.5857832871617,0.633263113160499,0,1108.93983708208,0
204,0.132,0.306666666666667,75.5858495825016,0.633271300202687,0,1114.42963825576,0
205,0.132,0.306666666666667,75.5859147916332,0.633279429286386,0,1119.91943942943,0
206,0.132,0.306666666666667,75.5859789352424,0.63328750115172,0,1125.4092406031,0
207,0.132,0.306666666666667,75.5860420334977,0.633295516526602,0,1130.89904177678,0
208,0.132,0.306666666666667,75.586104106065,0.633303476126972,0,1136.38884295045,0
209,0.132,0.306666666666667,75.5861651721214,0.633311380657037,0,1141.87864412412,0
210,0.132,0.306666666666667,75.5862252503684,0.633319230809491,0,1147.3684452978,0
211,0.132,0.306666666666667,75.5862843590457,0.633327027265739,0,1152.85824647147,0
212,0.132,0.306666666666667,75.5863425159438,0.63333477069612,0,1158.34804764515,0
213,0.132,0.306666666666667,75.5863997384159,0.633342461760113,0,1163.83784881882,0
214,0.132,0.306666666666667,75.5864560433907,0.633350101106553,0,1169.32764999249,0
215,0.132,0.306666666666667,75.5865114473836,0.633357689373827,0,1174.81745116617,0
216,0.132,0.306666666666667,75.5865659665081,0.63336522719008,0,1180.30725233984,0
217,0.132,0.306666666666667,75.5866196164873,0.633372715173405,0,1185.79705351351,0
218,0.132,0.306666666666667,75.5866724126637,0.633380153932038,0,1191.28685468719,0
219,0.132,0.306666666666667,75.5867243700106,0.633387544064542,0,1196.77665586086,0
220,0.132,0.306666666666667,75.5867755031416,0.633394886159988,0,1202.26645703454,0
221,0.132,0.306666666666667,75.5868258263205,0.63340218079814,0,1207.75625820821,0
222,0.132,0.306666666666667,75.5868753534711,0.633409428549621,0,1213.24605938188,0
223,0.132,0.306666666666667,75.586924098186,0.633416629976092,0,1218.73586055556,0
224,0.132,0.306666666666667,75.5869720737361,0.633423785630416,0,1224.22566172923,0
225,0.132,0.306666666666667,75.5870192930789,0.633430896056818,0,1229.7154629029,0
226,0.132,0.306666666666667,75.5870657688673,0.633437961791053,0,1235.20526407658,0
227,0.132,0.306666666666667,75.5871115134575,0.633444983360557,0,1240.69506525025,0
228,0.132,0.306666666666667,75.5871565389175,0.633451961284603,0,1246.18486642392,0
229,0.132,0.306666666666667,75.5872008570343,0.633458896074449,0,1251.6746675976,0
230,0.132,0.306666666666667,75.5872444793217,0.63346578823349,0,1257.16446877127,0
231,0.132,0.306666666666667,75.5872874170277,0.633472638257395,0,1262.65426994495,0
232,0.132,0.306666666666667,75.5873296811414,0.633479446634254,0,1268.14407111862,0
233,0.132,0.306666666666667,75.5873712824003,0.633486213844714,0,1273.63387229229,0
234,0.132,0.306666666666667,75.5874122312962,0.63349294036211,0,1279.12367346597,0
235,0.132,0.306666666666667,75.5874525380828,0.633499626652607,0,1284.61347463964,0
236,0.132,0.306666666666667,75.5874922127808,0.633506273175319,0,1290.10327581331,0
237,0.132,0.306666666666667,75.5875312651851,0.633512880382442,0,1295.59307698699,0
238,0.132,0.306666666666667,75.5875697048702,0.633519448719377,0,1301.08287816066,0
239,0.132,0.306666666666667,75.5876075411959,0.633525978624852,0,1306.57267933433,0
240,0.132,0.306666666666667,75.5876447833133,0.633532470531038,0,1312.06248050801,0
241,0.132,0.306666666666667,75.5876814401699,0.63353892486367,0,1317.55228168168,0
242,0.132,0.306666666666667,75.5877175205151,0.633545342042161,0,1323.04208285536,0
243,0.132,0.306666666666667,75.5877530329052,0.63355172247971,0,1328.53188402903,0
244,0.132,0.306666666666667,75.5877879857084,0.633558066583413,0,1334.0216852027,0
245,0.132,0.306666666666667,75.5878223871099,0.633564374754377,0,1339.51148637638,0
246,0.132,0.306666666666667,75.5878562451161,0.633570647387813,0,1345.00128755005,0
247,0.132,0.306666666666667,75.5878895675597,0.633576884873152,0,1350.49108872372,0
248,0.132,0.306666666666667,75.5879223621038,0.633583087594136,0,1355.9808898974,0
249,0.132,0.306666666666667,75.5879546362463,0.633589255928922,0,1361.47069107107,0
250,0.132,0.306666666666667,75.5879863973241,0.633595390250179,0,1366.96049224475,0
251,0.132,0.306666666666667,75.5880176525173,0.63360149092518,0,1372.45029341842,0
252,0.132,0.306666666666667,75.5880484088529,0.6336075583159,0,1377.94009459209,0
253,0.132,0.306666666666667,75.5880786732088,0.633613592779102,0,1383.42989576577,0
254,0.132,0.306666666666667,75.5881084523176,0.633619594666429,0,1388.91969693944,0
255,0.132,0.306666666666667,75.5881377527699,0.633625564324494,0,1394.40949811311,0
256,0.132,0.306666666666667,75.5881665810183,0.633631502094961,0,1399.89929928679,0
257,0.132,0.306666666666667,75.5881949433806,0.633637408314632,0,1405.38910046046,0
258,0.132,0.306666666666667,75.5882228460429,0.633643283315531,0,1410.87890163413,0
259,0.132,0.306666666666667,75.5882502950633,0.63364912742498,0,1416.36870280781,0
260,0.132,0.306666666666667,75.5882772963747,0.633654940965686,0,1421.85850398148,0
261,0.132,0.306666666666667,75.588303855788,0.633660724255811,0,1427.34830515516,0
262,0.132,0.306666666666667,75.588329978995,0.633666477609053,0,1432.83810632883,0
263,0.132,0.306666666666667,75.5883556715715,0.633672201334719,0,1438.3279075025,0
264,0.132,0.306666666666667,75.5883809389799,0.6336778957378,0,1443.81770867618,0
265,0.132,0.306666666666667,75.588405786572,0.63368356111904,0,1449.30750984985,0
266,0.132,0.306666666666667,75.5884302195917,0.63368919777501,0,1454.79731102352,0
267,0.132,0.306666666666667,75.5884542431774,0.633694805998173,0,1460.2871121972,0
268,0.132,0.306666666666667,75.5884778623651,0.633700386076956,0,1465.77691337087,0
269,0.132,0.306666666666667,75.58850108209,0.633705938295814,0,1471.26671454454,0
270,0.132,0.306666666666667,75.5885239071896,0.633711462935297,0,1476.75651571822,0
271,0.132,0.306666666666667,75.5885463424056,0.633716960272112,0,1482.24631689189,0
272,0.132,0.306666666666667,75.5885683923865,0.633722430579186,0,1487.73611806557,0
273,0.132,0.306666666666667,75.5885900616896,0.63372787412573,0,1493.22591923924,0
274,0.132,0.306666666666667,75.5886113547829,0.633733291177296,0,1498.71572041291,0
275,0.132,0.306666666666667,75.5886322760478,0.633738681995839,0,1504.20552158659,0
276,0.132,0.306666666666667,75.5886528297804,0.633744046839774,0,1509.69532276026,0
277,0.132,0.306666666666667,75.5886730201943,0.633749385964034,0,1515.18512393393,0
278,0.132,0.306666666666667,75.5886928514215,0.633754699620123,0,1520.67492510761,0
279,0.132,0.306666666666667,75.5887123275155,0.633759988056174,0,1526.16472628128,0
280,0.132,0.306666666666667,75.5887314524519,0.633765251517002,0,1531.65452745495,0
281,0.132,0.306666666666667,75.5887502301311,0.633770490244159,0,1537.14432862863,0
282,0.132,0.306666666666667,75.5887686643795,0.633775704475981,0,1542.6341298023,0
283,0.132,0.306666666666667,75.5887867589514,0.633780894447641,0,1548.12393097598,0
284,0.132,0.306666666666667,75.5888045175306,0.633786060391203,0,1553.61373214965,0
285,0.132,0.306666666666667,75.588821943732,0.633791202535665,0,1559.10353332332,0
286,0.132,0.306666666666667,75.5888390411032,0.633796321107014,0,1564.593334497,0
287,0.132,0.306666666666667,75.5888558131258,0.633801416328263,0,1570.08313567067,0
288,0.132,0.306666666666667,75.5888722632173,0.63380648841951,0,1575.57293684434,0
289,0.132,0.306666666666667,75.588888394732,0.633811537597974,0,1581.06273801802,0
290,0.132,0.306666666666667,75.5889042109629,0.633816564078044,0,1586.55253919169,0
291,0.132,0.306666666666667,75.5889197151427,0.633821568071321,0,1592.04234036537,0
292,0.132,0.306666666666667,75.5889349104454,0.633826549786664,0,1597.53214153904,0
293,0.132,0.306666666666667,75.5889497999875,0.633831509430231,0,1603.02194271271,0
294,0.132,0.306666666666667,75.5889643868292,0.633836447205517,0,1608.51174388639,0
295,0.132,0.306666666666667,75.5889786739756,0.633841363313402,0,1614.00154506006,0
296,0.132,0.306666666666667,75.5889926643782,0.633846257952184,0,1619.49134623373,0
297,0.132,0.306666666666667,75.5890063609356,0.633851131317624,0,1624.98114740741,0
298,0.132,0.306666666666667,75.5890197664952,0.63385598360298,0,1630.47094858108,0
299,0.132,0.306666666666667,75.5890328838536,0.633860814999051,0,1635.96074975475,0
300,0.132,0.306666666666667,75.5890457157587,0.633865625694206,0,1641.45055092843,0
301,0.132,0.306666666666667,75.5890582649095,0.633870415874429,0,1646.9403521021,0
302,0.132,0.306666666666667,75.5890705339584,0.633875185723351,0,1652.43015327578,0
303,0.132,0.306666666666667,75.5890825255113,0.633879935422284,0,1657.91995444945,0
304,0.132,0.306666666666667,75.5890942421288,0.633884665150258,0,1663.40975562312,0
305,0.132,0.306666666666667,75.5891056863275,0.633889375084057,0,1668.8995567968,0
306,0.132,0.306666666666667,75.5891168605808,0.633894065398249,0,1674.38935797047,0
307,0.132,0.306666666666667,75.5891277673192,0.63389873626522,0,1679.87915914414,0
308,0.132,0.306666666666667,75.5891384089322,0.633903387855207,0,1685.36896031782,0
309,0.132,0.306666666666667,75.5891487877685,0.63390802033633,0,1690.85876149149,0
310,0.132,0.306666666666667,75.5891589061369,0.633912633874623,0,1696.34856266517,0
311,0.132,0.306666666666667,75.5891687663075,0.633917228634065,0,1701.83836383884,0
312,0.132,0.306666666666667,75.5891783705121,0.633921804776609,0,1707.32816501251,0
313,0.132,0.306666666666667,75.5891877209452,0.633926362462214,0,1712.81796618619,0
314,0.132,0.306666666666667,75.5891968197648,0.633930901848872,0,1718.30776735986,0
315,0.132,0.306666666666667,75.5892056690929,0.633935423092638,0,1723.79756853353,0
316,0.132,0.306666666666667,75.5892142710166,0.633939926347658,0,1729.28736970721,0
317,0.132,0.306666666666667,75.5892226275885,0.633944411766197,0,1734.77717088088,0
318,0.132,0.306666666666667,75.5892307408275,0.633948879498665,0,1740.26697205456,0
319,0.132,0.306666666666667,75.58923861272,0.633953329693646,0,1745.75677322823,0
320,0.132,0.306666666666667,75.5892462452193,0.633957762497922,0,1751.2465744019,0
321,0.132,0.306666666666667,75.5892536402477,0.633962178056502,0,1756.73637557558,0
322,0.132,0.306666666666667,75.5892607996962,0.633966576512642,0,1762.22617674925,0
323,0.132,0.306666666666667,75.5892677254256,0.633970958007878,0,1767.71597792292,0
324,0.132,0.306666666666667,75.5892744192666,0.633975322682042,0,1773.2057790966,0
325,0.132,0.306666666666667,75.589280883021,0.633979670673295,0,1778.69558027027,0
326,0.132,0.306666666666667,75.5892871184619,0.633984002118142,0,1784.18538144394,0
327,0.132,0.306666666666667,75.5892931273344,0.633988317151463,0,1789.67518261762,0
328,0.132,0.306666666666667,75.5892989113562,0.633992615906532,0,1795.16498379129,0
329,0.132,0.306666666666667,75.5893044722178,0.63399689851504,0,1800.65478496497,0
330,0.132,0.306666666666667,75.5893098115837,0.634001165107119,0,1806.14458613864,0
331,0.132,0.306666666666667,75.5893149310922,0.634005415811361,0,1811.63438731231,0
332,0.132,0.306666666666667,75.5893198323564,0.634009650754844,0,1817.12418848599,0
333,0.132,0.306666666666667,75.5893245169644,0.634013870063149,0,1822.61398965966,0
334,0.132,0.306666666666667,75.58932898648,0.634018073860383,0,1828.10379083333,0
335,0.132,0.306666666666667,75.5893332424432,0.634022262269198,0,1833.59359200701,0
336,0.132,0.306666666666667,75.5893372863704,0.634026435410815,0,1839.08339318068,0
337,0.132,0.306666666666667,75.5893411197549,0.634030593405039,0,1844.57319435435,0
338,0.132,0.306666666666667,75.5893447440678,0.634034736370281,0,1850.06299552803,0
339,0.132,0.306666666666667,75.5893481607578,0.634038864423578,0,1855.5527967017,0
340,0.132,0.306666666666667,75.589351371252,0.634042977680611,0,1861.04259787538,0
341,0.132,0.306666666666667,75.5893543769562,0.634047076255724,0,1866.53239904905,0
342,0.132,0.306666666666667,75.5893571792554,0.63405116026194,0,1872.02220022272,0
343,0.132,0.306666666666667,75.5893597795142,0.634055229810984,0,1877.5120013964,0
344,0.132,0.306666666666667,75.5893621790769,0.634059285013295,0,1883.00180257007,0
345,0.132,0.306666666666667,75.5893643792683,0.63406332597805,0,1888.49160374374,0
346,0.132,0.306666666666667,75.5893663813939,0.634067352813175,0,1893.98140491742,0
347,0.132,0.306666666666667,75.58936818674,0.634071365625364,0,1899.47120609109,0
348,0.132,0.306666666666667,75.5893697965746,0.634075364520099,0,1904.96100726476,0
349,0.132,0.306666666666667,75.5893712121473,0.634079349601663,0,1910.45080843844,0
350,0.132,0.306666666666667,75.5893724346898,0.634083320973154,0,1915.94060961211,0
351,0.132,0.306666666666667,75.5893734654163,0.634087278736508,0,1921.43041078579,0
352,0.132,0.306666666666667,75.5893743055236,0.634091222992508,0,1926.92021195946,0
353,0.132,0.306666666666667,75.5893749561919,0.634095153840803,0,1932.41001313313,0
354,0.132,0.306666666666667,75.5893754185845,0.634099071379922,0,1937.89981430681,0
355,0.132,0.306666666666667,75.5893756938484,0.634102975707287,0,1943.38961548048,0
356,0.132,0.306666666666667,75.5893757831148,0.634106866919234,0,1948.87941665415,0
357,0.132,0.306666666666667,75.5893756874992,0.63411074511102,0,1954.36921782783,0
358,0.132,0.306666666666667,75.5893754081014,0.634114610376842,0,1959.8590190015,0
359,0.132,0.306666666666667,75.5893749460065,0.63411846280985,0,1965.34882017518,0
360,0.132,0.306666666666667,75.5893743022845,0.634122302502158,0,1970.83862134885,0
361,0.132,0.306666666666667,75.5893734779907,0.634126129544864,0,1976.32842252252,0
362,0.132,0.306666666666667,75.5893724741665,0.634129944028057,0,1981.8182236962,0
363,0.132,0.306666666666667,75.5893712918388,0.634133746040835,0,1987.30802486987,0
364,0.132,0.306666666666667,75.5893699320211,0.634137535671312,0,1992.79782604354,0
365,0.132,0.306666666666667,75.5893683957132,0.63414131300664,0,1998.28762721722,0
366,0.132,0.306666666666667,75.5893666839014,0.634145078133012,0,2003.77742839089,0
367,0.132,0.306666666666667,75.5893647975594,0.634148831135683,0,2009.26722956456,0
368,0.132,0.306666666666667,75.5893627376478,0.634152572098973,0,2014.75703073824,0
369,0.132,0.306666666666667,75.5893605051145,0.634156301106288,0,2020.24683191191,0
370,0.132,0.306666666666667,75.5893581008954,0.634160018240128,0,2025.73663308559,0
371,0.132,0.306666666666667,75.5893555259139,0.634163723582097,0,2031.22643425926,0
372,0.132,0.306666666666667,75.5893527810818,0.634167417212918,0,2036.71623543293,0
373,0.132,0.306666666666667,75.5893498672989,0.634171099212442,0,2042.20603660661,0
374,0.132,0.306666666666667,75.5893467854539,0.63417476965966,0,2047.69583778028,0
375,0.132,0.306666666666667,75.5893435364238,0.634178428632715,0,2053.18563895395,0
376,0.132,0.306666666666667,75.5893401210748,0.63418207620891,0,2058.67544012763,0
377,0.132,0.306666666666667,75.5893365402621,0.634185712464725,0,2064.1652413013,0
378,0.132,0.306666666666667,75.5893327948301,0.634189337475818,0,2069.65504247497,0
379,0.132,0.306666666666667,75.5893288856129,0.634192951317044,0,2075.14484364865,0
380,0.132,0.306666666666667,75.5893248134343,0.634196554062461,0,2080.63464482232,0
381,0.132,0.306666666666667,75.5893205791077,0.634200145785342,0,2086.124445996,0
382,0.132,0.306666666666667,75.5893161834368,0.634203726558183,0,2091.61424716967,0
383,0.132,0.306666666666667,75.5893116272155,0.634207296452714,0,2097.10404834334,0
384,0.132,0.306666666666667,75.5893069112279,0.63421085553991,0,2102.59384951702,0
385,0.132,0.306666666666667,75.5893020362488,0.634214403889998,0,2108.08365069069,0
386,0.132,0.306666666666667,75.5892970030438,0.634217941572468,0,2113.57345186436,0
387,0.132,0.306666666666667,75.5892918123692,0.634221468656082,0,2119.06325303804,0
388,0.132,0.306666666666667,75.5892864649726,0.634224985208883,0,2124.55305421171,0
389,0.132,0.306666666666667,75.5892809615926,0.634228491298204,0,2130.04285538538,0
390,0.132,0.306666666666667,75.5892753029592,0.634231986990677,0,2135.53265655906,0
391,0.132,0.306666666666667,75.5892694897941,0.634235472352242,0,2141.02245773273,0
392,0.132,0.306666666666667,75.5892635228103,0.634238947448155,0,2146.51225890641,0
393,0.132,0.306666666666667,75.5892574027129,0.634242412342997,0,2152.00206008008,0
394,0.132,0.306666666666667,75.5892511301989,0.634245867100684,0,2157.49186125375,0
395,0.132,0.306666666666667,75.5892447059573,0.63424931178447,0,2162.98166242743,0
396,0.132,0.306666666666667,75.5892381306693,0.634252746456963,0,2168.4714636011,0
397,0.132,0.306666666666667,75.5892314050087,0.634256171180125,0,2173.96126477477,0
398,0.132,0.306666666666667,75.5892245296416,0.634259586015286,0,2179.45106594845,0
399,0.132,0.306666666666667,75.5892175052266,0.63426299102315,0,2184.94086712212,0
400,0.132,0.306666666666667,75.5892103324154,0.634266386263801,0,2190.4306682958,0
401,0.132,0.306666666666667,75.5892030118521,0.634269771796713,0,2195.92046946947,0
402,0.132,0.306666666666667,75.5891955441744,0.634273147680754,0,2201.41027064314,0
403,0.132,0.306666666666667,75.5891879300126,0.6342765139742,0,2206.90007181682,0
404,0.132,0.306666666666667,75.5891801699904,0.634279870734736,0,2212.38987299049,0
405,0.132,0.306666666666667,75.589172264725,0.634283218019464,0,2217.87967416416,0
406,0.132,0.306666666666667,75.5891642148269,0.634286555884913,0,2223.36947533784,0
407,0.132,0.306666666666667,75.5891560209002,0.634289884387045,0,2228.85927651151,0
408,0.132,0.306666666666667,75.5891476835427,0.63429320358126,0,2234.34907768519,0
409,0.132,0.306666666666667,75.589139203346,0.634296513522407,0,2239.83887885886,0
410,0.132,0.306666666666667,75.5891305808957,0.634299814264783,0,2245.32868003253,0
411,0.132,0.306666666666667,75.5891218167713,0.63430310586215,0,2250.81848120621,0
412,0.132,0.306666666666667,75.5891129115464,0.634306388367732,0,2256.30828237988,0
413,0.132,0.306666666666667,75.5891038657888,0.634309661834228,0,2261.79808355355,0
414,0.132,0.306666666666667,75.5890946800607,0.634312926313815,0,2267.28788472723,0
415,0.132,0.306666666666667,75.5890853549186,0.634316181858155,0,2272.7776859009,0
416,0.132,0.306666666666667,75.5890758909137,0.634319428518403,0,2278.26748707458,0
417,0.132,0.306666666666667,75.5890662885915,0.634322666345209,0,2283.75728824825,0
418,0.132,0.306666666666667,75.5890565484924,0.634325895388728,0,2289.24708942192,0
419,0.132,0.306666666666667,75.5890466711514,0.634329115698626,0,2294.7368905956,0
420,0.132,0.306666666666667,75.5890366570986,0.634332327324081,0,2300.22669176927,0
421,0.132,0.306666666666667,75.589026506859,0.634335530313796,0,2305.71649294294,0
422,0.132,0.306666666666667,75.5890162209523,0.634338724715997,0,2311.20629411662,0
423,0.132,0.306666666666667,75.5890057998937,0.634341910578446,0,2316.69609529029,0
424,0.132,0.306666666666667,75.5889952441936,0.63434508794844,0,2322.18589646396,0
425,0.132,0.306666666666667,75.5889845543574,0.634348256872823,0,2327.67569763764,0
426,0.132,0.306666666666667,75.588973730886,0.634351417397985,0,2333.16549881131,0
427,0.132,0.306666666666667,75.588962774276,0.634354569569872,0,2338.65529998499,0
428,0.132,0.306666666666667,75.588951685019,0.63435771343399,0,2344.14510115866,0
429,0.132,0.306666666666667,75.5889404636027,0.634360849035408,0,2349.63490233233,0
430,0.132,0.306666666666667,75.5889291105102,0.634363976418766,0,2355.12470350601,0
431,0.132,0.306666666666667,75.5889176262203,0.63436709562828,0,2360.61450467968,0
432,0.132,0.306666666666667,75.5889060112077,0.634370206707744,0,2366.10430585335,0
433,0.132,0.306666666666667,75.5888942659431,0.63437330970054,0,2371.59410702703,0
434,0.132,0.306666666666667,75.5888823908928,0.634376404649636,0,2377.0839082007,0
435,0.132,0.306666666666667,75.5888703865196,0.634379491597598,0,2382.57370937437,0
436,0.132,0.306666666666667,75.5888582532821,0.63438257058659,0,2388.06351054805,0
437,0.132,0.306666666666667,75.5888459916349,0.634385641658381,0,2393.55331172172,0
438,0.132,0.306666666666667,75.5888336020291,0.634388704854347,0,2399.0431128954,0
439,0.132,0.306666666666667,75.588821084912,0.634391760215479,0,2404.53291406907,0
440,0.132,0.306666666666667,75.5888084407273,0.634394807782385,0,2410.02271524274,0
441,0.132,0.306666666666667,75.5887956699148,0.634397847595296,0,2415.51251641642,0
442,0.132,0.306666666666667,75.5887827729111,0.634400879694069,0,2421.00231759009,0
443,0.132,0.306666666666667,75.5887697501493,0.634403904118191,0,2426.49211876376,0
444,0.132,0.306666666666667,75.5887566020587,0.634406920906788,0,2431.98191993744,0
445,0.132,0.306666666666667,75.5887433290658,0.634409930098621,0,2437.47172111111,0
446,0.132,0.306666666666667,75.5887299315933,0.634412931732097,0,2442.96152228479,0
447,0.132,0.306666666666667,75.588716410061,0.634415925845271,0,2448.45132345846,0
448,0.132,0.306666666666667,75.5887027648852,0.63441891247585,0,2453.94112463213,0
449,0.132,0.306666666666667,75.5886889964793,0.634421891661195,0,2459.43092580581,0
450,0.132,0.306666666666667,75.5886751052534,0.634424863438328,0,2464.92072697948,0
451,0.132,0.306666666666667,75.5886610916148,0.634427827843936,0,2470.41052815315,0
452,0.132,0.306666666666667,75.5886469559676,0.634430784914372,0,2475.90032932683,0
453,0.132,0.306666666666667,75.588632698713,0.634433734685661,0,2481.3901305005,0
454,0.132,0.306666666666667,75.5886183202493,0.634436677193503,0,2486.87993167418,0
455,0.132,0.306666666666667,75.5886038209721,0.634439612473277,0,2492.36973284785,0
456,0.132,0.306666666666667,75.5885892012739,0.634442540560045,0,2497.85953402152,0
457,0.132,0.306666666666667,75.5885744615447,0.634445461488554,0,2503.3493351952,0
458,0.132,0.306666666666667,75.5885596021718,0.634448375293242,0,2508.83913636887,0
459,0.132,0.306666666666667,75.5885446235396,0.634451282008241,0,2514.32893754254,0
460,0.132,0.306666666666667,75.5885295260301,0.634454181667377,0,2519.81873871622,0
461,0.132,0.306666666666667,75.5885143100227,0.63445707430418,0,2525.30853988989,0
462,0.132,0.306666666666667,75.5884989758942,0.63445995995188,0,2530.79834106356,0
463,0.132,0.306666666666667,75.5884835240188,0.634462838643416,0,2536.28814223724,0
464,0.132,0.306666666666667,75.5884679547684,0.634465710411438,0,2541.77794341091,0
465,0.132,0.306666666666667,75.5884522685126,0.634468575288308,0,2547.26774458459,0
466,0.132,0.306666666666667,75.5884364656183,0.634471433306107,0,2552.75754575826,0
467,0.132,0.306666666666667,75.5884205464504,0.634474284496632,0,2558.24734693193,0
468,0.132,0.306666666666667,75.5884045113712,0.634477128891408,0,2563.73714810561,0
469,0.132,0.306666666666667,75.588388360741,0.634479966521683,0,2569.22694927928,0
470,0.132,0.306666666666667,75.5883720949176,0.634482797418436,0,2574.71675045295,0
471,0.132,0.306666666666667,75.588355714257,0.634485621612379,0,2580.20655162663,0
472,0.132,0.306666666666667,75.5883392191127,0.634488439133956,0,2585.6963528003,0
473,0.132,0.306666666666667,75.5883226098362,0.634491250013355,0,2591.18615397398,0
474,0.132,0.306666666666667,75.588305886777,0.6344940542805,0,2596.67595514765,0
475,0.132,0.306666666666667,75.5882890502823,0.634496851965062,0,2602.16575632132,0
476,0.132,0.306666666666667,75.5882721006977,0.634499643096459,0,2607.655557495,0
477,0.132,0.306666666666667,75.5882550383665,0.634502427703859,0,2613.14535866867,0
478,0.132,0.306666666666667,75.5882378636301,0.63450520581618,0,2618.63515984234,0
479,0.132,0.306666666666667,75.5882205768281,0.634507977462101,0,2624.12496101602,0
480,0.132,0.306666666666667,75.588203178298,0.634510742670053,0,2629.61476218969,0
481,0.132,0.306666666666667,75.5881856683757,0.634513501468233,0,2635.10456336336,0
482,0.132,0.306666666666667,75.588168047395,0.634516253884598,0,2640.59436453704,0
483,0.132,0.306666666666667,75.5881503156882,0.634518999946873,0,2646.08416571071,0
484,0.132,0.306666666666667,75.5881324735855,0.63452173968255,0,2651.57396688439,0
485,0.132,0.306666666666667,75.5881145214156,0.634524473118895,0,2657.06376805806,0
486,0.132,0.306666666666667,75.5880964595056,0.634527200282946,0,2662.55356923173,0
487,0.132,0.306666666666667,75.5880782881804,0.634529921201517,0,2668.04337040541,0
488,0.132,0.306666666666667,75.5880600077639,0.634532635901202,0,2673.53317157908,0
489,0.132,0.306666666666667,75.5880416185778,0.634535344408376,0,2679.02297275275,0
490,0.132,0.306666666666667,75.5880231209425,0.634538046749197,0,2684.51277392643,0
491,0.132,0.306666666666667,75.5880045151768,0.634540742949609,0,2690.0025751001,0
492,0.132,0.306666666666667,75.5879858015979,0.634543433035345,0,2695.49237627377,0
493,0.132,0.306666666666667,75.5879669805215,0.634546117031928,0,2700.98217744745,0
494,0.132,0.306666666666667,75.5879480522616,0.634548794964675,0,2706.47197862112,0
495,0.132,0.306666666666667,75.5879290171309,0.634551466858697,0,2711.9617797948,0
496,0.132,0.306666666666667,75.5879098754408,0.634554132738903,0,2717.45158096847,0
497,0.132,0.306666666666667,75.5878906275008,0.634556792630003,0,2722.94138214214,0
498,0.132,0.306666666666667,75.5878712736195,0.634559446556507,0,2728.43118331582,0
499,0.132,0.306666666666667,75.5878518141038,0.634562094542729,0,2733.92098448949,0
500,0.132,0.306666666666667,75.5878322492592,0.63456473661279,0,2739.41078566316,0
501,0.132,0.306666666666667,75.58781257939,0.634567372790621,0,2744.90058683684,0
502,0.132,0.306666666666667,75.5877928047991,0.634570003099959,0,2750.39038801051,0
503,0.132,0.306666666666667,75.5877729257881,0.634572627564357,0,2755.88018918418,0
504,0.132,0.306666666666667,75.5877529426574,0.634575246207182,0,2761.36999035786,0
505,0.132,0.306666666666667,75.5877328557059,0.634577859051616,0,2766.85979153153,0
506,0.132,0.306666666666667,75.5877126652315,0.634580466120661,0,2772.34959270521,0
507,0.132,0.306666666666667,75.5876923715307,0.634583067437137,0,2777.83939387888,0
508,0.132,0.306666666666667,75.587671974899,0.63458566302369,0,2783.32919505255,0
509,0.132,0.306666666666667,75.5876514756303,0.634588252902788,0,2788.81899622623,0
510,0.132,0.306666666666667,75.5876308740178,0.634590837096724,0,2794.3087973999,0
511,0.132,0.306666666666667,75.5876101703533,0.634593415627622,0,2799.79859857357,0
512,0.132,0.306666666666667,75.5875893649275,0.634595988517434,0,2805.28839974725,0
513,0.132,0.306666666666667,75.5875684580298,0.634598555787944,0,2810.77820092092,0
514,0.132,0.306666666666667,75.5875474499489,0.634601117460768,0,2816.2680020946,0
515,0.132,0.306666666666667,75.5875263409721,0.634603673557362,0,2821.75780326827,0
516,0.132,0.306666666666667,75.5875051313856,0.634606224099012,0,2827.24760444194,0
517,0.132,0.306666666666667,75.5874838214747,0.63460876910685,0,2832.73740561562,0
518,0.132,0.306666666666667,75.5874624115236,0.634611308601843,0,2838.22720678929,0
519,0.132,0.306666666666667,75.5874409018156,0.634613842604802,0,2843.71700796296,0
520,0.132,0.306666666666667,75.5874192926327,0.634616371136384,0,2849.20680913664,0
521,0.132,0.306666666666667,75.5873975842561,0.634618894217089,0,2854.69661031031,0
522,0.132,0.306666666666667,75.5873757769661,0.634621411867264,0,2860.18641148398,0
523,0.132,0.306666666666667,75.5873538710417,0.634623924107107,0,2865.67621265766,0
524,0.132,0.306666666666667,75.5873318667614,0.634626430956665,0,2871.16601383133,0
525,0.132,0.306666666666667,75.5873097644025,0.634628932435835,0,2876.65581500501,0
526,0.132,0.306666666666667,75.5872875642413,0.634631428564372,0,2882.14561617868,0
527,0.132,0.306666666666667,75.5872652665533,0.634633919361883,0,2887.63541735235,0
528,0.132,0.306666666666667,75.5872428716132,0.634636404847832,0,2893.12521852603,0
529,0.132,0.306666666666667,75.5872203796946,0.634638885041542,0,2898.6150196997,0
530,0.132,0.306666666666667,75.5871977910704,0.634641359962194,0,2904.10482087337,0
531,0.132,0.306666666666667,75.5871751060125,0.634643829628833,0,2909.59462204705,0
532,0.132,0.306666666666667,75.587152324792,0.634646294060364,0,2915.08442322072,0
533,0.132,0.306666666666667,75.5871294476793,0.634648753275556,0,2920.57422439439,0
534,0.132,0.306666666666667,75.5871064749438,0.634651207293044,0,2926.06402556807,0
535,0.132,0.306666666666667,75.5870834068541,0.634653656131332,0,2931.55382674174,0
536,0.132,0.306666666666667,75.5870602436781,0.634656099808789,0,2937.04362791542,0
537,0.132,0.306666666666667,75.5870369856828,0.634658538343654,0,2942.53342908909,0
538,0.132,0.306666666666667,75.5870136331344,0.63466097175404,0,2948.02323026276,0
539,0.132,0.306666666666667,75.5869901862985,0.634663400057929,0,2953.51303143644,0
540,0.132,0.306666666666667,75.5869666454398,0.634665823273177,0,2959.00283261011,0
541,0.132,0.306666666666667,75.5869430108222,0.634668241417517,0,2964.49263378378,0
542,0.132,0.306666666666667,75.586919282709,0.634670654508556,0,2969.98243495746,0
543,0.132,0.306666666666667,75.5868954613627,0.63467306256378,0,2975.47223613113,0
544,0.132,0.306666666666667,75.5868715470451,0.634675465600552,0,2980.9620373048,0
545,0.132,0.306666666666667,75.5868475400171,0.634677863636119,0,2986.45183847848,0
546,0.132,0.306666666666667,75.5868234405393,0.634680256687604,0,2991.94163965215,0
547,0.132,0.306666666666667,75.5867992488712,0.634682644772016,0,2997.43144082583,0
548,0.132,0.306666666666667,75.5867749652719,0.634685027906247,0,3002.9212419995,0
549,0.132,0.306666666666667,75.5867505899996,0.634687406107074,0,3008.41104317317,0
550,0.132,0.306666666666667,75.586726123312,0.634689779391159,0,3013.90084434685,0
551,0.132,0.306666666666667,75.5867015654661,0.634692147775052,0,3019.39064552052,0
552,0.132,0.306666666666667,75.5866769167181,0.634694511275192,0,3024.88044669419,0
553,0.132,0.306666666666667,75.5866521773238,0.634696869907907,0,3030.37024786787,0
554,0.132,0.306666666666667,75.5866273475381,0.634699223689415,0,3035.86004904154,0
555,0.132,0.306666666666667,75.5866024276156,0.634701572635828,0,3041.34985021521,0
556,0.132,0.306666666666667,75.58657741781,0.634703916763148,0,3046.83965138889,0
557,0.132,0.306666666666667,75.5865523183745,0.634706256087273,0,3052.32945256256,0
558,0.132,0.306666666666667,75.5865271295616,0.634708590623996,0,3057.81925373623,0
559,0.132,0.306666666666667,75.5865018516234,0.634710920389004,0,3063.30905490991,0
560,0.132,0.306666666666667,75.5864764848111,0.634713245397885,0,3068.79885608358,0
561,0.132,0.306666666666667,75.5864510293756,0.63471556566612,0,3074.28865725725,0
562,0.132,0.306666666666667,75.5864254855671,0.634717881209095,0,3079.77845843093,0
563,0.132,0.306666666666667,75.5863998536353,0.634720192042093,0,3085.2682596046,0
564,0.132,0.306666666666667,75.5863741338291,0.634722498180298,0,3090.75806077828,0
565,0.132,0.306666666666667,75.5863483263972,0.634724799638797,0,3096.24786195195,0
566,0.132,0.306666666666667,75.5863224315875,0.634727096432581,0,3101.73766312562,0
567,0.132,0.306666666666667,75.5862964496473,0.634729388576544,0,3107.2274642993,0
568,0.132,0.306666666666667,75.5862703808236,0.634731676085486,0,3112.71726547297,0
569,0.132,0.306666666666667,75.5862442253627,0.634733958974113,0,3118.20706664664,0
570,0.132,0.306666666666667,75.5862179835103,0.634736237257038,0,3123.69686782032,0
571,0.132,0.306666666666667,75.5861916555118,0.634738510948782,0,3129.18666899399,0
572,0.132,0.306666666666667,75.5861652416119,0.634740780063774,0,3134.67647016767,0
573,0.132,0.306666666666667,75.5861387420547,0.634743044616355,0,3140.16627134134,0
574,0.132,0.306666666666667,75.5861121570842,0.634745304620774,0,3145.65607251501,0
575,0.132,0.306666666666667,75.5860854869434,0.634747560091194,0,3151.14587368869,0
576,0.132,0.306666666666667,75.586058731875,0.634749811041689,0,3156.63567486236,0
577,0.132,0.306666666666667,75.5860318921214,0.634752057486247,0,3162.12547603603,0
578,0.132,0.306666666666667,75.5860049679242,0.634754299438769,0,3167.61527720971,0
579,0.132,0.306666666666667,75.5859779595247,0.634756536913074,0,3173.10507838338,0
580,0.132,0.306666666666667,75.5859508671636,0.634758769922893,0,3178.59487955705,0
581,0.132,0.306666666666667,75.5859236910812,0.634760998481877,0,3184.08468073073,0
582,0.132,0.306666666666667,75.5858964315174,0.634763222603592,0,3189.5744819044,0
583,0.132,0.306666666666667,75.5858690887114,0.634765442301524,0,3195.06428307807,0
584,0.132,0.306666666666667,75.5858416629021,0.634767657589078,0,3200.55408425175,0
585,0.132,0.306666666666667,75.5858141543281,0.634769868479578,0,3206.04388542542,0
586,0.132,0.306666666666667,75.585786563227,0.63477207498627,0,3211.5336865991,0
587,0.132,0.306666666666667,75.5857588898367,0.634774277122319,0,3217.02348777277,0
588,0.132,0.306666666666667,75.5857311343939,0.634776474900816,0,3222.51328894644,0
589,0.132,0.306666666666667,75.5857032971354,0.634778668334772,0,3228.00309012012,0
590,0.132,0.306666666666667,75.5856753782974,0.634780857437122,0,3233.49289129379,0
591,0.132,0.306666666666667,75.5856473781154,0.634783042220728,0,3238.98269246746,0
592,0.132,0.306666666666667,75.5856192968249,0.634785222698373,0,3244.47249364114,0
593,0.132,0.306666666666667,75.5855911346607,0.63478739888277,0,3249.96229481481,0
594,0.132,0.306666666666667,75.5855628918571,0.634789570786557,0,3255.45209598849,0
595,0.132,0.306666666666667,75.5855345686482,0.634791738422297,0,3260.94189716216,0
596,0.132,0.306666666666667,75.5855061652676,0.634793901802486,0,3266.43169833583,0
597,0.132,0.306666666666667,75.5854776819484,0.634796060939545,0,3271.92149950951,0
598,0.132,0.306666666666667,75.5854491189233,0.634798215845826,0,3277.41130068318,0
599,0.132,0.306666666666667,75.5854204764247,0.634800366533609,0,3282.90110185685,0
600,0.132,0.306666666666667,75.5853917546844,0.634802513015108,0,3288.39090303053,0
601,0.132,0.306666666666667,75.585362953934,0.634804655302466,0,3293.8807042042,0
602,0.132,0.306666666666667,75.5853340744044,0.634806793407758,0,3299.37050537788,0
603,0.132,0.306666666666667,75.5853051163265,0.634808927342994,0,3304.86030655155,0
604,0.132,0.306666666666667,75.5852760799305,0.634811057120115,0,3310.35010772522,0
605,0.132,0.306666666666667,75.5852469654462,0.634813182750996,0,3315.8399088989,0
606,0.132,0.306666666666667,75.5852177731031,0.634815304247448,0,3321.32971007257,0
607,0.132,0.306666666666667,75.5851885031304,0.634817421621217,0,3326.81951124624,0
608,0.132,0.306666666666667,75.5851591557566,0.634819534883984,0,3332.30931241992,0
609,0.132,0.306666666666667,75.5851297312102,0.634821644047368,0,3337.79911359359,0
610,0.132,0.306666666666667,75.585100229719,0.634823749122921,0,3343.28891476727,0
611,0.132,0.306666666666667,75.5850706515105,0.634825850122137,0,3348.77871594094,0
612,0.132,0.306666666666667,75.5850409968118,0.634827947056447,0,3354.26851711461,0
613,0.132,0.306666666666667,75.5850112658498,0.634830039937221,0,3359.75831828829,0
614,0.132,0.306666666666667,75.5849814588508,0.634832128775765,0,3365.24811946196,0
615,0.132,0.306666666666667,75.5849515760408,0.63483421358333,0,3370.73792063563,0
616,0.132,0.306666666666667,75.5849216176453,0.634836294371103,0,3376.22772180931,0
617,0.132,0.306666666666667,75.5848915838897,0.634838371150216,0,3381.71752298298,0
618,0.132,0.306666666666667,75.5848614749987,0.63484044393174,0,3387.20732415665,0
619,0.132,0.306666666666667,75.5848312911969,0.634842512726687,0,3392.69712533033,0
620,0.132,0.306666666666667,75.5848010327084,0.634844577546014,0,3398.186926504,0
621,0.132,0.306666666666667,75.5847706997569,0.634846638400622,0,3403.67672767768,0
622,0.132,0.306666666666667,75.5847402925658,0.634848695301352,0,3409.16652885135,0
623,0.132,0.306666666666667,75.5847098113582,0.634850748258991,0,3414.65633002502,0
624,0.132,0.306666666666667,75.5846792563565,0.634852797284272,0,3420.1461311987,0
625,0.132,0.306666666666667,75.5846486277832,0.63485484238787,0,3425.63593237237,0
626,0.132,0.306666666666667,75.5846179258601,0.63485688358041,0,3431.12573354604,0
627,0.132,0.306666666666667,75.5845871508088,0.63485892087246,0,3436.61553471972,0
628,0.132,0.306666666666667,75.5845563028504,0.634860954274534,0,3442.10533589339,0
629,0.132,0.306666666666667,75.5845253822059,0.634862983797096,0,3447.59513706707,0
630,0.132,0.306666666666667,75.5844943890956,0.634865009450556,0,3453.08493824074,0
631,0.132,0.306666666666667,75.5844633237396,0.634867031245271,0,3458.57473941441,0
632,0.132,0.306666666666667,75.5844321863578,0.634869049191549,0,3464.06454058809,0
633,0.132,0.306666666666667,75.5844009771695,0.634871063299645,0,3469.55434176176,0
634,0.132,0.306666666666667,75.5843696963937,0.634873073579764,0,3475.04414293543,0
635,0.132,0.306666666666667,75.5843383442491,0.634875080042062,0,3480.53394410911,0
636,0.132,0.306666666666667,75.5843069209541,0.634877082696643,0,3486.02374528278,0
637,0.132,0.306666666666667,75.5842754267266,0.634879081553564,0,3491.51354645646,0
638,0.132,0.306666666666667,75.5842438617842,0.634881076622831,0,3497.00334763013,0
639,0.132,0.306666666666667,75.5842122263443,0.634883067914405,0,3502.4931488038,0
640,0.132,0.306666666666667,75.5841805206237,0.634885055438196,0,3507.98294997748,0
641,0.132,0.306666666666667,75.5841487448391,0.634887039204068,0,3513.47275115115,0
642,0.132,0.306666666666667,75.5841168992065,0.634889019221836,0,3518.96255232482,0
643,0.132,0.306666666666667,75.584084983942,0.634890995501271,0,3524.4523534985,0
644,0.132,0.306666666666667,75.584052999261,0.634892968052096,0,3529.94215467217,0
645,0.132,0.306666666666667,75.5840209453786,0.634894936883989,0,3535.43195584585,0
646,0.132,0.306666666666667,75.5839888225098,0.634896902006581,0,3540.92175701952,0
647,0.132,0.306666666666667,75.583956630869,0.634898863429459,0,3546.41155819319,0
648,0.132,0.306666666666667,75.5839243706703,0.634900821162167,0,3551.90135936687,0
649,0.132,0.306666666666667,75.5838920421275,0.6349027752142,0,3557.39116054054,0
650,0.132,0.306666666666667,75.5838596454541,0.634904725595014,0,3562.88096171421,0
651,0.132,0.306666666666667,75.5838271808632,0.634906672314019,0,3568.37076288789,0
652,0.132,0.306666666666667,75.5837946485674,0.634908615380583,0,3573.86056406156,0
653,0.132,0.306666666666667,75.5837620487793,0.634910554804028,0,3579.35036523523,0
654,0.132,0.306666666666667,75.5837293817108,0.634912490593638,0,3584.84016640891,0
655,0.132,0.306666666666667,75.5836966475736,0.634914422758651,0,3590.32996758258,0
656,0.132,0.306666666666667,75.5836638465793,0.634916351308266,0,3595.81976875625,0
657,0.132,0.306666666666667,75.5836309789387,0.63491827625164,0,3601.30956992993,0
658,0.132,0.306666666666667,75.5835980448626,0.634920197597888,0,3606.7993711036,0
659,0.132,0.306666666666667,75.5835650445613,0.634922115356084,0,3612.28917227728,0
660,0.132,0.306666666666667,75.5835319782447,0.634924029535264,0,3617.77897345095,0
661,0.132,0.306666666666667,75.5834988461227,0.634925940144421,0,3623.26877462462,0
662,0.132,0.306666666666667,75.5834656484044,0.63492784719251,0,3628.7585757983,0
663,0.132,0.306666666666667,75.5834323852989,0.634929750688447,0,3634.24837697197,0
664,0.132,0.306666666666667,75.5833990570147,0.634931650641108,0,3639.73817814564,0
665,0.132,0.306666666666667,75.5833656637602,0.63493354705933,0,3645.22797931932,0
666,0.132,0.306666666666667,75.5833322057433,0.634935439951911,0,3650.71778049299,0
667,0.132,0.306666666666667,75.5832986831716,0.634937329327615,0,3656.20758166666,0
668,0.132,0.306666666666667,75.5832650962523,0.634939215195163,0,3661.69738284034,0
669,0.132,0.306666666666667,75.5832314451924,0.634941097563241,0,3667.18718401401,0
670,0.132,0.306666666666667,75.5831977301984,0.634942976440497,0,3672.67698518769,0
671,0.132,0.306666666666667,75.5831639514766,0.634944851835544,0,3678.16678636136,0
672,0.132,0.306666666666667,75.5831301092328,0.634946723756957,0,3683.65658753503,0
673,0.132,0.306666666666667,75.5830962036727,0.634948592213273,0,3689.14638870871,0
674,0.132,0.306666666666667,75.5830622350013,0.634950457212996,0,3694.63618988238,0
675,0.132,0.306666666666667,75.5830282034236,0.634952318764594,0,3700.12599105605,0
676,0.132,0.306666666666667,75.582994109144,0.634954176876496,0,3705.61579222973,0
677,0.132,0.306666666666667,75.5829599523668,0.634956031557101,0,3711.1055934034,0
678,0.132,0.306666666666667,75.5829257332957,0.63495788281477,0,3716.59539457708,0
679,0.132,0.306666666666667,75.5828914521343,0.63495973065783,0,3722.08519575075,0
680,0.132,0.306666666666667,75.5828571090858,0.634961575094573,0,3727.57499692442,0
681,0.132,0.306666666666667,75.5828227043528,0.634963416133258,0,3733.0647980981,0
682,0.132,0.306666666666667,75.5827882381378,0.63496525378211,0,3738.55459927177,0
683,0.132,0.306666666666667,75.582753710643,0.634967088049321,0,3744.04440044545,0
684,0.132,0.306666666666667,75.5827191220702,0.634968918943048,0,3749.53420161912,0
685,0.132,0.306666666666667,75.5826844726207,0.634970746471417,0,3755.02400279279,0
686,0.132,0.306666666666667,75.5826497624957,0.63497257064252,0,3760.51380396647,0
687,0.132,0.306666666666667,75.5826149918957,0.634974391464417,0,3766.00360514014,0
688,0.132,0.306666666666667,75.5825801610214,0.634976208945136,0,3771.49340631381,0
689,0.132,0.306666666666667,75.5825452700727,0.634978023092672,0,3776.98320748749,0
690,0.132,0.306666666666667,75.5825103192492,0.634979833914989,0,3782.47300866116,0
691,0.132,0.306666666666667,75.5824753087504,0.63498164142002,0,3787.96280983483,0
692,0.132,0.306666666666667,75.5824402387753,0.634983445615665,0,3793.45261100851,0
693,0.132,0.306666666666667,75.5824051095225,0.634985246509796,0,3798.94241218218,0
694,0.132,0.306666666666667,75.5823699211903,0.63498704411025,0,3804.43221335586,0
695,0.132,0.306666666666667,75.5823346739767,0.634988838424837,0,3809.92201452953,0
696,0.132,0.306666666666667,75.5822993680793,0.634990629461336,0,3815.4118157032,0
697,0.132,0.306666666666667,75.5822640036955,0.634992417227494,0,3820.90161687688,0
698,0.132,0.306666666666667,75.582228581022,0.634994201731029,0,3826.39141805055,0
699,0.132,0.306666666666667,75.5821931002556,0.634995982979631,0,3831.88121922422,0
700,0.132,0.306666666666667,75.5821575615923,0.634997760980959,0,3837.3710203979,0
701,0.132,0.306666666666667,75.5821219652282,0.634999535742643,0,3842.86082157157,0
702,0.132,0.306666666666667,75.5820863113588,0.635001307272283,0,3848.35062274525,0
703,0.132,0.306666666666667,75.5820506001791,0.635003075577453,0,3853.84042391892,0
704,0.132,0.306666666666667,75.5820148318841,0.635004840665695,0,3859.33022509259,0
705,0.132,0.306666666666667,75.5819790066683,0.635006602544525,0,3864.82002626627,0
706,0.132,0.306666666666667,75.5819431247257,0.635008361221429,0,3870.30982743994,0
707,0.132,0.306666666666667,75.5819071862502,0.635010116703868,0,3875.79962861361,0
708,0.132,0.306666666666667,75.5818711914352,0.635011868999272,0,3881.28942978729,0
709,0.132,0.306666666666667,75.5818351404738,0.635013618115045,0,3886.77923096096,0
710,0.132,0.306666666666667,75.5817990335587,0.635015364058563,0,3892.26903213463,0
711,0.132,0.306666666666667,75.5817628708822,0.635017106837176,0,3897.75883330831,0
712,0.132,0.306666666666667,75.5817266526365,0.635018846458205,0,3903.24863448198,0
713,0.132,0.306666666666667,75.5816903790132,0.635020582928945,0,3908.73843565565,0
714,0.132,0.306666666666667,75.5816540502035,0.635022316256666,0,3914.22823682933,0
715,0.132,0.306666666666667,75.5816176663986,0.63502404644861,0,3919.718038003,0
716,0.132,0.306666666666667,75.5815812277889,0.635025773511993,0,3925.20783917668,0
717,0.132,0.306666666666667,75.5815447345648,0.635027497454004,0,3930.69764035035,0
718,0.132,0.306666666666667,75.5815081869162,0.635029218281808,0,3936.18744152402,0
719,0.132,0.306666666666667,75.5814715850326,0.635030936002543,0,3941.6772426977,0
720,0.132,0.306666666666667,75.5814349291032,0.635032650623322,0,3947.16704387137,0
721,0.132,0.306666666666667,75.5813982193168,0.635034362151233,0,3952.65684504505,0
722,0.132,0.306666666666667,75.581361455862,0.635036070593338,0,3958.14664621872,0
723,0.132,0.306666666666667,75.5813246389268,0.635037775956674,0,3963.63644739239,0
724,0.132,0.306666666666667,75.5812877686991,0.635039478248253,0,3969.12624856607,0
725,0.132,0.306666666666667,75.5812508453662,0.635041177475064,0,3974.61604973974,0
726,0.132,0.306666666666667,75.5812138691153,0.635042873644069,0,3980.10585091341,0
727,0.132,0.306666666666667,75.581176840133,0.635044566762208,0,3985.59565208709,0
728,0.132,0.306666666666667,75.5811397586056,0.635046256836395,0,3991.08545326076,0
729,0.132,0.306666666666667,75.5811026247192,0.635047943873522,0,3996.57525443444,0
730,0.132,0.306666666666667,75.5810654386594,0.635049627880454,0,4002.06505560811,0
731,0.132,0.306666666666667,75.5810282006114,0.635051308864036,0,4007.55485678178,0
732,0.132,0.306666666666667,75.5809909107602,0.635052986831086,0,4013.04465795546,0
733,0.132,0.306666666666667,75.5809535692903,0.635054661788402,0,4018.53445912913,0
734,0.132,0.306666666666667,75.580916176386,0.635056333742756,0,4024.0242603028,0
735,0.132,0.306666666666667,75.5808787322309,0.635058002700898,0,4029.51406147648,0
736,0.132,0.306666666666667,75.5808412370087,0.635059668669555,0,4035.00386265015,0
737,0.132,0.306666666666667,75.5808036909023,0.635061331655431,0,4040.49366382383,0
738,0.132,0.306666666666667,75.5807660940946,0.635062991665208,0,4045.9834649975,0
739,0.132,0.306666666666667,75.580728446768,0.635064648705544,0,4051.47326617117,0
740,0.132,0.306666666666667,75.5806907491044,0.635066302783078,0,4056.96306734485,0
741,0.132,0.306666666666667,75.5806530012856,0.635067953904422,0,4062.45286851852,0
742,0.132,0.306666666666667,75.5806152034928,0.63506960207617,0,4067.94266969219,0
743,0.132,0.306666666666667,75.580577355907,0.635071247304891,0,4073.43247086587,0
744,0.132,0.306666666666667,75.5805394587087,0.635072889597136,0,4078.92227203954,0
745,0.132,0.306666666666667,75.5805015120782,0.63507452895943,0,4084.41207321322,0
746,0.132,0.306666666666667,75.5804635161952,0.635076165398279,0,4089.90187438689,0
747,0.132,0.306666666666667,75.5804254712394,0.635077798920167,0,4095.39167556056,0
748,0.132,0.306666666666667,75.5803873773897,0.635079429531557,0,4100.88147673424,0
749,0.132,0.306666666666667,75.580349234825,0.635081057238891,0,4106.37127790791,0
750,0.132,0.306666666666667,75.5803110437237,0.635082682048589,0,4111.86107908158,0
751,0.132,0.306666666666667,75.5802728042636,0.635084303967052,0,4117.35088025526,0
752,0.132,0.306666666666667,75.5802345166226,0.635085923000658,0,4122.84068142893,0
753,0.132,0.306666666666667,75.5801961809779,0.635087539155767,0,4128.33048260261,0
754,0.132,0.306666666666667,75.5801577975065,0.635089152438714,0,4133.82028377628,0
755,0.132,0.306666666666667,75.5801193663848,0.635090762855819,0,4139.31008494995,0
756,0.132,0.306666666666667,75.5800808877891,0.635092370413379,0,4144.79988612363,0
757,0.132,0.306666666666667,75.5800423618951,0.635093975117671,0,4150.2896872973,0
758,0.132,0.306666666666667,75.5800037888785,0.635095576974952,0,4155.77948847097,0
759,0.132,0.306666666666667,75.5799651689142,0.63509717599146,0,4161.26928964465,0
760,0.132,0.306666666666667,75.5799265021769,0.635098772173411,0,4166.75909081832,0
761,0.132,0.306666666666667,75.579887788841,0.635100365527005,0,4172.248891992,0
762,0.132,0.306666666666667,75.5798490290806,0.635101956058418,0,4177.73869316567,0
763,0.132,0.306666666666667,75.5798102230692,0.635103543773811,0,4183.22849433934,0
764,0.132,0.306666666666667,75.5797713709799,0.635105128679322,0,4188.71829551302,0
765,0.132,0.306666666666667,75.5797324729859,0.635106710781073,0,4194.20809668669,0
766,0.132,0.306666666666667,75.5796935292595,0.635108290085163,0,4199.69789786036,0
767,0.132,0.306666666666667,75.5796545399728,0.635109866597676,0,4205.18769903404,0
768,0.132,0.306666666666667,75.5796155052977,0.635111440324674,0,4210.67750020771,0
769,0.132,0.306666666666667,75.5795764254056,0.635113011272204,0,4216.16730138138,0
770,0.132,0.306666666666667,75.5795373004674,0.63511457944629,0,4221.65710255506,0
771,0.132,0.306666666666667,75.5794981306538,0.635116144852939,0,4227.14690372873,0
772,0.132,0.306666666666667,75.5794589161352,0.635117707498141,0,4232.6367049024,0
773,0.132,0.306666666666667,75.5794196570813,0.635119267387867,0,4238.12650607608,0
774,0.132,0.306666666666667,75.5793803536618,0.635120824528067,0,4243.61630724975,0
775,0.132,0.306666666666667,75.5793410060459,0.635122378924678,0,4249.10610842342,0
776,0.132,0.306666666666667,75.5793016144023,0.635123930583614,0,4254.5959095971,0
777,0.132,0.306666666666667,75.5792621788995,0.635125479510774,0,4260.08571077077,0
778,0.132,0.306666666666667,75.5792226997054,0.635127025712037,0,4265.57551194445,0
779,0.132,0.306666666666667,75.5791831769879,0.635128569193268,0,4271.06531311812,0
780,0.132,0.306666666666667,75.5791436109142,0.635130109960309,0,4276.55511429179,0
781,0.132,0.306666666666667,75.5791040016513,0.635131648018989,0,4282.04491546547,0
782,0.132,0.306666666666667,75.5790643493656,0.635133183375118,0,4287.53471663914,0
783,0.132,0.306666666666667,75.5790246542235,0.635134716034487,0,4293.02451781281,0
784,0.132,0.306666666666667,75.5789849163908,0.635136246002872,0,4298.51431898649,0
785,0.132,0.306666666666667,75.5789451360328,0.63513777328603,0,4304.00412016016,0
786,0.132,0.306666666666667,75.5789053133147,0.635139297889703,0,4309.49392133383,0
787,0.132,0.306666666666667,75.5788654484012,0.635140819819614,0,4314.98372250751,0
788,0.132,0.306666666666667,75.5788255414565,0.63514233908147,0,4320.47352368118,0
789,0.132,0.306666666666667,75.5787855926447,0.635143855680961,0,4325.96332485486,0
790,0.132,0.306666666666667,75.5787456021293,0.63514536962376,0,4331.45312602853,0
791,0.132,0.306666666666667,75.5787055700736,0.635146880915523,0,4336.9429272022,0
792,0.132,0.306666666666667,75.5786654966403,0.635148389561891,0,4342.43272837588,0
793,0.132,0.306666666666667,75.5786253819919,0.635149895568487,0,4347.92252954955,0
794,0.132,0.306666666666667,75.5785852262906,0.635151398940918,0,4353.41233072322,0
795,0.132,0.306666666666667,75.578545029698,0.635152899684775,0,4358.9021318969,0
796,0.132,0.306666666666667,75.5785047923755,0.635154397805632,0,4364.39193307057,0
797,0.132,0.306666666666667,75.578464514484,0.635155893309047,0,4369.88173424425,0
798,0.132,0.306666666666667,75.5784241961841,0.635157386200563,0,4375.37153541792,0
799,0.132,0.306666666666667,75.5783838376361,0.635158876485705,0,4380.86133659159,0
800,0.132,0.306666666666667,75.5783434389997,0.635160364169985,0,4386.35113776527,0
801,0.132,0.306666666666667,75.5783030004345,0.635161849258896,0,4391.84093893894,0
802,0.132,0.306666666666667,75.5782625220994,0.635163331757917,0,4397.33074011262,0
803,0.132,0.306666666666667,75.5782220041533,0.63516481167251,0,4402.82054128629,0
804,0.132,0.306666666666667,75.5781814467546,0.635166289008124,0,4408.31034245996,0
805,0.132,0.306666666666667,75.578140850061,0.63516776377019,0,4413.80014363364,0
806,0.132,0.306666666666667,75.5781002142303,0.635169235964124,0,4419.28994480731,0
807,0.132,0.306666666666667,75.5780595394197,0.635170705595327,0,4424.77974598098,0
808,0.132,0.306666666666667,75.578018825786,0.635172172669184,0,4430.26954715466,0
809,0.132,0.306666666666667,75.5779780734857,0.635173637191067,0,4435.75934832833,0
810,0.132,0.306666666666667,75.5779372826748,0.635175099166329,0,4441.249149502,0
811,0.132,0.306666666666667,75.5778964535092,0.635176558600312,0,4446.73895067568,0
812,0.132,0.306666666666667,75.577855586144,0.635178015498339,0,4452.22875184935,0
813,0.132,0.306666666666667,75.5778146807344,0.635179469865722,0,4457.71855302303,0
814,0.132,0.306666666666667,75.5777737374349,0.635180921707755,0,4463.2083541967,0
815,0.132,0.306666666666667,75.5777327563997,0.635182371029719,0,4468.69815537037,0
816,0.132,0.306666666666667,75.5776917377827,0.635183817836878,0,4474.18795654405,0
817,0.132,0.306666666666667,75.5776506817373,0.635185262134485,0,4479.67775771772,0
818,0.132,0.306666666666667,75.5776095884166,0.635186703927776,0,4485.16755889139,0
819,0.132,0.306666666666667,75.5775684579734,0.635188143221971,0,4490.65736006507,0
820,0.132,0.306666666666667,75.5775272905601,0.635189580022278,0,4496.14716123874,0
821,0.132,0.306666666666667,75.5774860863285,0.63519101433389,0,4501.63696241242,0
822,0.132,0.306666666666667,75.5774448454303,0.635192446161987,0,4507.12676358609,0
823,0.132,0.306666666666667,75.5774035680167,0.63519387551173,0,4512.61656475976,0
824,0.132,0.306666666666667,75.5773622542387,0.635195302388271,0,4518.10636593344,0
825,0.132,0.306666666666667,75.5773209042465,0.635196726796745,0,4523.59616710711,0
826,0.132,0.306666666666667,75.5772795181904,0.635198148742275,0,4529.08596828078,0
827,0.132,0.306666666666667,75.5772380962201,0.635199568229967,0,4534.57576945446,0
828,0.132,0.306666666666667,75.577196638485,0.635200985264916,0,4540.06557062813,0
829,0.132,0.306666666666667,75.577155145134,0.6352023998522,0,4545.55537180181,0
830,0.132,0.306666666666667,75.5771136163157,0.635203811996887,0,4551.04517297548,0
831,0.132,0.306666666666667,75.5770720521785,0.635205221704028,0,4556.53497414915,0
832,0.132,0.306666666666667,75.57703045287,0.635206628978661,0,4562.02477532283,0
833,0.132,0.306666666666667,75.576988818538,0.635208033825811,0,4567.5145764965,0
834,0.132,0.306666666666667,75.5769471493294,0.63520943625049,0,4573.00437767017,0
835,0.132,0.306666666666667,75.576905445391,0.635210836257694,0,4578.49417884385,0
836,0.132,0.306666666666667,75.5768637068691,0.635212233852409,0,4583.98398001752,0
837,0.132,0.306666666666667,75.57682193391,0.635213629039603,0,4589.47378119119,0
838,0.132,0.306666666666667,75.576780126659,0.635215021824236,0,4594.96358236487,0
839,0.132,0.306666666666667,75.5767382852615,0.635216412211249,0,4600.45338353854,0
840,0.132,0.306666666666667,75.5766964098624,0.635217800205575,0,4605.94318471222,0
841,0.132,0.306666666666667,75.5766545006061,0.63521918581213,0,4611.43298588589,0
842,0.132,0.306666666666667,75.5766125576369,0.635220569035819,0,4616.92278705956,0
843,0.132,0.306666666666667,75.5765705810985,0.635221949881533,0,4622.41258823324,0
844,0.132,0.306666666666667,75.5765285711344,0.63522332835415,0,4627.90238940691,0
845,0.132,0.306666666666667,75.5764865278874,0.635224704458535,0,4633.39219058058,0
846,0.132,0.306666666666667,75.5764444515004,0.63522607819954,0,4638.88199175426,0
847,0.132,0.306666666666667,75.5764023421156,0.635227449582005,0,4644.37179292793,0
848,0.132,0.306666666666667,75.5763601998749,0.635228818610754,0,4649.8615941016,0
849,0.132,0.306666666666667,75.5763180249199,0.635230185290604,0,4655.35139527528,0
850,0.132,0.306666666666667,75.5762758173917,0.635231549626354,0,4660.84119644895,0
851,0.132,0.306666666666667,75.5762335774312,0.635232911622793,0,4666.33099762263,0
852,0.132,0.306666666666667,75.5761913051788,0.635234271284695,0,4671.8207987963,0
853,0.132,0.306666666666667,75.5761490007746,0.635235628616825,0,4677.31059996997,0
854,0.132,0.306666666666667,75.5761066643583,0.635236983623931,0,4682.80040114365,0
855,0.132,0.306666666666667,75.5760642960693,0.635238336310754,0,4688.29020231732,0
856,0.132,0.306666666666667,75.5760218960465,0.635239686682018,0,4693.78000349099,0
857,0.132,0.306666666666667,75.5759794644284,0.635241034742436,0,4699.26980466467,0
858,0.132,0.306666666666667,75.5759370013534,0.635242380496708,0,4704.75960583834,0
859,0.132,0.306666666666667,75.5758945069593,0.635243723949525,0,4710.24940701201,0
860,0.132,0.306666666666667,75.5758519813837,0.635245065105561,0,4715.73920818569,0
861,0.132,0.306666666666667,75.5758094247636,0.635246403969481,0,4721.22900935936,0
862,0.132,0.306666666666667,75.5757668372358,0.635247740545937,0,4726.71881053304,0
863,0.132,0.306666666666667,75.5757242189368,0.635249074839569,0,4732.20861170671,0
864,0.132,0.306666666666667,75.5756815700024,0.635250406855004,0,4737.69841288039,0
865,0.132,0.306666666666667,75.5756388905686,0.635251736596858,0,4743.18821405406,0
866,0.132,0.306666666666667,75.5755961807705,0.635253064069736,0,4748.67801522773,0
867,0.132,0.306666666666667,75.5755534407431,0.635254389278229,0,4754.16781640141,0
868,0.132,0.306666666666667,75.5755106706209,0.635255712226918,0,4759.65761757508,0
869,0.132,0.306666666666667,75.5754678705382,0.63525703292037,0,4765.14741874875,0
870,0.132,0.306666666666667,75.5754250406288,0.635258351363141,0,4770.63721992243,0
871,0.132,0.306666666666667,75.5753821810263,0.635259667559777,0,4776.1270210961,0
872,0.132,0.306666666666667,75.5753392918637,0.635260981514811,0,4781.61682226977,0
873,0.132,0.306666666666667,75.5752963732738,0.635262293232765,0,4787.10662344345,0
874,0.132,0.306666666666667,75.575253425389,0.635263602718146,0,4792.59642461712,0
875,0.132,0.306666666666667,75.5752104483414,0.635264909975455,0,4798.08622579079,0
876,0.132,0.306666666666667,75.5751674422626,0.635266215009178,0,4803.57602696447,0
877,0.132,0.306666666666667,75.5751244072838,0.63526751782379,0,4809.06582813814,0
878,0.132,0.306666666666667,75.5750813435362,0.635268818423755,0,4814.55562931182,0
879,0.132,0.306666666666667,75.5750382511503,0.635270116813525,0,4820.04543048549,0
880,0.132,0.306666666666667,75.5749951302563,0.635271412997541,0,4825.53523165916,0
881,0.132,0.306666666666667,75.5749519809841,0.635272706980233,0,4831.02503283284,0
882,0.132,0.306666666666667,75.5749088034631,0.63527399876602,0,4836.51483400651,0
883,0.132,0.306666666666667,75.5748655978227,0.635275288359308,0,4842.00463518018,0
884,0.132,0.306666666666667,75.5748223641915,0.635276575764494,0,4847.49443635386,0
885,0.132,0.306666666666667,75.5747791026981,0.635277860985963,0,4852.98423752753,0
886,0.132,0.306666666666667,75.5747358134704,0.635279144028089,0,4858.47403870121,0
887,0.132,0.306666666666667,75.5746924966362,0.635280424895233,0,4863.96383987488,0
888,0.132,0.306666666666667,75.5746491523229,0.635281703591749,0,4869.45364104855,0
889,0.132,0.306666666666667,75.5746057806575,0.635282980121976,0,4874.94344222223,0
890,0.132,0.306666666666667,75.5745623817667,0.635284254490245,0,4880.4332433959,0
891,0.132,0.306666666666667,75.5745189557768,0.635285526700874,0,4885.92304456957,0
892,0.132,0.306666666666667,75.5744755028136,0.635286796758171,0,4891.41284574325,0
893,0.132,0.306666666666667,75.5744320230029,0.635288064666434,0,4896.90264691692,0
894,0.132,0.306666666666667,75.5743885164698,0.635289330429948,0,4902.39244809059,0
895,0.132,0.306666666666667,75.5743449833392,0.63529059405299,0,4907.88224926427,0
896,0.132,0.306666666666667,75.5743014237357,0.635291855539823,0,4913.37205043794,0
897,0.132,0.306666666666667,75.5742578377834,0.635293114894703,0,4918.86185161161,0
898,0.132,0.306666666666667,75.5742142256062,0.635294372121874,0,4924.35165278529,0
899,0.132,0.306666666666667,75.5741705873275,0.635295627225566,0,4929.84145395896,0
900,0.132,0.306666666666667,75.5741269230706,0.635296880210004,0,4935.33125513263,0
901,0.132,0.306666666666667,75.574083232958,0.635298131079399,0,4940.82105630631,0
902,0.132,0.306666666666667,75.5740395171123,0.635299379837951,0,4946.31085747998,0
903,0.132,0.306666666666667,75.5739957756556,0.635300626489853,0,4951.80065865366,0
904,0.132,0.306666666666667,75.5739520087095,0.635301871039284,0,4957.29045982733,0
905,0.132,0.306666666666667,75.5739082163956,0.635303113490414,0,4962.780261001,0
906,0.132,0.306666666666667,75.5738643988346,0.635304353847404,0,4968.27006217468,0
907,0.132,0.306666666666667,75.5738205561474,0.635305592114401,0,4973.75986334835,0
908,0.132,0.306666666666667,75.5737766884544,0.635306828295546,0,4979.24966452202,0
909,0.132,0.306666666666667,75.5737327958754,0.635308062394966,0,4984.7394656957,0
910,0.132,0.306666666666667,75.5736888785301,0.635309294416781,0,4990.22926686937,0
911,0.132,0.306666666666667,75.5736449365379,0.635310524365099,0,4995.71906804305,0
912,0.132,0.306666666666667,75.5736009700176,0.635311752244017,0,5001.20886921672,0
913,0.132,0.306666666666667,75.5735569790879,0.635312978057625,0,5006.69867039039,0
914,0.132,0.306666666666667,75.5735129638671,0.63531420181,0,5012.18847156407,0
915,0.132,0.306666666666667,75.573468924473,0.635315423505209,0,5017.67827273774,0
916,0.132,0.306666666666667,75.5734248610232,0.635316643147311,0,5023.16807391141,0
917,0.132,0.306666666666667,75.573380773635,0.635317860740353,0,5028.65787508509,0
918,0.132,0.306666666666667,75.5733366624252,0.635319076288374,0,5034.14767625876,0
919,0.132,0.306666666666667,75.5732925275105,0.635320289795401,0,5039.63747743243,0
920,0.132,0.306666666666667,75.573248369007,0.635321501265453,0,5045.12727860611,0
921,0.132,0.306666666666667,75.5732041870305,0.635322710702537,0,5050.61707977978,0
922,0.132,0.306666666666667,75.5731599816967,0.635323918110653,0,5056.10688095346,0
923,0.132,0.306666666666667,75.5731157531207,0.635325123493788,0,5061.59668212713,0
924,0.132,0.306666666666667,75.5730715014173,0.635326326855921,0,5067.0864833008,0
925,0.132,0.306666666666667,75.5730272267011,0.635327528201023,0,5072.57628447448,0
926,0.132,0.306666666666667,75.5729829290863,0.635328727533051,0,5078.06608564815,0
927,0.132,0.306666666666667,75.5729386086866,0.635329924855956,0,5083.55588682182,0
928,0.132,0.306666666666667,75.5728942656156,0.635331120173679,0,5089.0456879955,0
929,0.132,0.306666666666667,75.5728498999865,0.635332313490148,0,5094.53548916917,0
930,0.132,0.306666666666667,75.5728055119121,0.635333504809285,0,5100.02529034284,0
931,0.132,0.306666666666667,75.5727611015048,0.635334694135002,0,5105.51509151652,0
932,0.132,0.306666666666667,75.5727166688769,0.6353358814712,0,5111.00489269019,0
933,0.132,0.306666666666667,75.5726722141402,0.635337066821772,0,5116.49469386387,0
934,0.132,0.306666666666667,75.5726277374061,0.635338250190601,0,5121.98449503754,0
935,0.132,0.306666666666667,75.5725832387859,0.635339431581559,0,5127.47429621121,0
936,0.132,0.306666666666667,75.5725387183904,0.635340610998512,0,5132.96409738489,0
937,0.132,0.306666666666667,75.5724941763301,0.635341788445313,0,5138.45389855856,0
938,0.132,0.306666666666667,75.5724496127151,0.635342963925808,0,5143.94369973223,0
939,0.132,0.306666666666667,75.5724050276553,0.635344137443832,0,5149.43350090591,0
940,0.132,0.306666666666667,75.5723604212602,0.635345309003214,0,5154.92330207958,0
941,0.132,0.306666666666667,75.572315793639,0.63534647860777,0,5160.41310325326,0
942,0.132,0.306666666666667,75.5722711449006,0.635347646261308,0,5165.90290442693,0
943,0.132,0.306666666666667,75.5722264751535,0.635348811967628,0,5171.3927056006,0
944,0.132,0.306666666666667,75.5721817845058,0.635349975730519,0,5176.88250677427,0
945,0.132,0.306666666666667,75.5721370730655,0.635351137553761,0,5182.37230794795,0
946,0.132,0.306666666666667,75.5720923409402,0.635352297441128,0,5187.86210912162,0
947,0.132,0.306666666666667,75.5720475882369,0.635353455396381,0,5193.3519102953,0
948,0.132,0.306666666666667,75.5720028150628,0.635354611423274,0,5198.84171146897,0
949,0.132,0.306666666666667,75.5719580215243,0.63535576552555,0,5204.33151264264,0
950,0.132,0.306666666666667,75.5719132077276,0.635356917706946,0,5209.82131381632,0
951,0.132,0.306666666666667,75.5718683737788,0.635358067971188,0,5215.31111498999,0
952,0.132,0.306666666666667,75.5718235197835,0.635359216321994,0,5220.80091616366,0
953,0.132,0.306666666666667,75.5717786458468,0.635360362763072,0,5226.29071733734,0
954,0.132,0.306666666666667,75.5717337520739,0.635361507298122,0,5231.78051851101,0
955,0.132,0.306666666666667,75.5716888385693,0.635362649930835,0,5237.27031968468,0
956,0.132,0.306666666666667,75.5716439054374,0.635363790664892,0,5242.76012085836,0
957,0.132,0.306666666666667,75.5715989527822,0.635364929503968,0,5248.24992203203,0
958,0.132,0.306666666666667,75.5715539807075,0.635366066451725,0,5253.73972320571,0
959,0.132,0.306666666666667,75.5715089893165,0.635367201511821,0,5259.22952437938,0
960,0.132,0.306666666666667,75.5714639787123,0.635368334687901,0,5264.71932555305,0
961,0.132,0.306666666666667,75.5714189489978,0.635369465983605,0,5270.20912672673,0
962,0.132,0.306666666666667,75.5713739002753,0.635370595402561,0,5275.6989279004,0
963,0.132,0.306666666666667,75.5713288326469,0.635371722948391,0,5281.18872907407,0
964,0.132,0.306666666666667,75.5712837462145,0.635372848624707,0,5286.67853024775,0
965,0.132,0.306666666666667,75.5712386410796,0.635373972435112,0,5292.16833142142,0
966,0.132,0.306666666666667,75.5711935173432,0.635375094383202,0,5297.6581325951,0
967,0.132,0.306666666666667,75.5711483751064,0.635376214472563,0,5303.14793376877,0
968,0.132,0.306666666666667,75.5711032144697,0.635377332706772,0,5308.63773494244,0
969,0.132,0.306666666666667,75.5710580355332,0.635378449089401,0,5314.12753611612,0
970,0.132,0.306666666666667,75.571012838397,0.635379563624008,0,5319.61733728979,0
971,0.132,0.306666666666667,75.5709676231606,0.635380676314148,0,5325.10713846347,0
972,0.132,0.306666666666667,75.5709223899234,0.635381787163364,0,5330.59693963714,0
973,0.132,0.306666666666667,75.5708771387845,0.635382896175193,0,5336.08674081081,0
974,0.132,0.306666666666667,75.5708318698424,0.63538400335316,0,5341.57654198449,0
975,0.132,0.306666666666667,75.5707865831957,0.635385108700786,0,5347.06634315816,0
976,0.132,0.306666666666667,75.5707412789423,0.635386212221581,0,5352.55614433183,0
977,0.132,0.306666666666667,75.5706959571801,0.635387313919047,0,5358.04594550551,0
978,0.132,0.306666666666667,75.5706506180067,0.635388413796679,0,5363.53574667918,0
979,0.132,0.306666666666667,75.570605261519,0.635389511857962,0,5369.02554785285,0
980,0.132,0.306666666666667,75.5705598878141,0.635390608106375,0,5374.51534902653,0
981,0.132,0.306666666666667,75.5705144969885,0.635391702545385,0,5380.0051502002,0
982,0.132,0.306666666666667,75.5704690891385,0.635392795178456,0,5385.49495137387,0
983,0.132,0.306666666666667,75.57042366436,0.635393886009039,0,5390.98475254755,0
984,0.132,0.306666666666667,75.5703782227488,0.63539497504058,0,5396.47455372122,0
985,0.132,0.306666666666667,75.5703327644001,0.635396062276516,0,5401.96435489489,0
986,0.132,0.306666666666667,75.5702872894092,0.635397147720274,0,5407.45415606857,0
987,0.132,0.306666666666667,75.5702417978707,0.635398231375277,0,5412.94395724224,0
988,0.132,0.306666666666667,75.5701962898791,0.635399313244936,0,5418.43375841592,0
989,0.132,0.306666666666667,75.5701507655287,0.635400393332657,0,5423.92355958959,0
990,0.132,0.306666666666667,75.5701052249133,0.635401471641836,0,5429.41336076326,0
991,0.132,0.306666666666667,75.5700596681265,0.635402548175861,0,5434.90316193694,0
992,0.132,0.306666666666667,75.5700140952616,0.635403622938113,0,5440.39296311061,0
993,0.132,0.306666666666667,75.5699685064115,0.635404695931965,0,5445.88276428428,0
994,0.132,0.306666666666667,75.5699229016691,0.635405767160783,0,5451.37256545796,0
995,0.132,0.306666666666667,75.5698772811268,0.635406836627922,0,5456.86236663163,0
996,0.132,0.306666666666667,75.5698316448766,0.635407904336733,0,5462.3521678053,0
997,0.132,0.306666666666667,75.5697859930104,0.635408970290556,0,5467.84196897898,0
998,0.132,0.306666666666667,75.5697403256197,0.635410034492725,0,5473.33177015265,0
999,0.132,0.306666666666667,75.5696946427959,0.635411096946566,0,5478.82157132633,0
1000,0.132,0.306666666666667,75.5696489446298,0.635412157655396,0,5484.3113725,0
1001,0.132,0.306666666666667,75.5696032312122,0.635413216622526,0,5489.80117367367,0
1002,0.132,0.306666666666667,75.5695575026334,0.635414273851259,0,5495.29097484735,0
1003,0.132,0.306666666666667,75.5695117589837,0.635415329344889,0,5500.78077602102,0
1004,0.132,0.306666666666667,75.5694660003526,0.635416383106703,0,5506.2705771947,0
1005,0.132,0.306666666666667,75.5694202268299,0.635417435139981,0,5511.76037836837,0
1006,0.132,0.306666666666667,75.5693744385047,0.635418485447995,0,5517.25017954204,0
1007,0.132,0.306666666666667,75.5693286354661,0.635419534034008,0,5522.73998071572,0
1008,0.132,0.306666666666667,75.5692828178027,0.635420580901278,0,5528.22978188939,0
1009,0.132,0.306666666666667,75.5692369856028,0.635421626053053,0,5533.71958306306,0
1010,0.132,0.306666666666667,75.5691911389548,0.635422669492575,0,5539.20938423674,0
1011,0.132,0.306666666666667,75.5691452779463,0.635423711223079,0,5544.69918541041,0
1012,0.132,0.306666666666667,75.5690994026649,0.63542475124779,0,5550.18898658409,0
1013,0.132,0.306666666666667,75.569053513198,0.635425789569927,0,5555.67878775776,0
1014,0.132,0.306666666666667,75.5690076096325,0.635426826192702,0,5561.16858893143,0
1015,0.132,0.306666666666667,75.5689616920551,0.63542786111932,0,5566.65839010511,0
1016,0.132,0.306666666666667,75.5689157605523,0.635428894352976,0,5572.14819127878,0
1017,0.132,0.306666666666667,75.5688698152102,0.63542992589686,0,5577.63799245245,0
1018,0.132,0.306666666666667,75.5688238561148,0.635430955754155,0,5583.12779362613,0
1019,0.132,0.306666666666667,75.5687778833517,0.635431983928033,0,5588.6175947998,0
1020,0.132,0.306666666666667,75.5687318970062,0.635433010421664,0,5594.10739597347,0
1021,0.132,0.306666666666667,75.5686858971634,0.635434035238205,0,5599.59719714715,0
1022,0.132,0.306666666666667,75.568639883908,0.635435058380811,0,5605.08699832082,0
1023,0.132,0.306666666666667,75.5685938573247,0.635436079852627,0,5610.57679949449,0
1024,0.132,0.306666666666667,75.5685478174976,0.63543709965679,0,5616.06660066817,0
1025,0.132,0.306666666666667,75.5685017645108,0.635438117796431,0,5621.55640184184,0
1026,0.132,0.306666666666667,75.5684556984479,0.635439134274675,0,5627.04620301552,0
1027,0.132,0.306666666666667,75.5684096193924,0.635440149094637,0,5632.53600418919,0
1028,0.132,0.306666666666667,75.5683635274275,0.635441162259426,0,5638.02580536286,0
1029,0.132,0.306666666666667,75.5683174226361,0.635442173772145,0,5643.51560653654,0
1030,0.132,0.306666666666667,75.5682713051009,0.635443183635889,0,5649.00540771021,0
1031,0.132,0.306666666666667,75.5682251749041,0.635444191853745,0,5654.49520888389,0
1032,0.132,0.306666666666667,75.5681790321279,0.635445198428795,0,5659.98501005756,0
1033,0.132,0.306666666666667,75.5681328768542,0.635446203364112,0,5665.47481123123,0
1034,0.132,0.306666666666667,75.5680867091645,0.635447206662763,0,5670.96461240491,0
1035,0.132,0.306666666666667,75.5680405291403,0.635448208327806,0,5676.45441357858,0
1036,0.132,0.306666666666667,75.5679943368624,0.635449208362295,0,5681.94421475225,0
1037,0.132,0.306666666666667,75.5679481324116,0.635450206769276,0,5687.43401592593,0
1038,0.132,0.306666666666667,75.5679019158687,0.635451203551787,0,5692.9238170996,0
1039,0.132,0.306666666666667,75.5678556873137,0.635452198712859,0,5698.41361827327,0
1040,0.132,0.306666666666667,75.5678094468267,0.635453192255518,0,5703.90341944695,0
1041,0.132,0.306666666666667,75.5677631944875,0.635454184182781,0,5709.39322062062,0
1042,0.132,0.306666666666667,75.5677169303756,0.635455174497659,0,5714.8830217943,0
1043,0.132,0.306666666666667,75.5676706545701,0.635456163203157,0,5720.37282296797,0
1044,0.132,0.306666666666667,75.5676243671502,0.63545715030227,0,5725.86262414164,0
1045,0.132,0.306666666666667,75.5675780681943,0.63545813579799,0,5731.35242531532,0
1046,0.132,0.306666666666667,75.5675317577812,0.635459119693301,0,5736.84222648899,0
1047,0.132,0.306666666666667,75.567485435989,0.635460101991178,0,5742.33202766267,0
1048,0.132,0.306666666666667,75.5674391028955,0.635461082694591,0,5747.82182883634,0
1049,0.132,0.306666666666667,75.5673927585786,0.635462061806505,0,5753.31163001001,0
1050,0.132,0.306666666666667,75.5673464031157,0.635463039329875,0,5758.80143118369,0
1051,0.132,0.306666666666667,75.567300036584,0.635464015267652,0,5764.29123235736,0
1052,0.132,0.306666666666667,75.5672536590605,0.635464989622777,0,5769.78103353103,0
1053,0.132,0.306666666666667,75.5672072706217,0.635465962398188,0,5775.27083470471,0
1054,0.132,0.306666666666667,75.5671608713443,0.635466933596813,0,5780.76063587838,0
1055,0.132,0.306666666666667,75.5671144613043,0.635467903221576,0,5786.25043705206,0
1056,0.132,0.306666666666667,75.5670680405778,0.635468871275394,0,5791.74023822573,0
1057,0.132,0.306666666666667,75.5670216092405,0.635469837761175,0,5797.2300393994,0
1058,0.132,0.306666666666667,75.5669751673678,0.635470802681824,0,5802.71984057308,0
1059,0.132,0.306666666666667,75.5669287150348,0.635471766040236,0,5808.20964174675,0
1060,0.132,0.306666666666667,75.5668822523167,0.635472727839302,0,5813.69944292042,0
1061,0.132,0.306666666666667,75.5668357792881,0.635473688081905,0,5819.1892440941,0
1062,0.132,0.306666666666667,75.5667892960234,0.635474646770922,0,5824.67904526777,0
1063,0.132,0.306666666666667,75.566742802597,0.635475603909223,0,5830.16884644144,0
1064,0.132,0.306666666666667,75.5666962990828,0.635476559499672,0,5835.65864761512,0
1065,0.132,0.306666666666667,75.5666497855546,0.635477513545127,0,5841.14844878879,0
1066,0.132,0.306666666666667,75.5666032620859,0.635478466048439,0,5846.63824996246,0
1067,0.132,0.306666666666667,75.5665567287499,0.635479417012452,0,5852.12805113614,0
1068,0.132,0.306666666666667,75.5665101856197,0.635480366440005,0,5857.61785230981,0
1069,0.132,0.306666666666667,75.5664636327681,0.635481314333928,0,5863.10765348348,0
1070,0.132,0.306666666666667,75.5664170702676,0.635482260697049,0,5868.59745465716,0
1071,0.132,0.306666666666667,75.5663704981906,0.635483205532185,0,5874.08725583083,0
1072,0.132,0.306666666666667,75.5663239166092,0.635484148842149,0,5879.57705700451,0
1073,0.132,0.306666666666667,75.5662773255951,0.635485090629747,0,5885.06685817818,0
1074,0.132,0.306666666666667,75.5662307252199,0.63548603089778,0,5890.55665935186,0
1075,0.132,0.306666666666667,75.5661841155552,0.635486969649041,0,5896.04646052553,0
1076,0.132,0.306666666666667,75.566137496672,0.635487906886318,0,5901.5362616992,0
1077,0.132,0.306666666666667,75.5660908686411,0.635488842612393,0,5907.02606287287,0
1078,0.132,0.306666666666667,75.5660442315334,0.635489776830038,0,5912.51586404655,0
1079,0.132,0.306666666666667,75.5659975854192,0.635490709542024,0,5918.00566522022,0
1080,0.132,0.306666666666667,75.5659509303687,0.635491640751113,0,5923.4954663939,0
1081,0.132,0.306666666666667,75.565904266452,0.635492570460061,0,5928.98526756757,0
1082,0.132,0.306666666666667,75.5658575937388,0.63549349867162,0,5934.47506874125,0
1083,0.132,0.306666666666667,75.5658109122986,0.635494425388531,0,5939.96486991492,0
1084,0.132,0.306666666666667,75.5657642222006,0.635495350613534,0,5945.45467108859,0
1085,0.132,0.306666666666667,75.5657175235141,0.635496274349359,0,5950.94447226227,0
1086,0.132,0.306666666666667,75.5656708163078,0.635497196598734,0,5956.43427343594,0
1087,0.132,0.306666666666667,75.5656241006503,0.635498117364376,0,5961.92407460961,0
1088,0.132,0.306666666666667,75.56557737661,0.635499036649,0,5967.41387578329,0
1089,0.132,0.306666666666667,75.5655306442552,0.635499954455313,0,5972.90367695696,0
1090,0.132,0.306666666666667,75.5654839036536,0.635500870786017,0,5978.39347813064,0
1091,0.132,0.306666666666667,75.5654371548732,0.635501785643806,0,5983.88327930431,0
1092,0.132,0.306666666666667,75.5653903979813,0.63550269903137,0,5989.37308047798,0
1093,0.132,0.306666666666667,75.5653436330453,0.635503610951392,0,5994.86288165166,0
1094,0.132,0.306666666666667,75.5652968601321,0.63550452140655,0,6000.35268282533,0
1095,0.132,0.306666666666667,75.5652500793086,0.635505430399515,0,6005.842483999,0
1096,0.132,0.306666666666667,75.5652032906415,0.635506337932953,0,6011.33228517268,0
1097,0.132,0.306666666666667,75.5651564941972,0.635507244009523,0,6016.82208634635,0
1098,0.132,0.306666666666667,75.5651096900417,0.635508148631878,0,6022.31188752003,0
1099,0.132,0.306666666666667,75.5650628782412,0.635509051802667,0,6027.8016886937,0
1100,0.132,0.306666666666667,75.5650160588612,0.635509953524531,0,6033.29148986737,0
1101,0.132,0.306666666666667,75.5649692319674,0.635510853800107,0,6038.78129104105,0
1102,0.132,0.306666666666667,75.5649223976251,0.635511752632024,0,6044.27109221472,0
1103,0.132,0.306666666666667,75.5648755558993,0.635512650022906,0,6049.76089338839,0
1104,0.132,0.306666666666667,75.564828706855,0.635513545975373,0,6055.25069456207,0
1105,0.132,0.306666666666667,75.5647818505567,0.635514440492037,0,6060.74049573574,0
1106,0.132,0.306666666666667,75.5647349870691,0.635515333575505,0,6066.23029690941,0
1107,0.132,0.306666666666667,75.5646881164562,0.635516225228378,0,6071.72009808309,0
1108,0.132,0.306666666666667,75.5646412387822,0.635517115453252,0,6077.20989925676,0
1109,0.132,0.306666666666667,75.5645943541109,0.635518004252716,0,6082.69970043043,0
1110,0.132,0.306666666666667,75.5645474625058,0.635518891629354,0,6088.18950160411,0
1111,0.132,0.306666666666667,75.5645005640304,0.635519777585744,0,6093.67930277778,0
1112,0.132,0.306666666666667,75.5644536587479,0.63552066212446,0,6099.16910395145,0
1113,0.132,0.306666666666667,75.5644067467213,0.635521545248067,0,6104.65890512513,0
1114,0.132,0.306666666666667,75.5643598280133,0.635522426959128,0,6110.1487062988,0
1115,0.132,0.306666666666667,75.5643129026865,0.635523307260198,0,6115.63850747248,0
1116,0.132,0.306666666666667,75.5642659708033,0.635524186153826,0,6121.12830864615,0
1117,0.132,0.306666666666667,75.5642190324259,0.635525063642558,0,6126.61810981982,0
1118,0.132,0.306666666666667,75.5641720876162,0.635525939728932,0,6132.1079109935,0
1119,0.132,0.306666666666667,75.5641251364359,0.635526814415481,0,6137.59771216717,0
1120,0.132,0.306666666666667,75.5640781789466,0.635527687704733,0,6143.08751334084,0
1121,0.132,0.306666666666667,75.5640312152097,0.63552855959921,0,6148.57731451452,0
1122,0.132,0.306666666666667,75.5639842452864,0.635529430101428,0,6154.06711568819,0
1123,0.132,0.306666666666667,75.5639372692374,0.6355302992139,0,6159.55691686186,0
1124,0.132,0.306666666666667,75.5638902871237,0.635531166939129,0,6165.04671803554,0
1125,0.132,0.306666666666667,75.5638432990057,0.635532033279616,0,6170.53651920921,0
1126,0.132,0.306666666666667,75.5637963049438,0.635532898237857,0,6176.02632038289,0
1127,0.132,0.306666666666667,75.5637493049981,0.635533761816339,0,6181.51612155656,0
1128,0.132,0.306666666666667,75.5637022992286,0.635534624017548,0,6187.00592273024,0
1129,0.132,0.306666666666667,75.563655287695,0.63553548484396,0,6192.49572390391,0
1130,0.132,0.306666666666667,75.5636082704569,0.635536344298048,0,6197.98552507758,0
1131,0.132,0.306666666666667,75.5635612475737,0.635537202382281,0,6203.47532625126,0
1132,0.132,0.306666666666667,75.5635142191044,0.63553805909912,0,6208.96512742493,0
1133,0.132,0.306666666666667,75.5634671851082,0.635538914451022,0,6214.4549285986,0
1134,0.132,0.306666666666667,75.5634201456437,0.635539768440439,0,6219.94472977228,0
1135,0.132,0.306666666666667,75.5633731007696,0.635540621069816,0,6225.43453094595,0
1136,0.132,0.306666666666667,75.5633260505441,0.635541472341594,0,6230.92433211962,0
1137,0.132,0.306666666666667,75.5632789950256,0.635542322258208,0,6236.4141332933,0
1138,0.132,0.306666666666667,75.563231934272,0.635543170822088,0,6241.90393446697,0
1139,0.132,0.306666666666667,75.5631848683412,0.63554401803566,0,6247.39373564064,0
1140,0.132,0.306666666666667,75.5631377972907,0.635544863901343,0,6252.88353681432,0
1141,0.132,0.306666666666667,75.563090721178,0.63554570842155,0,6258.37333798799,0
1142,0.132,0.306666666666667,75.5630436400604,0.635546551598692,0,6263.86313916167,0
1143,0.132,0.306666666666667,75.5629965539949,0.635547393435171,0,6269.35294033534,0
1144,0.132,0.306666666666667,75.5629494630384,0.635548233933387,0,6274.84274150901,0
1145,0.132,0.306666666666667,75.5629023672475,0.635549073095733,0,6280.33254268269,0
1146,0.132,0.306666666666667,75.5628552666788,0.635549910924597,0,6285.82234385636,0
1147,0.132,0.306666666666667,75.5628081613886,0.635550747422361,0,6291.31214503004,0
1148,0.132,0.306666666666667,75.562761051433,0.635551582591405,0,6296.80194620371,0
1149,0.132,0.306666666666667,75.5627139368679,0.6355524164341,0,6302.29174737738,0
1150,0.132,0.306666666666667,75.5626668177491,0.635553248952815,0,6307.78154855106,0
1151,0.132,0.306666666666667,75.5626196941323,0.635554080149911,0,6313.27134972473,0
1152,0.132,0.306666666666667,75.5625725660727,0.635554910027747,0,6318.7611508984,0
1153,0.132,0.306666666666667,75.5625254336256,0.635555738588674,0,6324.25095207208,0
1154,0.132,0.306666666666667,75.5624782968461,0.63555656583504,0,6329.74075324575,0
1155,0.132,0.306666666666667,75.5624311557889,0.635557391769188,0,6335.23055441942,0
1156,0.132,0.306666666666667,75.5623840105088,0.635558216393453,0,6340.7203555931,0
1157,0.132,0.306666666666667,75.5623368610601,0.635559039710169,0,6346.21015676677,0
1158,0.132,0.306666666666667,75.5622897074974,0.635559861721662,0,6351.69995794044,0
1159,0.132,0.306666666666667,75.5622425498746,0.635560682430255,0,6357.18975911412,0
1160,0.132,0.306666666666667,75.5621953882458,0.635561501838264,0,6362.67956028779,0
1161,0.132,0.306666666666667,75.5621482226647,0.635562319948002,0,6368.16936146147,0
1162,0.132,0.306666666666667,75.562101053185,0.635563136761776,0,6373.65916263514,0
1163,0.132,0.306666666666667,75.5620538798599,0.635563952281888,0,6379.14896380881,0
1164,0.132,0.306666666666667,75.5620067027429,0.635564766510636,0,6384.63876498249,0
1165,0.132,0.306666666666667,75.5619595218871,0.635565579450312,0,6390.12856615616,0
1166,0.132,0.306666666666667,75.5619123373452,0.635566391103203,0,6395.61836732983,0
1167,0.132,0.306666666666667,75.56186514917,0.635567201471592,0,6401.10816850351,0
1168,0.132,0.306666666666667,75.5618179574141,0.635568010557756,0,6406.59796967718,0
1169,0.132,0.306666666666667,75.5617707621299,0.63556881836397,0,6412.08777085085,0
1170,0.132,0.306666666666667,75.5617235633696,0.635569624892499,0,6417.57757202453,0
1171,0.132,0.306666666666667,75.5616763611853,0.635570430145608,0,6423.0673731982,0
1172,0.132,0.306666666666667,75.5616291556288,0.635571234125555,0,6428.55717437187,0
1173,0.132,0.306666666666667,75.5615819467517,0.635572036834593,0,6434.04697554555,0
1174,0.132,0.306666666666667,75.5615347346058,0.635572838274971,0,6439.53677671922,0
1175,0.132,0.306666666666667,75.5614875192423,0.635573638448933,0,6445.02657789289,0
1176,0.132,0.306666666666667,75.5614403007124,0.635574437358718,0,6450.51637906657,0
1177,0.132,0.306666666666667,75.5613930790671,0.63557523500656,0,6456.00618024024,0
1178,0.132,0.306666666666667,75.5613458543575,0.635576031394689,0,6461.49598141392,0
1179,0.132,0.306666666666667,75.561298626634,0.63557682652533,0,6466.98578258759,0
1180,0.132,0.306666666666667,75.5612513959473,0.635577620400703,0,6472.47558376126,0
1181,0.132,0.306666666666667,75.5612041623478,0.635578413023023,0,6477.96538493494,0
1182,0.132,0.306666666666667,75.5611569258856,0.635579204394501,0,6483.45518610861,0
1183,0.132,0.306666666666667,75.5611096866108,0.635579994517344,0,6488.94498728228,0
1184,0.132,0.306666666666667,75.5610624445733,0.635580783393752,0,6494.43478845596,0
1185,0.132,0.306666666666667,75.5610151998227,0.635581571025922,0,6499.92458962963,0
1186,0.132,0.306666666666667,75.5609679524088,0.635582357416046,0,6505.4143908033,0
1187,0.132,0.306666666666667,75.5609207023808,0.635583142566311,0,6510.90419197698,0
1188,0.132,0.306666666666667,75.5608734497879,0.635583926478901,0,6516.39399315065,0
1189,0.132,0.306666666666667,75.5608261946792,0.635584709155993,0,6521.88379432432,0
1190,0.132,0.306666666666667,75.5607789371038,0.635585490599762,0,6527.373595498,0
1191,0.132,0.306666666666667,75.5607316771103,0.635586270812375,0,6532.86339667167,0
1192,0.132,0.306666666666667,75.5606844147473,0.635587049795998,0,6538.35319784534,0
1193,0.132,0.306666666666667,75.5606371500632,0.635587827552791,0,6543.84299901902,0
1194,0.132,0.306666666666667,75.5605898831063,0.635588604084907,0,6549.33280019269,0
1195,0.132,0.306666666666667,75.5605426139249,0.6355893793945,0,6554.82260136636,0
1196,0.132,0.306666666666667,75.5604953425667,0.635590153483713,0,6560.31240254004,0
1197,0.132,0.306666666666667,75.5604480690797,0.63559092635469,0,6565.80220371371,0
1198,0.132,0.306666666666667,75.5604007935115,0.635591698009568,0,6571.29200488738,0
1199,0.132,0.306666666666667,75.5603535159096,0.635592468450479,0,6576.78180606106,0
1200,0.132,0.306666666666667,75.5603062363213,0.635593237679551,0,6582.27160723473,0
1201,0.132,0.306666666666667,75.5602589547939,0.635594005698908,0,6587.7614084084,0
1202,0.132,0.306666666666667,75.5602116713744,0.635594772510671,0,6593.25120958208,0
1203,0.132,0.306666666666667,75.5601643861096,0.635595538116952,0,6598.74101075575,0
1204,0.132,0.306666666666667,75.5601170990463,0.635596302519864,0,6604.23081192942,0
1205,0.132,0.306666666666667,75.5600698102312,0.635597065721511,0,6609.7206131031,0
1206,0.132,0.306666666666667,75.5600225197106,0.635597827723996,0,6615.21041427677,0
1207,0.132,0.306666666666667,75.5599752275308,0.635598588529416,0,6620.70021545045,0
1208,0.132,0.306666666666667,75.5599279337379,0.635599348139863,0,6626.19001662412,0
1209,0.132,0.306666666666667,75.559880638378,0.635600106557427,0,6631.67981779779,0
1210,0.132,0.306666666666667,75.559833341497,0.635600863784191,0,6637.16961897147,0
1211,0.132,0.306666666666667,75.5597860431403,0.635601619822235,0,6642.65942014514,0
1212,0.132,0.306666666666667,75.5597387433537,0.635602374673634,0,6648.14922131881,0
1213,0.132,0.306666666666667,75.5596914421825,0.63560312834046,0,6653.63902249249,0
1214,0.132,0.306666666666667,75.559644139672,0.63560388082478,0,6659.12882366616,0
1215,0.132,0.306666666666667,75.5595968358672,0.635604632128655,0,6664.61862483983,0
1216,0.132,0.306666666666667,75.5595495308132,0.635605382254145,0,6670.10842601351,0
1217,0.132,0.306666666666667,75.5595022245547,0.635606131203303,0,6675.59822718718,0
1218,0.132,0.306666666666667,75.5594549171364,0.635606878978178,0,6681.08802836085,0
1219,0.132,0.306666666666667,75.5594076086028,0.635607625580817,0,6686.57782953453,0
1220,0.132,0.306666666666667,75.5593602989984,0.63560837101326,0,6692.0676307082,0
1221,0.132,0.306666666666667,75.5593129883674,0.635609115277544,0,6697.55743188188,0
1222,0.132,0.306666666666667,75.5592656767537,0.635609858375702,0,6703.04723305555,0
1223,0.132,0.306666666666667,75.5592183642016,0.635610600309763,0,6708.53703422923,0
1224,0.132,0.306666666666667,75.5591710507546,0.635611341081751,0,6714.0268354029,0
1225,0.132,0.306666666666667,75.5591237364565,0.635612080693686,0,6719.51663657657,0
1226,0.132,0.306666666666667,75.5590764213509,0.635612819147583,0,6725.00643775025,0
1227,0.132,0.306666666666667,75.5590291054811,0.635613556445456,0,6730.49623892392,0
1228,0.132,0.306666666666667,75.5589817888904,0.63561429258931,0,6735.98604009759,0
1229,0.132,0.306666666666667,75.5589344716219,0.635615027581151,0,6741.47584127127,0
1230,0.132,0.306666666666667,75.5588871537186,0.635615761422976,0,6746.96564244494,0
1231,0.132,0.306666666666667,75.5588398352233,0.635616494116783,0,6752.45544361862,0
1232,0.132,0.306666666666667,75.5587925161787,0.63561722566456,0,6757.94524479229,0
1233,0.132,0.306666666666667,75.5587451966274,0.635617956068297,0,6763.43504596596,0
1234,0.132,0.306666666666667,75.5586978766118,0.635618685329974,0,6768.92484713964,0
1235,0.132,0.306666666666667,75.5586505561743,0.635619413451572,0,6774.41464831331,0
1236,0.132,0.306666666666667,75.558603235357,0.635620140435065,0,6779.90444948698,0
1237,0.132,0.306666666666667,75.5585559142018,0.635620866282424,0,6785.39425066066,0
1238,0.132,0.306666666666667,75.5585085927508,0.635621590995616,0,6790.88405183433,0
1239,0.132,0.306666666666667,75.5584612710456,0.635622314576603,0,6796.373853008,0
1240,0.132,0.306666666666667,75.5584139491279,0.635623037027344,0,6801.86365418168,0
1241,0.132,0.306666666666667,75.5583666270392,0.635623758349794,0,6807.35345535535,0
1242,0.132,0.306666666666667,75.5583193048208,0.635624478545902,0,6812.84325652902,0
1243,0.132,0.306666666666667,75.5582719825139,0.635625197617617,0,6818.3330577027,0
1244,0.132,0.306666666666667,75.5582246601598,0.63562591556688,0,6823.82285887637,0
1245,0.132,0.306666666666667,75.5581773377993,0.63562663239563,0,6829.31266005005,0
1246,0.132,0.306666666666667,75.5581300154732,0.635627348105801,0,6834.80246122372,0
1247,0.132,0.306666666666667,75.5580826932223,0.635628062699326,0,6840.2922623974,0
1248,0.132,0.306666666666667,75.5580353710871,0.63562877617813,0,6845.78206357107,0
1249,0.132,0.306666666666667,75.5579880491082,0.635629488544136,0,6851.27186474474,0
1250,0.132,0.306666666666667,75.5579407273258,0.635630199799264,0,6856.76166591842,0
1251,0.132,0.306666666666667,75.5578934057801,0.635630909945428,0,6862.25146709209,0
1252,0.132,0.306666666666667,75.5578460845112,0.63563161898454,0,6867.74126826576,0
1253,0.132,0.306666666666667,75.5577987635589,0.635632326918507,0,6873.23106943944,0
1254,0.132,0.306666666666667,75.5577514429633,0.635633033749232,0,6878.72087061311,0
1255,0.132,0.306666666666667,75.5577041227638,0.635633739478614,0,6884.21067178679,0
1256,0.132,0.306666666666667,75.5576568030001,0.635634444108551,0,6889.70047296046,0
1257,0.132,0.306666666666667,75.5576094837116,0.635635147640934,0,6895.19027413413,0
1258,0.132,0.306666666666667,75.5575621649377,0.635635850077649,0,6900.68007530781,0
1259,0.132,0.306666666666667,75.5575148467174,0.635636551420582,0,6906.16987648148,0
1260,0.132,0.306666666666667,75.55746752909,0.635637251671613,0,6911.65967765515,0
1261,0.132,0.306666666666667,75.5574202120942,0.635637950832619,0,6917.14947882883,0
1262,0.132,0.306666666666667,75.5573728957689,0.635638648905473,0,6922.6392800025,0
1263,0.132,0.306666666666667,75.5573255801529,0.635639345892043,0,6928.12908117617,0
1264,0.132,0.306666666666667,75.5572782652848,0.635640041794194,0,6933.61888234985,0
1265,0.132,0.306666666666667,75.5572309512028,0.635640736613788,0,6939.10868352352,0
1266,0.132,0.306666666666667,75.5571836379454,0.635641430352683,0,6944.59848469719,0
1267,0.132,0.306666666666667,75.5571363255509,0.635642123012733,0,6950.08828587087,0
1268,0.132,0.306666666666667,75.5570890140572,0.635642814595788,0,6955.57808704454,0
1269,0.132,0.306666666666667,75.5570417035024,0.635643505103693,0,6961.06788821822,0
1270,0.132,0.306666666666667,75.5569943939242,0.635644194538293,0,6966.55768939189,0
1271,0.132,0.306666666666667,75.5569470853605,0.635644882901427,0,6972.04749056556,0
1272,0.132,0.306666666666667,75.5568997778489,0.635645570194929,0,6977.53729173924,0
1273,0.132,0.306666666666667,75.5568524714268,0.635646256420631,0,6983.02709291291,0
1274,0.132,0.306666666666667,75.5568051661317,0.635646941580361,0,6988.51689408659,0
1275,0.132,0.306666666666667,75.5567578620007,0.635647625675944,0,6994.00669526026,0
1276,0.132,0.306666666666667,75.5567105590711,0.6356483087092,0,6999.49649643393,0
1277,0.132,0.306666666666667,75.5566632573799,0.635648990681947,0,7004.98629760761,0
1278,0.132,0.306666666666667,75.556615956964,0.635649671595997,0,7010.47609878128,0
1279,0.132,0.306666666666667,75.5565686578601,0.635650351453161,0,7015.96589995495,0
1280,0.132,0.306666666666667,75.556521360105,0.635651030255244,0,7021.45570112863,0
1281,0.132,0.306666666666667,75.5564740637352,0.635651708004049,0,7026.9455023023,0
1282,0.132,0.306666666666667,75.5564267687873,0.635652384701375,0,7032.43530347598,0
1283,0.132,0.306666666666667,75.5563794752974,0.635653060349017,0,7037.92510464965,0
1284,0.132,0.306666666666667,75.556332183302,0.635653734948768,0,7043.41490582332,0
1285,0.132,0.306666666666667,75.556284892837,0.635654408502414,0,7048.90470699699,0
1286,0.132,0.306666666666667,75.5562376039386,0.635655081011742,0,7054.39450817067,0
1287,0.132,0.306666666666667,75.5561903166424,0.635655752478531,0,7059.88430934434,0
1288,0.132,0.306666666666667,75.5561430309845,0.63565642290456,0,7065.37411051802,0
1289,0.132,0.306666666666667,75.5560957470004,0.635657092291602,0,7070.86391169169,0
1290,0.132,0.306666666666667,75.5560484647257,0.635657760641427,0,7076.35371286536,0
1291,0.132,0.306666666666667,75.5560011841959,0.635658427955804,0,7081.84351403904,0
1292,0.132,0.306666666666667,75.5559539054462,0.635659094236494,0,7087.33331521271,0
1293,0.132,0.306666666666667,75.5559066285119,0.635659759485259,0,7092.82311638638,0
1294,0.132,0.306666666666667,75.5558593534282,0.635660423703854,0,7098.31291756006,0
1295,0.132,0.306666666666667,75.55581208023,0.635661086894033,0,7103.80271873373,0
1296,0.132,0.306666666666667,75.5557648089523,0.635661749057544,0,7109.29251990741,0
1297,0.132,0.306666666666667,75.5557175396299,0.635662410196135,0,7114.78232108108,0
1298,0.132,0.306666666666667,75.5556702722973,0.635663070311546,0,7120.27212225475,0
1299,0.132,0.306666666666667,75.5556230069893,0.635663729405518,0,7125.76192342843,0
1300,0.132,0.306666666666667,75.5555757437403,0.635664387479787,0,7131.2517246021,0
1301,0.132,0.306666666666667,75.5555284825847,0.635665044536083,0,7136.74152577577,0
1302,0.132,0.306666666666667,75.5554812235567,0.635665700576137,0,7142.23132694945,0
1303,0.132,0.306666666666667,75.5554339666905,0.635666355601674,0,7147.72112812312,0
1304,0.132,0.306666666666667,75.5553867120201,0.635667009614415,0,7153.2109292968,0
1305,0.132,0.306666666666667,75.5553394595795,0.63566766261608,0,7158.70073047047,0
1306,0.132,0.306666666666667,75.5552922094026,0.635668314608383,0,7164.19053164415,0
1307,0.132,0.306666666666667,75.555244961523,0.635668965593037,0,7169.68033281782,0
1308,0.132,0.306666666666667,75.5551977159745,0.635669615571749,0,7175.17013399149,0
1309,0.132,0.306666666666667,75.5551504727905,0.635670264546225,0,7180.65993516517,0
1310,0.132,0.306666666666667,75.5551032320046,0.635670912518167,0,7186.14973633884,0
1311,0.132,0.306666666666667,75.5550559936499,0.635671559489273,0,7191.63953751251,0
1312,0.132,0.306666666666667,75.5550087577598,0.635672205461239,0,7197.12933868619,0
1313,0.132,0.306666666666667,75.5549615243673,0.635672850435755,0,7202.61913985986,0
1314,0.132,0.306666666666667,75.5549142935055,0.635673494414511,0,7208.10894103353,0
1315,0.132,0.306666666666667,75.5548670652074,0.635674137399192,0,7213.59874220721,0
1316,0.132,0.306666666666667,75.5548198395057,0.635674779391479,0,7219.08854338088,0
1317,0.132,0.306666666666667,75.5547726164332,0.635675420393051,0,7224.57834455455,0
1318,0.132,0.306666666666667,75.5547253960224,0.635676060405584,0,7230.06814572823,0
1319,0.132,0.306666666666667,75.554678178306,0.635676699430749,0,7235.5579469019,0
1320,0.132,0.306666666666667,75.5546309633163,0.635677337470216,0,7241.04774807557,0
1321,0.132,0.306666666666667,75.5545837510857,0.635677974525649,0,7246.53754924925,0
1322,0.132,0.306666666666667,75.5545365416464,0.63567861059871,0,7252.02735042292,0
1323,0.132,0.306666666666667,75.5544893350305,0.63567924569106,0,7257.5171515966,0
1324,0.132,0.306666666666667,75.5544421312701,0.635679879804354,0,7263.00695277027,0
1325,0.132,0.306666666666667,75.5543949303971,0.635680512940244,0,7268.49675394394,0
1326,0.132,0.306666666666667,75.5543477324433,0.635681145100379,0,7273.98655511762,0
1327,0.132,0.306666666666667,75.5543005374405,0.635681776286406,0,7279.47635629129,0
1328,0.132,0.306666666666667,75.5542533454204,0.635682406499968,0,7284.96615746496,0
1329,0.132,0.306666666666667,75.5542061564144,0.635683035742704,0,7290.45595863864,0
1330,0.132,0.306666666666667,75.554158970454,0.635683664016251,0,7295.94575981231,0
1331,0.132,0.306666666666667,75.5541117875707,0.635684291322242,0,7301.43556098598,0
1332,0.132,0.306666666666667,75.5540646077957,0.635684917662308,0,7306.92536215966,0
1333,0.132,0.306666666666667,75.5540174311601,0.635685543038075,0,7312.41516333333,0
1334,0.132,0.306666666666667,75.553970257695,0.635686167451168,0,7317.904964507,0
1335,0.132,0.306666666666667,75.5539230874315,0.635686790903207,0,7323.39476568068,0
1336,0.132,0.306666666666667,75.5538759204003,0.63568741339581,0,7328.88456685435,0
1337,0.132,0.306666666666667,75.5538287566323,0.635688034930592,0,7334.37436802802,0
1338,0.132,0.306666666666667,75.5537815961583,0.635688655509163,0,7339.8641692017,0
1339,0.132,0.306666666666667,75.5537344390087,0.635689275133132,0,7345.35397037537,0
1340,0.132,0.306666666666667,75.5536872852143,0.635689893804104,0,7350.84377154905,0
1341,0.132,0.306666666666667,75.5536401348052,0.635690511523682,0,7356.33357272272,0
1342,0.132,0.306666666666667,75.553592987812,0.635691128293464,0,7361.82337389639,0
1343,0.132,0.306666666666667,75.5535458442649,0.635691744115046,0,7367.31317507007,0
1344,0.132,0.306666666666667,75.553498704194,0.635692358990021,0,7372.80297624374,0
1345,0.132,0.306666666666667,75.5534515676294,0.635692972919978,0,7378.29277741741,0
1346,0.132,0.306666666666667,75.553404434601,0.635693585906505,0,7383.78257859109,0
1347,0.132,0.306666666666667,75.5533573051388,0.635694197951186,0,7389.27237976476,0
1348,0.132,0.306666666666667,75.5533101792726,0.6356948090556,0,7394.76218093844,0
1349,0.132,0.306666666666667,75.553263057032,0.635695419221326,0,7400.25198211211,0
1350,0.132,0.306666666666667,75.5532159384468,0.635696028449937,0,7405.74178328578,0
1351,0.132,0.306666666666667,75.5531688235464,0.635696636743006,0,7411.23158445946,0
1352,0.132,0.306666666666667,75.5531217123602,0.635697244102101,0,7416.72138563313,0
1353,0.132,0.306666666666667,75.5530746049177,0.635697850528787,0,7422.2111868068,0
1354,0.132,0.306666666666667,75.5530275012481,0.635698456024627,0,7427.70098798048,0
1355,0.132,0.306666666666667,75.5529804013805,0.635699060591181,0,7433.19078915415,0
1356,0.132,0.306666666666667,75.5529333053442,0.635699664230006,0,7438.68059032783,0
1357,0.132,0.306666666666667,75.552886213168,0.635700266942653,0,7444.1703915015,0
1358,0.132,0.306666666666667,75.552839124881,0.635700868730676,0,7449.66019267517,0
1359,0.132,0.306666666666667,75.552792040512,0.63570146959562,0,7455.14999384885,0
1360,0.132,0.306666666666667,75.5527449600896,0.635702069539031,0,7460.63979502252,0
1361,0.132,0.306666666666667,75.5526978836427,0.635702668562451,0,7466.12959619619,0
1362,0.132,0.306666666666667,75.5526508111998,0.635703266667418,0,7471.61939736987,0
1363,0.132,0.306666666666667,75.5526037427893,0.635703863855468,0,7477.10919854354,0
1364,0.132,0.306666666666667,75.5525566784397,0.635704460128135,0,7482.59899971722,0
1365,0.132,0.306666666666667,75.5525096181793,0.635705055486948,0,7488.08880089089,0
1366,0.132,0.306666666666667,75.5524625620365,0.635705649933434,0,7493.57860206456,0
1367,0.132,0.306666666666667,75.5524155100392,0.635706243469118,0,7499.06840323824,0
1368,0.132,0.306666666666667,75.5523684622157,0.635706836095522,0,7504.55820441191,0
1369,0.132,0.306666666666667,75.552321418594,0.635707427814162,0,7510.04800558558,0
1370,0.132,0.306666666666667,75.5522743792018,0.635708018626556,0,7515.53780675926,0
1371,0.132,0.306666666666667,75.5522273440672,0.635708608534216,0,7521.02760793293,0
1372,0.132,0.306666666666667,75.5521803132177,0.635709197538652,0,7526.5174091066,0
1373,0.132,0.306666666666667,75.5521332866813,0.63570978564137,0,7532.00721028028,0
1374,0.132,0.306666666666667,75.5520862644853,0.635710372843876,0,7537.49701145395,0
1375,0.132,0.306666666666667,75.5520392466573,0.635710959147669,0,7542.98681262763,0
1376,0.132,0.306666666666667,75.5519922332248,0.63571154455425,0,7548.4766138013,0
1377,0.132,0.306666666666667,75.551945224215,0.635712129065112,0,7553.96641497497,0
1378,0.132,0.306666666666667,75.5518982196554,0.63571271268175,0,7559.45621614865,0
1379,0.132,0.306666666666667,75.551851219573,0.635713295405654,0,7564.94601732232,0
1380,0.132,0.306666666666667,75.551804223995,0.635713877238309,0,7570.43581849599,0
1381,0.132,0.306666666666667,75.5517572329484,0.635714458181202,0,7575.92561966967,0
1382,0.132,0.306666666666667,75.5517102464601,0.635715038235812,0,7581.41542084334,0
1383,0.132,0.306666666666667,75.5516632645571,0.63571561740362,0,7586.90522201701,0
1384,0.132,0.306666666666667,75.5516162872661,0.635716195686102,0,7592.39502319069,0
1385,0.132,0.306666666666667,75.5515693146139,0.635716773084729,0,7597.88482436436,0
1386,0.132,0.306666666666667,75.5515223466271,0.635717349600974,0,7603.37462553804,0
1387,0.132,0.306666666666667,75.5514753833322,0.635717925236303,0,7608.86442671171,0
1388,0.132,0.306666666666667,75.5514284247558,0.635718499992182,0,7614.35422788538,0
1389,0.132,0.306666666666667,75.5513814709243,0.635719073870073,0,7619.84402905906,0
1390,0.132,0.306666666666667,75.5513345218639,0.635719646871435,0,7625.33383023273,0
1391,0.132,0.306666666666667,75.5512875776011,0.635720218997726,0,7630.8236314064,0
1392,0.132,0.306666666666667,75.5512406381618,0.635720790250398,0,7636.31343258008,0
1393,0.132,0.306666666666667,75.5511937035723,0.635721360630905,0,7641.80323375375,0
1394,0.132,0.306666666666667,75.5511467738586,0.635721930140693,0,7647.29303492743,0
1395,0.132,0.306666666666667,75.5510998490466,0.635722498781209,0,7652.7828361011,0
1396,0.132,0.306666666666667,75.5510529291623,0.635723066553896,0,7658.27263727477,0
1397,0.132,0.306666666666667,75.5510060142313,0.635723633460194,0,7663.76243844845,0
1398,0.132,0.306666666666667,75.5509591042795,0.635724199501542,0,7669.25223962212,0
1399,0.132,0.306666666666667,75.5509121993326,0.635724764679374,0,7674.7420407958,0
1400,0.132,0.306666666666667,75.550865299416,0.635725328995124,0,7680.23184196947,0
1401,0.132,0.306666666666667,75.5508184045553,0.63572589245022,0,7685.72164314315,0
1402,0.132,0.306666666666667,75.550771514776,0.635726455046089,0,7691.21144431682,0
1403,0.132,0.306666666666667,75.5507246301034,0.635727016784158,0,7696.70124549049,0
1404,0.132,0.306666666666667,75.5506777505628,0.635727577665845,0,7702.19104666417,0
1405,0.132,0.306666666666667,75.5506308761795,0.635728137692572,0,7707.68084783784,0
1406,0.132,0.306666666666667,75.5505840069785,0.635728696865755,0,7713.17064901152,0
1407,0.132,0.306666666666667,75.5505371429849,0.635729255186807,0,7718.66045018519,0
1408,0.132,0.306666666666667,75.5504902842238,0.63572981265714,0,7724.15025135886,0
1409,0.132,0.306666666666667,75.5504434307201,0.635730369278163,0,7729.64005253254,0
1410,0.132,0.306666666666667,75.5503965824986,0.63573092505128,0,7735.12985370621,0
1411,0.132,0.306666666666667,75.5503497395842,0.635731479977897,0,7740.61965487989,0
1412,0.132,0.306666666666667,75.5503029020016,0.635732034059414,0,7746.10945605356,0
1413,0.132,0.306666666666667,75.5502560697753,0.635732587297228,0,7751.59925722723,0
1414,0.132,0.306666666666667,75.55020924293,0.635733139692736,0,7757.08905840091,0
1415,0.132,0.306666666666667,75.5501624214902,0.635733691247331,0,7762.57885957458,0
1416,0.132,0.306666666666667,75.5501156054804,0.635734241962403,0,7768.06866074825,0
1417,0.132,0.306666666666667,75.5500687949249,0.63573479183934,0,7773.55846192193,0
1418,0.132,0.306666666666667,75.550021989848,0.635735340879527,0,7779.0482630956,0
1419,0.132,0.306666666666667,75.5499751902738,0.635735889084348,0,7784.53806426928,0
1420,0.132,0.306666666666667,75.5499283962267,0.635736436455182,0,7790.02786544295,0
1421,0.132,0.306666666666667,75.5498816077307,0.635736982993408,0,7795.51766661662,0
1422,0.132,0.306666666666667,75.5498348248098,0.635737528700399,0,7801.0074677903,0
1423,0.132,0.306666666666667,75.5497880474881,0.63573807357753,0,7806.49726896397,0
1424,0.132,0.306666666666667,75.5497412757892,0.635738617626169,0,7811.98707013764,0
1425,0.132,0.306666666666667,75.5496945097372,0.635739160847686,0,7817.47687131132,0
1426,0.132,0.306666666666667,75.5496477493557,0.635739703243444,0,7822.96667248499,0
1427,0.132,0.306666666666667,75.5496009946684,0.635740244814807,0,7828.45647365867,0
1428,0.132,0.306666666666667,75.549554245699,0.635740785563134,0,7833.94627483234,0
1429,0.132,0.306666666666667,75.5495075024711,0.635741325489782,0,7839.43607600601,0
1430,0.132,0.306666666666667,75.549460765008,0.635741864596108,0,7844.92587717969,0
1431,0.132,0.306666666666667,75.5494140333332,0.635742402883464,0,7850.41567835336,0
1432,0.132,0.306666666666667,75.5493673074702,0.635742940353199,0,7855.90547952704,0
1433,0.132,0.306666666666667,75.5493205874421,0.635743477006662,0,7861.39528070071,0
1434,0.132,0.306666666666667,75.5492738732723,0.635744012845197,0,7866.88508187438,0
1435,0.132,0.306666666666667,75.5492271649838,0.635744547870148,0,7872.37488304806,0
1436,0.132,0.306666666666667,75.5491804625997,0.635745082082854,0,7877.86468422173,0
1437,0.132,0.306666666666667,75.5491337661431,0.635745615484653,0,7883.3544853954,0
1438,0.132,0.306666666666667,75.5490870756371,0.635746148076881,0,7888.84428656908,0
1439,0.132,0.306666666666667,75.5490403911044,0.635746679860871,0,7894.33408774275,0
1440,0.132,0.306666666666667,75.5489937125678,0.635747210837953,0,7899.82388891642,0
1441,0.132,0.306666666666667,75.5489470400502,0.635747741009455,0,7905.3136900901,0
1442,0.132,0.306666666666667,75.5489003735744,0.635748270376703,0,7910.80349126377,0
1443,0.132,0.306666666666667,75.5488537131628,0.63574879894102,0,7916.29329243745,0
1444,0.132,0.306666666666667,75.5488070588382,0.635749326703727,0,7921.78309361112,0
1445,0.132,0.306666666666667,75.548760410623,0.635749853666142,0,7927.27289478479,0
1446,0.132,0.306666666666667,75.5487137685398,0.635750379829581,0,7932.76269595847,0
1447,0.132,0.306666666666667,75.5486671326108,0.635750905195359,0,7938.25249713214,0
1448,0.132,0.306666666666667,75.5486205028584,0.635751429764785,0,7943.74229830581,0
1449,0.132,0.306666666666667,75.548573879305,0.63575195353917,0,7949.23209947949,0
1450,0.132,0.306666666666667,75.5485272619726,0.635752476519819,0,7954.72190065316,0
1451,0.132,0.306666666666667,75.5484806508835,0.635752998708036,0,7960.21170182684,0
1452,0.132,0.306666666666667,75.5484340460598,0.635753520105124,0,7965.70150300051,0
1453,0.132,0.306666666666667,75.5483874475235,0.635754040712382,0,7971.19130417418,0
1454,0.132,0.306666666666667,75.5483408552964,0.635754560531106,0,7976.68110534786,0
1455,0.132,0.306666666666667,75.5482942694007,0.635755079562591,0,7982.17090652153,0
1456,0.132,0.306666666666667,75.548247689858,0.635755597808131,0,7987.66070769521,0
1457,0.132,0.306666666666667,75.5482011166902,0.635756115269014,0,7993.15050886888,0
1458,0.132,0.306666666666667,75.548154549919,0.635756631946528,0,7998.64031004255,0
1459,0.132,0.306666666666667,75.548107989566,0.635757147841959,0,8004.13011121623,0
1460,0.132,0.306666666666667,75.5480614356529,0.63575766295659,0,8009.6199123899,0
1461,0.132,0.306666666666667,75.5480148882012,0.635758177291701,0,8015.10971356358,0
1462,0.132,0.306666666666667,75.5479683472323,0.635758690848571,0,8020.59951473725,0
1463,0.132,0.306666666666667,75.5479218127678,0.635759203628475,0,8026.08931591092,0
1464,0.132,0.306666666666667,75.547875284829,0.635759715632689,0,8031.5791170846,0
1465,0.132,0.306666666666667,75.5478287634371,0.635760226862482,0,8037.06891825827,0
1466,0.132,0.306666666666667,75.5477822486135,0.635760737319124,0,8042.55871943194,0
1467,0.132,0.306666666666667,75.5477357403793,0.635761247003883,0,8048.04852060562,0
1468,0.132,0.306666666666667,75.5476892387557,0.635761755918022,0,8053.53832177929,0
1469,0.132,0.306666666666667,75.5476427437636,0.635762264062804,0,8059.02812295297,0
1470,0.132,0.306666666666667,75.5475962554243,0.63576277143949,0,8064.51792412664,0
1471,0.132,0.306666666666667,75.5475497737585,0.635763278049336,0,8070.00772530031,0
1472,0.132,0.306666666666667,75.5475032987872,0.635763783893599,0,8075.49752647399,0
1473,0.132,0.306666666666667,75.5474568305313,0.635764288973532,0,8080.98732764766,0
1474,0.132,0.306666666666667,75.5474103690116,0.635764793290385,0,8086.47712882134,0
1475,0.132,0.306666666666667,75.5473639142486,0.635765296845408,0,8091.96692999501,0
1476,0.132,0.306666666666667,75.5473174662633,0.635765799639847,0,8097.45673116868,0
1477,0.132,0.306666666666667,75.5472710250761,0.635766301674948,0,8102.94653234236,0
1478,0.132,0.306666666666667,75.5472245907076,0.635766802951949,0,8108.43633351603,0
1479,0.132,0.306666666666667,75.5471781631783,0.635767303472094,0,8113.9261346897,0
1480,0.132,0.306666666666667,75.5471317425087,0.635767803236619,0,8119.41593586338,0
1481,0.132,0.306666666666667,75.5470853287192,0.635768302246759,0,8124.90573703705,0
1482,0.132,0.306666666666667,75.5470389218301,0.635768800503749,0,8130.39553821072,0
1483,0.132,0.306666666666667,75.5469925218616,0.635769298008817,0,8135.8853393844,0
1484,0.132,0.306666666666667,75.5469461288341,0.635769794763195,0,8141.37514055807,0
1485,0.132,0.306666666666667,75.5468997427676,0.635770290768108,0,8146.86494173174,0
1486,0.132,0.306666666666667,75.5468533636824,0.63577078602478,0,8152.35474290542,0
1487,0.132,0.306666666666667,75.5468069915985,0.635771280534434,0,8157.84454407909,0
1488,0.132,0.306666666666667,75.5467606265358,0.635771774298291,0,8163.33434525277,0
1489,0.132,0.306666666666667,75.5467142685143,0.635772267317567,0,8168.82414642644,0
1490,0.132,0.306666666666667,75.546667917554,0.635772759593479,0,8174.31394760011,0
1491,0.132,0.306666666666667,75.5466215736746,0.63577325112724,0,8179.80374877379,0
1492,0.132,0.306666666666667,75.546575236896,0.635773741920061,0,8185.29354994746,0
1493,0.132,0.306666666666667,75.546528907238,0.635774231973153,0,8190.78335112113,0
1494,0.132,0.306666666666667,75.5464825847201,0.635774721287721,0,8196.27315229481,0
1495,0.132,0.306666666666667,75.546436269362,0.635775209864971,0,8201.76295346848,0
1496,0.132,0.306666666666667,75.5463899611834,0.635775697706106,0,8207.25275464216,0
1497,0.132,0.306666666666667,75.5463436602037,0.635776184812327,0,8212.74255581583,0
1498,0.132,0.306666666666667,75.5462973664424,0.635776671184831,0,8218.2323569895,0
1499,0.132,0.306666666666667,75.546251079919,0.635777156824816,0,8223.72215816318,0
1500,0.132,0.306666666666667,75.5462048006527,0.635777641733475,0,8229.21195933685,0
1501,0.132,0.306666666666667,75.546158528663,0.635778125912001,0,8234.70176051052,0
1502,0.132,0.306666666666667,75.5461122639691,0.635778609361584,0,8240.1915616842,0
1503,0.132,0.306666666666667,75.5460660065901,0.635779092083412,0,8245.68136285787,0
1504,0.132,0.306666666666667,75.5460197565453,0.635779574078671,0,8251.17116403154,0
1505,0.132,0.306666666666667,75.5459735138538,0.635780055348544,0,8256.66096520522,0
1506,0.132,0.306666666666667,75.5459272785347,0.635780535894213,0,8262.15076637889,0
1507,0.132,0.306666666666667,75.5458810506068,0.635781015716858,0,8267.64056755257,0
1508,0.132,0.306666666666667,75.5458348300893,0.635781494817656,0,8273.13036872624,0
1509,0.132,0.306666666666667,75.5457886170009,0.635781973197782,0,8278.62016989992,0
1510,0.132,0.306666666666667,75.5457424113607,0.635782450858411,0,8284.10997107359,0
1511,0.132,0.306666666666667,75.5456962131873,0.635782927800712,0,8289.59977224726,0
1512,0.132,0.306666666666667,75.5456500224995,0.635783404025857,0,8295.08957342094,0
1513,0.132,0.306666666666667,75.545603839316,0.63578387953501,0,8300.57937459461,0
1514,0.132,0.306666666666667,75.5455576636555,0.635784354329338,0,8306.06917576828,0
1515,0.132,0.306666666666667,75.5455114955367,0.635784828410004,0,8311.55897694196,0
1516,0.132,0.306666666666667,75.5454653349779,0.635785301778168,0,8317.04877811563,0
1517,0.132,0.306666666666667,75.5454191819978,0.63578577443499,0,8322.5385792893,0
1518,0.132,0.306666666666667,75.5453730366148,0.635786246381627,0,8328.02838046298,0
1519,0.132,0.306666666666667,75.5453268988474,0.635786717619232,0,8333.51818163665,0
1520,0.132,0.306666666666667,75.5452807687137,0.63578718814896,0,8339.00798281032,0
1521,0.132,0.306666666666667,75.5452346462323,0.63578765797196,0,8344.497783984,0
1522,0.132,0.306666666666667,75.5451885314213,0.635788127089382,0,8349.98758515767,0
1523,0.132,0.306666666666667,75.545142424299,0.635788595502373,0,8355.47738633135,0
1524,0.132,0.306666666666667,75.5450963248835,0.635789063212077,0,8360.96718750502,0
1525,0.132,0.306666666666667,75.545050233193,0.635789530219636,0,8366.45698867869,0
1526,0.132,0.306666666666667,75.5450041492454,0.635789996526192,0,8371.94678985237,0
1527,0.132,0.306666666666667,75.5449580730589,0.635790462132884,0,8377.43659102604,0
1528,0.132,0.306666666666667,75.5449120046513,0.635790927040847,0,8382.92639219972,0
1529,0.132,0.306666666666667,75.5448659440407,0.635791391251218,0,8388.41619337339,0
1530,0.132,0.306666666666667,75.5448198912449,0.635791854765129,0,8393.90599454706,0
1531,0.132,0.306666666666667,75.5447738462817,0.635792317583709,0,8399.39579572073,0
1532,0.132,0.306666666666667,75.5447278091689,0.635792779708088,0,8404.88559689441,0
1533,0.132,0.306666666666667,75.5446817799242,0.635793241139394,0,8410.37539806808,0
1534,0.132,0.306666666666667,75.5446357585654,0.635793701878751,0,8415.86519924176,0
1535,0.132,0.306666666666667,75.5445897451101,0.635794161927281,0,8421.35500041543,0
1536,0.132,0.306666666666667,75.5445437395758,0.635794621286106,0,8426.8448015891,0
1537,0.132,0.306666666666667,75.5444977419802,0.635795079956344,0,8432.33460276278,0
1538,0.132,0.306666666666667,75.5444517523406,0.635795537939113,0,8437.82440393645,0
1539,0.132,0.306666666666667,75.5444057706747,0.635795995235528,0,8443.31420511012,0
1540,0.132,0.306666666666667,75.5443597969997,0.635796451846701,0,8448.8040062838,0
1541,0.132,0.306666666666667,75.5443138313331,0.635796907773745,0,8454.29380745747,0
1542,0.132,0.306666666666667,75.5442678736921,0.635797363017768,0,8459.78360863115,0
1543,0.132,0.306666666666667,75.5442219240941,0.635797817579877,0,8465.27340980482,0
1544,0.132,0.306666666666667,75.5441759825563,0.635798271461179,0,8470.76321097849,0
1545,0.132,0.306666666666667,75.5441300490958,0.635798724662775,0,8476.25301215217,0
1546,0.132,0.306666666666667,75.5440841237298,0.635799177185769,0,8481.74281332584,0
1547,0.132,0.306666666666667,75.5440382064754,0.635799629031259,0,8487.23261449951,0
1548,0.132,0.306666666666667,75.5439922973496,0.635800080200343,0,8492.72241567319,0
1549,0.132,0.306666666666667,75.5439463963694,0.635800530694118,0,8498.21221684686,0
1550,0.132,0.306666666666667,75.5439005035518,0.635800980513676,0,8503.70201802053,0
1551,0.132,0.306666666666667,75.5438546189138,0.63580142966011,0,8509.19181919421,0
1552,0.132,0.306666666666667,75.543808742472,0.635801878134511,0,8514.68162036788,0
1553,0.132,0.306666666666667,75.5437628742435,0.635802325937965,0,8520.17142154156,0
1554,0.132,0.306666666666667,75.5437170142449,0.635802773071561,0,8525.66122271523,0
1555,0.132,0.306666666666667,75.5436711624931,0.635803219536381,0,8531.1510238889,0
1556,0.132,0.306666666666667,75.5436253190046,0.635803665333509,0,8536.64082506257,0
1557,0.132,0.306666666666667,75.5435794837962,0.635804110464025,0,8542.13062623625,0
1558,0.132,0.306666666666667,75.5435336568845,0.635804554929008,0,8547.62042740992,0
1559,0.132,0.306666666666667,75.543487838286,0.635804998729535,0,8553.1102285836,0
1560,0.132,0.306666666666667,75.5434420280172,0.635805441866682,0,8558.60002975727,0
1561,0.132,0.306666666666667,75.5433962260946,0.63580588434152,0,8564.08983093094,0
1562,0.132,0.306666666666667,75.5433504325346,0.635806326155122,0,8569.57963210462,0
1563,0.132,0.306666666666667,75.5433046473537,0.635806767308558,0,8575.06943327829,0
1564,0.132,0.306666666666667,75.5432588705682,0.635807207802894,0,8580.55923445197,0
1565,0.132,0.306666666666667,75.5432131021943,0.635807647639197,0,8586.04903562564,0
1566,0.132,0.306666666666667,75.5431673422484,0.635808086818531,0,8591.53883679931,0
1567,0.132,0.306666666666667,75.5431215907467,0.635808525341957,0,8597.02863797299,0
1568,0.132,0.306666666666667,75.5430758477053,0.635808963210537,0,8602.51843914666,0
1569,0.132,0.306666666666667,75.5430301131403,0.635809400425328,0,8608.00824032033,0
1570,0.132,0.306666666666667,75.542984387068,0.635809836987387,0,8613.49804149401,0
1571,0.132,0.306666666666667,75.5429386695042,0.635810272897769,0,8618.98784266768,0
1572,0.132,0.306666666666667,75.5428929604651,0.635810708157528,0,8624.47764384136,0
1573,0.132,0.306666666666667,75.5428472599665,0.635811142767713,0,8629.96744501503,0
1574,0.132,0.306666666666667,75.5428015680246,0.635811576729376,0,8635.4572461887,0
1575,0.132,0.306666666666667,75.5427558846549,0.635812010043562,0,8640.94704736238,0
1576,0.132,0.306666666666667,75.5427102098736,0.635812442711319,0,8646.43684853605,0
1577,0.132,0.306666666666667,75.5426645436963,0.635812874733689,0,8651.92664970973,0
1578,0.132,0.306666666666667,75.5426188861388,0.635813306111716,0,8657.4164508834,0
1579,0.132,0.306666666666667,75.5425732372168,0.635813736846439,0,8662.90625205707,0
1580,0.132,0.306666666666667,75.5425275969461,0.635814166938897,0,8668.39605323074,0
1581,0.132,0.306666666666667,75.5424819653421,0.635814596390128,0,8673.88585440442,0
1582,0.132,0.306666666666667,75.5424363424207,0.635815025201165,0,8679.37565557809,0
1583,0.132,0.306666666666667,75.5423907281972,0.635815453373043,0,8684.86545675177,0
1584,0.132,0.306666666666667,75.5423451226873,0.635815880906793,0,8690.35525792544,0
1585,0.132,0.306666666666667,75.5422995259063,0.635816307803444,0,8695.84505909911,0
1586,0.132,0.306666666666667,75.5422539378698,0.635816734064024,0,8701.33486027279,0
1587,0.132,0.306666666666667,75.5422083585932,0.63581715968956,0,8706.82466144646,0
1588,0.132,0.306666666666667,75.5421627880917,0.635817584681077,0,8712.31446262013,0
1589,0.132,0.306666666666667,75.5421172263807,0.635818009039595,0,8717.80426379381,0
1590,0.132,0.306666666666667,75.5420716734755,0.635818432766137,0,8723.29406496748,0
1591,0.132,0.306666666666667,75.5420261293913,0.635818855861723,0,8728.78386614116,0
1592,0.132,0.306666666666667,75.5419805941434,0.635819278327369,0,8734.27366731483,0
1593,0.132,0.306666666666667,75.5419350677468,0.635819700164091,0,8739.76346848851,0
1594,0.132,0.306666666666667,75.5418895502167,0.635820121372902,0,8745.25326966218,0
1595,0.132,0.306666666666667,75.5418440415682,0.635820541954816,0,8750.74307083585,0
1596,0.132,0.306666666666667,75.5417985418164,0.635820961910842,0,8756.23287200953,0
1597,0.132,0.306666666666667,75.5417530509761,0.635821381241991,0,8761.7226731832,0
1598,0.132,0.306666666666667,75.5417075690625,0.635821799949267,0,8767.21247435687,0
1599,0.132,0.306666666666667,75.5416620960904,0.635822218033677,0,8772.70227553055,0
1600,0.132,0.306666666666667,75.5416166320746,0.635822635496225,0,8778.19207670422,0
1601,0.132,0.306666666666667,75.5415711770302,0.635823052337912,0,8783.6818778779,0
1602,0.132,0.306666666666667,75.5415257309718,0.635823468559738,0,8789.17167905157,0
1603,0.132,0.306666666666667,75.5414802939142,0.635823884162702,0,8794.66148022524,0
1604,0.132,0.306666666666667,75.5414348658722,0.635824299147801,0,8800.15128139891,0
1605,0.132,0.306666666666667,75.5413894468605,0.63582471351603,0,8805.64108257259,0
1606,0.132,0.306666666666667,75.5413440368938,0.635825127268382,0,8811.13088374626,0
1607,0.132,0.306666666666667,75.5412986359866,0.635825540405849,0,8816.62068491994,0
1608,0.132,0.306666666666667,75.5412532441535,0.635825952929421,0,8822.11048609361,0
1609,0.132,0.306666666666667,75.5412078614091,0.635826364840086,0,8827.60028726728,0
1610,0.132,0.306666666666667,75.5411624877679,0.635826776138831,0,8833.09008844096,0
1611,0.132,0.306666666666667,75.5411171232443,0.63582718682664,0,8838.57988961463,0
1612,0.132,0.306666666666667,75.5410717678529,0.635827596904498,0,8844.0696907883,0
1613,0.132,0.306666666666667,75.5410264216079,0.635828006373385,0,8849.55949196198,0
1614,0.132,0.306666666666667,75.5409810845238,0.635828415234282,0,8855.04929313565,0
1615,0.132,0.306666666666667,75.5409357566149,0.635828823488167,0,8860.53909430932,0
1616,0.132,0.306666666666667,75.5408904378954,0.635829231136016,0,8866.028895483,0
1617,0.132,0.306666666666667,75.5408451283796,0.635829638178805,0,8871.51869665667,0
1618,0.132,0.306666666666667,75.5407998280818,0.635830044617507,0,8877.00849783035,0
1619,0.132,0.306666666666667,75.5407545370161,0.635830450453093,0,8882.49829900402,0
1620,0.132,0.306666666666667,75.5407092551966,0.635830855686533,0,8887.98810017769,0
1621,0.132,0.306666666666667,75.5406639826375,0.635831260318796,0,8893.47790135137,0
1622,0.132,0.306666666666667,75.5406187193527,0.635831664350849,0,8898.96770252504,0
1623,0.132,0.306666666666667,75.5405734653565,0.635832067783656,0,8904.45750369871,0
1624,0.132,0.306666666666667,75.5405282206626,0.635832470618181,0,8909.94730487239,0
1625,0.132,0.306666666666667,75.5404829852852,0.635832872855387,0,8915.43710604606,0
1626,0.132,0.306666666666667,75.5404377592381,0.635833274496232,0,8920.92690721973,0
1627,0.132,0.306666666666667,75.5403925425352,0.635833675541676,0,8926.41670839341,0
1628,0.132,0.306666666666667,75.5403473351903,0.635834075992675,0,8931.90650956708,0
1629,0.132,0.306666666666667,75.5403021372174,0.635834475850185,0,8937.39631074076,0
1630,0.132,0.306666666666667,75.5402569486301,0.63583487511516,0,8942.88611191443,0
1631,0.132,0.306666666666667,75.5402117694422,0.635835273788551,0,8948.37591308811,0
1632,0.132,0.306666666666667,75.5401665996674,0.635835671871309,0,8953.86571426178,0
1633,0.132,0.306666666666667,75.5401214393195,0.635836069364383,0,8959.35551543545,0
1634,0.132,0.306666666666667,75.5400762884119,0.63583646626872,0,8964.84531660912,0
1635,0.132,0.306666666666667,75.5400311469585,0.635836862585266,0,8970.3351177828,0
1636,0.132,0.306666666666667,75.5399860149726,0.635837258314965,0,8975.82491895647,0
1637,0.132,0.306666666666667,75.5399408924679,0.63583765345876,0,8981.31472013015,0
1638,0.132,0.306666666666667,75.5398957794578,0.635838048017591,0,8986.80452130382,0
1639,0.132,0.306666666666667,75.5398506759559,0.635838441992397,0,8992.29432247749,0
1640,0.132,0.306666666666667,75.5398055819755,0.635838835384117,0,8997.78412365117,0
1641,0.132,0.306666666666667,75.53976049753,0.635839228193686,0,9003.27392482484,0
1642,0.132,0.306666666666667,75.5397154226329,0.635839620422039,0,9008.76372599851,0
1643,0.132,0.306666666666667,75.5396703572974,0.63584001207011,0,9014.25352717219,0
1644,0.132,0.306666666666667,75.5396253015368,0.635840403138828,0,9019.74332834586,0
1645,0.132,0.306666666666667,75.5395802553645,0.635840793629125,0,9025.23312951954,0
1646,0.132,0.306666666666667,75.5395352187935,0.635841183541928,0,9030.72293069321,0
1647,0.132,0.306666666666667,75.5394901918372,0.635841572878164,0,9036.21273186688,0
1648,0.132,0.306666666666667,75.5394451745087,0.635841961638759,0,9041.70253304056,0
1649,0.132,0.306666666666667,75.5394001668211,0.635842349824636,0,9047.19233421423,0
1650,0.132,0.306666666666667,75.5393551687875,0.635842737436716,0,9052.6821353879,0
1651,0.132,0.306666666666667,75.539310180421,0.635843124475922,0,9058.17193656158,0
1652,0.132,0.306666666666667,75.5392652017345,0.63584351094317,0,9063.66173773525,0
1653,0.132,0.306666666666667,75.5392202327411,0.63584389683938,0,9069.15153890893,0
1654,0.132,0.306666666666667,75.5391752734537,0.635844282165466,0,9074.6413400826,0
1655,0.132,0.306666666666667,75.5391303238853,0.635844666922343,0,9080.13114125627,0
1656,0.132,0.306666666666667,75.5390853840488,0.635845051110924,0,9085.62094242995,0
1657,0.132,0.306666666666667,75.539040453957,0.635845434732119,0,9091.11074360362,0
1658,0.132,0.306666666666667,75.5389955336227,0.63584581778684,0,9096.60054477729,0
1659,0.132,0.306666666666667,75.5389506230588,0.635846200275994,0,9102.09034595097,0
1660,0.132,0.306666666666667,75.538905722278,0.635846582200487,0,9107.58014712464,0
1661,0.132,0.306666666666667,75.538860831293,0.635846963561225,0,9113.06994829832,0
1662,0.132,0.306666666666667,75.5388159501165,0.635847344359111,0,9118.55974947199,0
1663,0.132,0.306666666666667,75.5387710787612,0.635847724595048,0,9124.04955064566,0
1664,0.132,0.306666666666667,75.5387262172398,0.635848104269936,0,9129.53935181933,0
1665,0.132,0.306666666666667,75.5386813655648,0.635848483384674,0,9135.02915299301,0
1666,0.132,0.306666666666667,75.5386365237487,0.63584886194016,0,9140.51895416668,0
1667,0.132,0.306666666666667,75.5385916918042,0.63584923993729,0,9146.00875534036,0
1668,0.132,0.306666666666667,75.5385468697437,0.635849617376958,0,9151.49855651403,0
1669,0.132,0.306666666666667,75.5385020575797,0.635849994260058,0,9156.9883576877,0
1670,0.132,0.306666666666667,75.5384572553247,0.635850370587481,0,9162.47815886138,0
1671,0.132,0.306666666666667,75.538412462991,0.635850746360118,0,9167.96796003505,0
1672,0.132,0.306666666666667,75.5383676805911,0.635851121578855,0,9173.45776120872,0
1673,0.132,0.306666666666667,75.5383229081372,0.635851496244583,0,9178.9475623824,0
1674,0.132,0.306666666666667,75.5382781456416,0.635851870358185,0,9184.43736355607,0
1675,0.132,0.306666666666667,75.5382333931168,0.635852243920545,0,9189.92716472974,0
1676,0.132,0.306666666666667,75.5381886505748,0.635852616932547,0,9195.41696590342,0
1677,0.132,0.306666666666667,75.538143918028,0.635852989395072,0,9200.90676707709,0
1678,0.132,0.306666666666667,75.5380991954885,0.635853361308999,0,9206.39656825077,0
1679,0.132,0.306666666666667,75.5380544829685,0.635853732675207,0,9211.88636942444,0
1680,0.132,0.306666666666667,75.5380097804801,0.635854103494572,0,9217.37617059811,0
1681,0.132,0.306666666666667,75.5379650880353,0.635854473767971,0,9222.86597177179,0
1682,0.132,0.306666666666667,75.5379204056463,0.635854843496276,0,9228.35577294546,0
1683,0.132,0.306666666666667,75.5378757333252,0.63585521268036,0,9233.84557411914,0
1684,0.132,0.306666666666667,75.5378310710838,0.635855581321094,0,9239.33537529281,0
1685,0.132,0.306666666666667,75.5377864189341,0.635855949419348,0,9244.82517646648,0
1686,0.132,0.306666666666667,75.5377417768882,0.63585631697599,0,9250.31497764016,0
1687,0.132,0.306666666666667,75.5376971449579,0.635856683991886,0,9255.80477881383,0
1688,0.132,0.306666666666667,75.537652523155,0.635857050467902,0,9261.2945799875,0
1689,0.132,0.306666666666667,75.5376079114915,0.635857416404901,0,9266.78438116118,0
1690,0.132,0.306666666666667,75.5375633099792,0.635857781803745,0,9272.27418233485,0
1691,0.132,0.306666666666667,75.5375187186298,0.635858146665296,0,9277.76398350852,0
1692,0.132,0.306666666666667,75.5374741374551,0.635858510990412,0,9283.2537846822,0
1693,0.132,0.306666666666667,75.5374295664669,0.635858874779953,0,9288.74358585587,0
1694,0.132,0.306666666666667,75.5373850056767,0.635859238034774,0,9294.23338702954,0
1695,0.132,0.306666666666667,75.5373404550964,0.63585960075573,0,9299.72318820322,0
1696,0.132,0.306666666666667,75.5372959147375,0.635859962943676,0,9305.21298937689,0
1697,0.132,0.306666666666667,75.5372513846116,0.635860324599463,0,9310.70279055056,0
1698,0.132,0.306666666666667,75.5372068647304,0.635860685723942,0,9316.19259172424,0
1699,0.132,0.306666666666667,75.5371623551053,0.635861046317964,0,9321.68239289791,0
1700,0.132,0.306666666666667,75.537117855748,0.635861406382375,0,9327.17219407159,0
1701,0.132,0.306666666666667,75.5370733666697,0.635861765918023,0,9332.66199524526,0
1702,0.132,0.306666666666667,75.5370288878822,0.635862124925753,0,9338.15179641893,0
1703,0.132,0.306666666666667,75.5369844193967,0.635862483406409,0,9343.64159759261,0
1704,0.132,0.306666666666667,75.5369399612247,0.635862841360833,0,9349.13139876628,0
1705,0.132,0.306666666666667,75.5368955133776,0.635863198789866,0,9354.62119993996,0
1706,0.132,0.306666666666667,75.5368510758666,0.635863555694348,0,9360.11100111363,0
1707,0.132,0.306666666666667,75.5368066487031,0.635863912075117,0,9365.6008022873,0
1708,0.132,0.306666666666667,75.5367622318985,0.63586426793301,0,9371.09060346098,0
1709,0.132,0.306666666666667,75.5367178254638,0.635864623268862,0,9376.58040463465,0
1710,0.132,0.306666666666667,75.5366734294104,0.635864978083508,0,9382.07020580832,0
1711,0.132,0.306666666666667,75.5366290437495,0.635865332377779,0,9387.560006982,0
1712,0.132,0.306666666666667,75.5365846684923,0.635865686152509,0,9393.04980815567,0
1713,0.132,0.306666666666667,75.5365403036498,0.635866039408526,0,9398.53960932935,0
1714,0.132,0.306666666666667,75.5364959492333,0.635866392146659,0,9404.02941050302,0
1715,0.132,0.306666666666667,75.5364516052536,0.635866744367735,0,9409.51921167669,0
1716,0.132,0.306666666666667,75.5364072717221,0.63586709607258,0,9415.00901285037,0
1717,0.132,0.306666666666667,75.5363629486496,0.635867447262019,0,9420.49881402404,0
1718,0.132,0.306666666666667,75.5363186360472,0.635867797936875,0,9425.98861519771,0
1719,0.132,0.306666666666667,75.5362743339258,0.635868148097968,0,9431.47841637138,0
1720,0.132,0.306666666666667,75.5362300422964,0.635868497746121,0,9436.96821754506,0
1721,0.132,0.306666666666667,75.5361857611698,0.635868846882151,0,9442.45801871873,0
1722,0.132,0.306666666666667,75.5361414905571,0.635869195506876,0,9447.94781989241,0
1723,0.132,0.306666666666667,75.5360972304689,0.635869543621113,0,9453.43762106608,0
1724,0.132,0.306666666666667,75.5360529809163,0.635869891225677,0,9458.92742223975,0
1725,0.132,0.306666666666667,75.5360087419099,0.635870238321382,0,9464.41722341343,0
1726,0.132,0.306666666666667,75.5359645134605,0.635870584909038,0,9469.9070245871,0
1727,0.132,0.306666666666667,75.5359202955789,0.635870930989458,0,9475.39682576078,0
1728,0.132,0.306666666666667,75.5358760882759,0.635871276563452,0,9480.88662693445,0
1729,0.132,0.306666666666667,75.535831891562,0.635871621631826,0,9486.37642810812,0
1730,0.132,0.306666666666667,75.535787705448,0.635871966195389,0,9491.8662292818,0
1731,0.132,0.306666666666667,75.5357435299445,0.635872310254945,0,9497.35603045547,0
1732,0.132,0.306666666666667,75.5356993650621,0.6358726538113,0,9502.84583162914,0
1733,0.132,0.306666666666667,75.5356552108113,0.635872996865255,0,9508.33563280281,0
1734,0.132,0.306666666666667,75.5356110672029,0.635873339417613,0,9513.82543397649,0
1735,0.132,0.306666666666667,75.5355669342472,0.635873681469173,0,9519.31523515016,0
1736,0.132,0.306666666666667,75.5355228119547,0.635874023020736,0,9524.80503632383,0
1737,0.132,0.306666666666667,75.5354787003361,0.635874364073098,0,9530.29483749751,0
1738,0.132,0.306666666666667,75.5354345994015,0.635874704627055,0,9535.78463867118,0
1739,0.132,0.306666666666667,75.5353905091617,0.635875044683404,0,9541.27443984486,0
1740,0.132,0.306666666666667,75.5353464296268,0.635875384242936,0,9546.76424101853,0
1741,0.132,0.306666666666667,75.5353023608073,0.635875723306446,0,9552.2540421922,0
1742,0.132,0.306666666666667,75.5352583027134,0.635876061874723,0,9557.74384336588,0
1743,0.132,0.306666666666667,75.5352142553556,0.635876399948558,0,9563.23364453955,0
1744,0.132,0.306666666666667,75.5351702187441,0.63587673752874,0,9568.72344571322,0
1745,0.132,0.306666666666667,75.5351261928892,0.635877074616054,0,9574.2132468869,0
1746,0.132,0.306666666666667,75.5350821778011,0.635877411211288,0,9579.70304806057,0
1747,0.132,0.306666666666667,75.5350381734899,0.635877747315225,0,9585.19284923425,0
1748,0.132,0.306666666666667,75.5349941799659,0.635878082928649,0,9590.68265040792,0
1749,0.132,0.306666666666667,75.5349501972393,0.635878418052343,0,9596.17245158159,0
1750,0.132,0.306666666666667,75.5349062253201,0.635878752687086,0,9601.66225275527,0
1751,0.132,0.306666666666667,75.5348622642184,0.635879086833659,0,9607.15205392894,0
1752,0.132,0.306666666666667,75.5348183139444,0.635879420492839,0,9612.64185510261,0
1753,0.132,0.306666666666667,75.534774374508,0.635879753665403,0,9618.13165627629,0
1754,0.132,0.306666666666667,75.5347304459194,0.635880086352127,0,9623.62145744996,0
1755,0.132,0.306666666666667,75.5346865281884,0.635880418553785,0,9629.11125862364,0
1756,0.132,0.306666666666667,75.5346426213251,0.635880750271151,0,9634.60105979731,0
1757,0.132,0.306666666666667,75.5345987253394,0.635881081504995,0,9640.09086097099,0
1758,0.132,0.306666666666667,75.5345548402412,0.635881412256089,0,9645.58066214466,0
1759,0.132,0.306666666666667,75.5345109660405,0.635881742525201,0,9651.07046331833,0
1760,0.132,0.306666666666667,75.534467102747,0.635882072313101,0,9656.56026449201,0
1761,0.132,0.306666666666667,75.5344232503706,0.635882401620553,0,9662.05006566568,0
1762,0.132,0.306666666666667,75.5343794089212,0.635882730448325,0,9667.53986683935,0
1763,0.132,0.306666666666667,75.5343355784085,0.63588305879718,0,9673.02966801303,0
1764,0.132,0.306666666666667,75.5342917588423,0.63588338666788,0,9678.5194691867,0
1765,0.132,0.306666666666667,75.5342479502323,0.635883714061188,0,9684.00927036038,0
1766,0.132,0.306666666666667,75.5342041525882,0.635884040977865,0,9689.49907153405,0
1767,0.132,0.306666666666667,75.5341603659198,0.635884367418669,0,9694.98887270773,0
1768,0.132,0.306666666666667,75.5341165902366,0.635884693384358,0,9700.4786738814,0
1769,0.132,0.306666666666667,75.5340728255484,0.635885018875689,0,9705.96847505507,0
1770,0.132,0.306666666666667,75.5340290718648,0.635885343893418,0,9711.45827622875,0
1771,0.132,0.306666666666667,75.5339853291952,0.635885668438298,0,9716.94807740242,0
1772,0.132,0.306666666666667,75.5339415975493,0.635885992511083,0,9722.43787857609,0
1773,0.132,0.306666666666667,75.5338978769367,0.635886316112525,0,9727.92767974977,0
1774,0.132,0.306666666666667,75.5338541673668,0.635886639243373,0,9733.41748092344,0
1775,0.132,0.306666666666667,75.5338104688491,0.635886961904378,0,9738.90728209711,0
1776,0.132,0.306666666666667,75.5337667813931,0.635887284096286,0,9744.39708327079,0
1777,0.132,0.306666666666667,75.5337231050082,0.635887605819846,0,9749.88688444446,0
1778,0.132,0.306666666666667,75.5336794397038,0.635887927075803,0,9755.37668561813,0
1779,0.132,0.306666666666667,75.5336357854894,0.635888247864901,0,9760.86648679181,0
1780,0.132,0.306666666666667,75.5335921423742,0.635888568187883,0,9766.35628796548,0
1781,0.132,0.306666666666667,75.5335485103677,0.635888888045492,0,9771.84608913916,0
1782,0.132,0.306666666666667,75.533504889479,0.635889207438467,0,9777.33589031283,0
1783,0.132,0.306666666666667,75.5334612797177,0.635889526367549,0,9782.8256914865,0
1784,0.132,0.306666666666667,75.5334176810928,0.635889844833476,0,9788.31549266018,0
1785,0.132,0.306666666666667,75.5333740936136,0.635890162836985,0,9793.80529383385,0
1786,0.132,0.306666666666667,75.5333305172894,0.635890480378811,0,9799.29509500752,0
1787,0.132,0.306666666666667,75.5332869521293,0.63589079745969,0,9804.7848961812,0
1788,0.132,0.306666666666667,75.5332433981425,0.635891114080356,0,9810.27469735487,0
1789,0.132,0.306666666666667,75.5331998553382,0.63589143024154,0,9815.76449852854,0
1790,0.132,0.306666666666667,75.5331563237254,0.635891745943973,0,9821.25429970222,0
1791,0.132,0.306666666666667,75.5331128033133,0.635892061188385,0,9826.74410087589,0
1792,0.132,0.306666666666667,75.533069294111,0.635892375975506,0,9832.23390204956,0
1793,0.132,0.306666666666667,75.5330257961274,0.635892690306062,0,9837.72370322324,0
1794,0.132,0.306666666666667,75.5329823093716,0.63589300418078,0,9843.21350439691,0
1795,0.132,0.306666666666667,75.5329388338526,0.635893317600385,0,9848.70330557059,0
1796,0.132,0.306666666666667,75.5328953695794,0.635893630565601,0,9854.19310674426,0
1797,0.132,0.306666666666667,75.532851916561,0.635893943077151,0,9859.68290791793,0
1798,0.132,0.306666666666667,75.5328084748062,0.635894255135756,0,9865.17270909161,0
1799,0.132,0.306666666666667,75.532765044324,0.635894566742138,0,9870.66251026528,0
1800,0.132,0.306666666666667,75.5327216251232,0.635894877897014,0,9876.15231143896,0
1801,0.132,0.306666666666667,75.5326782172127,0.635895188601104,0,9881.64211261263,0
1802,0.132,0.306666666666667,75.5326348206013,0.635895498855123,0,9887.1319137863,0
1803,0.132,0.306666666666667,75.532591435298,0.635895808659788,0,9892.62171495998,0
1804,0.132,0.306666666666667,75.5325480613113,0.635896118015814,0,9898.11151613365,0
1805,0.132,0.306666666666667,75.5325046986501,0.635896426923913,0,9903.60131730733,0
1806,0.132,0.306666666666667,75.5324613473232,0.635896735384798,0,9909.091118481,0
1807,0.132,0.306666666666667,75.5324180073393,0.63589704339918,0,9914.58091965467,0
1808,0.132,0.306666666666667,75.532374678707,0.63589735096777,0,9920.07072082835,0
1809,0.132,0.306666666666667,75.532331361435,0.635897658091274,0,9925.56052200202,0
1810,0.132,0.306666666666667,75.5322880555319,0.635897964770402,0,9931.0503231757,0
1811,0.132,0.306666666666667,75.5322447610065,0.635898271005859,0,9936.54012434937,0
1812,0.132,0.306666666666667,75.5322014778673,0.635898576798352,0,9942.02992552304,0
1813,0.132,0.306666666666667,75.5321582061228,0.635898882148584,0,9947.51972669672,0
1814,0.132,0.306666666666667,75.5321149457817,0.635899187057257,0,9953.00952787039,0
1815,0.132,0.306666666666667,75.5320716968525,0.635899491525075,0,9958.49932904406,0
1816,0.132,0.306666666666667,75.5320284593436,0.635899795552737,0,9963.98913021774,0
1817,0.132,0.306666666666667,75.5319852332635,0.635900099140943,0,9969.47893139141,0
1818,0.132,0.306666666666667,75.5319420186208,0.635900402290392,0,9974.96873256509,0
1819,0.132,0.306666666666667,75.5318988154238,0.635900705001781,0,9980.45853373876,0
1820,0.132,0.306666666666667,75.5318556236811,0.635901007275805,0,9985.94833491243,0
1821,0.132,0.306666666666667,75.5318124434009,0.635901309113161,0,9991.43813608611,0
1822,0.132,0.306666666666667,75.5317692745916,0.635901610514542,0,9996.92793725978,0
1823,0.132,0.306666666666667,75.5317261172617,0.63590191148064,0,10002.4177384335,0
1824,0.132,0.306666666666667,75.5316829714194,0.635902212012147,0,10007.9075396071,0
1825,0.132,0.306666666666667,75.531639837073,0.635902512109754,0,10013.3973407808,0
1826,0.132,0.306666666666667,75.5315967142308,0.635902811774151,0,10018.8871419545,0
1827,0.132,0.306666666666667,75.5315536029011,0.635903111006025,0,10024.3769431281,0
1828,0.132,0.306666666666667,75.5315105030922,0.635903409806063,0,10029.8667443018,0
1829,0.132,0.306666666666667,75.5314674148122,0.635903708174952,0,10035.3565454755,0
1830,0.132,0.306666666666667,75.5314243380693,0.635904006113375,0,10040.8463466492,0
1831,0.132,0.306666666666667,75.5313812728718,0.635904303622019,0,10046.3361478228,0
1832,0.132,0.306666666666667,75.5313382192276,0.635904600701564,0,10051.8259489965,0
1833,0.132,0.306666666666667,75.5312951771451,0.635904897352692,0,10057.3157501702,0
1834,0.132,0.306666666666667,75.5312521466323,0.635905193576084,0,10062.8055513439,0
1835,0.132,0.306666666666667,75.5312091276972,0.63590548937242,0,10068.2953525175,0
1836,0.132,0.306666666666667,75.531166120348,0.635905784742377,0,10073.7851536912,0
1837,0.132,0.306666666666667,75.5311231245926,0.635906079686632,0,10079.2749548649,0
1838,0.132,0.306666666666667,75.5310801404391,0.635906374205862,0,10084.7647560386,0
1839,0.132,0.306666666666667,75.5310371678956,0.635906668300742,0,10090.2545572122,0
1840,0.132,0.306666666666667,75.5309942069699,0.635906961971945,0,10095.7443583859,0
1841,0.132,0.306666666666667,75.53095125767,0.635907255220144,0,10101.2341595596,0
1842,0.132,0.306666666666667,75.5309083200039,0.635907548046011,0,10106.7239607333,0
1843,0.132,0.306666666666667,75.5308653939794,0.635907840450216,0,10112.2137619069,0
1844,0.132,0.306666666666667,75.5308224796045,0.635908132433429,0,10117.7035630806,0
1845,0.132,0.306666666666667,75.5307795768869,0.635908423996318,0,10123.1933642543,0
1846,0.132,0.306666666666667,75.5307366858347,0.63590871513955,0,10128.6831654279,0
1847,0.132,0.306666666666667,75.5306938064555,0.635909005863793,0,10134.1729666016,0
1848,0.132,0.306666666666667,75.5306509387573,0.63590929616971,0,10139.6627677753,0
1849,0.132,0.306666666666667,75.5306080827477,0.635909586057966,0,10145.152568949,0
1850,0.132,0.306666666666667,75.5305652384345,0.635909875529224,0,10150.6423701226,0
1851,0.132,0.306666666666667,75.5305224058255,0.635910164584145,0,10156.1321712963,0
1852,0.132,0.306666666666667,75.5304795849283,0.635910453223391,0,10161.62197247,0
1853,0.132,0.306666666666667,75.5304367757508,0.635910741447622,0,10167.1117736437,0
1854,0.132,0.306666666666667,75.5303939783005,0.635911029257495,0,10172.6015748173,0
1855,0.132,0.306666666666667,75.5303511925851,0.635911316653669,0,10178.091375991,0
1856,0.132,0.306666666666667,75.5303084186123,0.635911603636801,0,10183.5811771647,0
1857,0.132,0.306666666666667,75.5302656563895,0.635911890207545,0,10189.0709783384,0
1858,0.132,0.306666666666667,75.5302229059246,0.635912176366556,0,10194.560779512,0
1859,0.132,0.306666666666667,75.530180167225,0.635912462114487,0,10200.0505806857,0
1860,0.132,0.306666666666667,75.5301374402982,0.635912747451991,0,10205.5403818594,0
1861,0.132,0.306666666666667,75.5300947251518,0.63591303237972,0,10211.0301830331,0
1862,0.132,0.306666666666667,75.5300520217932,0.635913316898322,0,10216.5199842067,0
1863,0.132,0.306666666666667,75.5300093302301,0.635913601008448,0,10222.0097853804,0
1864,0.132,0.306666666666667,75.5299666504698,0.635913884710745,0,10227.4995865541,0
1865,0.132,0.306666666666667,75.5299239825198,0.63591416800586,0,10232.9893877277,0
1866,0.132,0.306666666666667,75.5298813263875,0.63591445089444,0,10238.4791889014,0
1867,0.132,0.306666666666667,75.5298386820803,0.635914733377129,0,10243.9689900751,0
1868,0.132,0.306666666666667,75.5297960496056,0.635915015454572,0,10249.4587912488,0
1869,0.132,0.306666666666667,75.5297534289707,0.63591529712741,0,10254.9485924224,0
1870,0.132,0.306666666666667,75.5297108201831,0.635915578396286,0,10260.4383935961,0
1871,0.132,0.306666666666667,75.52966822325,0.635915859261842,0,10265.9281947698,0
1872,0.132,0.306666666666667,75.5296256381787,0.635916139724715,0,10271.4179959435,0
1873,0.132,0.306666666666667,75.5295830649765,0.635916419785545,0,10276.9077971171,0
1874,0.132,0.306666666666667,75.5295405036506,0.63591669944497,0,10282.3975982908,0
1875,0.132,0.306666666666667,75.5294979542084,0.635916978703627,0,10287.8873994645,0
1876,0.132,0.306666666666667,75.5294554166569,0.635917257562149,0,10293.3772006382,0
1877,0.132,0.306666666666667,75.5294128910035,0.635917536021174,0,10298.8670018118,0
1878,0.132,0.306666666666667,75.5293703772552,0.635917814081334,0,10304.3568029855,0
1879,0.132,0.306666666666667,75.5293278754194,0.635918091743261,0,10309.8466041592,0
1880,0.132,0.306666666666667,75.5292853855029,0.635918369007588,0,10315.3364053329,0
1881,0.132,0.306666666666667,75.5292429075132,0.635918645874943,0,10320.8262065065,0
1882,0.132,0.306666666666667,75.5292004414571,0.635918922345958,0,10326.3160076802,0
1883,0.132,0.306666666666667,75.5291579873418,0.63591919842126,0,10331.8058088539,0
1884,0.132,0.306666666666667,75.5291155451743,0.635919474101477,0,10337.2956100275,0
1885,0.132,0.306666666666667,75.5290731149617,0.635919749387235,0,10342.7854112012,0
1886,0.132,0.306666666666667,75.529030696711,0.635920024279159,0,10348.2752123749,0
1887,0.132,0.306666666666667,75.5289882904292,0.635920298777874,0,10353.7650135486,0
1888,0.132,0.306666666666667,75.5289458961232,0.635920572884004,0,10359.2548147222,0
1889,0.132,0.306666666666667,75.5289035138001,0.63592084659817,0,10364.7446158959,0
1890,0.132,0.306666666666667,75.5288611434667,0.635921119920994,0,10370.2344170696,0
1891,0.132,0.306666666666667,75.52881878513,0.635921392853097,0,10375.7242182433,0
1892,0.132,0.306666666666667,75.528776438797,0.635921665395097,0,10381.2140194169,0
1893,0.132,0.306666666666667,75.5287341044744,0.635921937547613,0,10386.7038205906,0
1894,0.132,0.306666666666667,75.528691782169,0.635922209311263,0,10392.1936217643,0
1895,0.132,0.306666666666667,75.5286494718879,0.635922480686662,0,10397.683422938,0
1896,0.132,0.306666666666667,75.5286071736377,0.635922751674426,0,10403.1732241116,0
1897,0.132,0.306666666666667,75.5285648874253,0.63592302227517,0,10408.6630252853,0
1898,0.132,0.306666666666667,75.5285226132575,0.635923292489506,0,10414.152826459,0
1899,0.132,0.306666666666667,75.528480351141,0.635923562318048,0,10419.6426276327,0
1900,0.132,0.306666666666667,75.5284381010826,0.635923831761405,0,10425.1324288063,0
1901,0.132,0.306666666666667,75.5283958630889,0.63592410082019,0,10430.62222998,0
1902,0.132,0.306666666666667,75.5283536371668,0.635924369495011,0,10436.1120311537,0
1903,0.132,0.306666666666667,75.5283114233229,0.635924637786476,0,10441.6018323273,0
1904,0.132,0.306666666666667,75.5282692215637,0.635924905695194,0,10447.091633501,0
1905,0.132,0.306666666666667,75.5282270318961,0.63592517322177,0,10452.5814346747,0
1906,0.132,0.306666666666667,75.5281848543266,0.635925440366811,0,10458.0712358484,0
1907,0.132,0.306666666666667,75.5281426888618,0.63592570713092,0,10463.561037022,0
1908,0.132,0.306666666666667,75.5281005355084,0.6359259735147,0,10469.0508381957,0
1909,0.132,0.306666666666667,75.5280583942728,0.635926239518756,0,10474.5406393694,0
1910,0.132,0.306666666666667,75.5280162651617,0.635926505143688,0,10480.0304405431,0
1911,0.132,0.306666666666667,75.5279741481815,0.635926770390096,0,10485.5202417167,0
1912,0.132,0.306666666666667,75.5279320433388,0.635927035258581,0,10491.0100428904,0
1913,0.132,0.306666666666667,75.5278899506401,0.635927299749742,0,10496.4998440641,0
1914,0.132,0.306666666666667,75.5278478700918,0.635927563864174,0,10501.9896452378,0
1915,0.132,0.306666666666667,75.5278058017004,0.635927827602477,0,10507.4794464114,0
1916,0.132,0.306666666666667,75.5277637454723,0.635928090965244,0,10512.9692475851,0
1917,0.132,0.306666666666667,75.5277217014141,0.635928353953072,0,10518.4590487588,0
1918,0.132,0.306666666666667,75.5276796695319,0.635928616566554,0,10523.9488499325,0
1919,0.132,0.306666666666667,75.5276376498323,0.635928878806282,0,10529.4386511061,0
1920,0.132,0.306666666666667,75.5275956423216,0.63592914067285,0,10534.9284522798,0
1921,0.132,0.306666666666667,75.5275536470061,0.635929402166847,0,10540.4182534535,0
1922,0.132,0.306666666666667,75.5275116638923,0.635929663288863,0,10545.9080546272,0
1923,0.132,0.306666666666667,75.5274696929862,0.635929924039489,0,10551.3978558008,0
1924,0.132,0.306666666666667,75.5274277342943,0.635930184419312,0,10556.8876569745,0
1925,0.132,0.306666666666667,75.5273857878229,0.635930444428919,0,10562.3774581482,0
1926,0.132,0.306666666666667,75.5273438535781,0.635930704068896,0,10567.8672593218,0
1927,0.132,0.306666666666667,75.5273019315662,0.63593096333983,0,10573.3570604955,0
1928,0.132,0.306666666666667,75.5272600217935,0.635931222242303,0,10578.8468616692,0
1929,0.132,0.306666666666667,75.5272181242661,0.635931480776899,0,10584.3366628429,0
1930,0.132,0.306666666666667,75.5271762389901,0.635931738944202,0,10589.8264640165,0
1931,0.132,0.306666666666667,75.5271343659718,0.635931996744792,0,10595.3162651902,0
1932,0.132,0.306666666666667,75.5270925052173,0.63593225417925,0,10600.8060663639,0
1933,0.132,0.306666666666667,75.5270506567327,0.635932511248156,0,10606.2958675376,0
1934,0.132,0.306666666666667,75.5270088205241,0.635932767952088,0,10611.7856687112,0
1935,0.132,0.306666666666667,75.5269669965977,0.635933024291624,0,10617.2754698849,0
1936,0.132,0.306666666666667,75.5269251849594,0.635933280267341,0,10622.7652710586,0
1937,0.132,0.306666666666667,75.5268833856152,0.635933535879815,0,10628.2550722323,0
1938,0.132,0.306666666666667,75.5268415985714,0.635933791129621,0,10633.7448734059,0
1939,0.132,0.306666666666667,75.5267998238338,0.635934046017333,0,10639.2346745796,0
1940,0.132,0.306666666666667,75.5267580614084,0.635934300543525,0,10644.7244757533,0
1941,0.132,0.306666666666667,75.5267163113013,0.635934554708767,0,10650.214276927,0
1942,0.132,0.306666666666667,75.5266745735184,0.635934808513633,0,10655.7040781006,0
1943,0.132,0.306666666666667,75.5266328480655,0.635935061958691,0,10661.1938792743,0
1944,0.132,0.306666666666667,75.5265911349488,0.635935315044512,0,10666.683680448,0
1945,0.132,0.306666666666667,75.5265494341739,0.635935567771664,0,10672.1734816217,0
1946,0.132,0.306666666666667,75.526507745747,0.635935820140714,0,10677.6632827953,0
1947,0.132,0.306666666666667,75.5264660696737,0.63593607215223,0,10683.153083969,0
1948,0.132,0.306666666666667,75.52642440596,0.635936323806778,0,10688.6428851427,0
1949,0.132,0.306666666666667,75.5263827546117,0.635936575104921,0,10694.1326863163,0
1950,0.132,0.306666666666667,75.5263411156345,0.635936826047224,0,10699.62248749,0
1951,0.132,0.306666666666667,75.5262994890344,0.63593707663425,0,10705.1122886637,0
1952,0.132,0.306666666666667,75.5262578748171,0.635937326866562,0,10710.6020898374,0
1953,0.132,0.306666666666667,75.5262162729883,0.63593757674472,0,10716.091891011,0
1954,0.132,0.306666666666667,75.5261746835538,0.635937826269285,0,10721.5816921847,0
1955,0.132,0.306666666666667,75.5261331065193,0.635938075440817,0,10727.0714933584,0
1956,0.132,0.306666666666667,75.5260915418906,0.635938324259873,0,10732.5612945321,0
1957,0.132,0.306666666666667,75.5260499896732,0.635938572727012,0,10738.0510957057,0
1958,0.132,0.306666666666667,75.526008449873,0.63593882084279,0,10743.5408968794,0
1959,0.132,0.306666666666667,75.5259669224955,0.635939068607764,0,10749.0306980531,0
1960,0.132,0.306666666666667,75.5259254075464,0.635939316022488,0,10754.5204992268,0
1961,0.132,0.306666666666667,75.5258839050313,0.635939563087516,0,10760.0103004004,0
1962,0.132,0.306666666666667,75.5258424149559,0.635939809803401,0,10765.5001015741,0
1963,0.132,0.306666666666667,75.5258009373257,0.635940056170696,0,10770.9899027478,0
1964,0.132,0.306666666666667,75.5257594721462,0.635940302189952,0,10776.4797039215,0
1965,0.132,0.306666666666667,75.525718019423,0.63594054786172,0,10781.9695050951,0
1966,0.132,0.306666666666667,75.5256765791618,0.63594079318655,0,10787.4593062688,0
1967,0.132,0.306666666666667,75.5256351513679,0.635941038164989,0,10792.9491074425,0
1968,0.132,0.306666666666667,75.5255937360469,0.635941282797586,0,10798.4389086161,0
1969,0.132,0.306666666666667,75.5255523332042,0.635941527084888,0,10803.9287097898,0
1970,0.132,0.306666666666667,75.5255109428454,0.635941771027441,0,10809.4185109635,0
1971,0.132,0.306666666666667,75.5254695649759,0.63594201462579,0,10814.9083121372,0
1972,0.132,0.306666666666667,75.5254281996011,0.63594225788048,0,10820.3981133108,0
1973,0.132,0.306666666666667,75.5253868467264,0.635942500792053,0,10825.8879144845,0
1974,0.132,0.306666666666667,75.5253455063573,0.635942743361054,0,10831.3777156582,0
1975,0.132,0.306666666666667,75.5253041784991,0.635942985588023,0,10836.8675168319,0
1976,0.132,0.306666666666667,75.5252628631572,0.635943227473501,0,10842.3573180055,0
1977,0.132,0.306666666666667,75.5252215603369,0.635943469018028,0,10847.8471191792,0
1978,0.132,0.306666666666667,75.5251802700435,0.635943710222144,0,10853.3369203529,0
1979,0.132,0.306666666666667,75.5251389922825,0.635943951086386,0,10858.8267215266,0
1980,0.132,0.306666666666667,75.525097727059,0.635944191611292,0,10864.3165227002,0
1981,0.132,0.306666666666667,75.5250564743783,0.635944431797399,0,10869.8063238739,0
1982,0.132,0.306666666666667,75.5250152342458,0.635944671645242,0,10875.2961250476,0
1983,0.132,0.306666666666667,75.5249740066667,0.635944911155356,0,10880.7859262212,0
1984,0.132,0.306666666666667,75.5249327916461,0.635945150328275,0,10886.2757273949,0
1985,0.132,0.306666666666667,75.5248915891893,0.635945389164533,0,10891.7655285686,0
1986,0.132,0.306666666666667,75.5248503993016,0.63594562766466,0,10897.2553297423,0
1987,0.132,0.306666666666667,75.524809221988,0.635945865829188,0,10902.7451309159,0
1988,0.132,0.306666666666667,75.5247680572538,0.635946103658649,0,10908.2349320896,0
1989,0.132,0.306666666666667,75.524726905104,0.635946341153572,0,10913.7247332633,0
1990,0.132,0.306666666666667,75.5246857655439,0.635946578314486,0,10919.214534437,0
1991,0.132,0.306666666666667,75.5246446385785,0.635946815141918,0,10924.7043356106,0
1992,0.132,0.306666666666667,75.524603524213,0.635947051636396,0,10930.1941367843,0
1993,0.132,0.306666666666667,75.5245624224524,0.635947287798446,0,10935.683937958,0
1994,0.132,0.306666666666667,75.5245213333018,0.635947523628594,0,10941.1737391317,0
1995,0.132,0.306666666666667,75.5244802567662,0.635947759127363,0,10946.6635403053,0
1996,0.132,0.306666666666667,75.5244391928506,0.635947994295278,0,10952.153341479,0
1997,0.132,0.306666666666667,75.5243981415601,0.635948229132862,0,10957.6431426527,0
1998,0.132,0.306666666666667,75.5243571028998,0.635948463640636,0,10963.1329438264,0
1999,0.132,0.306666666666667,75.5243160768744,0.635948697819123,0,10968.622745,0
2000,0.132,0.306666666666667,75.5242750634892,0.635948931668842,0,10974.1125461737,0
2001,0.132,0.306666666666667,75.5242340627488,0.635949165190313,0,10979.6023473474,0
2002,0.132,0.306666666666667,75.5241930746584,0.635949398384054,0,10985.092148521,0
2003,0.132,0.306666666666667,75.5241520992228,0.635949631250584,0,10990.5819496947,0
2004,0.132,0.306666666666667,75.524111136447,0.63594986379042,0,10996.0717508684,0
2005,0.132,0.306666666666667,75.5240701863358,0.635950096004077,0,11001.5615520421,0
2006,0.132,0.306666666666667,75.524029248894,0.635950327892071,0,11007.0513532157,0
2007,0.132,0.306666666666667,75.5239883241266,0.635950559454918,0,11012.5411543894,0
2008,0.132,0.306666666666667,75.5239474120384,0.635950790693129,0,11018.0309555631,0
2009,0.132,0.306666666666667,75.5239065126342,0.635951021607219,0,11023.5207567368,0
2010,0.132,0.306666666666667,75.5238656259187,0.6359512521977,0,11029.0105579104,0
2011,0.132,0.306666666666667,75.5238247518969,0.635951482465082,0,11034.5003590841,0
2012,0.132,0.306666666666667,75.5237838905734,0.635951712409877,0,11039.9901602578,0
2013,0.132,0.306666666666667,75.5237430419531,0.635951942032593,0,11045.4799614315,0
2014,0.132,0.306666666666667,75.5237022060406,0.63595217133374,0,11050.9697626051,0
2015,0.132,0.306666666666667,75.5236613828407,0.635952400313826,0,11056.4595637788,0
2016,0.132,0.306666666666667,75.5236205723581,0.635952628973357,0,11061.9493649525,0
2017,0.132,0.306666666666667,75.5235797745975,0.635952857312841,0,11067.4391661261,0
2018,0.132,0.306666666666667,75.5235389895636,0.635953085332783,0,11072.9289672998,0
2019,0.132,0.306666666666667,75.523498217261,0.635953313033687,0,11078.4187684735,0
2020,0.132,0.306666666666667,75.5234574576944,0.635953540416058,0,11083.9085696472,0
2021,0.132,0.306666666666667,75.5234167108685,0.635953767480398,0,11089.3983708208,0
2022,0.132,0.306666666666667,75.5233759767877,0.63595399422721,0,11094.8881719945,0
2023,0.132,0.306666666666667,75.5233352554568,0.635954220656995,0,11100.3779731682,0
2024,0.132,0.306666666666667,75.5232945468803,0.635954446770255,0,11105.8677743419,0
2025,0.132,0.306666666666667,75.5232538510627,0.635954672567489,0,11111.3575755155,0
2026,0.132,0.306666666666667,75.5232131680087,0.635954898049196,0,11116.8473766892,0
2027,0.132,0.306666666666667,75.5231724977228,0.635955123215874,0,11122.3371778629,0
2028,0.132,0.306666666666667,75.5231318402095,0.635955348068022,0,11127.8269790366,0
2029,0.132,0.306666666666667,75.5230911954733,0.635955572606134,0,11133.3167802102,0
2030,0.132,0.306666666666667,75.5230505635186,0.635955796830709,0,11138.8065813839,0
2031,0.132,0.306666666666667,75.52300994435,0.63595602074224,0,11144.2963825576,0
2032,0.132,0.306666666666667,75.522969337972,0.635956244341222,0,11149.7861837313,0
2033,0.132,0.306666666666667,75.5229287443889,0.635956467628149,0,11155.2759849049,0
2034,0.132,0.306666666666667,75.5228881636053,0.635956690603514,0,11160.7657860786,0
2035,0.132,0.306666666666667,75.5228475956254,0.635956913267807,0,11166.2555872523,0
2036,0.132,0.306666666666667,75.5228070404538,0.635957135621521,0,11171.7453884259,0
2037,0.132,0.306666666666667,75.5227664980948,0.635957357665145,0,11177.2351895996,0
2038,0.132,0.306666666666667,75.5227259685527,0.63595757939917,0,11182.7249907733,0
2039,0.132,0.306666666666667,75.522685451832,0.635957800824084,0,11188.214791947,0
2040,0.132,0.306666666666667,75.5226449479368,0.635958021940376,0,11193.7045931206,0
2041,0.132,0.306666666666667,75.5226044568717,0.635958242748531,0,11199.1943942943,0
2042,0.132,0.306666666666667,75.5225639786409,0.635958463249038,0,11204.684195468,0
2043,0.132,0.306666666666667,75.5225235132487,0.635958683442381,0,11210.1739966417,0
2044,0.132,0.306666666666667,75.5224830606993,0.635958903329046,0,11215.6637978153,0
2045,0.132,0.306666666666667,75.522442620997,0.635959122909516,0,11221.153598989,0
2046,0.132,0.306666666666667,75.5224021941461,0.635959342184275,0,11226.6434001627,0
2047,0.132,0.306666666666667,75.5223617801508,0.635959561153805,0,11232.1332013364,0
2048,0.132,0.306666666666667,75.5223213790153,0.63595977981859,0,11237.62300251,0
2049,0.132,0.306666666666667,75.5222809907438,0.635959998179108,0,11243.1128036837,0
2050,0.132,0.306666666666667,75.5222406153405,0.63596021623584,0,11248.6026048574,0
2051,0.132,0.306666666666667,75.5222002528096,0.635960433989267,0,11254.0924060311,0
2052,0.132,0.306666666666667,75.5221599031553,0.635960651439867,0,11259.5822072047,0
2053,0.132,0.306666666666667,75.5221195663815,0.635960868588117,0,11265.0720083784,0
2054,0.132,0.306666666666667,75.5220792424926,0.635961085434495,0,11270.5618095521,0
2055,0.132,0.306666666666667,75.5220389314926,0.635961301979478,0,11276.0516107258,0
2056,0.132,0.306666666666667,75.5219986333857,0.63596151822354,0,11281.5414118994,0
2057,0.132,0.306666666666667,75.5219583481758,0.635961734167158,0,11287.0312130731,0
2058,0.132,0.306666666666667,75.5219180758671,0.635961949810804,0,11292.5210142468,0
2059,0.132,0.306666666666667,75.5218778164635,0.635962165154953,0,11298.0108154204,0
2060,0.132,0.306666666666667,75.5218375699693,0.635962380200076,0,11303.5006165941,0
2061,0.132,0.306666666666667,75.5217973363883,0.635962594946647,0,11308.9904177678,0
2062,0.132,0.306666666666667,75.5217571157246,0.635962809395135,0,11314.4802189415,0
2063,0.132,0.306666666666667,75.5217169079822,0.635963023546012,0,11319.9700201151,0
2064,0.132,0.306666666666667,75.521676713165,0.635963237399746,0,11325.4598212888,0
2065,0.132,0.306666666666667,75.5216365312771,0.635963450956808,0,11330.9496224625,0
2066,0.132,0.306666666666667,75.5215963623224,0.635963664217664,0,11336.4394236362,0
2067,0.132,0.306666666666667,75.5215562063048,0.635963877182783,0,11341.9292248098,0
2068,0.132,0.306666666666667,75.5215160632282,0.63596408985263,0,11347.4190259835,0
2069,0.132,0.306666666666667,75.5214759330965,0.635964302227672,0,11352.9088271572,0
2070,0.132,0.306666666666667,75.5214358159137,0.635964514308373,0,11358.3986283308,0
2071,0.132,0.306666666666667,75.5213957116836,0.635964726095198,0,11363.8884295045,0
2072,0.132,0.306666666666667,75.5213556204101,0.635964937588612,0,11369.3782306782,0
2073,0.132,0.306666666666667,75.521315542097,0.635965148789076,0,11374.8680318519,0
2074,0.132,0.306666666666667,75.5212754767481,0.635965359697052,0,11380.3578330255,0
2075,0.132,0.306666666666667,75.5212354243673,0.635965570313002,0,11385.8476341992,0
2076,0.132,0.306666666666667,75.5211953849585,0.635965780637387,0,11391.3374353729,0
2077,0.132,0.306666666666667,75.5211553585253,0.635965990670667,0,11396.8272365466,0
2078,0.132,0.306666666666667,75.5211153450715,0.635966200413301,0,11402.3170377202,0
2079,0.132,0.306666666666667,75.521075344601,0.635966409865746,0,11407.8068388939,0
2080,0.132,0.306666666666667,75.5210353571175,0.635966619028462,0,11413.2966400676,0
2081,0.132,0.306666666666667,75.5209953826246,0.635966827901905,0,11418.7864412413,0
2082,0.132,0.306666666666667,75.5209554211263,0.63596703648653,0,11424.2762424149,0
2083,0.132,0.306666666666667,75.520915472626,0.635967244782795,0,11429.7660435886,0
2084,0.132,0.306666666666667,75.5208755371275,0.635967452791153,0,11435.2558447623,0
2085,0.132,0.306666666666667,75.5208356146346,0.635967660512058,0,11440.7456459359,0
2086,0.132,0.306666666666667,75.5207957051508,0.635967867945965,0,11446.2354471096,0
2087,0.132,0.306666666666667,75.5207558086798,0.635968075093324,0,11451.7252482833,0
2088,0.132,0.306666666666667,75.5207159252253,0.635968281954589,0,11457.215049457,0
2089,0.132,0.306666666666667,75.5206760547909,0.635968488530211,0,11462.7048506306,0
2090,0.132,0.306666666666667,75.5206361973801,0.635968694820639,0,11468.1946518043,0
2091,0.132,0.306666666666667,75.5205963529967,0.635968900826324,0,11473.684452978,0
2092,0.132,0.306666666666667,75.5205565216441,0.635969106547714,0,11479.1742541517,0
2093,0.132,0.306666666666667,75.5205167033259,0.635969311985258,0,11484.6640553253,0
2094,0.132,0.306666666666667,75.5204768980457,0.635969517139405,0,11490.153856499,0
2095,0.132,0.306666666666667,75.5204371058069,0.635969722010598,0,11495.6436576727,0
2096,0.132,0.306666666666667,75.5203973266133,0.635969926599287,0,11501.1334588464,0
2097,0.132,0.306666666666667,75.5203575604682,0.635970130905915,0,11506.62326002,0
2098,0.132,0.306666666666667,75.5203178073751,0.635970334930928,0,11512.1130611937,0
2099,0.132,0.306666666666667,75.5202780673376,0.63597053867477,0,11517.6028623674,0
2100,0.132,0.306666666666667,75.5202383403591,0.635970742137883,0,11523.092663541,0
2101,0.132,0.306666666666667,75.520198626443,0.63597094532071,0,11528.5824647147,0
2102,0.132,0.306666666666667,75.5201589255928,0.635971148223694,0,11534.0722658884,0
2103,0.132,0.306666666666667,75.5201192378119,0.635971350847275,0,11539.5620670621,0
2104,0.132,0.306666666666667,75.5200795631037,0.635971553191894,0,11545.0518682357,0
2105,0.132,0.306666666666667,75.5200399014718,0.63597175525799,0,11550.5416694094,0
2106,0.132,0.306666666666667,75.5200002529193,0.635971957046003,0,11556.0314705831,0
2107,0.132,0.306666666666667,75.5199606174497,0.635972158556371,0,11561.5212717568,0
2108,0.132,0.306666666666667,75.5199209950664,0.635972359789532,0,11567.0110729304,0
2109,0.132,0.306666666666667,75.5198813857727,0.635972560745921,0,11572.5008741041,0
2110,0.132,0.306666666666667,75.5198417895719,0.635972761425977,0,11577.9906752778,0
2111,0.132,0.306666666666667,75.5198022064674,0.635972961830134,0,11583.4804764515,0
2112,0.132,0.306666666666667,75.5197626364624,0.635973161958827,0,11588.9702776251,0
2113,0.132,0.306666666666667,75.5197230795603,0.63597336181249,0,11594.4600787988,0
2114,0.132,0.306666666666667,75.5196835357643,0.635973561391557,0,11599.9498799725,0
2115,0.132,0.306666666666667,75.5196440050777,0.635973760696461,0,11605.4396811462,0
2116,0.132,0.306666666666667,75.5196044875038,0.635973959727632,0,11610.9294823198,0
2117,0.132,0.306666666666667,75.5195649830457,0.635974158485504,0,11616.4192834935,0
2118,0.132,0.306666666666667,75.5195254917068,0.635974356970507,0,11621.9090846672,0
2119,0.132,0.306666666666667,75.5194860134901,0.635974555183069,0,11627.3988858408,0
2120,0.132,0.306666666666667,75.519446548399,0.635974753123622,0,11632.8886870145,0
2121,0.132,0.306666666666667,75.5194070964366,0.635974950792594,0,11638.3784881882,0
2122,0.132,0.306666666666667,75.519367657606,0.635975148190411,0,11643.8682893619,0
2123,0.132,0.306666666666667,75.5193282319105,0.635975345317503,0,11649.3580905355,0
2124,0.132,0.306666666666667,75.5192888193531,0.635975542174295,0,11654.8478917092,0
2125,0.132,0.306666666666667,75.5192494199371,0.635975738761213,0,11660.3376928829,0
2126,0.132,0.306666666666667,75.5192100336655,0.635975935078682,0,11665.8274940566,0
2127,0.132,0.306666666666667,75.5191706605414,0.635976131127127,0,11671.3172952302,0
2128,0.132,0.306666666666667,75.5191313005679,0.635976326906972,0,11676.8070964039,0
2129,0.132,0.306666666666667,75.5190919537482,0.63597652241864,0,11682.2968975776,0
2130,0.132,0.306666666666667,75.5190526200851,0.635976717662553,0,11687.7866987513,0
2131,0.132,0.306666666666667,75.519013299582,0.635976912639133,0,11693.2764999249,0
2132,0.132,0.306666666666667,75.5189739922416,0.635977107348802,0,11698.7663010986,0
2133,0.132,0.306666666666667,75.5189346980672,0.635977301791979,0,11704.2561022723,0
2134,0.132,0.306666666666667,75.5188954170617,0.635977495969085,0,11709.7459034459,0
2135,0.132,0.306666666666667,75.518856149228,0.635977689880539,0,11715.2357046196,0
2136,0.132,0.306666666666667,75.5188168945692,0.635977883526759,0,11720.7255057933,0
2137,0.132,0.306666666666667,75.5187776530883,0.635978076908164,0,11726.215306967,0
2138,0.132,0.306666666666667,75.5187384247882,0.635978270025169,0,11731.7051081406,0
2139,0.132,0.306666666666667,75.5186992096719,0.635978462878191,0,11737.1949093143,0
2140,0.132,0.306666666666667,75.5186600077423,0.635978655467647,0,11742.684710488,0
2141,0.132,0.306666666666667,75.5186208190023,0.635978847793952,0,11748.1745116617,0
2142,0.132,0.306666666666667,75.5185816434548,0.635979039857519,0,11753.6643128353,0
2143,0.132,0.306666666666667,75.5185424811028,0.635979231658764,0,11759.154114009,0
2144,0.132,0.306666666666667,75.518503331949,0.635979423198098,0,11764.6439151827,0
2145,0.132,0.306666666666667,75.5184641959965,0.635979614475934,0,11770.1337163564,0
2146,0.132,0.306666666666667,75.518425073248,0.635979805492684,0,11775.62351753,0
2147,0.132,0.306666666666667,75.5183859637064,0.63597999624876,0,11781.1133187037,0
2148,0.132,0.306666666666667,75.5183468673745,0.635980186744572,0,11786.6031198774,0
2149,0.132,0.306666666666667,75.5183077842552,0.635980376980529,0,11792.092921051,0
2150,0.132,0.306666666666667,75.5182687143512,0.635980566957041,0,11797.5827222247,0
2151,0.132,0.306666666666667,75.5182296576653,0.635980756674516,0,11803.0725233984,0
2152,0.132,0.306666666666667,75.5181906142004,0.635980946133363,0,11808.5623245721,0
2153,0.132,0.306666666666667,75.5181515839591,0.635981135333988,0,11814.0521257457,0
2154,0.132,0.306666666666667,75.5181125669444,0.635981324276798,0,11819.5419269194,0
2155,0.132,0.306666666666667,75.5180735631588,0.635981512962199,0,11825.0317280931,0
2156,0.132,0.306666666666667,75.5180345726051,0.635981701390597,0,11830.5215292668,0
2157,0.132,0.306666666666667,75.5179955952861,0.635981889562395,0,11836.0113304404,0
2158,0.132,0.306666666666667,75.5179566312044,0.635982077477998,0,11841.5011316141,0
2159,0.132,0.306666666666667,75.5179176803628,0.635982265137809,0,11846.9909327878,0
2160,0.132,0.306666666666667,75.5178787427638,0.635982452542231,0,11852.4807339615,0
2161,0.132,0.306666666666667,75.5178398184103,0.635982639691667,0,11857.9705351351,0
2162,0.132,0.306666666666667,75.5178009073048,0.635982826586516,0,11863.4603363088,0
2163,0.132,0.306666666666667,75.51776200945,0.635983013227181,0,11868.9501374825,0
2164,0.132,0.306666666666667,75.5177231248486,0.63598319961406,0,11874.4399386561,0
2165,0.132,0.306666666666667,75.517684253503,0.635983385747555,0,11879.9297398298,0
2166,0.132,0.306666666666667,75.517645395416,0.635983571628064,0,11885.4195410035,0
2167,0.132,0.306666666666667,75.5176065505902,0.635983757255984,0,11890.9093421772,0
2168,0.132,0.306666666666667,75.5175677190281,0.635983942631713,0,11896.3991433508,0
2169,0.132,0.306666666666667,75.5175289007322,0.635984127755649,0,11901.8889445245,0
2170,0.132,0.306666666666667,75.5174900957052,0.635984312628187,0,11907.3787456982,0
2171,0.132,0.306666666666667,75.5174513039496,0.635984497249724,0,11912.8685468719,0
2172,0.132,0.306666666666667,75.517412525468,0.635984681620654,0,11918.3583480455,0
2173,0.132,0.306666666666667,75.5173737602627,0.635984865741371,0,11923.8481492192,0
2174,0.132,0.306666666666667,75.5173350083365,0.63598504961227,0,11929.3379503929,0
2175,0.132,0.306666666666667,75.5172962696916,0.635985233233744,0,11934.8277515666,0
2176,0.132,0.306666666666667,75.5172575443308,0.635985416606186,0,11940.3175527402,0
2177,0.132,0.306666666666667,75.5172188322562,0.635985599729986,0,11945.8073539139,0
2178,0.132,0.306666666666667,75.5171801334706,0.635985782605537,0,11951.2971550876,0
2179,0.132,0.306666666666667,75.5171414479763,0.635985965233228,0,11956.7869562613,0
2180,0.132,0.306666666666667,75.5171027757757,0.635986147613451,0,11962.2767574349,0
2181,0.132,0.306666666666667,75.5170641168713,0.635986329746594,0,11967.7665586086,0
2182,0.132,0.306666666666667,75.5170254712654,0.635986511633046,0,11973.2563597823,0
2183,0.132,0.306666666666667,75.5169868389605,0.635986693273196,0,11978.746160956,0
2184,0.132,0.306666666666667,75.516948219959,0.63598687466743,0,11984.2359621296,0
2185,0.132,0.306666666666667,75.5169096142632,0.635987055816137,0,11989.7257633033,0
2186,0.132,0.306666666666667,75.5168710218755,0.635987236719701,0,11995.215564477,0
2187,0.132,0.306666666666667,75.5168324427982,0.635987417378509,0,12000.7053656506,0
2188,0.132,0.306666666666667,75.5167938770337,0.635987597792946,0,12006.1951668243,0
2189,0.132,0.306666666666667,75.5167553245844,0.635987777963396,0,12011.684967998,0
2190,0.132,0.306666666666667,75.5167167854524,0.635987957890244,0,12017.1747691717,0
2191,0.132,0.306666666666667,75.5166782596402,0.635988137573872,0,12022.6645703453,0
2192,0.132,0.306666666666667,75.51663974715,0.635988317014663,0,12028.154371519,0
2193,0.132,0.306666666666667,75.5166012479841,0.635988496212998,0,12033.6441726927,0
2194,0.132,0.306666666666667,75.5165627621448,0.63598867516926,0,12039.1339738664,0
2195,0.132,0.306666666666667,75.5165242896342,0.635988853883829,0,12044.62377504,0
2196,0.132,0.306666666666667,75.5164858304548,0.635989032357086,0,12050.1135762137,0
2197,0.132,0.306666666666667,75.5164473846086,0.635989210589409,0,12055.6033773874,0
2198,0.132,0.306666666666667,75.5164089520979,0.635989388581179,0,12061.0931785611,0
2199,0.132,0.306666666666667,75.516370532925,0.635989566332771,0,12066.5829797347,0
2200,0.132,0.306666666666667,75.5163321270919,0.635989743844567,0,12072.0727809084,0
2201,0.132,0.306666666666667,75.5162937346009,0.635989921116941,0,12077.5625820821,0
2202,0.132,0.306666666666667,75.5162553554543,0.635990098150271,0,12083.0523832558,0
2203,0.132,0.306666666666667,75.516216989654,0.635990274944932,0,12088.5421844294,0
2204,0.132,0.306666666666667,75.5161786372024,0.6359904515013,0,12094.0319856031,0
2205,0.132,0.306666666666667,75.5161402981014,0.63599062781975,0,12099.5217867768,0
2206,0.132,0.306666666666667,75.5161019723533,0.635990803900655,0,12105.0115879504,0
2207,0.132,0.306666666666667,75.5160636599602,0.635990979744391,0,12110.5013891241,0
2208,0.132,0.306666666666667,75.5160253609241,0.635991155351327,0,12115.9911902978,0
2209,0.132,0.306666666666667,75.5159870752472,0.635991330721839,0,12121.4809914715,0
2210,0.132,0.306666666666667,75.5159488029315,0.635991505856297,0,12126.9707926451,0
2211,0.132,0.306666666666667,75.5159105439791,0.635991680755073,0,12132.4605938188,0
2212,0.132,0.306666666666667,75.515872298392,0.635991855418537,0,12137.9503949925,0
2213,0.132,0.306666666666667,75.5158340661724,0.635992029847058,0,12143.4401961662,0
2214,0.132,0.306666666666667,75.5157958473222,0.635992204041008,0,12148.9299973398,0
2215,0.132,0.306666666666667,75.5157576418434,0.635992378000753,0,12154.4197985135,0
2216,0.132,0.306666666666667,75.5157194497381,0.635992551726663,0,12159.9095996872,0
2217,0.132,0.306666666666667,75.5156812710082,0.635992725219105,0,12165.3994008608,0
2218,0.132,0.306666666666667,75.5156431056559,0.635992898478446,0,12170.8892020345,0
2219,0.132,0.306666666666667,75.5156049536829,0.635993071505052,0,12176.3790032082,0
2220,0.132,0.306666666666667,75.5155668150914,0.635993244299291,0,12181.8688043819,0
2221,0.132,0.306666666666667,75.5155286898831,0.635993416861526,0,12187.3586055555,0
2222,0.132,0.306666666666667,75.5154905780602,0.635993589192121,0,12192.8484067292,0
2223,0.132,0.306666666666667,75.5154524796244,0.635993761291443,0,12198.3382079029,0
2224,0.132,0.306666666666667,75.5154143945779,0.635993933159855,0,12203.8280090766,0
2225,0.132,0.306666666666667,75.5153763229223,0.635994104797717,0,12209.3178102502,0
2226,0.132,0.306666666666667,75.5153382646597,0.635994276205394,0,12214.8076114239,0
2227,0.132,0.306666666666667,75.515300219792,0.635994447383248,0,12220.2974125976,0
2228,0.132,0.306666666666667,75.5152621883209,0.635994618331639,0,12225.7872137713,0
2229,0.132,0.306666666666667,75.5152241702484,0.635994789050927,0,12231.2770149449,0
2230,0.132,0.306666666666667,75.5151861655763,0.635994959541474,0,12236.7668161186,0
2231,0.132,0.306666666666667,75.5151481743065,0.635995129803639,0,12242.2566172923,0
2232,0.132,0.306666666666667,75.5151101964408,0.63599529983778,0,12247.7464184659,0
2233,0.132,0.306666666666667,75.5150722319809,0.635995469644256,0,12253.2362196396,0
2234,0.132,0.306666666666667,75.5150342809289,0.635995639223425,0,12258.7260208133,0
2235,0.132,0.306666666666667,75.5149963432862,0.635995808575643,0,12264.215821987,0
2236,0.132,0.306666666666667,75.5149584190549,0.635995977701267,0,12269.7056231606,0
2237,0.132,0.306666666666667,75.5149205082367,0.635996146600655,0,12275.1954243343,0
2238,0.132,0.306666666666667,75.5148826108333,0.63599631527416,0,12280.685225508,0
2239,0.132,0.306666666666667,75.5148447268464,0.635996483722138,0,12286.1750266817,0
2240,0.132,0.306666666666667,75.5148068562779,0.635996651944943,0,12291.6648278553,0
2241,0.132,0.306666666666667,75.5147689991295,0.63599681994293,0,12297.154629029,0
2242,0.132,0.306666666666667,75.5147311554028,0.635996987716451,0,12302.6444302027,0
2243,0.132,0.306666666666667,75.5146933250996,0.635997155265858,0,12308.1342313764,0
2244,0.132,0.306666666666667,75.5146555082216,0.635997322591505,0,12313.62403255,0
2245,0.132,0.306666666666667,75.5146177047704,0.635997489693742,0,12319.1138337237,0
2246,0.132,0.306666666666667,75.5145799147478,0.635997656572921,0,12324.6036348974,0
2247,0.132,0.306666666666667,75.5145421381553,0.635997823229392,0,12330.0934360711,0
2248,0.132,0.306666666666667,75.5145043749948,0.635997989663505,0,12335.5832372447,0
2249,0.132,0.306666666666667,75.5144666252677,0.635998155875609,0,12341.0730384184,0
2250,0.132,0.306666666666667,75.5144288889757,0.635998321866053,0,12346.5628395921,0
2251,0.132,0.306666666666667,75.5143911661205,0.635998487635185,0,12352.0526407657,0
2252,0.132,0.306666666666667,75.5143534567037,0.635998653183352,0,12357.5424419394,0
2253,0.132,0.306666666666667,75.5143157607268,0.635998818510902,0,12363.0322431131,0
2254,0.132,0.306666666666667,75.5142780781915,0.635998983618181,0,12368.5220442868,0
2255,0.132,0.306666666666667,75.5142404090992,0.635999148505537,0,12374.0118454604,0
2256,0.132,0.306666666666667,75.5142027534517,0.635999313173312,0,12379.5016466341,0
2257,0.132,0.306666666666667,75.5141651112504,0.635999477621853,0,12384.9914478078,0
2258,0.132,0.306666666666667,75.5141274824969,0.635999641851503,0,12390.4812489815,0
2259,0.132,0.306666666666667,75.5140898671928,0.635999805862608,0,12395.9710501551,0
2260,0.132,0.306666666666667,75.5140522653394,0.635999969655509,0,12401.4608513288,0
2261,0.132,0.306666666666667,75.5140146769385,0.636000133230549,0,12406.9506525025,0
2262,0.132,0.306666666666667,75.5139771019914,0.636000296588072,0,12412.4404536762,0
2263,0.132,0.306666666666667,75.5139395404997,0.636000459728417,0,12417.9302548498,0
2264,0.132,0.306666666666667,75.5139019924648,0.636000622651927,0,12423.4200560235,0
2265,0.132,0.306666666666667,75.5138644578882,0.636000785358941,0,12428.9098571972,0
2266,0.132,0.306666666666667,75.5138269367714,0.6360009478498,0,12434.3996583709,0
2267,0.132,0.306666666666667,75.5137894291158,0.636001110124843,0,12439.8894595445,0
2268,0.132,0.306666666666667,75.5137519349228,0.636001272184408,0,12445.3792607182,0
2269,0.132,0.306666666666667,75.513714454194,0.636001434028835,0,12450.8690618919,0
2270,0.132,0.306666666666667,75.5136769869306,0.636001595658461,0,12456.3588630656,0
2271,0.132,0.306666666666667,75.5136395331342,0.636001757073623,0,12461.8486642392,0
2272,0.132,0.306666666666667,75.513602092806,0.636001918274657,0,12467.3384654129,0
2273,0.132,0.306666666666667,75.5135646659476,0.636002079261901,0,12472.8282665866,0
2274,0.132,0.306666666666667,75.5135272525602,0.63600224003569,0,12478.3180677602,0
2275,0.132,0.306666666666667,75.5134898526453,0.636002400596358,0,12483.8078689339,0
2276,0.132,0.306666666666667,75.5134524662041,0.636002560944241,0,12489.2976701076,0
2277,0.132,0.306666666666667,75.5134150932381,0.636002721079672,0,12494.7874712813,0
2278,0.132,0.306666666666667,75.5133777337486,0.636002881002985,0,12500.2772724549,0
2279,0.132,0.306666666666667,75.5133403877368,0.636003040714512,0,12505.7670736286,0
2280,0.132,0.306666666666667,75.5133030552041,0.636003200214587,0,12511.2568748023,0
2281,0.132,0.306666666666667,75.5132657361519,0.636003359503541,0,12516.746675976,0
2282,0.132,0.306666666666667,75.5132284305813,0.636003518581705,0,12522.2364771496,0
2283,0.132,0.306666666666667,75.5131911384938,0.63600367744941,0,12527.7262783233,0
2284,0.132,0.306666666666667,75.5131538598905,0.636003836106988,0,12533.216079497,0
2285,0.132,0.306666666666667,75.5131165947727,0.636003994554766,0,12538.7058806707,0
2286,0.132,0.306666666666667,75.5130793431417,0.636004152793075,0,12544.1956818443,0
2287,0.132,0.306666666666667,75.5130421049987,0.636004310822243,0,12549.685483018,0
2288,0.132,0.306666666666667,75.513004880345,0.6360044686426,0,12555.1752841917,0
2289,0.132,0.306666666666667,75.5129676691817,0.636004626254471,0,12560.6650853653,0
2290,0.132,0.306666666666667,75.5129304715101,0.636004783658184,0,12566.154886539,0
2291,0.132,0.306666666666667,75.5128932873314,0.636004940854067,0,12571.6446877127,0
2292,0.132,0.306666666666667,75.5128561166467,0.636005097842444,0,12577.1344888864,0
2293,0.132,0.306666666666667,75.5128189594573,0.636005254623642,0,12582.62429006,0
2294,0.132,0.306666666666667,75.5127818157643,0.636005411197987,0,12588.1140912337,0
2295,0.132,0.306666666666667,75.5127446855689,0.636005567565801,0,12593.6038924074,0
2296,0.132,0.306666666666667,75.5127075688722,0.63600572372741,0,12599.0936935811,0
2297,0.132,0.306666666666667,75.5126704656754,0.636005879683136,0,12604.5834947547,0
2298,0.132,0.306666666666667,75.5126333759796,0.636006035433304,0,12610.0732959284,0
2299,0.132,0.306666666666667,75.5125962997859,0.636006190978235,0,12615.5630971021,0
2300,0.132,0.306666666666667,75.5125592370955,0.636006346318251,0,12621.0528982758,0
2301,0.132,0.306666666666667,75.5125221879093,0.636006501453674,0,12626.5426994494,0
2302,0.132,0.306666666666667,75.5124851522286,0.636006656384825,0,12632.0325006231,0
2303,0.132,0.306666666666667,75.5124481300544,0.636006811112023,0,12637.5223017968,0
2304,0.132,0.306666666666667,75.5124111213877,0.636006965635591,0,12643.0121029704,0
2305,0.132,0.306666666666667,75.5123741262297,0.636007119955845,0,12648.5019041441,0
2306,0.132,0.306666666666667,75.5123371445814,0.636007274073106,0,12653.9917053178,0
2307,0.132,0.306666666666667,75.5123001764438,0.636007427987692,0,12659.4815064915,0
2308,0.132,0.306666666666667,75.5122632218179,0.636007581699921,0,12664.9713076651,0
2309,0.132,0.306666666666667,75.5122262807048,0.636007735210109,0,12670.4611088388,0
2310,0.132,0.306666666666667,75.5121893531055,0.636007888518574,0,12675.9509100125,0
2311,0.132,0.306666666666667,75.5121524390209,0.636008041625633,0,12681.4407111862,0
2312,0.132,0.306666666666667,75.5121155384522,0.636008194531601,0,12686.9305123598,0
2313,0.132,0.306666666666667,75.5120786514001,0.636008347236793,0,12692.4203135335,0
2314,0.132,0.306666666666667,75.5120417778658,0.636008499741525,0,12697.9101147072,0
2315,0.132,0.306666666666667,75.5120049178502,0.63600865204611,0,12703.3999158809,0
2316,0.132,0.306666666666667,75.5119680713543,0.636008804150863,0,12708.8897170545,0
2317,0.132,0.306666666666667,75.5119312383789,0.636008956056097,0,12714.3795182282,0
2318,0.132,0.306666666666667,75.511894418925,0.636009107762125,0,12719.8693194019,0
2319,0.132,0.306666666666667,75.5118576129936,0.636009259269259,0,12725.3591205756,0
2320,0.132,0.306666666666667,75.5118208205855,0.63600941057781,0,12730.8489217492,0
2321,0.132,0.306666666666667,75.5117840417016,0.636009561688092,0,12736.3387229229,0
2322,0.132,0.306666666666667,75.5117472763429,0.636009712600413,0,12741.8285240966,0
2323,0.132,0.306666666666667,75.5117105245102,0.636009863315084,0,12747.3183252702,0
2324,0.132,0.306666666666667,75.5116737862045,0.636010013832417,0,12752.8081264439,0
2325,0.132,0.306666666666667,75.5116370614265,0.636010164152718,0,12758.2979276176,0
2326,0.132,0.306666666666667,75.5116003501771,0.636010314276299,0,12763.7877287913,0
2327,0.132,0.306666666666667,75.5115636524571,0.636010464203467,0,12769.2775299649,0
2328,0.132,0.306666666666667,75.5115269682675,0.636010613934529,0,12774.7673311386,0
2329,0.132,0.306666666666667,75.511490297609,0.636010763469793,0,12780.2571323123,0
2330,0.132,0.306666666666667,75.5114536404825,0.636010912809568,0,12785.746933486,0
2331,0.132,0.306666666666667,75.5114169968886,0.636011061954157,0,12791.2367346596,0
2332,0.132,0.306666666666667,75.5113803668284,0.636011210903869,0,12796.7265358333,0
2333,0.132,0.306666666666667,75.5113437503024,0.636011359659007,0,12802.216337007,0
2334,0.132,0.306666666666667,75.5113071473116,0.636011508219877,0,12807.7061381807,0
2335,0.132,0.306666666666667,75.5112705578567,0.636011656586784,0,12813.1959393543,0
2336,0.132,0.306666666666667,75.5112339819384,0.636011804760031,0,12818.685740528,0
2337,0.132,0.306666666666667,75.5111974195575,0.636011952739922,0,12824.1755417017,0
2338,0.132,0.306666666666667,75.5111608707147,0.63601210052676,0,12829.6653428754,0
2339,0.132,0.306666666666667,75.5111243354108,0.636012248120847,0,12835.155144049,0
2340,0.132,0.306666666666667,75.5110878136465,0.636012395522486,0,12840.6449452227,0
2341,0.132,0.306666666666667,75.5110513054224,0.636012542731978,0,12846.1347463964,0
2342,0.132,0.306666666666667,75.5110148107394,0.636012689749624,0,12851.6245475701,0
2343,0.132,0.306666666666667,75.510978329598,0.636012836575725,0,12857.1143487437,0
2344,0.132,0.306666666666667,75.510941861999,0.636012983210582,0,12862.6041499174,0
2345,0.132,0.306666666666667,75.5109054079431,0.636013129654492,0,12868.0939510911,0
2346,0.132,0.306666666666667,75.5108689674309,0.636013275907756,0,12873.5837522647,0
2347,0.132,0.306666666666667,75.5108325404631,0.636013421970672,0,12879.0735534384,0
2348,0.132,0.306666666666667,75.5107961270403,0.63601356784354,0,12884.5633546121,0
2349,0.132,0.306666666666667,75.5107597271631,0.636013713526655,0,12890.0531557858,0
2350,0.132,0.306666666666667,75.5107233408322,0.636013859020317,0,12895.5429569594,0
2351,0.132,0.306666666666667,75.5106869680483,0.63601400432482,0,12901.0327581331,0
2352,0.132,0.306666666666667,75.5106506088118,0.636014149440463,0,12906.5225593068,0
2353,0.132,0.306666666666667,75.5106142631235,0.636014294367539,0,12912.0123604805,0
2354,0.132,0.306666666666667,75.5105779309838,0.636014439106346,0,12917.5021616541,0
2355,0.132,0.306666666666667,75.5105416123935,0.636014583657178,0,12922.9919628278,0
2356,0.132,0.306666666666667,75.510505307353,0.636014728020329,0,12928.4817640015,0
2357,0.132,0.306666666666667,75.5104690158629,0.636014872196093,0,12933.9715651752,0
2358,0.132,0.306666666666667,75.5104327379238,0.636015016184764,0,12939.4613663488,0
2359,0.132,0.306666666666667,75.5103964735363,0.636015159986635,0,12944.9511675225,0
2360,0.132,0.306666666666667,75.5103602227008,0.636015303601998,0,12950.4409686962,0
2361,0.132,0.306666666666667,75.5103239854179,0.636015447031145,0,12955.9307698699,0
2362,0.132,0.306666666666667,75.5102877616881,0.636015590274368,0,12961.4205710435,0
2363,0.132,0.306666666666667,75.5102515515119,0.636015733331959,0,12966.9103722172,0
2364,0.132,0.306666666666667,75.5102153548898,0.636015876204207,0,12972.4001733909,0
2365,0.132,0.306666666666667,75.5101791718224,0.636016018891404,0,12977.8899745645,0
2366,0.132,0.306666666666667,75.51014300231,0.636016161393838,0,12983.3797757382,0
2367,0.132,0.306666666666667,75.5101068463532,0.6360163037118,0,12988.8695769119,0
2368,0.132,0.306666666666667,75.5100707039524,0.636016445845577,0,12994.3593780856,0
2369,0.132,0.306666666666667,75.5100345751081,0.636016587795459,0,12999.8491792592,0
2370,0.132,0.306666666666667,75.5099984598207,0.636016729561733,0,13005.3389804329,0
2371,0.132,0.306666666666667,75.5099623580907,0.636016871144687,0,13010.8287816066,0
2372,0.132,0.306666666666667,75.5099262699185,0.636017012544608,0,13016.3185827803,0
2373,0.132,0.306666666666667,75.5098901953045,0.636017153761782,0,13021.8083839539,0
2374,0.132,0.306666666666667,75.5098541342491,0.636017294796496,0,13027.2981851276,0
2375,0.132,0.306666666666667,75.5098180867528,0.636017435649034,0,13032.7879863013,0
2376,0.132,0.306666666666667,75.5097820528158,0.636017576319683,0,13038.2777874749,0
2377,0.132,0.306666666666667,75.5097460324387,0.636017716808726,0,13043.7675886486,0
2378,0.132,0.306666666666667,75.5097100256217,0.636017857116449,0,13049.2573898223,0
2379,0.132,0.306666666666667,75.5096740323653,0.636017997243135,0,13054.747190996,0
2380,0.132,0.306666666666667,75.5096380526698,0.636018137189067,0,13060.2369921696,0
2381,0.132,0.306666666666667,75.5096020865355,0.636018276954529,0,13065.7267933433,0
2382,0.132,0.306666666666667,75.5095661339628,0.636018416539802,0,13071.216594517,0
2383,0.132,0.306666666666667,75.5095301949521,0.636018555945169,0,13076.7063956907,0
2384,0.132,0.306666666666667,75.5094942695036,0.636018695170911,0,13082.1961968643,0
2385,0.132,0.306666666666667,75.5094583576176,0.63601883421731,0,13087.685998038,0
2386,0.132,0.306666666666667,75.5094224592945,0.636018973084646,0,13093.1757992117,0
2387,0.132,0.306666666666667,75.5093865745345,0.636019111773199,0,13098.6656003854,0
2388,0.132,0.306666666666667,75.509350703338,0.636019250283248,0,13104.155401559,0
2389,0.132,0.306666666666667,75.5093148457052,0.636019388615075,0,13109.6452027327,0
2390,0.132,0.306666666666667,75.5092790016364,0.636019526768956,0,13115.1350039064,0
2391,0.132,0.306666666666667,75.5092431711319,0.636019664745171,0,13120.6248050801,0
2392,0.132,0.306666666666667,75.5092073541918,0.636019802543998,0,13126.1146062537,0
2393,0.132,0.306666666666667,75.5091715508165,0.636019940165714,0,13131.6044074274,0
2394,0.132,0.306666666666667,75.5091357610062,0.636020077610597,0,13137.0942086011,0
2395,0.132,0.306666666666667,75.5090999847611,0.636020214878922,0,13142.5840097748,0
2396,0.132,0.306666666666667,75.5090642220814,0.636020351970966,0,13148.0738109484,0
2397,0.132,0.306666666666667,75.5090284729673,0.636020488887006,0,13153.5636121221,0
2398,0.132,0.306666666666667,75.5089927374191,0.636020625627315,0,13159.0534132958,0
2399,0.132,0.306666666666667,75.5089570154369,0.63602076219217,0,13164.5432144694,0
2400,0.132,0.306666666666667,75.5089213070209,0.636020898581845,0,13170.0330156431,0
2401,0.132,0.306666666666667,75.5088856121713,0.636021034796612,0,13175.5228168168,0
2402,0.132,0.306666666666667,75.5088499308883,0.636021170836747,0,13181.0126179905,0
2403,0.132,0.306666666666667,75.5088142631719,0.636021306702523,0,13186.5024191641,0
2404,0.132,0.306666666666667,75.5087786090225,0.636021442394211,0,13191.9922203378,0
2405,0.132,0.306666666666667,75.50874296844,0.636021577912085,0,13197.4820215115,0
2406,0.132,0.306666666666667,75.5087073414247,0.636021713256416,0,13202.9718226852,0
2407,0.132,0.306666666666667,75.5086717279766,0.636021848427475,0,13208.4616238588,0
2408,0.132,0.306666666666667,75.5086361280959,0.636021983425534,0,13213.9514250325,0
2409,0.132,0.306666666666667,75.5086005417827,0.636022118250863,0,13219.4412262062,0
2410,0.132,0.306666666666667,75.5085649690371,0.636022252903732,0,13224.9310273799,0
2411,0.132,0.306666666666667,75.5085294098591,0.636022387384411,0,13230.4208285535,0
2412,0.132,0.306666666666667,75.5084938642489,0.63602252169317,0,13235.9106297272,0
2413,0.132,0.306666666666667,75.5084583322065,0.636022655830276,0,13241.4004309009,0
2414,0.132,0.306666666666667,75.508422813732,0.636022789795998,0,13246.8902320745,0
2415,0.132,0.306666666666667,75.5083873088255,0.636022923590605,0,13252.3800332482,0
2416,0.132,0.306666666666667,75.5083518174869,0.636023057214363,0,13257.8698344219,0
2417,0.132,0.306666666666667,75.5083163397164,0.636023190667541,0,13263.3596355956,0
2418,0.132,0.306666666666667,75.508280875514,0.636023323950404,0,13268.8494367692,0
2419,0.132,0.306666666666667,75.5082454248796,0.636023457063218,0,13274.3392379429,0
2420,0.132,0.306666666666667,75.5082099878134,0.636023590006251,0,13279.8290391166,0
2421,0.132,0.306666666666667,75.5081745643153,0.636023722779766,0,13285.3188402903,0
2422,0.132,0.306666666666667,75.5081391543853,0.63602385538403,0,13290.8086414639,0
2423,0.132,0.306666666666667,75.5081037580234,0.636023987819306,0,13296.2984426376,0
2424,0.132,0.306666666666667,75.5080683752296,0.636024120085859,0,13301.7882438113,0
2425,0.132,0.306666666666667,75.5080330060039,0.636024252183952,0,13307.278044985,0
2426,0.132,0.306666666666667,75.5079976503462,0.63602438411385,0,13312.7678461586,0
2427,0.132,0.306666666666667,75.5079623082565,0.636024515875813,0,13318.2576473323,0
2428,0.132,0.306666666666667,75.5079269797347,0.636024647470106,0,13323.747448506,0
2429,0.132,0.306666666666667,75.5078916647808,0.63602477889699,0,13329.2372496797,0
2430,0.132,0.306666666666667,75.5078563633948,0.636024910156727,0,13334.7270508533,0
2431,0.132,0.306666666666667,75.5078210755764,0.636025041249578,0,13340.216852027,0
2432,0.132,0.306666666666667,75.5077858013257,0.636025172175803,0,13345.7066532007,0
2433,0.132,0.306666666666667,75.5077505406426,0.636025302935664,0,13351.1964543743,0
2434,0.132,0.306666666666667,75.5077152935269,0.636025433529419,0,13356.686255548,0
2435,0.132,0.306666666666667,75.5076800599787,0.63602556395733,0,13362.1760567217,0
2436,0.132,0.306666666666667,75.5076448399976,0.636025694219654,0,13367.6658578954,0
2437,0.132,0.306666666666667,75.5076096335837,0.63602582431665,0,13373.155659069,0
2438,0.132,0.306666666666667,75.5075744407367,0.636025954248577,0,13378.6454602427,0
2439,0.132,0.306666666666667,75.5075392614567,0.636026084015693,0,13384.1352614164,0
2440,0.132,0.306666666666667,75.5075040957433,0.636026213618254,0,13389.6250625901,0
2441,0.132,0.306666666666667,75.5074689435965,0.636026343056519,0,13395.1148637637,0
2442,0.132,0.306666666666667,75.507433805016,0.636026472330744,0,13400.6046649374,0
2443,0.132,0.306666666666667,75.5073986800018,0.636026601441185,0,13406.0944661111,0
2444,0.132,0.306666666666667,75.5073635685536,0.636026730388097,0,13411.5842672848,0
2445,0.132,0.306666666666667,75.5073284706712,0.636026859171737,0,13417.0740684584,0
2446,0.132,0.306666666666667,75.5072933863545,0.63602698779236,0,13422.5638696321,0
2447,0.132,0.306666666666667,75.5072583156033,0.636027116250219,0,13428.0536708058,0
2448,0.132,0.306666666666667,75.5072232584173,0.636027244545569,0,13433.5434719794,0
2449,0.132,0.306666666666667,75.5071882147963,0.636027372678665,0,13439.0332731531,0
2450,0.132,0.306666666666667,75.5071531847401,0.636027500649759,0,13444.5230743268,0
2451,0.132,0.306666666666667,75.5071181682485,0.636027628459104,0,13450.0128755005,0
2452,0.132,0.306666666666667,75.5070831653212,0.636027756106953,0,13455.5026766741,0
2453,0.132,0.306666666666667,75.5070481759579,0.636027883593558,0,13460.9924778478,0
2454,0.132,0.306666666666667,75.5070132001585,0.636028010919171,0,13466.4822790215,0
2455,0.132,0.306666666666667,75.5069782379226,0.636028138084043,0,13471.9720801952,0
2456,0.132,0.306666666666667,75.50694328925,0.636028265088426,0,13477.4618813688,0
2457,0.132,0.306666666666667,75.5069083541403,0.636028391932569,0,13482.9516825425,0
2458,0.132,0.306666666666667,75.5068734325934,0.636028518616724,0,13488.4414837162,0
2459,0.132,0.306666666666667,75.5068385246088,0.636028645141139,0,13493.9312848899,0
2460,0.132,0.306666666666667,75.5068036301864,0.636028771506065,0,13499.4210860635,0
2461,0.132,0.306666666666667,75.5067687493257,0.636028897711749,0,13504.9108872372,0
2462,0.132,0.306666666666667,75.5067338820266,0.636029023758442,0,13510.4006884109,0
2463,0.132,0.306666666666667,75.5066990282885,0.63602914964639,0,13515.8904895846,0
2464,0.132,0.306666666666667,75.5066641881112,0.636029275375843,0,13521.3802907582,0
2465,0.132,0.306666666666667,75.5066293614945,0.636029400947046,0,13526.8700919319,0
2466,0.132,0.306666666666667,75.5065945484378,0.636029526360247,0,13532.3598931056,0
2467,0.132,0.306666666666667,75.5065597489409,0.636029651615694,0,13537.8496942792,0
2468,0.132,0.306666666666667,75.5065249630033,0.636029776713631,0,13543.3394954529,0
2469,0.132,0.306666666666667,75.5064901906248,0.636029901654305,0,13548.8292966266,0
2470,0.132,0.306666666666667,75.5064554318048,0.636030026437961,0,13554.3190978003,0
2471,0.132,0.306666666666667,75.5064206865432,0.636030151064845,0,13559.8088989739,0
2472,0.132,0.306666666666667,75.5063859548393,0.6360302755352,0,13565.2987001476,0
2473,0.132,0.306666666666667,75.5063512366929,0.636030399849272,0,13570.7885013213,0
2474,0.132,0.306666666666667,75.5063165321035,0.636030524007304,0,13576.278302495,0
2475,0.132,0.306666666666667,75.5062818410708,0.636030648009539,0,13581.7681036686,0
2476,0.132,0.306666666666667,75.5062471635942,0.636030771856222,0,13587.2579048423,0
2477,0.132,0.306666666666667,75.5062124996733,0.636030895547593,0,13592.747706016,0
2478,0.132,0.306666666666667,75.5061778493078,0.636031019083896,0,13598.2375071897,0
2479,0.132,0.306666666666667,75.5061432124971,0.636031142465373,0,13603.7273083633,0
2480,0.132,0.306666666666667,75.5061085892408,0.636031265692264,0,13609.217109537,0
2481,0.132,0.306666666666667,75.5060739795384,0.636031388764812,0,13614.7069107107,0
2482,0.132,0.306666666666667,75.5060393833895,0.636031511683258,0,13620.1967118844,0
2483,0.132,0.306666666666667,75.5060048007935,0.63603163444784,0,13625.686513058,0
2484,0.132,0.306666666666667,75.5059702317501,0.636031757058801,0,13631.1763142317,0
2485,0.132,0.306666666666667,75.5059356762586,0.636031879516378,0,13636.6661154054,0
2486,0.132,0.306666666666667,75.5059011343187,0.636032001820811,0,13642.1559165791,0
2487,0.132,0.306666666666667,75.5058666059297,0.63603212397234,0,13647.6457177527,0
2488,0.132,0.306666666666667,75.5058320910912,0.636032245971203,0,13653.1355189264,0
2489,0.132,0.306666666666667,75.5057975898027,0.636032367817637,0,13658.6253201001,0
2490,0.132,0.306666666666667,75.5057631020635,0.636032489511881,0,13664.1151212737,0
2491,0.132,0.306666666666667,75.5057286278733,0.636032611054171,0,13669.6049224474,0
2492,0.132,0.306666666666667,75.5056941672313,0.636032732444745,0,13675.0947236211,0
2493,0.132,0.306666666666667,75.5056597201371,0.63603285368384,0,13680.5845247948,0
2494,0.132,0.306666666666667,75.5056252865902,0.636032974771692,0,13686.0743259684,0
2495,0.132,0.306666666666667,75.5055908665899,0.636033095708535,0,13691.5641271421,0
2496,0.132,0.306666666666667,75.5055564601356,0.636033216494607,0,13697.0539283158,0
2497,0.132,0.306666666666667,75.5055220672269,0.636033337130142,0,13702.5437294895,0
2498,0.132,0.306666666666667,75.505487687863,0.636033457615374,0,13708.0335306631,0
2499,0.132,0.306666666666667,75.5054533220435,0.636033577950538,0,13713.5233318368,0
2500,0.132,0.306666666666667,75.5054189697675,0.636033698135869,0,13719.0131330105,0
2501,0.132,0.306666666666667,75.5053846310348,0.636033818171598,0,13724.5029341842,0
2502,0.132,0.306666666666667,75.5053503058445,0.636033938057961,0,13729.9927353578,0
2503,0.132,0.306666666666667,75.505315994196,0.636034057795189,0,13735.4825365315,0
2504,0.132,0.306666666666667,75.5052816960887,0.636034177383515,0,13740.9723377052,0
2505,0.132,0.306666666666667,75.505247411522,0.636034296823171,0,13746.4621388788,0
2506,0.132,0.306666666666667,75.5052131404952,0.636034416114389,0,13751.9519400525,0
2507,0.132,0.306666666666667,75.5051788830077,0.6360345352574,0,13757.4417412262,0
2508,0.132,0.306666666666667,75.5051446390587,0.636034654252435,0,13762.9315423999,0
2509,0.132,0.306666666666667,75.5051104086477,0.636034773099725,0,13768.4213435735,0
2510,0.132,0.306666666666667,75.5050761917739,0.636034891799501,0,13773.9111447472,0
2511,0.132,0.306666666666667,75.5050419884367,0.636035010351991,0,13779.4009459209,0
2512,0.132,0.306666666666667,75.5050077986354,0.636035128757425,0,13784.8907470946,0
2513,0.132,0.306666666666667,75.5049736223692,0.636035247016033,0,13790.3805482682,0
2514,0.132,0.306666666666667,75.5049394596376,0.636035365128044,0,13795.8703494419,0
2515,0.132,0.306666666666667,75.5049053104397,0.636035483093685,0,13801.3601506156,0
2516,0.132,0.306666666666667,75.5048711747748,0.636035600913185,0,13806.8499517893,0
2517,0.132,0.306666666666667,75.5048370526422,0.636035718586772,0,13812.3397529629,0
2518,0.132,0.306666666666667,75.5048029440412,0.636035836114672,0,13817.8295541366,0
2519,0.132,0.306666666666667,75.5047688489711,0.636035953497113,0,13823.3193553103,0
2520,0.132,0.306666666666667,75.5047347674311,0.636036070734322,0,13828.8091564839,0
2521,0.132,0.306666666666667,75.5047006994204,0.636036187826524,0,13834.2989576576,0
2522,0.132,0.306666666666667,75.5046666449382,0.636036304773946,0,13839.7887588313,0
2523,0.132,0.306666666666667,75.5046326039839,0.636036421576812,0,13845.278560005,0
2524,0.132,0.306666666666667,75.5045985765566,0.636036538235349,0,13850.7683611786,0
2525,0.132,0.306666666666667,75.5045645626556,0.636036654749781,0,13856.2581623523,0
2526,0.132,0.306666666666667,75.5045305622801,0.636036771120332,0,13861.747963526,0
2527,0.132,0.306666666666667,75.5044965754292,0.636036887347227,0,13867.2377646997,0
2528,0.132,0.306666666666667,75.5044626021022,0.63603700343069,0,13872.7275658733,0
2529,0.132,0.306666666666667,75.5044286422982,0.636037119370942,0,13878.217367047,0
2530,0.132,0.306666666666667,75.5043946960164,0.636037235168209,0,13883.7071682207,0
2531,0.132,0.306666666666667,75.5043607632561,0.636037350822711,0,13889.1969693944,0
2532,0.132,0.306666666666667,75.5043268440164,0.636037466334673,0,13894.686770568,0
2533,0.132,0.306666666666667,75.5042929382964,0.636037581704314,0,13900.1765717417,0
2534,0.132,0.306666666666667,75.5042590460953,0.636037696931858,0,13905.6663729154,0
2535,0.132,0.306666666666667,75.5042251674122,0.636037812017525,0,13911.1561740891,0
2536,0.132,0.306666666666667,75.5041913022464,0.636037926961536,0,13916.6459752627,0
2537,0.132,0.306666666666667,75.5041574505968,0.636038041764112,0,13922.1357764364,0
2538,0.132,0.306666666666667,75.5041236124628,0.636038156425473,0,13927.6255776101,0
2539,0.132,0.306666666666667,75.5040897878432,0.636038270945839,0,13933.1153787838,0
2540,0.132,0.306666666666667,75.5040559767374,0.636038385325429,0,13938.6051799574,0
2541,0.132,0.306666666666667,75.5040221791444,0.636038499564462,0,13944.0949811311,0
2542,0.132,0.306666666666667,75.5039883950633,0.636038613663158,0,13949.5847823048,0
2543,0.132,0.306666666666667,75.5039546244932,0.636038727621733,0,13955.0745834784,0
2544,0.132,0.306666666666667,75.5039208674331,0.636038841440408,0,13960.5643846521,0
2545,0.132,0.306666666666667,75.5038871238822,0.636038955119399,0,13966.0541858258,0
2546,0.132,0.306666666666667,75.5038533938396,0.636039068658924,0,13971.5439869995,0
2547,0.132,0.306666666666667,75.5038196773042,0.6360391820592,0,13977.0337881731,0
2548,0.132,0.306666666666667,75.5037859742752,0.636039295320442,0,13982.5235893468,0
2549,0.132,0.306666666666667,75.5037522847517,0.636039408442869,0,13988.0133905205,0
2550,0.132,0.306666666666667,75.5037186087326,0.636039521426696,0,13993.5031916942,0
2551,0.132,0.306666666666667,75.503684946217,0.636039634272138,0,13998.9929928678,0
2552,0.132,0.306666666666667,75.5036512972039,0.636039746979411,0,14004.4827940415,0
2553,0.132,0.306666666666667,75.5036176616924,0.63603985954873,0,14009.9725952152,0
2554,0.132,0.306666666666667,75.5035840396815,0.636039971980309,0,14015.4623963888,0
2555,0.132,0.306666666666667,75.5035504311702,0.636040084274363,0,14020.9521975625,0
2556,0.132,0.306666666666667,75.5035168361575,0.636040196431105,0,14026.4419987362,0
2557,0.132,0.306666666666667,75.5034832546424,0.63604030845075,0,14031.9317999099,0
2558,0.132,0.306666666666667,75.5034496866239,0.63604042033351,0,14037.4216010835,0
2559,0.132,0.306666666666667,75.503416132101,0.636040532079598,0,14042.9114022572,0
2560,0.132,0.306666666666667,75.5033825910727,0.636040643689227,0,14048.4012034309,0
2561,0.132,0.306666666666667,75.5033490635379,0.63604075516261,0,14053.8910046046,0
2562,0.132,0.306666666666667,75.5033155494956,0.636040866499958,0,14059.3808057782,0
2563,0.132,0.306666666666667,75.5032820489449,0.636040977701482,0,14064.8706069519,0
2564,0.132,0.306666666666667,75.5032485618845,0.636041088767394,0,14070.3604081256,0
2565,0.132,0.306666666666667,75.5032150883135,0.636041199697905,0,14075.8502092993,0
2566,0.132,0.306666666666667,75.5031816282309,0.636041310493226,0,14081.3400104729,0
2567,0.132,0.306666666666667,75.5031481816355,0.636041421153565,0,14086.8298116466,0
2568,0.132,0.306666666666667,75.5031147485262,0.636041531679134,0,14092.3196128203,0
2569,0.132,0.306666666666667,75.5030813289021,0.636041642070143,0,14097.809413994,0
2570,0.132,0.306666666666667,75.503047922762,0.636041752326799,0,14103.2992151676,0
2571,0.132,0.306666666666667,75.5030145301048,0.636041862449313,0,14108.7890163413,0
2572,0.132,0.306666666666667,75.5029811509296,0.636041972437892,0,14114.278817515,0
2573,0.132,0.306666666666667,75.502947785235,0.636042082292744,0,14119.7686186886,0
2574,0.132,0.306666666666667,75.50291443302,0.636042192014079,0,14125.2584198623,0
2575,0.132,0.306666666666667,75.5028810942835,0.636042301602102,0,14130.748221036,0
2576,0.132,0.306666666666667,75.5028477690245,0.636042411057022,0,14136.2380222097,0
2577,0.132,0.306666666666667,75.5028144572416,0.636042520379046,0,14141.7278233833,0
2578,0.132,0.306666666666667,75.5027811589339,0.636042629568379,0,14147.217624557,0
2579,0.132,0.306666666666667,75.5027478741002,0.636042738625228,0,14152.7074257307,0
2580,0.132,0.306666666666667,75.5027146027393,0.6360428475498,0,14158.1972269044,0
2581,0.132,0.306666666666667,75.5026813448501,0.636042956342298,0,14163.687028078,0
2582,0.132,0.306666666666667,75.5026481004314,0.63604306500293,0,14169.1768292517,0
2583,0.132,0.306666666666667,75.5026148694821,0.636043173531899,0,14174.6666304254,0
2584,0.132,0.306666666666667,75.5025816520009,0.636043281929411,0,14180.1564315991,0
2585,0.132,0.306666666666667,75.5025484479868,0.636043390195669,0,14185.6462327727,0
2586,0.132,0.306666666666667,75.5025152574384,0.636043498330877,0,14191.1360339464,0
2587,0.132,0.306666666666667,75.5024820803547,0.63604360633524,0,14196.6258351201,0
2588,0.132,0.306666666666667,75.5024489167343,0.63604371420896,0,14202.1156362938,0
2589,0.132,0.306666666666667,75.5024157665762,0.63604382195224,0,14207.6054374674,0
2590,0.132,0.306666666666667,75.5023826298791,0.636043929565283,0,14213.0952386411,0
2591,0.132,0.306666666666667,75.5023495066418,0.636044037048292,0,14218.5850398148,0
2592,0.132,0.306666666666667,75.502316396863,0.636044144401468,0,14224.0748409885,0
2593,0.132,0.306666666666667,75.5022833005416,0.636044251625012,0,14229.5646421621,0
2594,0.132,0.306666666666667,75.5022502176762,0.636044358719127,0,14235.0544433358,0
2595,0.132,0.306666666666667,75.5022171482658,0.636044465684013,0,14240.5442445095,0
2596,0.132,0.306666666666667,75.5021840923089,0.636044572519871,0,14246.0340456831,0
2597,0.132,0.306666666666667,75.5021510498044,0.636044679226901,0,14251.5238468568,0
2598,0.132,0.306666666666667,75.502118020751,0.636044785805304,0,14257.0136480305,0
2599,0.132,0.306666666666667,75.5020850051474,0.636044892255279,0,14262.5034492042,0
2600,0.132,0.306666666666667,75.5020520029924,0.636044998577025,0,14267.9932503778,0
2601,0.132,0.306666666666667,75.5020190142846,0.636045104770742,0,14273.4830515515,0
2602,0.132,0.306666666666667,75.5019860390229,0.636045210836629,0,14278.9728527252,0
2603,0.132,0.306666666666667,75.5019530772058,0.636045316774883,0,14284.4626538989,0
2604,0.132,0.306666666666667,75.5019201288321,0.636045422585703,0,14289.9524550725,0
2605,0.132,0.306666666666667,75.5018871939006,0.636045528269288,0,14295.4422562462,0
2606,0.132,0.306666666666667,75.5018542724098,0.636045633825833,0,14300.9320574199,0
2607,0.132,0.306666666666667,75.5018213643585,0.636045739255538,0,14306.4218585936,0
2608,0.132,0.306666666666667,75.5017884697453,0.636045844558597,0,14311.9116597672,0
2609,0.132,0.306666666666667,75.501755588569,0.636045949735209,0,14317.4014609409,0
2610,0.132,0.306666666666667,75.5017227208282,0.636046054785569,0,14322.8912621146,0
2611,0.132,0.306666666666667,75.5016898665215,0.636046159709874,0,14328.3810632882,0
2612,0.132,0.306666666666667,75.5016570256476,0.636046264508318,0,14333.8708644619,0
2613,0.132,0.306666666666667,75.5016241982052,0.636046369181098,0,14339.3606656356,0
2614,0.132,0.306666666666667,75.5015913841928,0.636046473728408,0,14344.8504668093,0
2615,0.132,0.306666666666667,75.5015585836093,0.636046578150442,0,14350.3402679829,0
2616,0.132,0.306666666666667,75.501525796453,0.636046682447396,0,14355.8300691566,0
2617,0.132,0.306666666666667,75.5014930227228,0.636046786619464,0,14361.3198703303,0
2618,0.132,0.306666666666667,75.5014602624171,0.636046890666839,0,14366.809671504,0
2619,0.132,0.306666666666667,75.5014275155347,0.636046994589714,0,14372.2994726776,0
2620,0.132,0.306666666666667,75.5013947820742,0.636047098388283,0,14377.7892738513,0
2621,0.132,0.306666666666667,75.501362062034,0.636047202062739,0,14383.279075025,0
2622,0.132,0.306666666666667,75.5013293554129,0.636047305613274,0,14388.7688761987,0
2623,0.132,0.306666666666667,75.5012966622093,0.63604740904008,0,14394.2586773723,0
2624,0.132,0.306666666666667,75.501263982422,0.636047512343349,0,14399.748478546,0
2625,0.132,0.306666666666667,75.5012313160494,0.636047615523274,0,14405.2382797197,0
2626,0.132,0.306666666666667,75.5011986630902,0.636047718580044,0,14410.7280808934,0
2627,0.132,0.306666666666667,75.5011660235429,0.636047821513852,0,14416.217882067,0
2628,0.132,0.306666666666667,75.5011333974061,0.636047924324888,0,14421.7076832407,0
2629,0.132,0.306666666666667,75.5011007846783,0.636048027013342,0,14427.1974844144,0
2630,0.132,0.306666666666667,75.501068185358,0.636048129579404,0,14432.6872855881,0
2631,0.132,0.306666666666667,75.5010355994439,0.636048232023265,0,14438.1770867617,0
2632,0.132,0.306666666666667,75.5010030269344,0.636048334345113,0,14443.6668879354,0
2633,0.132,0.306666666666667,75.5009704678281,0.636048436545139,0,14449.1566891091,0
2634,0.132,0.306666666666667,75.5009379221235,0.636048538623529,0,14454.6464902828,0
2635,0.132,0.306666666666667,75.5009053898191,0.636048640580474,0,14460.1362914564,0
2636,0.132,0.306666666666667,75.5008728709135,0.636048742416162,0,14465.6260926301,0
2637,0.132,0.306666666666667,75.5008403654051,0.636048844130781,0,14471.1158938038,0
2638,0.132,0.306666666666667,75.5008078732924,0.636048945724517,0,14476.6056949774,0
2639,0.132,0.306666666666667,75.500775394574,0.636049047197559,0,14482.0954961511,0
2640,0.132,0.306666666666667,75.5007429292483,0.636049148550094,0,14487.5852973248,0
2641,0.132,0.306666666666667,75.5007104773138,0.636049249782308,0,14493.0750984985,0
2642,0.132,0.306666666666667,75.5006780387691,0.636049350894388,0,14498.5648996721,0
2643,0.132,0.306666666666667,75.5006456136125,0.636049451886521,0,14504.0547008458,0
2644,0.132,0.306666666666667,75.5006132018425,0.636049552758891,0,14509.5445020195,0
2645,0.132,0.306666666666667,75.5005808034576,0.636049653511685,0,14515.0343031932,0
2646,0.132,0.306666666666667,75.5005484184563,0.636049754145088,0,14520.5241043668,0
2647,0.132,0.306666666666667,75.500516046837,0.636049854659284,0,14526.0139055405,0
2648,0.132,0.306666666666667,75.5004836885981,0.636049955054459,0,14531.5037067142,0
2649,0.132,0.306666666666667,75.5004513437381,0.636050055330797,0,14536.9935078879,0
2650,0.132,0.306666666666667,75.5004190122555,0.636050155488482,0,14542.4833090615,0
2651,0.132,0.306666666666667,75.5003866941486,0.636050255527699,0,14547.9731102352,0
2652,0.132,0.306666666666667,75.5003543894158,0.636050355448629,0,14553.4629114089,0
2653,0.132,0.306666666666667,75.5003220980557,0.636050455251457,0,14558.9527125825,0
2654,0.132,0.306666666666667,75.5002898200665,0.636050554936365,0,14564.4425137562,0
2655,0.132,0.306666666666667,75.5002575554468,0.636050654503538,0,14569.9323149299,0
2656,0.132,0.306666666666667,75.5002253041948,0.636050753953155,0,14575.4221161036,0
2657,0.132,0.306666666666667,75.5001930663091,0.6360508532854,0,14580.9119172772,0
2658,0.132,0.306666666666667,75.500160841788,0.636050952500455,0,14586.4017184509,0
2659,0.132,0.306666666666667,75.5001286306298,0.6360510515985,0,14591.8915196246,0
2660,0.132,0.306666666666667,75.5000964328329,0.636051150579717,0,14597.3813207983,0
2661,0.132,0.306666666666667,75.5000642483958,0.636051249444288,0,14602.8711219719,0
2662,0.132,0.306666666666667,75.5000320773168,0.636051348192392,0,14608.3609231456,0
2663,0.132,0.306666666666667,75.4999999195942,0.63605144682421,0,14613.8507243193,0
2664,0.132,0.306666666666667,75.4999677752265,0.636051545339922,0,14619.340525493,0
2665,0.132,0.306666666666667,75.4999356442119,0.636051643739707,0,14624.8303266666,0
2666,0.132,0.306666666666667,75.4999035265487,0.636051742023746,0,14630.3201278403,0
2667,0.132,0.306666666666667,75.4998714222355,0.636051840192218,0,14635.809929014,0
2668,0.132,0.306666666666667,75.4998393312704,0.6360519382453,0,14641.2997301877,0
2669,0.132,0.306666666666667,75.4998072536518,0.636052036183172,0,14646.7895313613,0
2670,0.132,0.306666666666667,75.499775189378,0.636052134006012,0,14652.279332535,0
2671,0.132,0.306666666666667,75.4997431384474,0.636052231713999,0,14657.7691337087,0
2672,0.132,0.306666666666667,75.4997111008582,0.636052329307309,0,14663.2589348823,0
2673,0.132,0.306666666666667,75.4996790766088,0.636052426786122,0,14668.748736056,0
2674,0.132,0.306666666666667,75.4996470656974,0.636052524150612,0,14674.2385372297,0
2675,0.132,0.306666666666667,75.4996150681225,0.636052621400958,0,14679.7283384034,0
2676,0.132,0.306666666666667,75.4995830838821,0.636052718537336,0,14685.218139577,0
2677,0.132,0.306666666666667,75.4995511129747,0.636052815559923,0,14690.7079407507,0
2678,0.132,0.306666666666667,75.4995191553985,0.636052912468893,0,14696.1977419244,0
2679,0.132,0.306666666666667,75.4994872111518,0.636053009264425,0,14701.6875430981,0
2680,0.132,0.306666666666667,75.4994552802329,0.636053105946692,0,14707.1773442717,0
2681,0.132,0.306666666666667,75.4994233626399,0.63605320251587,0,14712.6671454454,0
2682,0.132,0.306666666666667,75.4993914583713,0.636053298972133,0,14718.1569466191,0
2683,0.132,0.306666666666667,75.4993595674252,0.636053395315658,0,14723.6467477928,0
2684,0.132,0.306666666666667,75.4993276897999,0.636053491546617,0,14729.1365489664,0
2685,0.132,0.306666666666667,75.4992958254936,0.636053587665185,0,14734.6263501401,0
2686,0.132,0.306666666666667,75.4992639745045,0.636053683671537,0,14740.1161513138,0
2687,0.132,0.306666666666667,75.499232136831,0.636053779565844,0,14745.6059524875,0
2688,0.132,0.306666666666667,75.4992003124712,0.636053875348281,0,14751.0957536611,0
2689,0.132,0.306666666666667,75.4991685014233,0.636053971019021,0,14756.5855548348,0
2690,0.132,0.306666666666667,75.4991367036856,0.636054066578236,0,14762.0753560085,0
2691,0.132,0.306666666666667,75.4991049192562,0.636054162026099,0,14767.5651571821,0
2692,0.132,0.306666666666667,75.4990731481335,0.636054257362782,0,14773.0549583558,0
2693,0.132,0.306666666666667,75.4990413903155,0.636054352588457,0,14778.5447595295,0
2694,0.132,0.306666666666667,75.4990096458004,0.636054447703294,0,14784.0345607032,0
2695,0.132,0.306666666666667,75.4989779145866,0.636054542707467,0,14789.5243618768,0
2696,0.132,0.306666666666667,75.4989461966721,0.636054637601146,0,14795.0141630505,0
2697,0.132,0.306666666666667,75.4989144920551,0.636054732384501,0,14800.5039642242,0
2698,0.132,0.306666666666667,75.4988828007338,0.636054827057703,0,14805.9937653979,0
2699,0.132,0.306666666666667,75.4988511227064,0.636054921620923,0,14811.4835665715,0
2700,0.132,0.306666666666667,75.498819457971,0.63605501607433,0,14816.9733677452,0
2701,0.132,0.306666666666667,75.4987878065258,0.636055110418093,0,14822.4631689189,0
2702,0.132,0.306666666666667,75.498756168369,0.636055204652384,0,14827.9529700926,0
2703,0.132,0.306666666666667,75.4987245434986,0.63605529877737,0,14833.4427712662,0
2704,0.132,0.306666666666667,75.4986929319129,0.63605539279322,0,14838.9325724399,0
2705,0.132,0.306666666666667,75.49866133361,0.636055486700104,0,14844.4223736136,0
2706,0.132,0.306666666666667,75.498629748588,0.636055580498189,0,14849.9121747872,0
2707,0.132,0.306666666666667,75.4985981768451,0.636055674187643,0,14855.4019759609,0
2708,0.132,0.306666666666667,75.4985666183793,0.636055767768635,0,14860.8917771346,0
2709,0.132,0.306666666666667,75.4985350731888,0.636055861241331,0,14866.3815783083,0
2710,0.132,0.306666666666667,75.4985035412717,0.6360559546059,0,14871.8713794819,0
2711,0.132,0.306666666666667,75.4984720226261,0.636056047862508,0,14877.3611806556,0
2712,0.132,0.306666666666667,75.4984405172501,0.636056141011322,0,14882.8509818293,0
2713,0.132,0.306666666666667,75.4984090251418,0.636056234052509,0,14888.340783003,0
2714,0.132,0.306666666666667,75.4983775462993,0.636056326986233,0,14893.8305841766,0
2715,0.132,0.306666666666667,75.4983460807207,0.636056419812663,0,14899.3203853503,0
2716,0.132,0.306666666666667,75.4983146284041,0.636056512531962,0,14904.810186524,0
2717,0.132,0.306666666666667,75.4982831893476,0.636056605144298,0,14910.2999876976,0
2718,0.132,0.306666666666667,75.4982517635491,0.636056697649834,0,14915.7897888713,0
2719,0.132,0.306666666666667,75.4982203510069,0.636056790048735,0,14921.279590045,0
2720,0.132,0.306666666666667,75.4981889517189,0.636056882341167,0,14926.7693912187,0
2721,0.132,0.306666666666667,75.4981575656832,0.636056974527293,0,14932.2591923923,0
2722,0.132,0.306666666666667,75.4981261928979,0.636057066607279,0,14937.748993566,0
2723,0.132,0.306666666666667,75.4980948333611,0.636057158581287,0,14943.2387947397,0
2724,0.132,0.306666666666667,75.4980634870706,0.63605725044948,0,14948.7285959134,0
2725,0.132,0.306666666666667,75.4980321540247,0.636057342212024,0,14954.218397087,0
2726,0.132,0.306666666666667,75.4980008342213,0.63605743386908,0,14959.7081982607,0
2727,0.132,0.306666666666667,75.4979695276584,0.636057525420811,0,14965.1979994344,0
2728,0.132,0.306666666666667,75.4979382343342,0.63605761686738,0,14970.6878006081,0
2729,0.132,0.306666666666667,75.4979069542465,0.636057708208949,0,14976.1776017817,0
2730,0.132,0.306666666666667,75.4978756873935,0.63605779944568,0,14981.6674029554,0
2731,0.132,0.306666666666667,75.4978444337731,0.636057890577735,0,14987.1572041291,0
2732,0.132,0.306666666666667,75.4978131933833,0.636057981605275,0,14992.6470053028,0
2733,0.132,0.306666666666667,75.4977819662222,0.636058072528462,0,14998.1368064764,0
2734,0.132,0.306666666666667,75.4977507522877,0.636058163347456,0,15003.6266076501,0
2735,0.132,0.306666666666667,75.4977195515778,0.636058254062419,0,15009.1164088238,0
2736,0.132,0.306666666666667,75.4976883640905,0.63605834467351,0,15014.6062099974,0
2737,0.132,0.306666666666667,75.4976571898237,0.636058435180891,0,15020.0960111711,0
2738,0.132,0.306666666666667,75.4976260287756,0.63605852558472,0,15025.5858123448,0
2739,0.132,0.306666666666667,75.497594880944,0.636058615885158,0,15031.0756135185,0
2740,0.132,0.306666666666667,75.4975637463268,0.636058706082364,0,15036.5654146921,0
2741,0.132,0.306666666666667,75.4975326249221,0.636058796176497,0,15042.0552158658,0
2742,0.132,0.306666666666667,75.4975015167278,0.636058886167716,0,15047.5450170395,0
2743,0.132,0.306666666666667,75.4974704217419,0.63605897605618,0,15053.0348182132,0
2744,0.132,0.306666666666667,75.4974393399623,0.636059065842047,0,15058.5246193868,0
2745,0.132,0.306666666666667,75.4974082713869,0.636059155525476,0,15064.0144205605,0
2746,0.132,0.306666666666667,75.4973772160137,0.636059245106624,0,15069.5042217342,0
2747,0.132,0.306666666666667,75.4973461738406,0.636059334585648,0,15074.9940229079,0
2748,0.132,0.306666666666667,75.4973151448656,0.636059423962708,0,15080.4838240815,0
2749,0.132,0.306666666666667,75.4972841290865,0.636059513237959,0,15085.9736252552,0
2750,0.132,0.306666666666667,75.4972531265014,0.636059602411558,0,15091.4634264289,0
2751,0.132,0.306666666666667,75.497222137108,0.636059691483663,0,15096.9532276026,0
2752,0.132,0.306666666666667,75.4971911609044,0.636059780454429,0,15102.4430287762,0
2753,0.132,0.306666666666667,75.4971601978883,0.636059869324013,0,15107.9328299499,0
2754,0.132,0.306666666666667,75.4971292480578,0.63605995809257,0,15113.4226311236,0
2755,0.132,0.306666666666667,75.4970983114107,0.636060046760257,0,15118.9124322973,0
2756,0.132,0.306666666666667,75.4970673879449,0.636060135327228,0,15124.4022334709,0
2757,0.132,0.306666666666667,75.4970364776583,0.63606022379364,0,15129.8920346446,0
2758,0.132,0.306666666666667,75.4970055805487,0.636060312159646,0,15135.3818358183,0
2759,0.132,0.306666666666667,75.4969746966141,0.636060400425401,0,15140.871636992,0
2760,0.132,0.306666666666667,75.4969438258523,0.636060488591061,0,15146.3614381656,0
2761,0.132,0.306666666666667,75.4969129682612,0.636060576656778,0,15151.8512393393,0
2762,0.132,0.306666666666667,75.4968821238386,0.636060664622707,0,15157.341040513,0
2763,0.132,0.306666666666667,75.4968512925824,0.636060752489003,0,15162.8308416866,0
2764,0.132,0.306666666666667,75.4968204744905,0.636060840255817,0,15168.3206428603,0
2765,0.132,0.306666666666667,75.4967896695607,0.636060927923303,0,15173.810444034,0
2766,0.132,0.306666666666667,75.4967588777908,0.636061015491615,0,15179.3002452077,0
2767,0.132,0.306666666666667,75.4967280991787,0.636061102960904,0,15184.7900463813,0
2768,0.132,0.306666666666667,75.4966973337222,0.636061190331325,0,15190.279847555,0
2769,0.132,0.306666666666667,75.4966665814192,0.636061277603027,0,15195.7696487287,0
2770,0.132,0.306666666666667,75.4966358422675,0.636061364776164,0,15201.2594499024,0
2771,0.132,0.306666666666667,75.4966051162648,0.636061451850887,0,15206.749251076,0
2772,0.132,0.306666666666667,75.4965744034092,0.636061538827349,0,15212.2390522497,0
2773,0.132,0.306666666666667,75.4965437036982,0.636061625705699,0,15217.7288534234,0
2774,0.132,0.306666666666667,75.4965130171297,0.636061712486089,0,15223.2186545971,0
2775,0.132,0.306666666666667,75.4964823437016,0.63606179916867,0,15228.7084557707,0
2776,0.132,0.306666666666667,75.4964516834116,0.636061885753592,0,15234.1982569444,0
2777,0.132,0.306666666666667,75.4964210362576,0.636061972241006,0,15239.6880581181,0
2778,0.132,0.306666666666667,75.4963904022373,0.636062058631062,0,15245.1778592917,0
2779,0.132,0.306666666666667,75.4963597813485,0.636062144923909,0,15250.6676604654,0
2780,0.132,0.306666666666667,75.496329173589,0.636062231119697,0,15256.1574616391,0
2781,0.132,0.306666666666667,75.4962985789566,0.636062317218575,0,15261.6472628128,0
2782,0.132,0.306666666666667,75.496267997449,0.636062403220693,0,15267.1370639864,0
2783,0.132,0.306666666666667,75.496237429064,0.636062489126199,0,15272.6268651601,0
2784,0.132,0.306666666666667,75.4962068737994,0.636062574935242,0,15278.1166663338,0
2785,0.132,0.306666666666667,75.4961763316529,0.63606266064797,0,15283.6064675075,0
2786,0.132,0.306666666666667,75.4961458026223,0.636062746264531,0,15289.0962686811,0
2787,0.132,0.306666666666667,75.4961152867053,0.636062831785074,0,15294.5860698548,0
2788,0.132,0.306666666666667,75.4960847838997,0.636062917209745,0,15300.0758710285,0
2789,0.132,0.306666666666667,75.4960542942033,0.636063002538693,0,15305.5656722022,0
2790,0.132,0.306666666666667,75.4960238176137,0.636063087772064,0,15311.0554733758,0
2791,0.132,0.306666666666667,75.4959933541286,0.636063172910006,0,15316.5452745495,0
2792,0.132,0.306666666666667,75.4959629037459,0.636063257952664,0,15322.0350757232,0
2793,0.132,0.306666666666667,75.4959324664633,0.636063342900187,0,15327.5248768969,0
2794,0.132,0.306666666666667,75.4959020422784,0.63606342775272,0,15333.0146780705,0
2795,0.132,0.306666666666667,75.495871631189,0.636063512510407,0,15338.5044792442,0
2796,0.132,0.306666666666667,75.4958412331928,0.636063597173397,0,15343.9942804179,0
2797,0.132,0.306666666666667,75.4958108482875,0.636063681741835,0,15349.4840815916,0
2798,0.132,0.306666666666667,75.4957804764708,0.636063766215864,0,15354.9738827652,0
2799,0.132,0.306666666666667,75.4957501177403,0.636063850595632,0,15360.4636839389,0
2800,0.132,0.306666666666667,75.4957197720939,0.636063934881282,0,15365.9534851126,0
2801,0.132,0.306666666666667,75.4956894395292,0.636064019072958,0,15371.4432862862,0
2802,0.132,0.306666666666667,75.4956591200438,0.636064103170807,0,15376.9330874599,0
2803,0.132,0.306666666666667,75.4956288136355,0.636064187174971,0,15382.4228886336,0
2804,0.132,0.306666666666667,75.4955985203018,0.636064271085594,0,15387.9126898073,0
2805,0.132,0.306666666666667,75.4955682400406,0.636064354902821,0,15393.4024909809,0
2806,0.132,0.306666666666667,75.4955379728495,0.636064438626795,0,15398.8922921546,0
2807,0.132,0.306666666666667,75.495507718726,0.636064522257658,0,15404.3820933283,0
2808,0.132,0.306666666666667,75.495477477668,0.636064605795555,0,15409.871894502,0
2809,0.132,0.306666666666667,75.495447249673,0.636064689240627,0,15415.3616956756,0
2810,0.132,0.306666666666667,75.4954170347387,0.636064772593018,0,15420.8514968493,0
2811,0.132,0.306666666666667,75.4953868328628,0.636064855852869,0,15426.341298023,0
2812,0.132,0.306666666666667,75.4953566440428,0.636064939020323,0,15431.8310991967,0
2813,0.132,0.306666666666667,75.4953264682765,0.636065022095521,0,15437.3209003703,0
2814,0.132,0.306666666666667,75.4952963055614,0.636065105078606,0,15442.810701544,0
2815,0.132,0.306666666666667,75.4952661558952,0.636065187969718,0,15448.3005027177,0
2816,0.132,0.306666666666667,75.4952360192755,0.636065270768999,0,15453.7903038913,0
2817,0.132,0.306666666666667,75.4952058956999,0.63606535347659,0,15459.280105065,0
2818,0.132,0.306666666666667,75.4951757851662,0.636065436092631,0,15464.7699062387,0
2819,0.132,0.306666666666667,75.4951456876717,0.636065518617264,0,15470.2597074124,0
2820,0.132,0.306666666666667,75.4951156032143,0.636065601050627,0,15475.749508586,0
2821,0.132,0.306666666666667,75.4950855317914,0.636065683392863,0,15481.2393097597,0
2822,0.132,0.306666666666667,75.4950554734008,0.636065765644109,0,15486.7291109334,0
2823,0.132,0.306666666666667,75.4950254280399,0.636065847804506,0,15492.2189121071,0
2824,0.132,0.306666666666667,75.4949953957064,0.636065929874193,0,15497.7087132807,0
2825,0.132,0.306666666666667,75.4949653763978,0.63606601185331,0,15503.1985144544,0
2826,0.132,0.306666666666667,75.4949353701119,0.636066093741995,0,15508.6883156281,0
2827,0.132,0.306666666666667,75.494905376846,0.636066175540387,0,15514.1781168017,0
2828,0.132,0.306666666666667,75.4948753965979,0.636066257248625,0,15519.6679179754,0
2829,0.132,0.306666666666667,75.494845429365,0.636066338866847,0,15525.1577191491,0
2830,0.132,0.306666666666667,75.494815475145,0.63606642039519,0,15530.6475203228,0
2831,0.132,0.306666666666667,75.4947855339354,0.636066501833794,0,15536.1373214964,0
2832,0.132,0.306666666666667,75.4947556057338,0.636066583182794,0,15541.6271226701,0
2833,0.132,0.306666666666667,75.4947256905376,0.636066664442329,0,15547.1169238438,0
2834,0.132,0.306666666666667,75.4946957883447,0.636066745612537,0,15552.6067250175,0
2835,0.132,0.306666666666667,75.4946658991523,0.636066826693553,0,15558.0965261911,0
2836,0.132,0.306666666666667,75.4946360229581,0.636066907685515,0,15563.5863273648,0
2837,0.132,0.306666666666667,75.4946061597597,0.636066988588559,0,15569.0761285385,0
2838,0.132,0.306666666666667,75.4945763095544,0.636067069402822,0,15574.5659297122,0
2839,0.132,0.306666666666667,75.49454647234,0.636067150128439,0,15580.0557308858,0
2840,0.132,0.306666666666667,75.4945166481139,0.636067230765546,0,15585.5455320595,0
2841,0.132,0.306666666666667,75.4944868368736,0.63606731131428,0,15591.0353332332,0
2842,0.132,0.306666666666667,75.4944570386168,0.636067391774775,0,15596.5251344069,0
2843,0.132,0.306666666666667,75.4944272533408,0.636067472147167,0,15602.0149355805,0
2844,0.132,0.306666666666667,75.4943974810431,0.63606755243159,0,15607.5047367542,0
2845,0.132,0.306666666666667,75.4943677217214,0.63606763262818,0,15612.9945379279,0
2846,0.132,0.306666666666667,75.4943379753731,0.636067712737071,0,15618.4843391016,0
2847,0.132,0.306666666666667,75.4943082419957,0.636067792758398,0,15623.9741402752,0
2848,0.132,0.306666666666667,75.4942785215868,0.636067872692294,0,15629.4639414489,0
2849,0.132,0.306666666666667,75.4942488141437,0.636067952538893,0,15634.9537426226,0
2850,0.132,0.306666666666667,75.494219119664,0.63606803229833,0,15640.4435437962,0
2851,0.132,0.306666666666667,75.4941894381451,0.636068111970737,0,15645.9333449699,0
2852,0.132,0.306666666666667,75.4941597695847,0.636068191556249,0,15651.4231461436,0
2853,0.132,0.306666666666667,75.4941301139801,0.636068271054997,0,15656.9129473173,0
2854,0.132,0.306666666666667,75.4941004713287,0.636068350467115,0,15662.4027484909,0
2855,0.132,0.306666666666667,75.4940708416282,0.636068429792736,0,15667.8925496646,0
2856,0.132,0.306666666666667,75.4940412248759,0.636068509031992,0,15673.3823508383,0
2857,0.132,0.306666666666667,75.4940116210693,0.636068588185015,0,15678.872152012,0
2858,0.132,0.306666666666667,75.4939820302059,0.636068667251938,0,15684.3619531856,0
2859,0.132,0.306666666666667,75.4939524522831,0.636068746232891,0,15689.8517543593,0
2860,0.132,0.306666666666667,75.4939228872984,0.636068825128007,0,15695.341555533,0
2861,0.132,0.306666666666667,75.4938933352492,0.636068903937417,0,15700.8313567067,0
2862,0.132,0.306666666666667,75.493863796133,0.636068982661251,0,15706.3211578803,0
2863,0.132,0.306666666666667,75.4938342699471,0.636069061299642,0,15711.810959054,0
2864,0.132,0.306666666666667,75.4938047566891,0.63606913985272,0,15717.3007602277,0
2865,0.132,0.306666666666667,75.4937752563564,0.636069218320615,0,15722.7905614014,0
2866,0.132,0.306666666666667,75.4937457689464,0.636069296703458,0,15728.280362575,0
2867,0.132,0.306666666666667,75.4937162944565,0.636069375001379,0,15733.7701637487,0
2868,0.132,0.306666666666667,75.4936868328841,0.636069453214507,0,15739.2599649224,0
2869,0.132,0.306666666666667,75.4936573842268,0.636069531342973,0,15744.749766096,0
2870,0.132,0.306666666666667,75.4936279484817,0.636069609386905,0,15750.2395672697,0
2871,0.132,0.306666666666667,75.4935985256465,0.636069687346434,0,15755.7293684434,0
2872,0.132,0.306666666666667,75.4935691157185,0.636069765221688,0,15761.2191696171,0
2873,0.132,0.306666666666667,75.493539718695,0.636069843012797,0,15766.7089707907,0
2874,0.132,0.306666666666667,75.4935103345735,0.636069920719888,0,15772.1987719644,0
2875,0.132,0.306666666666667,75.4934809633514,0.63606999834309,0,15777.6885731381,0
2876,0.132,0.306666666666667,75.4934516050261,0.636070075882532,0,15783.1783743118,0
2877,0.132,0.306666666666667,75.493422259595,0.636070153338342,0,15788.6681754854,0
2878,0.132,0.306666666666667,75.4933929270554,0.636070230710647,0,15794.1579766591,0
2879,0.132,0.306666666666667,75.4933636074047,0.636070307999575,0,15799.6477778328,0
2880,0.132,0.306666666666667,75.4933343006403,0.636070385205253,0,15805.1375790065,0
2881,0.132,0.306666666666667,75.4933050067596,0.63607046232781,0,15810.6273801801,0
2882,0.132,0.306666666666667,75.49327572576,0.636070539367371,0,15816.1171813538,0
2883,0.132,0.306666666666667,75.4932464576387,0.636070616324064,0,15821.6069825275,0
2884,0.132,0.306666666666667,75.4932172023932,0.636070693198015,0,15827.0967837012,0
2885,0.132,0.306666666666667,75.4931879600209,0.636070769989351,0,15832.5865848748,0
2886,0.132,0.306666666666667,75.493158730519,0.636070846698197,0,15838.0763860485,0
2887,0.132,0.306666666666667,75.4931295138849,0.636070923324681,0,15843.5661872222,0
2888,0.132,0.306666666666667,75.4931003101161,0.636070999868927,0,15849.0559883958,0
2889,0.132,0.306666666666667,75.4930711192097,0.636071076331061,0,15854.5457895695,0
2890,0.132,0.306666666666667,75.4930419411633,0.636071152711209,0,15860.0355907432,0
2891,0.132,0.306666666666667,75.493012775974,0.636071229009496,0,15865.5253919169,0
2892,0.132,0.306666666666667,75.4929836236393,0.636071305226047,0,15871.0151930905,0
2893,0.132,0.306666666666667,75.4929544841564,0.636071381360988,0,15876.5049942642,0
2894,0.132,0.306666666666667,75.4929253575227,0.63607145741444,0,15881.9947954379,0
2895,0.132,0.306666666666667,75.4928962437355,0.636071533386532,0,15887.4845966116,0
2896,0.132,0.306666666666667,75.4928671427921,0.636071609277385,0,15892.9743977852,0
2897,0.132,0.306666666666667,75.4928380546899,0.636071685087124,0,15898.4641989589,0
2898,0.132,0.306666666666667,75.4928089794261,0.636071760815873,0,15903.9540001326,0
2899,0.132,0.306666666666667,75.4927799169981,0.636071836463756,0,15909.4438013063,0
2900,0.132,0.306666666666667,75.4927508674031,0.636071912030895,0,15914.9336024799,0
2901,0.132,0.306666666666667,75.4927218306386,0.636071987517414,0,15920.4234036536,0
2902,0.132,0.306666666666667,75.4926928067016,0.636072062923437,0,15925.9132048273,0
2903,0.132,0.306666666666667,75.4926637955896,0.636072138249085,0,15931.403006001,0
2904,0.132,0.306666666666667,75.4926347972999,0.636072213494482,0,15936.8928071746,0
2905,0.132,0.306666666666667,75.4926058118297,0.63607228865975,0,15942.3826083483,0
2906,0.132,0.306666666666667,75.4925768391763,0.636072363745012,0,15947.872409522,0
2907,0.132,0.306666666666667,75.4925478793371,0.636072438750388,0,15953.3622106957,0
2908,0.132,0.306666666666667,75.4925189323092,0.636072513676002,0,15958.8520118693,0
2909,0.132,0.306666666666667,75.4924899980899,0.636072588521975,0,15964.341813043,0
2910,0.132,0.306666666666667,75.4924610766765,0.636072663288428,0,15969.8316142167,0
2911,0.132,0.306666666666667,75.4924321680664,0.636072737975482,0,15975.3214153904,0
2912,0.132,0.306666666666667,75.4924032722566,0.636072812583259,0,15980.811216564,0
2913,0.132,0.306666666666667,75.4923743892446,0.636072887111879,0,15986.3010177377,0
2914,0.132,0.306666666666667,75.4923455190275,0.636072961561464,0,15991.7908189114,0
2915,0.132,0.306666666666667,75.4923166616026,0.636073035932133,0,15997.280620085,0
2916,0.132,0.306666666666667,75.4922878169672,0.636073110224008,0,16002.7704212587,0
2917,0.132,0.306666666666667,75.4922589851185,0.636073184437207,0,16008.2602224324,0
2918,0.132,0.306666666666667,75.4922301660537,0.636073258571851,0,16013.7500236061,0
2919,0.132,0.306666666666667,75.4922013597701,0.63607333262806,0,16019.2398247797,0
2920,0.132,0.306666666666667,75.4921725662649,0.636073406605953,0,16024.7296259534,0
2921,0.132,0.306666666666667,75.4921437855354,0.636073480505649,0,16030.2194271271,0
2922,0.132,0.306666666666667,75.4921150175788,0.636073554327269,0,16035.7092283008,0
2923,0.132,0.306666666666667,75.4920862623923,0.636073628070929,0,16041.1990294744,0
2924,0.132,0.306666666666667,75.492057519973,0.636073701736751,0,16046.6888306481,0
2925,0.132,0.306666666666667,75.4920287903184,0.636073775324851,0,16052.1786318218,0
2926,0.132,0.306666666666667,75.4920000734254,0.636073848835349,0,16057.6684329955,0
2927,0.132,0.306666666666667,75.4919713692915,0.636073922268362,0,16063.1582341691,0
2928,0.132,0.306666666666667,75.4919426779137,0.636073995624008,0,16068.6480353428,0
2929,0.132,0.306666666666667,75.4919139992893,0.636074068902406,0,16074.1378365165,0
2930,0.132,0.306666666666667,75.4918853334155,0.636074142103673,0,16079.6276376902,0
2931,0.132,0.306666666666667,75.4918566802895,0.636074215227927,0,16085.1174388638,0
2932,0.132,0.306666666666667,75.4918280399084,0.636074288275284,0,16090.6072400375,0
2933,0.132,0.306666666666667,75.4917994122695,0.636074361245862,0,16096.0970412112,0
2934,0.132,0.306666666666667,75.49177079737,0.636074434139777,0,16101.5868423849,0
2935,0.132,0.306666666666667,75.491742195207,0.636074506957148,0,16107.0766435585,0
2936,0.132,0.306666666666667,75.4917136057778,0.636074579698088,0,16112.5664447322,0
2937,0.132,0.306666666666667,75.4916850290794,0.636074652362716,0,16118.0562459059,0
2938,0.132,0.306666666666667,75.4916564651091,0.636074724951147,0,16123.5460470796,0
2939,0.132,0.306666666666667,75.4916279138641,0.636074797463497,0,16129.0358482532,0
2940,0.132,0.306666666666667,75.4915993753415,0.636074869899882,0,16134.5256494269,0
2941,0.132,0.306666666666667,75.4915708495385,0.636074942260418,0,16140.0154506006,0
2942,0.132,0.306666666666667,75.4915423364522,0.636075014545219,0,16145.5052517742,0
2943,0.132,0.306666666666667,75.4915138360798,0.636075086754402,0,16150.9950529479,0
2944,0.132,0.306666666666667,75.4914853484185,0.636075158888081,0,16156.4848541216,0
2945,0.132,0.306666666666667,75.4914568734653,0.636075230946371,0,16161.9746552953,0
2946,0.132,0.306666666666667,75.4914284112176,0.636075302929386,0,16167.4644564689,0
2947,0.132,0.306666666666667,75.4913999616723,0.636075374837242,0,16172.9542576426,0
2948,0.132,0.306666666666667,75.4913715248267,0.636075446670051,0,16178.4440588163,0
2949,0.132,0.306666666666667,75.491343100678,0.636075518427929,0,16183.93385999,0
2950,0.132,0.306666666666667,75.4913146892231,0.63607559011099,0,16189.4236611636,0
2951,0.132,0.306666666666667,75.4912862904593,0.636075661719347,0,16194.9134623373,0
2952,0.132,0.306666666666667,75.4912579043837,0.636075733253113,0,16200.403263511,0
2953,0.132,0.306666666666667,75.4912295309934,0.636075804712403,0,16205.8930646847,0
2954,0.132,0.306666666666667,75.4912011702855,0.636075876097328,0,16211.3828658583,0
2955,0.132,0.306666666666667,75.4911728222572,0.636075947408003,0,16216.872667032,0
2956,0.132,0.306666666666667,75.4911444869057,0.63607601864454,0,16222.3624682057,0
2957,0.132,0.306666666666667,75.4911161642278,0.636076089807051,0,16227.8522693793,0
2958,0.132,0.306666666666667,75.491087854221,0.63607616089565,0,16233.342070553,0
2959,0.132,0.306666666666667,75.491059556882,0.636076231910448,0,16238.8318717267,0
2960,0.132,0.306666666666667,75.4910312722083,0.636076302851558,0,16244.3216729004,0
2961,0.132,0.306666666666667,75.4910030001967,0.636076373719091,0,16249.811474074,0
2962,0.132,0.306666666666667,75.4909747408445,0.636076444513159,0,16255.3012752477,0
2963,0.132,0.306666666666667,75.4909464941487,0.636076515233874,0,16260.7910764214,0
2964,0.132,0.306666666666667,75.4909182601064,0.636076585881347,0,16266.2808775951,0
2965,0.132,0.306666666666667,75.4908900387148,0.636076656455689,0,16271.7706787687,0
2966,0.132,0.306666666666667,75.4908618299707,0.636076726957012,0,16277.2604799424,0
2967,0.132,0.306666666666667,75.4908336338715,0.636076797385426,0,16282.7502811161,0
2968,0.132,0.306666666666667,75.4908054504141,0.636076867741042,0,16288.2400822898,0
2969,0.132,0.306666666666667,75.4907772795956,0.636076938023971,0,16293.7298834634,0
2970,0.132,0.306666666666667,75.4907491214132,0.636077008234322,0,16299.2196846371,0
2971,0.132,0.306666666666667,75.4907209758638,0.636077078372206,0,16304.7094858108,0
2972,0.132,0.306666666666667,75.4906928429445,0.636077148437733,0,16310.1992869845,0
2973,0.132,0.306666666666667,75.4906647226525,0.636077218431013,0,16315.6890881581,0
2974,0.132,0.306666666666667,75.4906366149848,0.636077288352154,0,16321.1788893318,0
2975,0.132,0.306666666666667,75.4906085199383,0.636077358201268,0,16326.6686905055,0
2976,0.132,0.306666666666667,75.4905804375102,0.636077427978462,0,16332.1584916791,0
2977,0.132,0.306666666666667,75.4905523676976,0.636077497683847,0,16337.6482928528,0
2978,0.132,0.306666666666667,75.4905243104975,0.63607756731753,0,16343.1380940265,0
2979,0.132,0.306666666666667,75.4904962659069,0.636077636879621,0,16348.6278952002,0
2980,0.132,0.306666666666667,75.4904682339228,0.636077706370228,0,16354.1176963738,0
2981,0.132,0.306666666666667,75.4904402145424,0.63607777578946,0,16359.6074975475,0
2982,0.132,0.306666666666667,75.4904122077627,0.636077845137425,0,16365.0972987212,0
2983,0.132,0.306666666666667,75.4903842135806,0.636077914414231,0,16370.5870998949,0
2984,0.132,0.306666666666667,75.4903562319933,0.636077983619985,0,16376.0769010685,0
2985,0.132,0.306666666666667,75.4903282629977,0.636078052754796,0,16381.5667022422,0
2986,0.132,0.306666666666667,75.490300306591,0.636078121818771,0,16387.0565034159,0
2987,0.132,0.306666666666667,75.49027236277,0.636078190812017,0,16392.5463045896,0
2988,0.132,0.306666666666667,75.4902444315318,0.636078259734642,0,16398.0361057632,0
2989,0.132,0.306666666666667,75.4902165128735,0.636078328586752,0,16403.5259069369,0
2990,0.132,0.306666666666667,75.490188606792,0.636078397368455,0,16409.0157081106,0
2991,0.132,0.306666666666667,75.4901607132844,0.636078466079857,0,16414.5055092842,0
2992,0.132,0.306666666666667,75.4901328323477,0.636078534721064,0,16419.9953104579,0
2993,0.132,0.306666666666667,75.4901049639789,0.636078603292183,0,16425.4851116316,0
2994,0.132,0.306666666666667,75.4900771081749,0.63607867179332,0,16430.9749128053,0
2995,0.132,0.306666666666667,75.4900492649328,0.636078740224582,0,16436.4647139789,0
2996,0.132,0.306666666666667,75.4900214342497,0.636078808586073,0,16441.9545151526,0
2997,0.132,0.306666666666667,75.4899936161223,0.636078876877899,0,16447.4443163263,0
2998,0.132,0.306666666666667,75.4899658105479,0.636078945100166,0,16452.9341175,0
2999,0.132,0.306666666666667,75.4899380175233,0.63607901325298,0,16458.4239186736,0
3000,0.132,0.306666666666667,75.4899102370456,0.636079081336445,0,16463.9137198473,0
3001,0.132,0.306666666666667,75.4898824691117,0.636079149350666,0,16469.403521021,0
3002,0.132,0.306666666666667,75.4898547137185,0.636079217295748,0,16474.8933221947,0
3003,0.132,0.306666666666667,75.4898269708632,0.636079285171796,0,16480.3831233683,0
3004,0.132,0.306666666666667,75.4897992405427,0.636079352978915,0,16485.872924542,0
3005,0.132,0.306666666666667,75.4897715227538,0.636079420717208,0,16491.3627257157,0
3006,0.132,0.306666666666667,75.4897438174937,0.636079488386779,0,16496.8525268894,0
3007,0.132,0.306666666666667,75.4897161247592,0.636079555987733,0,16502.342328063,0
3008,0.132,0.306666666666667,75.4896884445474,0.636079623520174,0,16507.8321292367,0
3009,0.132,0.306666666666667,75.4896607768551,0.636079690984204,0,16513.3219304104,0
3010,0.132,0.306666666666667,75.4896331216794,0.636079758379928,0,16518.8117315841,0
3011,0.132,0.306666666666667,75.4896054790171,0.636079825707449,0,16524.3015327577,0
3012,0.132,0.306666666666667,75.4895778488654,0.63607989296687,0,16529.7913339314,0
3013,0.132,0.306666666666667,75.489550231221,0.636079960158293,0,16535.2811351051,0
3014,0.132,0.306666666666667,75.4895226260809,0.636080027281822,0,16540.7709362787,0
3015,0.132,0.306666666666667,75.4894950334422,0.63608009433756,0,16546.2607374524,0
3016,0.132,0.306666666666667,75.4894674533017,0.636080161325609,0,16551.7505386261,0
3017,0.132,0.306666666666667,75.4894398856563,0.636080228246071,0,16557.2403397998,0
3018,0.132,0.306666666666667,75.4894123305031,0.636080295099047,0,16562.7301409734,0
3019,0.132,0.306666666666667,75.4893847878389,0.636080361884641,0,16568.2199421471,0
3020,0.132,0.306666666666667,75.4893572576606,0.636080428602955,0,16573.7097433208,0
3021,0.132,0.306666666666667,75.4893297399653,0.636080495254088,0,16579.1995444945,0
3022,0.132,0.306666666666667,75.4893022347498,0.636080561838144,0,16584.6893456681,0
3023,0.132,0.306666666666667,75.4892747420109,0.636080628355224,0,16590.1791468418,0
3024,0.132,0.306666666666667,75.4892472617458,0.636080694805428,0,16595.6689480155,0
3025,0.132,0.306666666666667,75.4892197939513,0.636080761188858,0,16601.1587491892,0
3026,0.132,0.306666666666667,75.4891923386242,0.636080827505614,0,16606.6485503628,0
3027,0.132,0.306666666666667,75.4891648957615,0.636080893755797,0,16612.1383515365,0
3028,0.132,0.306666666666667,75.4891374653601,0.636080959939509,0,16617.6281527102,0
3029,0.132,0.306666666666667,75.4891100474169,0.636081026056848,0,16623.1179538838,0
3030,0.132,0.306666666666667,75.4890826419288,0.636081092107915,0,16628.6077550575,0
3031,0.132,0.306666666666667,75.4890552488928,0.636081158092811,0,16634.0975562312,0
3032,0.132,0.306666666666667,75.4890278683057,0.636081224011635,0,16639.5873574049,0
3033,0.132,0.306666666666667,75.4890005001643,0.636081289864487,0,16645.0771585785,0
3034,0.132,0.306666666666667,75.4889731444657,0.636081355651466,0,16650.5669597522,0
3035,0.132,0.306666666666667,75.4889458012066,0.636081421372672,0,16656.0567609259,0
3036,0.132,0.306666666666667,75.4889184703841,0.636081487028204,0,16661.5465620996,0
3037,0.132,0.306666666666667,75.4888911519949,0.636081552618161,0,16667.0363632732,0
3038,0.132,0.306666666666667,75.4888638460359,0.636081618142643,0,16672.5261644469,0
3039,0.132,0.306666666666667,75.488836552504,0.636081683601746,0,16678.0159656206,0
3040,0.132,0.306666666666667,75.4888092713961,0.636081748995572,0,16683.5057667943,0
3041,0.132,0.306666666666667,75.4887820027091,0.636081814324217,0,16688.9955679679,0
3042,0.132,0.306666666666667,75.4887547464399,0.63608187958778,0,16694.4853691416,0
3043,0.132,0.306666666666667,75.4887275025852,0.63608194478636,0,16699.9751703153,0
3044,0.132,0.306666666666667,75.488700271142,0.636082009920054,0,16705.464971489,0
3045,0.132,0.306666666666667,75.4886730521072,0.636082074988959,0,16710.9547726626,0
3046,0.132,0.306666666666667,75.4886458454775,0.636082139993175,0,16716.4445738363,0
3047,0.132,0.306666666666667,75.4886186512499,0.636082204932798,0,16721.93437501,0
3048,0.132,0.306666666666667,75.4885914694212,0.636082269807925,0,16727.4241761837,0
3049,0.132,0.306666666666667,75.4885642999883,0.636082334618653,0,16732.9139773573,0
3050,0.132,0.306666666666667,75.4885371429479,0.63608239936508,0,16738.403778531,0
3051,0.132,0.306666666666667,75.4885099982971,0.636082464047303,0,16743.8935797047,0
3052,0.132,0.306666666666667,75.4884828660326,0.636082528665418,0,16749.3833808784,0
3053,0.132,0.306666666666667,75.4884557461511,0.636082593219523,0,16754.873182052,0
3054,0.132,0.306666666666667,75.4884286386497,0.636082657709712,0,16760.3629832257,0
3055,0.132,0.306666666666667,75.4884015435251,0.636082722136083,0,16765.8527843994,0
3056,0.132,0.306666666666667,75.4883744607742,0.636082786498732,0,16771.342585573,0
3057,0.132,0.306666666666667,75.4883473903938,0.636082850797754,0,16776.8323867467,0
3058,0.132,0.306666666666667,75.4883203323807,0.636082915033245,0,16782.3221879204,0
3059,0.132,0.306666666666667,75.4882932867317,0.636082979205301,0,16787.8119890941,0
3060,0.132,0.306666666666667,75.4882662534437,0.636083043314018,0,16793.3017902677,0
3061,0.132,0.306666666666667,75.4882392325135,0.63608310735949,0,16798.7915914414,0
3062,0.132,0.306666666666667,75.4882122239379,0.636083171341814,0,16804.2813926151,0
3063,0.132,0.306666666666667,75.4881852277138,0.636083235261083,0,16809.7711937888,0
3064,0.132,0.306666666666667,75.488158243838,0.636083299117393,0,16815.2609949624,0
3065,0.132,0.306666666666667,75.4881312723071,0.636083362910839,0,16820.7507961361,0
3066,0.132,0.306666666666667,75.4881043131182,0.636083426641515,0,16826.2405973098,0
3067,0.132,0.306666666666667,75.4880773662679,0.636083490309516,0,16831.7303984835,0
3068,0.132,0.306666666666667,75.4880504317531,0.636083553914935,0,16837.2201996571,0
3069,0.132,0.306666666666667,75.4880235095707,0.636083617457867,0,16842.7100008308,0
3070,0.132,0.306666666666667,75.4879965997172,0.636083680938406,0,16848.1998020045,0
3071,0.132,0.306666666666667,75.4879697021897,0.636083744356646,0,16853.6896031781,0
3072,0.132,0.306666666666667,75.4879428169849,0.63608380771268,0,16859.1794043518,0
3073,0.132,0.306666666666667,75.4879159440996,0.636083871006601,0,16864.6692055255,0
3074,0.132,0.306666666666667,75.4878890835305,0.636083934238504,0,16870.1590066992,0
3075,0.132,0.306666666666667,75.4878622352745,0.636083997408482,0,16875.6488078728,0
3076,0.132,0.306666666666667,75.4878353993283,0.636084060516627,0,16881.1386090465,0
3077,0.132,0.306666666666667,75.4878085756888,0.636084123563032,0,16886.6284102202,0
3078,0.132,0.306666666666667,75.4877817643526,0.63608418654779,0,16892.1182113939,0
3079,0.132,0.306666666666667,75.4877549653166,0.636084249470994,0,16897.6080125675,0
3080,0.132,0.306666666666667,75.4877281785776,0.636084312332737,0,16903.0978137412,0
3081,0.132,0.306666666666667,75.4877014041324,0.636084375133109,0,16908.5876149149,0
3082,0.132,0.306666666666667,75.4876746419776,0.636084437872205,0,16914.0774160886,0
3083,0.132,0.306666666666667,75.4876478921101,0.636084500550115,0,16919.5672172622,0
3084,0.132,0.306666666666667,75.4876211545267,0.636084563166931,0,16925.0570184359,0
3085,0.132,0.306666666666667,75.487594429224,0.636084625722746,0,16930.5468196096,0
3086,0.132,0.306666666666667,75.487567716199,0.636084688217651,0,16936.0366207833,0
3087,0.132,0.306666666666667,75.4875410154482,0.636084750651737,0,16941.5264219569,0
3088,0.132,0.306666666666667,75.4875143269685,0.636084813025096,0,16947.0162231306,0
3089,0.132,0.306666666666667,75.4874876507567,0.636084875337818,0,16952.5060243043,0
3090,0.132,0.306666666666667,75.4874609868095,0.636084937589995,0,16957.9958254779,0
3091,0.132,0.306666666666667,75.4874343351236,0.636084999781717,0,16963.4856266516,0
3092,0.132,0.306666666666667,75.4874076956958,0.636085061913076,0,16968.9754278253,0
3093,0.132,0.306666666666667,75.4873810685229,0.636085123984161,0,16974.465228999,0
3094,0.132,0.306666666666667,75.4873544536015,0.636085185995064,0,16979.9550301726,0
3095,0.132,0.306666666666667,75.4873278509284,0.636085247945874,0,16985.4448313463,0
3096,0.132,0.306666666666667,75.4873012605004,0.636085309836681,0,16990.93463252,0
3097,0.132,0.306666666666667,75.4872746823142,0.636085371667576,0,16996.4244336937,0
3098,0.132,0.306666666666667,75.4872481163665,0.636085433438649,0,17001.9142348673,0
3099,0.132,0.306666666666667,75.4872215626541,0.636085495149988,0,17007.404036041,0
3100,0.132,0.306666666666667,75.4871951234652,0.636085556801684,-4.95322237291738e-12,17012.893837159,-8.42686463822843e-08
3101,0.132,0.306666666666667,73.8812720818838,0.636085618393825,7.48335975548653e-05,17019.1878677496,1.27360705560582
3102,0.132,0.306666666666667,69.9305413514342,0.636085679926503,0.00025078244259298,17026.4421352017,4.2699327473339
3103,0.132,0.306666666666667,64.6392368730452,0.636085741399804,0.000477405489595723,17034.0096922366,8.1321297369005
3104,0.132,0.306666666666667,58.6870914463278,0.636085802813818,0.0007253878471463,17041.5441875228,12.3617290502357
3105,0.132,0.306666666666667,52.4997659393292,0.636085864168635,0.000978454151752797,17048.878678382,16.6815461255926
3106,0.132,0.306666666666667,46.3258551585536,0.636085925464342,0.00122817783684374,17055.949216578,20.9477388141334
3107,0.132,0.306666666666667,40.3273719997006,0.636085986701029,0.00147072712003922,17062.7480415706,25.0946462871341
3108,0.132,0.306666666666667,34.644447087538,0.636086047878783,0.00170486016934189,17069.2956082055,29.100762201152
3109,0.132,0.306666666666667,29.410371488939,0.636086108997693,0.0019307126371933,17075.6243635625,32.9681237466959
3110,0.132,0.306666666666667,24.7337182706045,0.636086170057847,0.00214908151700655,17081.7697308169,36.7101156062605
3111,0.132,0.306666666666667,20.6776586813992,0.636086231059334,0.00236101581341419,17087.7654281995,40.3444843918915
3112,0.132,0.306666666666667,17.2534354617038,0.636086292002256,0.00256759385399585,17093.6413288923,43.8895284184733
3113,0.132,0.306666666666667,14.4283596074276,0.636047810650036,0.00276981178151334,17099.422756292,47.362182607455
3114,0.132,0.306666666666667,12.1409814552853,0.635817671374409,0.00296853638477799,17105.1305450807,50.7772023894495
3115,0.132,0.306666666666667,10.3163714127332,0.635293045880652,0.00316449361057432,17110.7814718563,54.1469586396225
3116,0.132,0.306666666666667,8.87775806292961,0.634434071439923,0.00335827555182777,17116.3888282899,57.4815501376241
3117,0.132,0.306666666666667,7.75372103952766,0.633236612927024,0.00355035584594567,17121.9630129108,60.7890614769534
3118,0.132,0.306666666666667,6.88170179811038,0.631713902536584,0.00374110780827647,17127.5120791801,64.0758691757701
3119,0.132,0.306666666666667,6.20903469165533,0.629886514530779,0.00393082228044683,17133.0422132325,67.3469440636103
3120,0.132,0.306666666666667,5.69255998575712,0.627779213902504,0.00411972374192639,17138.5581345262,70.6061248491933
3121,0.132,0.306666666666667,5.29756377372207,0.625421158384784,0.00430798413021123,17144.0634229744,73.8563531535086
3122,0.132,0.306666666666667,4.99649583555367,0.622846056293041,0.00449573420832625,17149.560779797,77.0998670555035
3123,0.132,0.306666666666667,4.80086432305785,0.620090849349164,0.00465085940769344,17154.7036584798,79.7841148962336
3124,0.132,0.306666666666667,4.72699150836118,0.617193271335029,0.00475550644813676,17159.3544269864,81.6014206233979
3125,0.132,0.306666666666667,4.76732235001682,0.614189267692148,0.0048258716854231,17163.7449802162,82.830030915848
3126,0.132,0.306666666666667,4.93197764797093,0.611111032005393,0.00487303138633009,17168.0250779487,83.6603250461462
3127,0.132,0.306666666666667,5.26844411346952,0.607985932949584,0.00490449384576023,17172.2882023175,84.2213818058872
3128,0.132,0.306666666666667,5.8715870921783,0.604836242673642,0.00492533677442566,17176.5904501482,84.6004926033636
3129,0.132,0.306666666666667,6.85980246952944,0.601679421075003,0.00493899312401469,17180.9634872264,84.8566605273586
3130,0.132,0.306666666666667,8.3290025910535,0.598528703689414,0.00494778357819708,17185.4232260527,85.0297548222301
3131,0.132,0.306666666666667,10.1222071878154,0.595393801412935,0.00501257651493785,17190.620868976,86.1693024450297
3132,0.132,0.306666666666667,11.9204625093471,0.592281591610034,0.00515767814445992,17196.7071755468,88.6950807559948
3133,0.132,0.306666666666667,13.5278742147077,0.589196738692689,0.00534575572906685,17203.1760057352,91.9639766908043
3134,0.132,0.306666666666667,14.7748573390478,0.586142220158619,0.00555459469807727,17209.7437871263,95.5931515952401
3135,0.132,0.306666666666667,15.5353644050375,0.583120964878459,0.00577144339689436,17216.2625386994,99.3626847481767
3136,0.132,0.306666666666667,15.7390434872651,0.580139807106573,0.00598933492426576,17222.6641237877,103.152303725501
3137,0.132,0.306666666666667,15.3922647896455,0.577206493513935,0.00620475796200861,17228.9256308964,106.901313485159
3138,0.132,0.306666666666667,14.5839286169789,0.574329780735163,0.0064162059636829,17235.0483482863,110.583619996638
3139,0.132,0.306666666666667,13.4600592970712,0.571522465195659,0.00662328774637453,17241.0453011226,114.192404077614
3140,0.132,0.306666666666667,12.1809927322011,0.568806600458339,0.00682619262352465,17246.9340994961,117.730894328396
3141,0.132,0.306666666666667,10.8845717639826,0.566218077748345,0.00702537686621196,17252.7330266183,121.206951484135
3142,0.132,0.306666666666667,9.66773881850886,0.563806591848575,0.00722138647279582,17258.4590630861,124.63000281947
3143,0.132,0.306666666666667,8.58533702609199,0.56162205290379,0.00741476246226252,17264.1270356558,128.009401087712
3144,0.132,0.306666666666667,7.65867570972266,0.559676434444627,0.00760599500088007,17269.7493926761,131.353627547146
3145,0.132,0.306666666666667,6.88679543651959,0.557951164448621,0.00779550551708167,17275.3363064441,134.669979486327
3146,0.132,0.306666666666667,6.25631950130105,0.556404792421064,0.00798364410546963,17280.8959265165,137.964522900967
3147,0.132,0.306666666666667,5.74847516934092,0.554978784182987,0.00817069464121844,17286.4346843303,141.24217924103
3148,0.132,0.306666666666667,5.34341205640348,0.553604696090384,0.0083568832072429,17291.9575957411,144.506870052205
3149,0.132,0.306666666666667,5.02251098247722,0.552213051189486,0.00854238738383474,17297.4685354663,147.761676989646
3150,0.132,0.306666666666667,4.76940415279973,0.550743478240786,0.0087273451301511,17302.970473294,151.008995097251
3151,0.132,0.306666666666667,4.57025696547793,0.549152912100323,0.00891186267285483,17308.4656705077,154.250669133387
3152,0.132,0.306666666666667,4.41367077332774,0.547418901161568,0.00909602124726969,17313.9558397798,157.488110192926
3153,0.132,0.306666666666667,4.31987211956825,0.545537799826093,0.0092481993934154,17319.0949240076,160.17044317071
3154,0.132,0.306666666666667,4.31324830617741,0.543519824050341,0.00935053487501778,17323.7425550487,161.986258926812
3155,0.132,0.306666666666667,4.39488825893389,0.541383356677283,0.00941900946109634,17328.1306215637,163.213826267621
3156,0.132,0.306666666666667,4.57977931307472,0.539150112254588,0.00946454769239469,17332.4087428371,164.04340917066
3157,0.132,0.306666666666667,4.91603756235414,0.536841782794222,0.00949455584572198,17336.6702766224,164.60398412026
3158,0.132,0.306666666666667,5.49484760851305,0.534478104866611,0.00951404434054897,17340.9712270336,164.982769162182
3159,0.132,0.306666666666667,6.42848904052417,0.532075997252146,0.00952640228018994,17345.3431924554,165.238716939284
3160,0.132,0.306666666666667,7.80749169804956,0.529649380695354,0.00953392217287879,17349.8020362097,165.411662328077
3161,0.132,0.306666666666667,9.4850674021878,0.52720937076534,0.00959675669110563,17354.999494093,166.551707519072
3162,0.132,0.306666666666667,11.1631313527265,0.524764637465164,0.0097389137590074,17361.0859390007,169.078118722644
3163,0.132,0.306666666666667,12.6596162020709,0.52232181026512,0.00992353882052239,17367.5550024022,172.347606283896
3164,0.132,0.306666666666667,13.817565521333,0.519885865610952,0.0101287043651042,17374.1230993331,175.977356476073
3165,0.132,0.306666666666667,14.5208398933026,0.517461942646993,0.0103418204426903,17380.6422544086,179.747481373729
3166,0.132,0.306666666666667,14.7050613820392,0.515060177056999,0.0105560049546202,17387.0443288052,183.53772608107
3167,0.132,0.306666666666667,14.3769830485933,0.512692014557023,0.0107677859941731,17393.3064022769,187.287401070799
3168,0.132,0.306666666666667,13.619870016201,0.510370116379552,0.0109756706751279,17399.4297513196,190.970410885506
3169,0.132,0.306666666666667,12.5699072408887,0.50811193269463,0.0111792676615746,17405.427388807,194.579931543575
3170,0.132,0.306666666666667,11.376417644343,0.505945948820094,0.011378759377065,17411.3169133491,198.119185594821
3171,0.132,0.306666666666667,10.1676643104287,0.503917015019076,0.0115745925279887,17417.116598084,201.596027635291
3172,0.132,0.306666666666667,9.03376824257349,0.502085940136332,0.0117673030991094,17422.8434151308,205.019879314166
3173,0.132,0.306666666666667,8.02563424897925,0.500512750540522,0.0119574227742647,17428.5121843087,208.400088514203
3174,0.132,0.306666666666667,7.16295400127954,0.49921079942997,0.0121454335537205,17434.1353484155,211.74513244075
3175,0.132,0.306666666666667,6.44470939222547,0.498156601895905,0.012331750003941,17439.7230753842,215.0623051036
3176,0.132,0.306666666666667,5.85834952663984,0.497299729647364,0.0125167166108529,17445.2835113944,218.357669908109
3177,0.132,0.306666666666667,5.38632607545315,0.496570125508204,0.0127006127570398,17450.823085307,221.636146298095
3178,0.132,0.306666666666667,5.0101089329546,0.495886813728823,0.0128836609816438,17456.3468110365,224.901654291392
3179,0.132,0.306666666666667,4.71233015851469,0.49516839878811,0.0130660361017925,17461.858561831,228.157274373279
3180,0.132,0.306666666666667,4.47772870430798,0.494344849782214,0.0132478739409435,17467.3613063412,231.405400667322
3181,0.132,0.306666666666667,4.29340885942142,0.493366855402186,0.0134292790861331,17472.8573049418,234.647877180244
3182,0.132,0.306666666666667,4.14874712159136,0.492209389082697,0.0136103314695077,17478.3482689623,237.886113480073
3183,0.132,0.306666666666667,4.06272508555519,0.490869337850085,0.0137598830165943,17483.4889226123,240.570762297067
3184,0.132,0.306666666666667,4.05848498342289,0.489359572431383,0.0138601360681135,17488.1372843018,242.387962338271
3185,0.132,0.306666666666667,4.1371887681656,0.487702249706051,0.0139268872998141,17492.5256820559,243.616433763096
3186,0.132,0.306666666666667,4.31308113332852,0.485923192978122,0.0139709298601272,17496.8039048278,244.446620130748
3187,0.132,0.306666666666667,4.63167259268147,0.484048033164215,0.0139995820151375,17501.0654041566,245.007600477776
3188,0.132,0.306666666666667,5.17922533965522,0.482100013646972,0.014017796508017,17505.3662453107,245.386661825075
3189,0.132,0.306666666666667,6.06210487377189,0.480099032371999,0.014028924619362,17509.7380586222,245.642795329185
3190,0.132,0.306666666666667,7.36635677222447,0.478061465085795,0.014035234961508,17514.1967318513,245.815866293609
3191,0.132,0.306666666666667,9.12592553904569,0.47600041023761,0.0140382639459149,17518.7481889448,245.932811078427
3192,0.132,0.306666666666667,11.3154807369168,0.473926118685436,0.014039052942238,17523.3922172184,246.011831065131
3193,0.132,0.306666666666667,13.8642594062199,0.471846469646318,0.0140383084694199,17528.1249787352,246.065225342029
3194,0.132,0.306666666666667,16.6782625577915,0.46976742250235,0.0140365104188651,17532.9406420974,246.101303996142
3195,0.132,0.306666666666667,19.6601513368886,0.467695030816859,0.0140339853023848,17537.8324300158,246.125682558529
3196,0.132,0.306666666666667,22.7221119396366,0.465640787367877,0.0140309556942975,17542.7932763926,246.142155215285
3197,0.132,0.306666666666667,25.7917189153172,0.463617555330839,0.0140275737271463,17547.81622779,246.153285885739
3198,0.132,0.306666666666667,28.8128662378186,0.461639448848046,0.0140239437115383,17552.8946761366,246.1608069127
3199,0.132,0.306666666666667,31.7440885762021,0.459725744421915,0.0140201374698264,17558.0224829735,246.165888909591
3200,0.132,0.306666666666667,34.5559407342452,0.457907699059906,0.0140162047038384,17563.1940340329,246.169322834239
3201,0.132,0.306666666666667,37.2283838686483,0.456234337000242,0.0140121800272576,17568.4042506143,246.171643151245
3202,0.132,0.306666666666667,39.7485771975389,0.454771966740669,0.0140080877316295,17573.6485748057,246.173211000704
3203,0.132,0.306666666666667,42.109158757481,0.453596273083458,0.0140039450223177,17578.9229398703,246.174270401503
3204,0.132,0.306666666666667,44.3069533283959,0.452780429288367,0.0139997642194904,17584.2237329925,246.174986244663
3205,0.132,0.306666666666667,46.3420069029764,0.452384032260972,0.0139955542558637,17589.5477550403,246.175469941771
3206,0.132,0.306666666666667,48.216850084304,0.452446067337489,0.0139913217005541,17594.8921801204,246.175796778628
3207,0.132,0.306666666666667,49.9359199666845,0.452982698040602,0.0139870714591082,17600.2545166888,246.176017623418
3208,0.132,0.306666666666667,51.5050909428627,0.453988926675973,0.0139828072552958,17605.6325710943,246.17616684917
3209,0.132,0.306666666666667,52.9312858217379,0.455442513260706,0.0139785319634963,17611.0244140526,246.176267681747
3210,0.132,0.306666666666667,54.2221499851988,0.45730866100023,0.0139742478396231,17616.4283501971,246.176335814617
3211,0.132,0.306666666666667,55.3857788303487,0.45954446654459,0.013969956682734,17621.8428906543,246.176381852384
3212,0.132,0.306666666666667,56.4304937069199,0.46210263394931,0.0139656599489503,17627.2667285408,246.176412960246
3213,0.132,0.306666666666667,57.3646635296907,0.464934326672766,0.0139613588327619,17632.6987171401,246.176433979973
3214,0.132,0.306666666666667,58.1965707132445,0.467991235813571,0.0139570543256176,17638.1378505671,246.176448183098
3215,0.132,0.306666666666667,58.9343185020376,0.471227019359342,0.0139527472587905,17643.5832466684,246.176457780195
3216,0.132,0.306666666666667,59.5857764613266,0.474598269470243,0.0139484383351963,17649.0341319304,246.176464265007
3217,0.132,0.306666666666667,60.1585626987303,0.478065131641858,0.0139441281533756,17654.4898281947,246.176468646814
3218,0.132,0.306666666666667,60.6600641573135,0.481591666561009,0.0139398172259042,17659.9497409589,246.176471607622
3219,0.132,0.306666666666667,61.0974960876667,0.485146014954361,0.0139355059937388,17665.4133490998,246.176473608253
3220,0.132,0.306666666666667,61.4779942952952,0.488700409744174,0.0139311948375941,17670.8801958441,246.176474960086
3221,0.132,0.306666666666667,61.8087205946369,0.492231068749105,0.0139268840871036,17676.3498808386,246.176475873527
3222,0.132,0.306666666666667,62.0969488342176,0.495717996022061,0.0139225740282933,17681.8220531968,246.176476490742
3223,0.132,0.306666666666667,62.3500951442679,0.499144717730214,0.0139182649097652,17687.2964053929,246.176476907797
3224,0.132,0.306666666666667,62.5756652382543,0.502497974445042,0.0139139569478613,17692.7726679104,246.176477189603
3225,0.132,0.306666666666667,62.781112949097,0.505767390521054,0.0139096503310194,17698.2506045483,246.17647738002
3226,0.132,0.306666666666667,62.9736283835662,0.508945137210481,0.013905345223476,17703.7300083045,246.176477508686
3227,0.132,0.306666666666667,63.1598933043109,0.512025603224772,0.0139010417684304,17709.2106977693,246.176477595626
3228,0.132,0.306666666666667,63.3458474663019,0.515005083484642,0.0138967400907666,17714.6925139615,246.176477654372
3229,0.132,0.306666666666667,63.5365040940946,0.517881492980434,0.0138924402994005,17720.1753175567,246.176477694066
3230,0.132,0.306666666666667,63.735837508095,0.520654111327693,0.0138881424893126,17725.6589864576,246.176477720888
3231,0.132,0.306666666666667,63.9467488687444,0.523323361301037,0.013883846743313,17731.1434136638,246.176477739012
3232,0.132,0.306666666666667,64.1711017655822,0.525890623043785,0.0138795531335748,17736.6285054059,246.176477751258
3233,0.132,0.306666666666667,64.4098107624665,0.528358083514081,0.0138752617229715,17742.1141795092,246.176477759533
3234,0.132,0.306666666666667,64.6629636237562,0.530728616810903,0.0138709725662424,17747.6003639601,246.176477765124
3235,0.132,0.306666666666667,64.9299596271165,0.533005688039243,0.01386668571101,17753.0869956504,246.176477768902
3236,0.132,0.306666666666667,65.2096506588325,0.535193270618094,0.0138624011986693,17758.574019275,246.176477771455
3237,0.132,0.306666666666667,65.5004759232958,0.53729576653849,0.0138581190651646,17764.061386368,246.17647777318
3238,0.132,0.306666666666667,65.8005852269392,0.5393179215516,0.0138538393416688,17769.5490544567,246.176477774346
3239,0.132,0.306666666666667,66.1079481661728,0.541264730847734,0.0138495620551783,17775.0369863204,246.176477775133
3240,0.132,0.306666666666667,66.4204483335722,0.543141335747132,0.0138452872290328,17780.5251493409,246.176477775666
3241,0.132,0.306666666666667,66.7359626326465,0.544952915591185,0.0138410148833705,17786.0135149336,246.176477776025
3242,0.132,0.306666666666667,67.0524260895809,0.546704581198325,0.0138367450355266,17791.5020580488,246.176477776268
3243,0.132,0.306666666666667,67.3678830533235,0.548401276730518,0.0138324777003821,17796.9907567343,246.176477776432
3244,0.132,0.306666666666667,67.6805257068369,0.550047695408558,0.0138282128906692,17802.4795917522,246.176477776543
3245,0.132,0.306666666666667,67.9887210587758,0.55164821268738,0.0138239506172387,17807.9685462441,246.176477776618
3246,0.132,0.306666666666667,68.2910277441176,0.553206838217192,0.0138196908892943,17813.4576054357,246.176477776669
3247,0.132,0.306666666666667,68.5862040082953,0.554727186115236,0.0138154337145971,17818.9467563801,246.176477776703
3248,0.132,0.306666666666667,68.8732083684122,0.556212461822344,0.0138111790996458,17824.4359877312,246.176477776726
3249,0.132,0.306666666666667,69.1511943869401,0.557665463089059,0.0138069270498335,17829.9252895459,246.176477776742
3250,0.132,0.306666666666667,69.4195009622,0.559088592423621,0.0138026775695856,17835.4146531109,246.176477776752
3251,0.132,0.306666666666667,69.6776394038817,0.560483878387303,0.0137984306624802,17840.9040707902,246.17647777676
3252,0.132,0.306666666666667,69.9252784347978,0.561853003358895,0.013794186331354,17846.393535892,246.176477776764
3253,0.132,0.306666666666667,70.1622280753478,0.56319733566283,0.0137899445783942,17851.8830425521,246.176477776768
3254,0.132,0.306666666666667,70.388423187747,0.564517964285893,0.0137857054052202,17857.3725856314,246.17647777677
3255,0.132,0.306666666666667,70.6039072943345,0.565815734652403,0.0137814688129541,17862.8621606265,246.176477776771
3256,0.132,0.306666666666667,70.8088170781678,0.567091284223117,0.0137772348022829,17868.3517635905,246.176477776772
3257,0.132,0.306666666666667,71.0033678599313,0.568345076909886,0.0137730033735129,17873.841391065,246.176477776773
3258,0.132,0.306666666666667,71.1878401882414,0.569577435515414,0.0137687745266175,17879.3310400189,246.176477776774
3259,0.132,0.306666666666667,71.3625675900756,0.570788571645131,0.0137645482612785,17884.8207077962,246.176477776774
3260,0.132,0.306666666666667,71.5279254735845,0.571978612682321,0.0137603245769232,17890.3103920692,246.176477776774
3261,0.132,0.306666666666667,71.6843211095846,0.573147625637049,0.0137561034727561,17895.8000907979,246.176477776774
3262,0.132,0.306666666666667,71.8321846306754,0.574295637783191,0.0137518849477868,17901.2898021949,246.176477776774
3263,0.132,0.306666666666667,71.9719609703973,0.575422654137958,0.0137476690008549,17906.7795246936,246.176477776774
3264,0.132,0.306666666666667,72.1041026782555,0.576528671943087,0.0137434556306512,17912.2692569212,246.176477776774
3265,0.132,0.306666666666667,72.2290635710618,0.577613692336564,0.0137392448357367,17917.7589976746,246.176477776774
3266,0.132,0.306666666666667,72.3472931756885,0.578677729509813,0.0137350366145588,17923.2487458995,246.176477776774
3267,0.132,0.306666666666667,72.4592319424497,0.579720817610777,0.0137308309654663,17928.7385006719,246.176477776774
3268,0.132,0.306666666666667,72.5653072021453,0.580743015698699,0.0137266278867215,17934.2282611824,246.176477776774
3269,0.132,0.306666666666667,72.6659298379343,0.58174441104916,0.0137224273765115,17939.7180267211,246.176477776774
3270,0.132,0.306666666666667,72.7614916447157,0.582725121052206,0.0137182294329578,17945.2077966665,246.176477776774
3271,0.132,0.306666666666667,72.8523633326725,0.583685293984618,0.0137140340541251,17950.6975704735,246.176477776774
3272,0.132,0.306666666666667,72.9388931320463,0.58462510884572,0.0137098412380282,17956.1873476647,246.176477776774
3273,0.132,0.306666666666667,73.0214059455762,0.585544774455196,0.0137056509826392,17961.6771278215,246.176477776774
3274,0.132,0.306666666666667,73.1002029906153,0.586444527985588,0.0137014632858924,17967.1669105772,246.176477776774
3275,0.132,0.306666666666667,73.1755618710579,0.587324633037703,0.01369727814569,17972.6566956105,246.176477776774
3276,0.132,0.306666666666667,73.2477370158935,0.588185377405933,0.0136930955599061,17978.1464826397,246.176477776774
3277,0.132,0.306666666666667,73.3169604233642,0.589027070607691,0.0136889155263906,17983.636271418,246.176477776774
3278,0.132,0.306666666666667,73.3834426498582,0.589850041264941,0.0136847380429727,17989.1260617291,246.176477776774
3279,0.132,0.306666666666667,73.4473739879599,0.590654634422673,0.0136805631074635,17994.6158533834,246.176477776774
3280,0.132,0.306666666666667,73.5089257799814,0.591441208839845,0.013676390717659,18000.1056462149,246.176477776774
3281,0.132,0.306666666666667,73.5682518202727,0.592210134330768,0.013672220871342,18005.595440078,246.176477776774
3282,0.132,0.306666666666667,73.6254898043376,0.592961789185402,0.0136680535662843,18011.0852348451,246.176477776774
3283,0.132,0.306666666666667,73.6807627873525,0.593696557705277,0.0136638888002482,18016.5750304044,246.176477776774
3284,0.132,0.306666666666667,73.7341806233211,0.594414827898696,0.0136597265709883,18022.064826658,246.176477776774
3285,0.132,0.306666666666667,73.7858413582202,0.595116989336953,0.0136555668762526,18027.55462352,246.176477776774
3286,0.132,0.306666666666667,73.8358325586509,0.595803431206272,0.0136514097137837,18033.0444209152,246.176477776774
3287,0.132,0.306666666666667,73.8842325614747,0.596474540557024,0.0136472550813199,18038.5342187776,246.176477776774
3288,0.132,0.306666666666667,73.9311116332688,0.597130700751748,0.0136431029765958,18044.0240170495,246.176477776774
3289,0.132,0.306666666666667,73.9765330349948,0.597772290124906,0.0136389533973438,18049.5138156802,246.176477776774
3290,0.132,0.306666666666667,74.0205539876798,0.598399680834524,0.0136348063412937,18055.0036146254,246.176477776774
3291,0.132,0.306666666666667,74.0632265397505,0.599013237910015,0.0136306618061743,18060.4934138461,246.176477776774
3292,0.132,0.306666666666667,74.1045983383691,0.599613318482236,0.0136265197897133,18065.9832133084,246.176477776774
3293,0.132,0.306666666666667,74.1447133078616,0.600200271178177,0.013622380289638,18071.4730129823,246.176477776774
3294,0.132,0.306666666666667,74.1836122414119,0.600774435676849,0.0136182433036757,18076.9628128416,246.176477776774
3295,0.132,0.306666666666667,74.2213333112321,0.601336142400191,0.0136141088295539,18082.4526128635,246.176477776774
3296,0.132,0.306666666666667,74.2579125040491,0.601885712330258,0.0136099768650008,18087.9424130278,246.176477776774
3297,0.132,0.306666666666667,74.2933839888515,0.602423456936756,0.0136058474077454,18093.4322133169,246.176477776774
3298,0.132,0.306666666666667,74.3277804232395,0.602949678194112,0.0136017204555178,18098.9220137154,246.176477776774
3299,0.132,0.306666666666667,74.3611332055727,0.603464668681786,0.0135975960060495,18104.4118142098,246.176477776774
3300,0.132,0.306666666666667,74.3934726789957,0.603968711746592,0.0135934740570734,18109.9016147881,246.176477776774
3301,0.132,0.306666666666667,74.4248282935529,0.604462081717679,0.0135893546063241,18115.3914154401,246.176477776774
3302,0.132,0.306666666666667,74.4552287322135,0.604945044164078,0.0135852376515378,18120.8812161566,246.176477776774
3303,0.132,0.306666666666667,74.4847020059089,0.605417856179124,0.0135811231904528,18126.3710169296,246.176477776774
3304,0.132,0.306666666666667,74.5132755226418,0.605880766689093,0.0135770112208093,18131.8608177522,246.176477776774
3305,0.132,0.306666666666667,74.540976134974,0.606334016773232,0.0135729017403496,18137.3506186182,246.176477776774
3306,0.132,0.306666666666667,74.567830169914,0.606777839989751,0.0135687947468182,18142.8404195222,246.176477776774
3307,0.132,0.306666666666667,74.5938634447933,0.60721246270454,0.0135646902379617,18148.3302204596,246.176477776774
3308,0.132,0.306666666666667,74.6191012722279,0.607638104413151,0.0135605882115292,18153.8200214262,246.176477776774
3309,0.132,0.306666666666667,74.6435684569595,0.608054978057332,0.0135564886652718,18159.3098224184,246.176477776774
3310,0.132,0.306666666666667,74.6672892869248,0.608463290330098,0.0135523915969434,18164.7996234331,246.176477776774
3311,0.132,0.306666666666667,74.6902875205898,0.608863241967217,0.0135482970042999,18170.2894244674,246.176477776774
3312,0.132,0.306666666666667,74.7125863722388,0.609255028026373,0.0135442048851001,18175.7792255189,246.176477776774
3313,0.132,0.306666666666667,74.7342084966178,0.609638838148759,0.0135401152371049,18181.2690265856,246.176477776774
3314,0.132,0.306666666666667,74.7551759740494,0.610014856806372,0.0135360280580778,18186.7588276655,246.176477776774
3315,0.132,0.306666666666667,74.7755102968932,0.610383263533007,0.013531943345785,18192.2486287569,246.176477776774
3316,0.132,0.306666666666667,74.7952323580097,0.610744233138307,0.0135278610979951,18197.7384298586,246.176477776774
3317,0.132,0.306666666666667,74.8143624416824,0.611097935908185,0.0135237813124792,18203.2282309691,246.176477776774
3318,0.132,0.306666666666667,74.8329202173001,0.61144453778855,0.0135197039870111,18208.7180320875,246.176477776774
3319,0.132,0.306666666666667,74.8509247359447,0.611784200555894,0.0135156291193671,18214.2078332127,246.176477776774
3320,0.132,0.306666666666667,74.868394429928,0.612117081974722,0.0135115567073262,18219.6976343439,246.176477776774
3321,0.132,0.306666666666667,74.8853471152074,0.612443335941404,0.0135074867486698,18225.1874354803,246.176477776774
3322,0.132,0.306666666666667,74.9017999965519,0.612763112618278,0.0135034192411822,18230.6772366214,246.176477776774
3323,0.132,0.306666666666667,74.9177696752588,0.613076558555893,0.0134993541826499,18236.1670377664,246.176477776774
3324,0.132,0.306666666666667,74.9332721591832,0.613383816806357,0.0134952915708624,18241.6568389151,246.176477776774
3325,0.132,0.306666666666667,74.9483228748283,0.613685027028564,0.0134912314036116,18247.1466400668,246.176477776774
3326,0.132,0.306666666666667,74.9629366811971,0.613980325584609,0.0134871736786921,18252.6364412212,246.176477776774
3327,0.132,0.306666666666667,74.9771278851451,0.614269845630876,0.013483118393901,18258.126242378,246.176477776774
3328,0.132,0.306666666666667,74.9909102579376,0.614553717202115,0.0134790655470383,18263.6160435369,246.176477776774
3329,0.132,0.306666666666667,75.0042970527408,0.614832067290567,0.0134750151359063,18269.1058446977,246.176477776774
3330,0.132,0.306666666666667,75.0173010228085,0.615105019921142,0.01347096715831,18274.59564586,246.176477776774
3331,0.132,0.306666666666667,75.0299344400989,0.615372696221553,0.0134669216120571,18280.0854470237,246.176477776774
3332,0.132,0.306666666666667,75.0422091141341,0.615635214490255,0.0134628784949579,18285.5752481887,246.176477776774
3333,0.132,0.306666666666667,75.0541364108935,0.615892690260791,0.0134588378048253,18291.0650493547,246.176477776774
3334,0.132,0.306666666666667,75.065727271569,0.616145236363662,0.0134547995394748,18296.5548505217,246.176477776774
3335,0.132,0.306666666666667,75.0769922310539,0.61639296298678,0.0134507636967244,18302.0446516895,246.176477776774
3336,0.132,0.306666666666667,75.0879414360176,0.616635977733118,0.0134467302743949,18307.534452858,246.176477776774
3337,0.132,0.306666666666667,75.0985846624844,0.61687438567775,0.0134426992703097,18313.0242540272,246.176477776774
3338,0.132,0.306666666666667,75.1089313328282,0.617108289423143,0.0134386706822945,18318.5140551969,246.176477776774
3339,0.132,0.306666666666667,75.1189905321107,0.617337789153105,0.013434644508178,18324.0038563671,246.176477776774
3340,0.132,0.306666666666667,75.1287710237394,0.617562982686429,0.0134306207457912,18329.4936575378,246.176477776774
3341,0.132,0.306666666666667,75.1382812643899,0.617783965528767,0.0134265993929678,18334.9834587088,246.176477776774
3342,0.132,0.306666666666667,75.1475294181939,0.618000830924354,0.0134225804475442,18340.4732598801,246.176477776774
3343,0.132,0.306666666666667,75.1565233701837,0.618213669906752,0.0134185639073592,18345.9630610518,246.176477776774
3344,0.132,0.306666666666667,75.1652707389861,0.618422571348543,0.0134145497702543,18351.4528622237,246.176477776774
3345,0.132,0.306666666666667,75.173778888801,0.61862762201099,0.0134105380340735,18356.9426633958,246.176477776774
3346,0.132,0.306666666666667,75.1820549406624,0.618828906592256,0.0134065286966633,18362.4324645681,246.176477776774
3347,0.132,0.306666666666667,75.1901057830209,0.619026507775393,0.0134025217558732,18367.9222657405,246.176477776774
3348,0.132,0.306666666666667,75.1979380816771,0.619220506275578,0.0133985172095546,18373.4120669131,246.176477776774
3349,0.132,0.306666666666667,75.2055582890884,0.619410980886214,0.0133945150555621,18378.9018680859,246.176477776774
3350,0.132,0.306666666666667,75.2129726530989,0.619598008524922,0.0133905152917524,18384.3916692588,246.176477776774
3351,0.132,0.306666666666667,75.2201872251168,0.619781664278171,0.013386517915985,18389.8814704317,246.176477776774
3352,0.132,0.306666666666667,75.2272078677803,0.619962021445425,0.0133825229261219,18395.3712716048,246.176477776774
3353,0.132,0.306666666666667,75.2340402621531,0.620139151582572,0.0133785303200276,18400.8610727779,246.176477776774
3354,0.132,0.306666666666667,75.2406899144743,0.620313124544095,0.0133745400955692,18406.3508739511,246.176477776774
3355,0.132,0.306666666666667,75.2471621625104,0.620484008524977,0.0133705522506164,18411.8406751244,246.176477776774
3356,0.132,0.306666666666667,75.2534621815323,0.620651870101295,0.0133665667830413,18417.3304762977,246.176477776774
3357,0.132,0.306666666666667,75.259594989953,0.620816774270109,0.0133625836907186,18422.820277471,246.176477776774
3358,0.132,0.306666666666667,75.2655654546584,0.620978784488664,0.0133586029715256,18428.3100786444,246.176477776774
3359,0.132,0.306666666666667,75.271378296051,0.621137962712282,0.013354624623342,18433.7998798178,246.176477776774
3360,0.132,0.306666666666667,75.2770380928403,0.621294369431872,0.0133506486440502,18439.2896809913,246.176477776774
3361,0.132,0.306666666666667,75.2825492865981,0.621448063710222,0.0133466750315348,18444.7794821648,246.176477776774
3362,0.132,0.306666666666667,75.2879161860996,0.621599103217478,0.0133427037836834,18450.2692833383,246.176477776774
3363,0.132,0.306666666666667,75.2931429714748,0.621747544265986,0.0133387348983856,18455.7590845118,246.176477776774
3364,0.132,0.306666666666667,75.2982336981792,0.621893441843876,0.0133347683735339,18461.2488856854,246.176477776774
3365,0.132,0.306666666666667,75.3031923008077,0.622036849648197,0.0133308042070231,18466.7386868589,246.176477776774
3366,0.132,0.306666666666667,75.3080225967586,0.622177820117,0.0133268423967505,18472.2284880325,246.176477776774
3367,0.132,0.306666666666667,75.312728289763,0.622316404460562,0.0133228829406161,18477.7182892061,246.176477776774
3368,0.132,0.306666666666667,75.3173129732909,0.622452652692063,0.0133189258365222,18483.2080903797,246.176477776774
3369,0.132,0.306666666666667,75.3217801338396,0.622586613657129,0.0133149710823736,18488.6978915533,246.176477776774
3370,0.132,0.306666666666667,75.3261331541164,0.622718335062892,0.0133110186760777,18494.1876927269,246.176477776774
3371,0.132,0.306666666666667,75.330375316121,0.622847863506192,0.0133070686155443,18499.6774939005,246.176477776774
3372,0.132,0.306666666666667,75.3345098041311,0.622975244500928,0.0133031208986856,18505.1672950742,246.176477776774
3373,0.132,0.306666666666667,75.3385397076019,0.623100522504975,0.0132991755234165,18510.6570962478,246.176477776774
3374,0.132,0.306666666666667,75.3424680239783,0.623223740946084,0.0132952324876542,18516.1468974214,246.176477776774
3375,0.132,0.306666666666667,75.3462976614268,0.623344942247334,0.0132912917893184,18521.6366985951,246.176477776774
3376,0.132,0.306666666666667,75.3500314414909,0.623464167851874,0.0132873534263312,18527.1264997687,246.176477776774
3377,0.132,0.306666666666667,75.3536721016686,0.623581458246885,0.0132834173966175,18532.6163009424,246.176477776774
3378,0.132,0.306666666666667,75.357222297921,0.623696852987179,0.0132794836981041,18538.106102116,246.176477776774
3379,0.132,0.306666666666667,75.3606846071086,0.623810390717929,0.0132755523287208,18543.5959032897,246.176477776774
3380,0.132,0.306666666666667,75.3640615293594,0.623922109196972,0.0132716232863994,18549.0857044633,246.176477776774
3381,0.132,0.306666666666667,75.3673554903719,0.624032045316546,0.0132676965690745,18554.575505637,246.176477776774
3382,0.132,0.306666666666667,75.3705688436513,0.624140235124311,0.013263772174683,18560.0653068107,246.176477776774
3383,0.132,0.306666666666667,75.3737038726842,0.624246713844072,0.0132598501011641,18565.5551079843,246.176477776774
3384,0.132,0.306666666666667,75.3767627930499,0.624351515895769,0.0132559303464598,18571.044909158,246.176477776774
3385,0.132,0.306666666666667,75.379747754472,0.624454674915053,0.0132520129085141,18576.5347103317,246.176477776774
3386,0.132,0.306666666666667,75.3826608428106,0.624556223772419,0.0132480977852737,18582.0245115053,246.176477776774
3387,0.132,0.306666666666667,75.3855040819952,0.624656194591687,0.0132441849746876,18587.514312679,246.176477776774
3388,0.132,0.306666666666667,75.3882794359035,0.624754618768233,0.0132402744747075,18593.0041138527,246.176477776774
3389,0.132,0.306666666666667,75.3909888101823,0.624851526986601,0.0132363662832871,18598.4939150263,246.176477776774
3390,0.132,0.306666666666667,75.3936340540146,0.624946949237717,0.0132324603983828,18603.9837162,246.176477776774
3391,0.132,0.306666666666667,75.3962169618359,0.625040914835755,0.0132285568179533,18609.4735173737,246.176477776774
3392,0.132,0.306666666666667,75.3987392749956,0.625133452434417,0.0132246555399597,18614.9633185473,246.176477776774
3393,0.132,0.306666666666667,75.4012026833705,0.625224590042989,0.0132207565623657,18620.453119721,246.176477776774
3394,0.132,0.306666666666667,75.4036088269287,0.625314355041874,0.0132168598831371,18625.9429208947,246.176477776774
3395,0.132,0.306666666666667,75.4059592972449,0.625402774197758,0.0132129655002423,18631.4327220683,246.176477776774
3396,0.132,0.306666666666667,75.4082556389702,0.625489873678479,0.013209073411652,18636.922523242,246.176477776774
3397,0.132,0.306666666666667,75.4104993512562,0.625575679067396,0.0132051836153393,18642.4123244157,246.176477776774
3398,0.132,0.306666666666667,75.4126918891353,0.62566021537752,0.0132012961092799,18647.9021255894,246.176477776774
3399,0.132,0.306666666666667,75.4148346648586,0.625743507065243,0.0131974108914514,18653.391926763,246.176477776774
3400,0.132,0.306666666666667,75.4169290491918,0.62582557804369,0.0131935279598343,18658.8817279367,246.176477776774
3401,0.132,0.306666666666667,75.4189763726719,0.625906451695845,0.0131896473124112,18664.3715291104,246.176477776774
3402,0.132,0.306666666666667,75.4209779268241,0.625986150887222,0.0131857689471671,18669.8613302841,246.176477776774
3403,0.132,0.306666666666667,75.4229349653412,0.626064697978322,0.0131818928620893,18675.3511314577,246.176477776774
3404,0.132,0.306666666666667,75.4248487052272,0.626142114836757,0.0131780190551678,18680.8409326314,246.176477776774
3405,0.132,0.306666666666667,75.4267203279044,0.626218422849007,0.0131741475243945,18686.3307338051,246.176477776774
3406,0.132,0.306666666666667,75.4285509802868,0.626293642932011,0.0131702782677639,18691.8205349788,246.176477776774
3407,0.132,0.306666666666667,75.4303417758205,0.626367795544339,0.013166411283273,18697.3103361524,246.176477776774
3408,0.132,0.306666666666667,75.4320937954915,0.626440900697176,0.0131625465689209,18702.8001373261,246.176477776774
3409,0.132,0.306666666666667,75.4338080888029,0.626512977965013,0.0131586841227091,18708.2899384998,246.176477776774
3410,0.132,0.306666666666667,75.4354856747217,0.626584046496021,0.0131548239426414,18713.7797396734,246.176477776774
3411,0.132,0.306666666666667,75.4371275425966,0.626654125022264,0.0131509660267242,18719.2695408471,246.176477776774
3412,0.132,0.306666666666667,75.4387346530473,0.626723231869564,0.0131471103729661,18724.7593420208,246.176477776774
3413,0.132,0.306666666666667,75.4403079388275,0.626791384967168,0.0131432569793777,18730.2491431945,246.176477776774
3414,0.132,0.306666666666667,75.4418483056602,0.626858601857197,0.0131394058439725,18735.7389443681,246.176477776774
3415,0.132,0.306666666666667,75.4433566330486,0.626924899703776,0.013135556964766,18741.2287455418,246.176477776774
3416,0.132,0.306666666666667,75.4448337750612,0.626990295302045,0.013131710339776,18746.7185467155,246.176477776774
3417,0.132,0.306666666666667,75.4462805610941,0.627054805086865,0.0131278659670228,18752.2083478891,246.176477776774
3418,0.132,0.306666666666667,75.4476977966089,0.627118445141329,0.0131240238445288,18757.6981490628,246.176477776774
3419,0.132,0.306666666666667,75.4490862638496,0.627181231205102,0.0131201839703189,18763.1879502365,246.176477776774
3420,0.132,0.306666666666667,75.4504467225359,0.627243178682474,0.0131163463424203,18768.6777514102,246.176477776774
3421,0.132,0.306666666666667,75.4517799105372,0.627304302650296,0.0131125109588624,18774.1675525838,246.176477776774
3422,0.132,0.306666666666667,75.4530865445251,0.627364617865668,0.0131086778176769,18779.6573537575,246.176477776774
3423,0.132,0.306666666666667,75.4543673206065,0.627424138773435,0.013104846916898,18785.1471549312,246.176477776774
3424,0.132,0.306666666666667,75.4556229149373,0.627482879513548,0.0131010182545619,18790.6369561049,246.176477776774
3425,0.132,0.306666666666667,75.4568539843178,0.627540853928164,0.0130971918287073,18796.1267572785,246.176477776774
3426,0.132,0.306666666666667,75.4580611667702,0.627598075568642,0.0130933676373751,18801.6165584522,246.176477776774
3427,0.132,0.306666666666667,75.4592450820979,0.627654557702328,0.0130895456786087,18807.1063596259,246.176477776774
3428,0.132,0.306666666666667,75.4604063324285,0.627710313319167,0.0130857259504534,18812.5961607996,246.176477776774
3429,0.132,0.306666666666667,75.4615455027407,0.62776535513819,0.0130819084509571,18818.0859619732,246.176477776774
3430,0.132,0.306666666666667,75.4626631613742,0.627819695613784,0.0130780931781698,18823.5757631469,246.176477776774
3431,0.132,0.306666666666667,75.4637598605251,0.627873346941858,0.013074280130144,18829.0655643206,246.176477776774
3432,0.132,0.306666666666667,75.464836136726,0.627926321065838,0.0130704693049341,18834.5553654942,246.176477776774
3433,0.132,0.306666666666667,75.4658925113115,0.627978629682488,0.0130666607005971,18840.0451666679,246.176477776774
3434,0.132,0.306666666666667,75.4669294908698,0.628030284247645,0.0130628543151922,18845.5349678416,246.176477776774
3435,0.132,0.306666666666667,75.4679475676805,0.628081295981748,0.0130590501467806,18851.0247690153,246.176477776774
3436,0.132,0.306666666666667,75.4689472201392,0.628131675875279,0.0130552481934262,18856.5145701889,246.176477776774
3437,0.132,0.306666666666667,75.4699289131694,0.628181434694055,0.0130514484531948,18862.0043713626,246.176477776774
3438,0.132,0.306666666666667,75.4708930986214,0.628230582984368,0.0130476509241546,18867.4941725363,246.176477776774
3439,0.132,0.306666666666667,75.4718402156599,0.628279131078045,0.013043855604376,18872.98397371,246.176477776774
3440,0.132,0.306666666666667,75.4727706911394,0.628327089097331,0.0130400624919316,18878.4737748836,246.176477776774
3441,0.132,0.306666666666667,75.4736849399681,0.628374466959694,0.0130362715848964,18883.9635760573,246.176477776774
3442,0.132,0.306666666666667,75.4745833654614,0.628421274382496,0.0130324828813475,18889.453377231,246.176477776774
3443,0.132,0.306666666666667,75.4754663596835,0.628467520887533,0.0130286963793643,18894.9431784047,246.176477776774
3444,0.132,0.306666666666667,75.4763343037805,0.628513215805504,0.0130249120770283,18900.4329795783,246.176477776774
3445,0.132,0.306666666666667,75.4771875683014,0.628558368280331,0.0130211299724235,18905.922780752,246.176477776774
3446,0.132,0.306666666666667,75.4780265135107,0.628602987273388,0.0130173500636359,18911.4125819257,246.176477776774
3447,0.132,0.306666666666667,75.4788514896912,0.628647081567645,0.0130135723487537,18916.9023830994,246.176477776774
3448,0.132,0.306666666666667,75.4796628374375,0.628690659771672,0.0130097968258675,18922.392184273,246.176477776774
3449,0.132,0.306666666666667,75.4804608879405,0.628733730323587,0.0130060234930699,18927.8819854467,246.176477776774
3450,0.132,0.306666666666667,75.4812459632637,0.628776301494878,0.013002252348456,18933.3717866204,246.176477776774
3451,0.132,0.306666666666667,75.4820183766105,0.628818381394138,0.0129984833901227,18938.8615877941,246.176477776774
3452,0.132,0.306666666666667,75.4827784325844,0.628859977970732,0.0129947166161696,18944.3513889677,246.176477776774
3453,0.132,0.306666666666667,75.48352642744,0.628901099018334,0.0129909520246981,18949.8411901414,246.176477776774
3454,0.132,0.306666666666667,75.4842626493276,0.628941752178419,0.0129871896138119,18955.3309913151,246.176477776774
3455,0.132,0.306666666666667,75.4849873785297,0.628981944943645,0.0129834293816171,18960.8207924887,246.176477776774
3456,0.132,0.306666666666667,75.4857008876905,0.629021684661156,0.0129796713262217,18966.3105936624,246.176477776774
3457,0.132,0.306666666666667,75.4864034420384,0.629060978535825,0.012975915445736,18971.8003948361,246.176477776774
3458,0.132,0.306666666666667,75.4870952996022,0.629099833633384,0.0129721617382726,18977.2901960098,246.176477776774
3459,0.132,0.306666666666667,75.4877767114203,0.629138256883512,0.0129684102019462,18982.7799971834,246.176477776774
3460,0.132,0.306666666666667,75.4884479217432,0.629176255082833,0.0129646608348736,18988.2697983571,246.176477776774
3461,0.132,0.306666666666667,75.4891091682313,0.629213834897835,0.0129609136351739,18993.7595995308,246.176477776774
3462,0.132,0.306666666666667,75.4897606821449,0.629251002867739,0.0129571686009683,18999.2494007045,246.176477776774
3463,0.132,0.306666666666667,75.4904026885299,0.629287765407281,0.0129534257303802,19004.7392018781,246.176477776774
3464,0.132,0.306666666666667,75.4910354063973,0.629324128809433,0.0129496850215352,19010.2290030518,246.176477776774
3465,0.132,0.306666666666667,75.4916590488972,0.629360099248066,0.012945946472561,19015.7188042255,246.176477776774
3466,0.132,0.306666666666667,75.4922738234879,0.629395682780536,0.0129422100815874,19021.2086053992,246.176477776774
3467,0.132,0.306666666666667,75.4928799320996,0.629430885350221,0.0129384758467466,19026.6984065728,246.176477776774
3468,0.132,0.306666666666667,75.4934775712933,0.629465712788989,0.0129347437661727,19032.1882077465,246.176477776774
3469,0.132,0.306666666666667,75.4940669324148,0.629500170819611,0.0129310138380021,19037.6780089202,246.176477776774
3470,0.132,0.306666666666667,75.4946482017444,0.629534265058117,0.0129272860603732,19043.1678100939,246.176477776774
3471,0.132,0.306666666666667,75.4952215606419,0.629568001016091,0.0129235604314268,19048.6576112675,246.176477776774
3472,0.132,0.306666666666667,75.4957871856868,0.629601384102923,0.0129198369493056,19054.1474124412,246.176477776774
3473,0.132,0.306666666666667,75.4963452488153,0.629634419627989,0.0129161156121546,19059.6372136149,246.176477776774
3474,0.132,0.306666666666667,75.4968959174523,0.629667112802802,0.0129123964181208,19065.1270147886,246.176477776774
3475,0.132,0.306666666666667,75.4974393546396,0.629699468743095,0.0129086793653535,19070.6168159622,246.176477776774
3476,0.132,0.306666666666667,75.4979757191608,0.629731492470857,0.0129049644520039,19076.1066171359,246.176477776774
3477,0.132,0.306666666666667,75.4985051656618,0.629763188916335,0.0129012516762255,19081.5964183096,246.176477776774
3478,0.132,0.306666666666667,75.4990278447681,0.629794562919971,0.0128975410361739,19087.0862194833,246.176477776774
3479,0.132,0.306666666666667,75.4995439031984,0.629825619234298,0.0128938325300068,19092.5760206569,246.176477776774
3480,0.132,0.306666666666667,75.500053483875,0.629856362525807,0.0128901261558841,19098.0658218306,246.176477776774
3481,0.132,0.306666666666667,75.5005567260306,0.629886797376746,0.0128864219119676,19103.5556230043,246.176477776774
3482,0.132,0.306666666666667,75.5010537653124,0.629916928286895,0.0128827197964215,19109.0454241779,246.176477776774
3483,0.132,0.306666666666667,75.5015447338826,0.629946759675292,0.0128790198074118,19114.5352253516,246.176477776774
3484,0.132,0.306666666666667,75.5020297605161,0.629976295881919,0.0128753219431069,19120.0250265253,246.176477776774
3485,0.132,0.306666666666667,75.5025089706954,0.630005541169356,0.0128716262016771,19125.514827699,246.176477776774
3486,0.132,0.306666666666667,75.5029824867028,0.630034499724382,0.0128679325812949,19131.0046288726,246.176477776774
3487,0.132,0.306666666666667,75.5034504277093,0.630063175659555,0.0128642410801349,19136.4944300463,246.176477776774
3488,0.132,0.306666666666667,75.5039129098614,0.630091573014745,0.0128605516963737,19141.98423122,246.176477776774
3489,0.132,0.306666666666667,75.5043700463652,0.630119695758631,0.01285686442819,19147.4740323937,246.176477776774
3490,0.132,0.306666666666667,75.5048219475681,0.630147547790177,0.0128531792737648,19152.9638335673,246.176477776774
3491,0.132,0.306666666666667,75.5052687210377,0.630175132940054,0.0128494962312809,19158.453634741,246.176477776774
3492,0.132,0.306666666666667,75.5057104716389,0.630202454972044,0.0128458152989233,19163.9434359147,246.176477776774
3493,0.132,0.306666666666667,75.5061473016083,0.630229517584409,0.0128421364748792,19169.4332370884,246.176477776774
3494,0.132,0.306666666666667,75.5065793106266,0.630256324411221,0.0128384597573377,19174.923038262,246.176477776774
3495,0.132,0.306666666666667,75.5070065958891,0.630282879023675,0.01283478514449,19180.4128394357,246.176477776774
3496,0.132,0.306666666666667,75.5074292521735,0.630309184931356,0.0128311126345294,19185.9026406094,246.176477776774
3497,0.132,0.306666666666667,75.5078473719063,0.630335245583493,0.0128274422256514,19191.392441783,246.176477776774
3498,0.132,0.306666666666667,75.508261045227,0.630361064370175,0.0128237739160533,19196.8822429567,246.176477776774
3499,0.132,0.306666666666667,75.5086703600508,0.630386644623537,0.0128201077039346,19202.3720441304,246.176477776774
3500,0.132,0.306666666666667,75.5090754021284,0.630411989618931,0.0128164435874969,19207.8618453041,246.176477776774
3501,0.132,0.306666666666667,75.5094762551055,0.630437102576055,0.0128127815649439,19213.3516464777,246.176477776774
3502,0.132,0.306666666666667,75.5098730005797,0.630461986660073,0.0128091216344811,19218.8414476514,246.176477776774
3503,0.132,0.306666666666667,75.5102657181557,0.630486644982693,0.0128054637943164,19224.3312488251,246.176477776774
3504,0.132,0.306666666666667,75.510654485499,0.630511080603236,0.0128018080426594,19229.8210499988,246.176477776774
3505,0.132,0.306666666666667,75.5110393783888,0.630535296529671,0.0127981543777219,19235.3108511724,246.176477776774
3506,0.132,0.306666666666667,75.5114204707679,0.630559295719628,0.0127945027977179,19240.8006523461,246.176477776774
3507,0.132,0.306666666666667,75.5117978347925,0.630583081081394,0.0127908533008631,19246.2904535198,246.176477776774
3508,0.132,0.306666666666667,75.5121715408796,0.630606655474881,0.0127872058853756,19251.7802546935,246.176477776774
3509,0.132,0.306666666666667,75.5125416577542,0.630630021712575,0.0127835605494753,19257.2700558671,246.176477776774
3510,0.132,0.306666666666667,75.5129082524933,0.630653182560462,0.0127799172913841,19262.7598570408,246.176477776774
3511,0.132,0.306666666666667,75.5132713905709,0.630676140738936,0.012776276109326,19268.2496582145,246.176477776774
3512,0.132,0.306666666666667,75.5136311358996,0.630698898923686,0.0127726370015271,19273.7394593882,246.176477776774
3513,0.132,0.306666666666667,75.5139875508722,0.630721459746562,0.0127689999662155,19279.2292605618,246.176477776774
3514,0.132,0.306666666666667,75.5143406964025,0.630743825796424,0.0127653650016211,19284.7190617355,246.176477776774
3515,0.132,0.306666666666667,75.514690631963,0.630765999619969,0.0127617321059762,19290.2088629092,246.176477776774
3516,0.132,0.306666666666667,75.5150374156242,0.630787983722547,0.0127581012775147,19295.6986640829,246.176477776774
3517,0.132,0.306666666666667,75.5153811040903,0.630809780568946,0.0127544725144728,19301.1884652565,246.176477776774
3518,0.132,0.306666666666667,75.5157217527355,0.630831392584177,0.0127508458150886,19306.6782664302,246.176477776774
3519,0.132,0.306666666666667,75.5160594156388,0.630852822154228,0.0127472211776023,19312.1680676039,246.176477776774
3520,0.132,0.306666666666667,75.5163941456173,0.630874071626806,0.0127435986002558,19317.6578687775,246.176477776774
3521,0.132,0.306666666666667,75.5167259942594,0.630895143312065,0.0127399780812934,19323.1476699512,246.176477776774
3522,0.132,0.306666666666667,75.5170550119567,0.630916039483317,0.0127363596189611,19328.6374711249,246.176477776774
3523,0.132,0.306666666666667,75.5173812479345,0.630936762377726,0.0127327432115071,19334.1272722986,246.176477776774
3524,0.132,0.306666666666667,75.5177047502824,0.630957314196986,0.0127291288571814,19339.6170734722,246.176477776774
3525,0.132,0.306666666666667,75.5180255659833,0.630977697107993,0.0127255165542362,19345.1068746459,246.176477776774
3526,0.132,0.306666666666667,75.518343740942,0.630997913243489,0.0127219063009254,19350.5966758196,246.176477776774
3527,0.132,0.306666666666667,75.5186593200126,0.631017964702703,0.012718298095505,19356.0864769933,246.176477776774
3528,0.132,0.306666666666667,75.5189723470255,0.631037853551973,0.0127146919362333,19361.5762781669,246.176477776774
3529,0.132,0.306666666666667,75.5192828648134,0.631057581825359,0.01271108782137,19367.0660793406,246.176477776774
3530,0.132,0.306666666666667,75.5195909152368,0.631077151525237,0.0127074857491772,19372.5558805143,246.176477776774
3531,0.132,0.306666666666667,75.5198965392089,0.631096564622885,0.0127038857179188,19378.045681688,246.176477776774
3532,0.132,0.306666666666667,75.5201997767188,0.631115823059054,0.0127002877258608,19383.5354828616,246.176477776774
3533,0.132,0.306666666666667,75.5205006668559,0.63113492874453,0.0126966917712709,19389.0252840353,246.176477776774
3534,0.132,0.306666666666667,75.5207992478315,0.631153883560679,0.012693097852419,19394.515085209,246.176477776774
3535,0.132,0.306666666666667,75.5210955570016,0.63117268935999,0.0126895059675769,19400.0048863827,246.176477776774
3536,0.132,0.306666666666667,75.5213896308883,0.631191347966591,0.0126859161150184,19405.4946875563,246.176477776774
3537,0.132,0.306666666666667,75.5216815052001,0.631209861176772,0.0126823282930191,19410.98448873,246.176477776774
3538,0.132,0.306666666666667,75.5219712148528,0.631228230759481,0.0126787424998566,19416.4742899037,246.176477776774
3539,0.132,0.306666666666667,75.5222587939888,0.631246458456825,0.0126751587338106,19421.9640910773,246.176477776774
3540,0.132,0.306666666666667,75.5225442759965,0.631264545984546,0.0126715769931626,19427.453892251,246.176477776774
3541,0.132,0.306666666666667,75.522827693529,0.631282495032498,0.012667997276196,19432.9436934247,246.176477776774
3542,0.132,0.306666666666667,75.523109078522,0.631300307265107,0.0126644195811963,19438.4334945984,246.176477776774
3543,0.132,0.306666666666667,75.5233884622118,0.631317984321826,0.0126608439064509,19443.923295772,246.176477776774
3544,0.132,0.306666666666667,75.5236658751521,0.631335527817579,0.012657270250249,19449.4130969457,246.176477776774
3545,0.132,0.306666666666667,75.5239413472311,0.631352939343195,0.0126536986108818,19454.9028981194,246.176477776774
3546,0.132,0.306666666666667,75.5242149076874,0.631370220465834,0.0126501289866426,19460.3926992931,246.176477776774
3547,0.132,0.306666666666667,75.5244865851262,0.631387372729407,0.0126465613758262,19465.8825004667,246.176477776774
3548,0.132,0.306666666666667,75.5247564075342,0.63140439765498,0.0126429957767299,19471.3723016404,246.176477776774
3549,0.132,0.306666666666667,75.5250244022954,0.631421296741178,0.0126394321876523,19476.8621028141,246.176477776774
3550,0.132,0.306666666666667,75.5252905962046,0.631438071464573,0.0126358706068945,19482.3519039878,246.176477776774
3551,0.132,0.306666666666667,75.5255550154825,0.631454723280076,0.0126323110327591,19487.8417051614,246.176477776774
3552,0.132,0.306666666666667,75.5258176857892,0.631471253621305,0.0126287534635509,19493.3315063351,246.176477776774
3553,0.132,0.306666666666667,75.5260786322375,0.631487663900959,0.0126251978975762,19498.8213075088,246.176477776774
3554,0.132,0.306666666666667,75.5263378794062,0.631503955511176,0.0126216443331437,19504.3111086825,246.176477776774
3555,0.132,0.306666666666667,75.5265954513528,0.631520129823893,0.0126180927685638,19509.8009098561,246.176477776774
3556,0.132,0.306666666666667,75.5268513716259,0.631536188191185,0.0126145432021486,19515.2907110298,246.176477776774
3557,0.132,0.306666666666667,75.5271056632772,0.631552131945611,0.0126109956322124,19520.7805122035,246.176477776774
3558,0.132,0.306666666666667,75.5273583488734,0.631567962400547,0.0126074500570712,19526.2703133771,246.176477776774
3559,0.132,0.306666666666667,75.5276094505075,0.63158368085051,0.012603906475043,19531.7601145508,246.176477776774
3560,0.132,0.306666666666667,75.5278589898102,0.631599288571481,0.0126003648844477,19537.2499157245,246.176477776774
3561,0.132,0.306666666666667,75.5281069879605,0.631614786821216,0.012596825283607,19542.7397168982,246.176477776774
3562,0.132,0.306666666666667,75.5283534656965,0.631630176839556,0.0125932876708446,19548.2295180718,246.176477776774
3563,0.132,0.306666666666667,75.5285984433254,0.63164545984873,0.0125897520444859,19553.7193192455,246.176477776774
3564,0.132,0.306666666666667,75.5288419407342,0.631660637053648,0.0125862184028583,19559.2091204192,246.176477776774
3565,0.132,0.306666666666667,75.5290839773985,0.63167570964219,0.0125826867442912,19564.6989215929,246.176477776774
3566,0.132,0.306666666666667,75.5293245723929,0.631690678785493,0.0125791570671156,19570.1887227665,246.176477776774
3567,0.132,0.306666666666667,75.5295637443998,0.631705545638232,0.0125756293696646,19575.6785239402,246.176477776774
3568,0.132,0.306666666666667,75.5298015117188,0.631720311338887,0.012572103650273,19581.1683251139,246.176477776774
3569,0.132,0.306666666666667,75.5300378922749,0.631734977010015,0.0125685799072777,19586.6581262876,246.176477776774
3570,0.132,0.306666666666667,75.530272903628,0.631749543758512,0.0125650581390171,19592.1479274612,246.176477776774
3571,0.132,0.306666666666667,75.5305065629803,0.631764012675873,0.0125615383438319,19597.6377286349,246.176477776774
3572,0.132,0.306666666666667,75.5307388871853,0.631778384838442,0.0125580205200643,19603.1275298086,246.176477776774
3573,0.132,0.306666666666667,75.5309698927553,0.63179266130766,0.0125545046660586,19608.6173309822,246.176477776774
3574,0.132,0.306666666666667,75.531199595869,0.63180684313031,0.0125509907801608,19614.1071321559,246.176477776774
3575,0.132,0.306666666666667,75.5314280123795,0.631820931338755,0.0125474788607187,19619.5969333296,246.176477776774
3576,0.132,0.306666666666667,75.5316551578214,0.631834926951173,0.0125439689060822,19625.0867345033,246.176477776774
3577,0.132,0.306666666666667,75.5318810474181,0.631848830971783,0.0125404609146027,19630.5765356769,246.176477776774
3578,0.132,0.306666666666667,75.5321056960887,0.631862644391077,0.0125369548846339,19636.0663368506,246.176477776774
3579,0.132,0.306666666666667,75.5323291184547,0.631876368186032,0.0125334508145309,19641.5561380243,246.176477776774
3580,0.132,0.306666666666667,75.5325513288471,0.631890003320335,0.0125299487026508,19647.045939198,246.176477776774
3581,0.132,0.306666666666667,75.5327723413124,0.631903550744594,0.0125264485473527,19652.5357403716,246.176477776774
3582,0.132,0.306666666666667,75.5329921696193,0.631917011396542,0.0125229503469972,19658.0255415453,246.176477776774
3583,0.132,0.306666666666667,75.5332108272646,0.631930386201249,0.012519454099947,19663.515342719,246.176477776774
3584,0.132,0.306666666666667,75.5334283274794,0.631943676071317,0.0125159598045666,19669.0051438927,246.176477776774
3585,0.132,0.306666666666667,75.533644683235,0.631956881907083,0.0125124674592222,19674.4949450663,246.176477776774
3586,0.132,0.306666666666667,75.5338599072483,0.631970004596806,0.0125089770622819,19679.98474624,246.176477776774
3587,0.132,0.306666666666667,75.534074011988,0.631983045016865,0.0125054886121157,19685.4745474137,246.176477776774
3588,0.132,0.306666666666667,75.5342870096793,0.631996004031939,0.0125020021070951,19690.9643485874,246.176477776774
3589,0.132,0.306666666666667,75.5344989123101,0.632008882495194,0.0124985175455939,19696.454149761,246.176477776774
3590,0.132,0.306666666666667,75.5347097316354,0.632021681248462,0.0124950349259874,19701.9439509347,246.176477776774
3591,0.132,0.306666666666667,75.5349194791827,0.632034401122417,0.0124915542466526,19707.4337521084,246.176477776774
3592,0.132,0.306666666666667,75.535128166257,0.632047042936749,0.0124880755059687,19712.923553282,246.176477776774
3593,0.132,0.306666666666667,75.5353358039456,0.632059607500335,0.0124845987023163,19718.4133544557,246.176477776774
3594,0.132,0.306666666666667,75.5355424031228,0.632072095611402,0.0124811238340781,19723.9031556294,246.176477776774
3595,0.132,0.306666666666667,75.5357479744545,0.632084508057699,0.0124776508996385,19729.3929568031,246.176477776774
3596,0.132,0.306666666666667,75.5359525284025,0.63209684561665,0.0124741798973835,19734.8827579767,246.176477776774
3597,0.132,0.306666666666667,75.5361560752292,0.632109109055517,0.0124707108257013,19740.3725591504,246.176477776774
3598,0.132,0.306666666666667,75.5363586250017,0.632121299131554,0.0124672436829816,19745.8623603241,246.176477776774
3599,0.132,0.306666666666667,75.5365601875962,0.632133416592161,0.0124637784676159,19751.3521614978,246.176477776774
3600,0.132,0.306666666666667,75.5367607727016,0.632145462175032,0.0124603151779976,19756.8419626714,246.176477776774
3601,0.132,0.306666666666667,75.536960389824,0.632157436608304,0.0124568538125218,19762.3317638451,246.176477776774
3602,0.132,0.306666666666667,75.5371590482903,0.632169340610698,0.0124533943695854,19767.8215650188,246.176477776774
3603,0.132,0.306666666666667,75.5373567572522,0.632181174891668,0.0124499368475872,19773.3113661925,246.176477776774
3604,0.132,0.306666666666667,75.5375535256896,0.632192940151535,0.0124464812449276,19778.8011673661,246.176477776774
3605,0.132,0.306666666666667,75.5377493624147,0.632204637081624,0.0124430275600088,19784.2909685398,246.176477776774
3606,0.132,0.306666666666667,75.537944276075,0.632216266364403,0.0124395757912349,19789.7807697135,246.176477776774
3607,0.132,0.306666666666667,75.5381382751572,0.632227828673613,0.0124361259370117,19795.2705708872,246.176477776774
3608,0.132,0.306666666666667,75.5383313679903,0.632239324674395,0.0124326779957467,19800.7603720608,246.176477776774
3609,0.132,0.306666666666667,75.5385235627491,0.632250755023425,0.0124292319658493,19806.2501732345,246.176477776774
3610,0.132,0.306666666666667,75.5387148674575,0.632262120369032,0.0124257878457305,19811.7399744082,246.176477776774
3611,0.132,0.306666666666667,75.5389052899911,0.632273421351327,0.0124223456338032,19817.2297755818,246.176477776774
3612,0.132,0.306666666666667,75.5390948380811,0.632284658602323,0.012418905328482,19822.7195767555,246.176477776774
3613,0.132,0.306666666666667,75.5392835193167,0.63229583274605,0.0124154669281833,19828.2093779292,246.176477776774
3614,0.132,0.306666666666667,75.5394713411483,0.632306944398679,0.0124120304313252,19833.6991791029,246.176477776774
3615,0.132,0.306666666666667,75.5396583108903,0.632317994168634,0.0124085958363275,19839.1889802765,246.176477776774
3616,0.132,0.306666666666667,75.539844435724,0.632328982656703,0.0124051631416119,19844.6787814502,246.176477776774
3617,0.132,0.306666666666667,75.5400297227003,0.632339910456153,0.0124017323456018,19850.1685826239,246.176477776774
3618,0.132,0.306666666666667,75.5402141787422,0.632350778152836,0.0123983034467221,19855.6583837976,246.176477776774
3619,0.132,0.306666666666667,75.5403978106479,0.632361586325302,0.0123948764433999,19861.1481849712,246.176477776774
3620,0.132,0.306666666666667,75.5405806250929,0.632372335544897,0.0123914513340636,19866.6379861449,246.176477776774
3621,0.132,0.306666666666667,75.5407626286327,0.632383026375876,0.0123880281171437,19872.1277873186,246.176477776774
3622,0.132,0.306666666666667,75.5409438277054,0.632393659375495,0.0123846067910721,19877.6175884923,246.176477776774
3623,0.132,0.306666666666667,75.5411242286339,0.63240423509412,0.0123811873542826,19883.1073896659,246.176477776774
3624,0.132,0.306666666666667,75.5413038376283,0.632414754075323,0.0123777698052108,19888.5971908396,246.176477776774
3625,0.132,0.306666666666667,75.5414826607882,0.632425216855979,0.0123743541422939,19894.0869920133,246.176477776774
3626,0.132,0.306666666666667,75.541660704105,0.63243562396636,0.0123709403639709,19899.576793187,246.176477776774
3627,0.132,0.306666666666667,75.541837973464,0.632445975930231,0.0123675284686824,19905.0665943606,246.176477776774
3628,0.132,0.306666666666667,75.5420144746468,0.632456273264944,0.012364118454871,19910.5563955343,246.176477776774
3629,0.132,0.306666666666667,75.5421902133331,0.632466516481525,0.0123607103209806,19916.046196708,246.176477776774
3630,0.132,0.306666666666667,75.5423651951029,0.632476706084765,0.0123573040654572,19921.5359978816,246.176477776774
3631,0.132,0.306666666666667,75.5425394254385,0.63248684257331,0.0123538996867483,19927.0257990553,246.176477776774
3632,0.132,0.306666666666667,75.5427129097266,0.632496926439746,0.0123504971833032,19932.515600229,246.176477776774
3633,0.132,0.306666666666667,75.5428856532599,0.632506958170683,0.0123470965535728,19938.0054014027,246.176477776774
3634,0.132,0.306666666666667,75.5430576612394,0.632516938246841,0.0123436977960098,19943.4952025763,246.176477776774
3635,0.132,0.306666666666667,75.5432289387761,0.632526867143129,0.0123403009090687,19948.98500375,246.176477776774
3636,0.132,0.306666666666667,75.5433994908924,0.632536745328731,0.0123369058912055,19954.4748049237,246.176477776774
3637,0.132,0.306666666666667,75.5435693225247,0.632546573267183,0.0123335127408779,19959.9646060974,246.176477776774
3638,0.132,0.306666666666667,75.5437384385243,0.632556351416449,0.0123301214565455,19965.454407271,246.176477776774
3639,0.132,0.306666666666667,75.5439068436599,0.632566080229004,0.0123267320366695,19970.9442084447,246.176477776774
3640,0.132,0.306666666666667,75.5440745426182,0.632575760151904,0.0123233444797126,19976.4340096184,246.176477776774
3641,0.132,0.306666666666667,75.5442415400067,0.632585391626866,0.0123199587841395,19981.9238107921,246.176477776774
3642,0.132,0.306666666666667,75.5444078403546,0.632594975090337,0.0123165749484164,19987.4136119657,246.176477776774
3643,0.132,0.306666666666667,75.5445734481144,0.632604510973571,0.0123131929710112,19992.9034131394,246.176477776774
3644,0.132,0.306666666666667,75.5447383676637,0.632613999702696,0.0123098128503936,19998.3932143131,246.176477776774
3645,0.132,0.306666666666667,75.5449026033063,0.632623441698786,0.0123064345850347,20003.8830154868,246.176477776774
3646,0.132,0.306666666666667,75.5450661592742,0.632632837377932,0.0123030581734076,20009.3728166604,246.176477776774
3647,0.132,0.306666666666667,75.5452290397284,0.632642187151307,0.012299683613987,20014.8626178341,246.176477776774
3648,0.132,0.306666666666667,75.545391248761,0.632651491425234,0.012296310905249,20020.3524190078,246.176477776774
3649,0.132,0.306666666666667,75.545552790396,0.632660750601251,0.0122929400456718,20025.8422201815,246.176477776774
3650,0.132,0.306666666666667,75.5457136685908,0.632669965076179,0.012289571033735,20031.3320213551,246.176477776774
