"t","EIR_tot","slide_prev0to5","prop_killed_ivm","mv_dead","mvx_dead"
1,139.064941546028,0.624000884168645,NA,0,0
2,155.301922069117,0.624000884168645,0,5.48980117367367,0
3,165.396932374327,0.624000884168645,0,10.9796023473473,0
4,170.628680375287,0.624000884168645,0,16.469403521021,0
5,172.107017999068,0.624000884168645,0,21.9592046946947,0
6,170.88464781686,0.624000884168645,0,27.4490058683683,0
7,168.001822410892,0.624000884168645,0,32.938807042042,0
8,164.410457339635,0.624000884168645,0,38.4286082157157,0
9,160.849731937589,0.624000884168645,0,43.9184093893894,0
10,157.774868919952,0.624000884168645,0,49.408210563063,0
11,155.372639733286,0.624000884168645,0,54.8980117367367,0
12,153.638646732434,0.624000884168645,0,60.3878129104104,0
13,152.46636125674,0.6239998285345,0,65.877614084084,0
14,151.716437928387,0.624317235509937,0,71.3674152577577,0
15,151.258954743891,0.625066412841597,0,76.8572164314314,0
16,150.991169717605,0.626000019248187,0,82.347017605105,0
17,150.840011449094,0.626946097531891,0,87.8368187787787,0
18,150.757386470864,0.627793275661552,0,93.3266199524524,0
19,150.713499641233,0.628481067987851,0,98.8164211261261,0
20,150.69078172331,0.628990773407949,0,104.3062222998,0
21,150.679291723356,0.629334263118206,0,109.796023473473,0
22,150.673601812898,0.629541256939527,0,115.285824647147,0
23,150.670837708104,0.629647725265636,0,120.775625820821,0
24,150.669518308436,0.629687619907302,0,126.265426994494,0
25,150.668898620706,0.6296884925428,0,131.755228168168,0
26,150.668611848197,0.629670287787318,0,137.245029341842,0
27,150.668480958912,0.629646052480298,0,142.734830515515,0
28,150.668422100664,0.629623480726238,0,148.224631689189,0
29,150.668400156989,0.629606549174977,0,153.714432862863,0
30,150.668436130287,0.629596880960484,0,159.204234036536,0
31,150.668697469813,0.629594737471763,0,164.69403521021,0
32,150.669652918341,0.629599671139815,0,170.183836383884,0
33,150.672174728436,0.62961092123429,0,175.673637557557,0
34,150.677464701157,0.629627635799902,0,181.163438731231,0
35,150.686792631228,0.629648985365806,0,186.653239904905,0
36,150.701153951656,0.629674214024153,0,192.143041078578,0
37,150.720989071071,0.629702656647617,0,197.632842252252,0
38,150.746058653072,0.629733739170989,0,203.122643425926,0
39,150.77549237186,0.629766971340593,0,208.612444599599,0
40,150.807967037173,0.629801936820921,0,214.102245773273,0
41,150.841944140095,0.629838283059948,0,219.592046946947,0
42,150.875900611203,0.629875712414894,0,225.08184812062,0
43,150.908508200116,0.629913976550282,0,230.571649294294,0
44,150.938741966691,0.629952876445185,0,236.061450467968,0
45,150.965919390884,0.629992267678187,0,241.551251641641,0
46,150.989684787505,0.630032066174674,0,247.041052815315,0
47,151.009958613307,0.630072247677668,0,252.530853988989,0
48,151.026870606012,0.630112836790054,0,258.020655162662,0
49,151.040691367144,0.630153886451521,0,263.510456336336,0
50,151.051771888919,0.630195452824977,0,269.00025751001,0
51,151.060495522579,0.630237571867371,0,274.490058683683,0
52,151.067243444388,0.630280242610924,0,279.979859857357,0
53,151.07237230006,0.63032341956615,0,285.469661031031,0
54,151.076201683755,0.63036701401927,0,290.959462204704,0
55,151.079008859772,0.630410902149536,0,296.449263378378,0
56,151.081028345222,0.630454937052954,0,301.939064552052,0
57,151.082454463948,0.630498961843243,0,307.428865725726,0
58,151.083445462142,0.630542821609568,0,312.918666899399,0
59,151.084128241784,0.630586372882783,0,318.408468073073,0
60,151.08460311218,0.630629490059579,0,323.898269246746,0
61,151.084948233652,0.630672068870118,0,329.38807042042,0
62,151.0852235963,0.63071402735549,0,334.877871594094,0
63,151.085474493422,0.630755304994319,0,340.367672767767,0
64,151.085734513898,0.630795860628213,0,345.857473941441,0
65,151.086028094659,0.63083566974435,0,351.347275115115,0
66,151.086372680635,0.630874721549136,0,356.837076288789,0
67,151.086780519048,0.630913016125402,0,362.326877462462,0
68,151.087260102115,0.630950561853863,0,367.816678636136,0
69,151.087817267879,0.630987373186484,0,373.30647980981,0
70,151.088455971982,0.631023468795429,0,378.796280983483,0
71,151.089178763127,0.631058870084421,0,384.286082157157,0
72,151.089987012425,0.63109360002407,0,389.775883330831,0
73,151.090880964176,0.631127682265915,0,395.265684504504,0
74,151.091859682654,0.631161140487917,0,400.755485678178,0
75,151.092920965676,0.631193997926893,0,406.245286851851,0
76,151.094061282664,0.631226277060394,0,411.735088025525,0
77,151.095275775731,0.631257999405467,0,417.224889199199,0
78,151.096558341523,0.631289185407933,0,422.714690372873,0
79,151.097901792925,0.631319854400337,0,428.204491546546,0
80,151.099298085885,0.631350024609619,0,433.69429272022,0
81,151.100738588377,0.631379713198499,0,439.184093893894,0
82,151.10221436617,0.631408936326452,0,444.673895067567,0
83,151.103716461286,0.63143770921848,0,450.163696241241,0
84,151.105236144333,0.631466046232577,0,455.653497414915,0
85,151.106765127193,0.63149396091967,0,461.143298588588,0
86,151.108295729034,0.631521466072821,0,466.633099762262,0
87,151.10982099389,0.631548573765262,0,472.122900935936,0
88,151.111334762019,0.63157529537893,0,477.612702109609,0
89,151.112831700427,0.631601641626519,0,483.102503283283,0
90,151.114307299186,0.63162762257064,0,488.592304456957,0
91,151.115757841037,0.631653247643438,0,494.08210563063,0
92,151.117180351381,0.631678525669342,0,499.571906804304,0
93,151.118572535237,0.631703464892667,0,505.061707977978,0
94,151.119932706665,0.631728073010677,0,510.551509151651,0
95,151.121259715196,0.631752357211891,0,516.041310325325,0
96,151.122552872774,0.631776324218629,0,521.531111498999,0
97,151.123811883683,0.631799980332378,0,527.020912672672,0
98,151.125036779295,0.631823331480402,0,532.510713846346,0
99,151.126227858636,0.631846383261963,0,538.00051502002,0
100,148.701854052991,0.631869140992792,0,543.493770471897,0
101,136.832224992712,0.631891609746625,0,552.095959716031,0
102,125.879043789044,0.63191379439302,0,560.10301848711,0
103,115.812349509017,0.631935699630904,0,567.619611097108,0
104,106.559840366012,0.631957330017642,0,574.741066420827,0
105,98.0563419080101,0.631978689993617,0,581.544156575264,0
106,90.2453650053306,0.631999783902519,0,588.090717040608,0
107,83.0809438049008,0.632020616007642,0,594.430555071155,0
108,76.528004784853,0.632041190504627,0,600.603794449388,0
109,70.5603132226692,0.632061511531034,0,606.642759443988,0
110,65.1565990966109,0.632081583173279,0,612.573493981403,0
111,60.296335979676,0.63210140947132,0,618.416983538085,0
112,55.9564867646243,0.632076281958073,0,624.190138562943,0
113,52.1098088547073,0.630984229332314,0,629.906587508142,0
114,48.7246484766944,0.629571919691898,0,635.577314422062,0
115,45.7655592989505,0.627915045009633,0,641.211172806525,0
116,43.1917561200721,0.62606608292158,0,646.815299569934,0
117,40.9498530663315,0.62406435124529,0,652.39544821419,0
118,38.9707143152619,0.621939952362759,0,657.956257562295,0
119,37.1829589165379,0.619716349486502,0,663.501467817537,0
120,35.5338639638795,0.617412240222829,0,669.034094992856,0
121,34.000014693037,0.615042950873632,0,674.556571357267,0
122,32.5826989478776,0.61262144269178,0,680.070858546944,0
123,31.2950865285785,0.610158989460965,0,685.578538751776,0
124,30.1501470807335,0.607665593333133,0,691.080888228882,0
125,29.1538094353869,0.605150214562082,0,696.578936557159,0
126,28.3033833593129,0.602620885941977,0,702.073514372999,0
127,27.5891755238091,0.60008476609772,0,707.565291861053,0
128,26.9972276392974,0.597548129974787,0,713.054809795385,0
129,26.5119163851531,0.595016151393081,0,718.542504571355,0
130,26.1178575729553,0.592492410184975,0,724.028728377494,0
131,25.8009522751442,0.589978530979424,0,729.513765464762,0
132,25.5487055616386,0.587474474814886,0,734.997845269793,0
133,25.3501420650444,0.584979428913528,0,740.481153004461,0
134,25.1956260418932,0.582492796963459,0,745.96383819126,0
135,25.0767385875622,0.580014836029449,0,751.446021549071,0
136,24.9862216495411,0.577546804185627,0,756.927800548925,0
137,24.917940829558,0.575090744735977,0,762.409253898969,0
138,24.8668256924277,0.572649117730299,0,767.890445161356,0
139,24.8287740913428,0.570224444856618,0,773.371425670288,0
140,24.8005289138412,0.567819050730482,0,778.852236887344,0
141,24.7795438633592,0.565434917795939,0,784.332912303219,0
142,24.7638533971241,0.563073636567796,0,789.813478972482,0
143,24.7519566324262,0.56073641851398,0,795.293958751827,0
144,24.7427193059692,0.558424137558562,0,800.774369299918,0
145,24.7352939700975,0.556137375925741,0,806.254724884823,0
146,24.7290563902912,0.553876464354013,0,811.73503703607,0
147,24.7235551973838,0.551641516944916,0,817.215315070808,0
148,24.7184716377445,0.54943246410835,0,822.695566518784,0
149,24.7135868370271,0.547249085684276,0,828.175797465633,0
150,24.7087548921228,0.545091043989228,0,833.656012830237,0
151,24.7038811051519,0.542957915173855,0,839.136216588604,0
152,24.6989052660028,0.540849217148893,0,844.616411954733,0
153,24.6937900081818,0.538764432959029,0,850.096601526775,0
154,24.6885138841902,0.536703029273265,0,855.576787405141,0
155,24.6830682691189,0.534664470325759,0,861.056971287888,0
156,24.6774567653778,0.532648227963474,0,866.537154547799,0
157,24.6716957049805,0.530653788570154,0,872.017338294691,0
158,24.6658145914706,0.528680657582283,0,877.497523425777,0
159,24.6598557596417,0.526728362220779,0,882.977710666351,0
160,24.6538729966646,0.524796452897981,0,888.457900602678,0
161,24.6479292389326,0.52288450362576,0,893.9380937086,0
162,24.6420936670498,0.520992111647542,0,899.418290367037,0
163,24.6364385821895,0.519118896480982,0,904.898490887354,0
164,24.6310364023384,0.517264498546922,0,910.378695519414,0
165,24.6259570144955,0.515428577571251,0,915.858904464964,0
166,24.6212656136833,0.513610810949011,0,921.339117886815,0
167,24.6170210780376,0.511810892238185,0,926.819335916272,0
168,24.6132748702298,0.510028529895724,0,932.299558659139,0
169,24.6100704184136,0.508263446297565,0,937.779786200601,0
170,24.6074429119217,0.506515377021539,0,943.260018609158,0
171,24.6054194410522,0.504784070327973,0,948.74025593979,0
172,24.6040194063362,0.503069286753567,0,954.220498236537,0
173,24.6032551244839,0.501370798736415,0,959.700745534592,0
174,24.6031325630274,0.499688390208893,0,965.180997861995,0
175,24.6036521451521,0.498021856120116,0,970.661255240976,0
176,24.604809574405,0.496371001874286,0,976.141517689064,0
177,24.6065966408304,0.494735642688539,0,981.621785219987,0
178,24.60900197992,0.493115602886185,0,987.102057844411,0
179,24.612011766218,0.491510715146906,0,992.582335570497,0
180,24.6156103303881,0.489920819738047,0,998.062618404384,0
181,24.6197806959192,0.488345763748665,0,1003.54290635058,0
182,24.6245050356477,0.486785400345789,0,1009.02319941227,0
183,24.6297650520116,0.485239588068482,0,1014.50349759159,0
184,24.6355422867672,0.483708190172487,0,1019.98380088977,0
185,24.6418183677994,0.482191074033391,0,1025.46410930735,0
186,24.6485752009917,0.480688110613082,0,1030.94442284432,0
187,24.6557951155857,0.479199173990712,0,1036.4247415002,0
188,24.6634609713233,0.477724140957644,0,1041.90506527413,0
189,24.6715562351012,0.476262890672927,0,1047.38539416494,0
190,24.6800650337171,0.474815304374623,0,1052.86572817124,0
191,24.688972188273,0.473381265141029,0,1058.34606729144,0
192,24.6982632348777,0.471960657696333,0,1063.82641152377,0
193,24.707924434945,0.470553368254469,0,1069.30676086634,0
194,24.7179427772579,0.46915928439527,0,1074.78711531718,0
195,24.7283059732578,0.467778294967123,0,1080.2674748742,0
196,24.7390024467868,0.466410290011694,0,1085.74783953527,0
197,24.7500213188958,0.465055160706271,0,1091.22820929818,0
198,24.7613523880784,0.463712799319963,0,1096.7085841607,0
199,24.7729861062992,0.462383099180247,0,1102.18896412057,0
200,24.7849135515391,0.461065954647818,0,1107.66934917547,0
201,24.7971263973636,0.459761261097642,0,1113.14973932308,0
202,24.8096168800013,0.458468914904592,0,1118.63013456106,0
203,24.8223777635189,0.45718881343221,0,1124.11053488707,0
204,24.8354023040185,0.455920855024164,0,1129.59094029873,0
205,24.8486842134826,0.454664938997712,0,1135.07135079367,0
206,24.8622176237685,0.453420965638618,0,1140.55176636952,0
207,24.8759970512727,0.452188836196895,0,1146.03218702389,0
208,24.8900173629729,0.450968452883434,0,1151.5126127544,0
209,24.9042737442046,0.449759718867194,0,1156.99304355865,0
210,24.918761668333,0.448562538272578,0,1162.47347943425,0
211,24.9334768685165,0.447376816176569,0,1167.95392037883,0
212,24.9484153118713,0.44620245860572,0,1173.43436638998,0
213,24.9635731760493,0.445039372532751,0,1178.91481746532,0
214,24.9789468280573,0.443887465872474,0,1184.39527360245,0
215,24.9945328052721,0.442746647476767,0,1189.875734799,0
216,25.0103277986829,0.441616827128771,0,1195.35620105257,0
217,25.0263286381948,0.440497915536247,0,1200.83667236078,0
218,25.0425322796685,0.439389824323898,0,1206.31714872124,0
219,25.0589357935935,0.438292466024621,0,1211.79763013159,0
220,25.0755363553225,0.437205754069954,0,1217.27811658942,0
221,25.0923312366866,0.436129602779772,0,1222.75860809238,0
222,25.109317798655,0.435063927351145,0,1228.23910463807,0
223,25.1264934849993,0.434008643846464,0,1233.71960622414,0
224,25.1438558168843,0.432963669181109,0,1239.20011284821,0
225,25.161402388262,0.431928921110777,0,1244.6806245079,0
226,25.1791308617786,0.430904318218377,0,1250.16114120087,0
227,25.1970389652449,0.429889779900653,0,1255.64166292473,0
228,25.2151244886107,0.428885226354784,0,1261.12218967713,0
229,25.2333852813727,0.427890578565019,0,1266.6027214557,0
230,25.2518192501764,0.426905758289235,0,1272.0832582581,0
231,25.2704243567314,0.425930688045595,0,1277.56380008197,0
232,25.2891986159883,0.424965291099461,0,1283.04434692494,0
233,25.3081400945312,0.424009491450587,0,1288.52489878468,0
234,25.3272469089954,0.423063213820425,0,1294.00545565883,0
235,25.3465172246611,0.422126383639744,0,1299.48601754505,0
236,25.3659492541788,0.421198927036618,0,1304.96658444099,0
237,25.3855412563739,0.420280770824796,0,1310.44715634431,0
238,25.4052915350013,0.419371842492244,0,1315.92773325268,0
239,25.4251984376007,0.418472070190074,0,1321.40831516376,0
240,25.4452603544201,0.417581382721884,0,1326.88890207519,0
241,25.4654757173317,0.416699709533441,0,1332.36949398467,0
242,25.4858429986867,0.415826980702561,0,1337.85009088986,0
243,25.5063607102329,0.414963126929376,0,1343.33069278842,0
244,25.5270274020777,0.414108079526979,0,1348.81129967803,0
245,25.547841661597,0.41326177041236,0,1354.29191155638,0
246,25.5688021123077,0.412424132097515,0,1359.77252842113,0
247,25.5899074127902,0.411595097680916,0,1365.25315026997,0
248,25.6111562556581,0.410774600839322,0,1370.73377710057,0
249,25.6325473664486,0.409962575819776,0,1376.21440891063,0
250,25.6540795025219,0.409158957431783,0,1381.69504569784,0
251,25.6757514520093,0.408363681039799,0,1387.17568745987,0
252,25.6975620328116,0.407576682555998,0,1392.65633419442,0
253,25.719510091514,0.406797898433152,0,1398.13698589919,0
254,25.7415945023513,0.406027265657679,0,1403.61764257187,0
255,25.7638141662276,0.40526472174296,0,1409.09830421015,0
256,25.7861680097743,0.404510204722874,0,1414.57897081174,0
257,25.808654984342,0.403763653145371,0,1420.05964237434,0
258,25.8312740650655,0.403025006066223,0,1425.54031889566,0
259,25.8540242499925,0.402294203043006,0,1431.02100037338,0
260,25.8769045592211,0.401571184129216,0,1436.50168680524,0
261,25.8999140340064,0.400855889868406,0,1441.98237818894,0
262,25.9230517359435,0.400148261288498,0,1447.46307452218,0
263,25.9463167462203,0.399448239896287,0,1452.94377580268,0
264,25.9697081648433,0.398755767672013,0,1458.42448202816,0
265,25.9932251098743,0.398070787063959,0,1463.90519319635,0
266,26.016866716736,0.397393240983215,0,1469.38590930494,0
267,26.0406321375824,0.396723072798611,0,1474.86663035167,0
268,26.0645205406153,0.396060226331649,0,1480.34735633427,0
269,26.0885311094494,0.395404645851494,0,1485.82808725046,0
270,26.1126630425353,0.394756276070121,0,1491.30882309797,0
271,26.1369155526256,0.394115062137599,0,1496.78956387452,0
272,26.1612878661865,0.393480949637329,0,1502.27030957785,0
273,26.1857792228734,0.392853884581381,0,1507.7510602057,0
274,26.2103888750641,0.392233813405982,0,1513.2318157558,0
275,26.2351160873925,0.391620682967085,0,1518.71257622588,0
276,26.259960136256,0.391014440535887,0,1524.1933416137,0
277,26.2849203093854,0.390415033794484,0,1529.67411191699,0
278,26.3099959054676,0.38982241083166,0,1535.15488713348,0
279,26.335186233731,0.389236520138692,0,1540.63566726094,0
280,26.360490613542,0.388657310605146,0,1546.11645229712,0
281,26.385908374053,0.38808473151482,0,1551.59724223974,0
282,26.4114388538921,0.387518732541796,0,1557.07803708657,0
283,26.4370814007924,0.38695926374646,0,1562.55883683537,0
284,26.4628353712654,0.386406275571565,0,1568.03964148389,0
285,26.4887001303184,0.385859718838439,0,1573.52045102988,0
286,26.5146750511795,0.385319544743266,0,1579.0012654711,0
287,26.5407595149791,0.384785704853307,0,1584.48208480533,0
288,26.5669529104831,0.384258151103224,0,1589.96290903031,0
289,26.593254633868,0.383736835791533,0,1595.44373814381,0
290,26.6196640884623,0.383221711577068,0,1600.9245721436,0
291,26.646180684485,0.382712731475417,0,1606.40541102745,0
292,26.6728038388257,0.382209848855487,0,1611.88625479313,0
293,26.69953297486,0.381713017436173,0,1617.36710343841,0
294,26.726367522206,0.381222191282982,0,1622.84795696107,0
295,26.7533069165131,0.380737324804692,0,1628.32881535887,0
296,26.7803505992874,0.380258372750135,0,1633.8096786296,0
297,26.8074980177205,0.379785290205049,0,1639.29054677104,0
298,26.834748624475,0.37931803258886,0,1644.77141978098,0
299,26.862101877513,0.378856555651551,0,1650.25229765718,0
300,26.8895572399604,0.378400815470659,0,1655.73318039743,0
301,26.917114179934,0.377950768448254,0,1661.21406799953,0
302,26.9447721703665,0.377506371307905,0,1666.69496046126,0
303,26.9725306888682,0.377067581091742,0,1672.17585778041,0
304,27.0003892176133,0.376634355157634,0,1677.65675995477,0
305,27.0283472431709,0.376206651176284,0,1683.13766698215,0
306,27.0564042563666,0.375784427128378,0,1688.61857886032,0
307,27.0845597521778,0.375367641301835,0,1694.09949558709,0
308,27.1128132296181,0.374956252289119,0,1699.58041716026,0
309,27.1411641915909,0.374550218984462,0,1705.06134357763,0
310,27.1696121447795,0.374149500581184,0,1710.542274837,0
311,27.1981565995689,0.373754056569131,0,1716.02321093617,0
312,27.2267970699203,0.37336384673206,0,1721.50415187295,0
313,27.2555330732564,0.372978831145026,0,1726.98509764516,0
314,27.284364130379,0.372598970171867,0,1732.46604825058,0
315,27.3132897653953,0.372224224462775,0,1737.94700368704,0
316,27.3423095055975,0.37185455495177,0,1743.42796395236,0
317,27.371422881376,0.371489922854245,0,1748.90892904434,0
318,27.4006294261626,0.371130289664615,0,1754.38989896079,0
319,27.4299286763427,0.370775617153966,0,1759.87087369955,0
320,27.45932017116,0.370425867367651,0,1765.35185325842,0
321,27.4888034526504,0.370081002622981,0,1770.83283763523,0
322,27.5183780655974,0.369740985507016,0,1776.3138268278,0
323,27.5480435574368,0.369405778874267,0,1781.79482083395,0
324,27.5777994781858,0.369075345844435,0,1787.27581965151,0
325,27.6076453804024,0.368749649800249,0,1792.75682327831,0
326,27.637580819127,0.368428654385342,0,1798.23783171217,0
327,27.6676053518017,0.368112323502029,0,1803.71884495094,0
328,27.6977185382199,0.367800621309191,0,1809.19986299242,0
329,27.7279199404993,0.367493512220252,0,1814.68088583447,0
330,27.7582091230086,0.367190960901079,0,1820.16191347492,0
331,27.7885856523102,0.366892932267896,0,1825.64294591161,0
332,27.8190490971305,0.366599391485296,0,1831.12398314236,0
333,27.8495990283228,0.3663103039643,0,1836.60502516503,0
334,27.8802350188004,0.366025635360318,0,1842.08607197746,0
335,27.9109566434982,0.365745351571188,0,1847.56712357748,0
336,27.9417634793571,0.365469418735319,0,1853.04817996294,0
337,27.9726551052692,0.365197803229773,0,1858.5292411317,0
338,28.0036311020306,0.364930471668333,0,1864.0103070816,0
339,28.0346910523207,0.364667390899665,0,1869.49137781047,0
340,28.0658345406805,0.364408528005546,0,1874.97245331619,0
341,28.0970611534563,0.364153850298976,0,1880.45353359661,0
342,28.1283704787713,0.363903325322366,0,1885.93461864956,0
343,28.1597621065188,0.363656920845831,0,1891.41570847292,0
344,28.1912356283201,0.363414604865421,0,1896.89680306453,0
345,28.2227906374864,0.363176345601331,0,1902.37790242227,0
346,28.2544267290054,0.362942111496205,0,1907.85900654397,0
347,28.2861434995298,0.362711871213505,0,1913.34011542752,0
348,28.3179405473298,0.362485593635757,0,1918.82122907077,0
349,28.3498174722729,0.362263247862881,0,1924.30234747159,0
350,28.3817738758238,0.36204480321061,0,1929.78347062783,0
351,28.4138093610108,0.361830229208853,0,1935.26459853739,0
352,28.4459235323952,0.361619495600037,0,1940.74573119811,0
353,28.4781159960654,0.361412572337538,0,1946.22686860787,0
354,28.5103863596298,0.361209429584167,0,1951.70801076454,0
355,28.5427342321783,0.361010037710549,0,1957.189157666,0
356,28.5751592242679,0.360814367293567,0,1962.67030931013,0
357,28.6076609479279,0.360622389114901,0,1968.15146569478,0
358,28.6402390166314,0.360434074159511,0,1973.63262681786,0
359,28.6728930452723,0.360249393614088,0,1979.11379267724,0
360,28.7056226501645,0.360068318865605,0,1984.59496327078,0
361,28.7384274490372,0.359890821499912,0,1990.07613859639,0
362,28.7713070610038,0.359716873300223,0,1995.55731865194,0
363,28.8042611065527,0.359546446245666,0,2001.03850343531,0
364,28.837289207556,0.359379512509942,0,2006.5196929444,0
365,28.8703909872438,0.359216044459893,0,2012.0008871771,0
366,28.9035660701881,0.359056014654067,0,2017.48208613128,0
367,28.9368140823064,0.358899395841375,0,2022.96328980485,0
368,28.9701346508574,0.358746160959778,0,2028.44449819569,0
369,29.0035274044156,0.358596283134869,0,2033.9257113017,0
370,29.0369919728674,0.358449735678533,0,2039.40692912077,0
371,29.0705279874213,0.358306492087694,0,2044.8881516508,0
372,29.1041350805843,0.358166526042973,0,2050.36937888969,0
373,29.1378128861507,0.358029811407347,0,2055.85061083533,0
374,29.1715610392111,0.357896322224914,0,2061.33184748563,0
375,29.2053791761452,0.357766032719646,0,2066.81308883849,0
376,29.2392669346023,0.357638917294063,0,2072.29433489181,0
377,29.2732239535026,0.357514950527997,0,2077.77558564349,0
378,29.3072498730462,0.357394107177417,0,2083.25684109145,0
379,29.3413443346912,0.35727636217316,0,2088.73810123359,0
380,29.3755069811485,0.357161690619679,0,2094.21936606782,0
381,29.409737456393,0.357050067793909,0,2099.70063559204,0
382,29.4440354056534,0.356941469144075,0,2105.18190980417,0
383,29.4784004753981,0.356835870288451,0,2110.66318870213,0
384,29.5128323133423,0.356733247014215,0,2116.14447228381,0
385,29.5473305684521,0.356633575276349,0,2121.62576054715,0
386,29.581894890926,0.356536831196423,0,2127.10705349006,0
387,29.6165249321944,0.356442991061448,0,2132.58835111045,0
388,29.6512203449324,0.356352031322809,0,2138.06965340625,0
389,29.6859807830453,0.35626392859513,0,2143.55096037537,0
390,29.7208059016609,0.356178659655112,0,2149.03227201574,0
391,29.7556953571407,0.356096201440479,0,2154.51358832528,0
392,29.7906488070776,0.356016531048923,0,2159.99490930191,0
393,29.8256659102823,0.355939625736956,0,2165.47623494356,0
394,29.8607463267871,0.355865462918845,0,2170.95756524816,0
395,29.8958897178569,0.355794020165624,0,2176.43890021363,0
396,29.9310957459723,0.355725275203981,0,2181.9202398379,0
397,29.9663640748287,0.355659205915193,0,2187.40158411891,0
398,30.0016943693485,0.355595790334149,0,2192.88293305459,0
399,30.0370862956732,0.355535006648323,0,2198.36428664287,0
400,30.0725395211549,0.355476833196699,0,2203.84564488168,0
401,30.108053714365,0.355421248468789,0,2209.32700776896,0
402,30.143628545098,0.355368231103689,0,2214.80837530264,0
403,30.179263684358,0.355317759889008,0,2220.28974748068,0
404,30.2149588043614,0.355269813759891,0,2225.77112430099,0
405,30.2507135785492,0.355224371798103,0,2231.25250576153,0
406,30.2865276815736,0.355181413231024,0,2236.73389186025,0
407,30.3224007892957,0.35514091743065,0,2242.21528259507,0
408,30.3583325787976,0.355102863912693,0,2247.69667796394,0
409,30.3943227283772,0.355067232335648,0,2253.17807796481,0
410,30.4303709175403,0.35503400249979,0,2258.65948259563,0
411,30.4664768270081,0.355003154346267,0,2264.14089185435,0
412,30.5026401387226,0.354974667956235,0,2269.62230573891,0
413,30.5388605358338,0.354948523549871,0,2275.10372424726,0
414,30.5751377027031,0.354924701485456,0,2280.58514737736,0
415,30.6114713249141,0.354903182258542,0,2286.06657512715,0
416,30.6478610892617,0.354883946501021,0,2291.54800749461,0
417,30.6843066837496,0.354866974980191,0,2297.02944447766,0
418,30.7208077976016,0.354852248597934,0,2302.51088607428,0
419,30.7573641212573,0.354839748389849,0,2307.99233228242,0
420,30.7939753463648,0.354829455524315,0,2313.47378310005,0
421,30.8306411657882,0.354821351301663,0,2318.95523852511,0
422,30.8673612736116,0.354815417153365,0,2324.43669855557,0
423,30.9041353651287,0.354811634641119,0,2329.9181631894,0
424,30.9409631368451,0.354809985456002,0,2335.39963242454,0
425,30.9778442864888,0.354810451417698,0,2340.88110625898,0
426,31.014778512999,0.354813014473624,0,2346.36258469068,0
427,31.0517655165251,0.354817656698069,0,2351.8440677176,0
428,31.0888049984373,0.354824360291433,0,2357.32555533771,0
429,31.1258966613203,0.354833107579416,0,2362.80704754898,0
430,31.1630402089685,0.354843881012141,0,2368.28854434938,0
431,31.2002353463927,0.354856663163397,0,2373.77004573688,0
432,31.2374817798226,0.354871436729878,0,2379.25155170945,0
433,31.2747792166966,0.354888184530319,0,2384.73306226507,0
434,31.3121273656663,0.354906889504725,0,2390.21457740171,0
435,31.3495259366032,0.354927534713648,0,2395.69609711734,0
436,31.3869746405888,0.354950103337359,0,2401.17762140996,0
437,31.4244731899144,0.354974578675054,0,2406.65915027752,0
438,31.4620212980901,0.355000944144156,0,2412.14068371801,0
439,31.4996186798375,0.355029183279533,0,2417.62222172941,0
440,31.5372650510859,0.355059279732694,0,2423.10376430971,0
441,31.57496012898,0.355091217271088,0,2428.58531145688,0
442,31.6127036318777,0.355124979777379,0,2434.06686316891,0
443,31.650495279343,0.355160551248642,0,2439.54841944378,0
444,31.6883347921505,0.355197915795649,0,2445.02998027947,0
445,31.7262218922894,0.355237057642193,0,2450.51154567398,0
446,31.7641563029532,0.355277961124298,0,2455.9931156253,0
447,31.802137748542,0.355320610689489,0,2461.4746901314,0
448,31.8401659546689,0.355364990896151,0,2466.95626919029,0
449,31.8782406481509,0.355411086412764,0,2472.43785279994,0
450,31.9163615570073,0.35545888201717,0,2477.91944095836,0
451,31.9545284104675,0.355508362595929,0,2483.40103366354,0
452,31.992740938964,0.355559513143612,0,2488.88263091347,0
453,32.030998874128,0.355612318762055,0,2494.36423270614,0
454,32.069301948796,0.355666764659711,0,2499.84583903955,0
455,32.1076498970067,0.355722836150991,0,2505.32744991171,0
456,32.1460424539945,0.35578051865552,0,2510.8090653206,0
457,32.1844793561926,0.355839797697478,0,2516.29068526423,0
458,32.2229603412356,0.355900658904986,0,2521.77230974059,0
459,32.2614851479498,0.355963088009365,0,2527.2539387477,0
460,32.3000535163548,0.356027070844476,0,2532.73557228354,0
461,32.3386651876681,0.356092593346124,0,2538.21721034613,0
462,32.377319904296,0.356159641551349,0,2543.69885293347,0
463,32.4160174098322,0.356228201597756,0,2549.18050004356,0
464,32.4547574490633,0.356298259722922,0,2554.66215167441,0
465,32.4935397679618,0.356369802263737,0,2560.14380782403,0
466,32.5323641136819,0.356442815655714,0,2565.62546849042,0
467,32.5712302345643,0.356517286432406,0,2571.1071336716,0
468,32.6101378801322,0.356593201224779,0,2576.58880336558,0
469,32.649086801085,0.356670546760531,0,2582.07047757037,0
470,32.6880767493014,0.356749309863491,0,2587.55215628397,0
471,32.7271074778386,0.356829477453041,0,2593.03383950441,0
472,32.7661787409241,0.35691103654343,0,2598.5155272297,0
473,32.8052902939572,0.356993974243174,0,2603.99721945784,0
474,32.8444418935108,0.357078277754501,0,2609.47891618687,0
475,32.8836332973221,0.357163934372685,0,2614.9606174148,0
476,32.9228642642924,0.357250931485433,0,2620.44232313964,0
477,32.9621345544904,0.35733925657235,0,2625.92403335942,0
478,33.0014439291432,0.357428897204299,0,2631.40574807215,0
479,33.0407921506342,0.357519841042782,0,2636.88746727586,0
480,33.0801789825064,0.357612075839407,0,2642.36919096857,0
481,33.1196041894556,0.357705589435287,0,2647.8509191483,0
482,33.1590675373258,0.35780036976041,0,2653.33265181308,0
483,33.1985687931123,0.357896404833109,0,2658.81438896092,0
484,33.2381077249566,0.357993682759498,0,2664.29613058987,0
485,33.2776841021406,0.358092191732833,0,2669.77787669793,0
486,33.317297695088,0.358191920032989,0,2675.25962728315,0
487,33.3569482753621,0.358292856025915,0,2680.74138234355,0
488,33.3966356156581,0.358394988163013,0,2686.22314187717,0
489,33.4363594898039,0.358498304980597,0,2691.70490588202,0
490,33.4761196727589,0.358602795099381,0,2697.18667435614,0
491,33.5159159406062,0.358708447223872,0,2702.66844729757,0
492,33.5557480705515,0.358815250141809,0,2708.15022470434,0
493,33.5956158409239,0.35892319272369,0,2713.63200657449,0
494,33.6355190311675,0.35903226392216,0,2719.11379290604,0
495,33.6754574218387,0.359142452771469,0,2724.59558369704,0
496,33.7154307946084,0.359253748386986,0,2730.07737894552,0
497,33.7554389322533,0.359366139964629,0,2735.55917864952,0
498,33.7954816186527,0.359479616780308,0,2741.04098280709,0
499,33.8355586387899,0.359594168189447,0,2746.52279141625,0
500,33.8756697787451,0.359709783626444,0,2752.00460447505,0
501,33.9158148256909,0.359826452604106,0,2757.48642198153,0
502,33.9559935678929,0.359944164713176,0,2762.96824393374,0
503,33.9962057947046,0.360062909621818,0,2768.45007032972,0
504,34.0364512965611,0.360182677075052,0,2773.93190116751,0
505,34.0767298649794,0.360303456894281,0,2779.41373644516,0
506,34.1170412925545,0.360425238976802,0,2784.89557616072,0
507,34.1573853729526,0.360548013295244,0,2790.37742031222,0
508,34.1977619009098,0.360671769897089,0,2795.85926889773,0
509,34.2381706722306,0.36079649890421,0,2801.34112191528,0
510,34.2786114837788,0.360922190512315,0,2806.82297936294,0
511,34.3190841334775,0.361048834990464,0,2812.30484123874,0
512,34.3595884203062,0.361176422680625,0,2817.78670754074,0
513,34.4001241442938,0.361304943997131,0,2823.268578267,0
514,34.4406911065155,0.361434389426189,0,2828.75045341556,0
515,34.4812891090922,0.361564749525461,0,2834.23233298448,0
516,34.5219179551827,0.361696014923522,0,2839.71421697182,0
517,34.56257744898,0.361828176319378,0,2845.19610537562,0
518,34.6032673957111,0.361961224482047,0,2850.67799819396,0
519,34.6439876016291,0.362095150250043,0,2856.15989542488,0
520,34.6847378740094,0.362229944530886,0,2861.64179706644,0
521,34.7255180211491,0.362365598300694,0,2867.12370311671,0
522,34.7663278523595,0.362502102603685,0,2872.60561357374,0
523,34.8071671779618,0.362639448551684,0,2878.08752843559,0
524,34.8480358092866,0.362777627323723,0,2883.56944770033,0
525,34.8889335586665,0.362916630165558,0,2889.05137136602,0
526,34.9298602394316,0.363056448389181,0,2894.53329943072,0
527,34.9708156659083,0.36319707337242,0,2900.0152318925,0
528,35.0117996534132,0.363338496558477,0,2905.49716874942,0
529,35.0528120182472,0.363480709455442,0,2910.97910999954,0
530,35.0938525776948,0.363623703635891,0,2916.46105564094,0
531,35.1349211500182,0.36376747073645,0,2921.94300567168,0
532,35.176017554451,0.363912002457303,0,2927.42496008983,0
533,35.2171416111971,0.364057290561798,0,2932.90691889345,0
534,35.2582931414254,0.364203326876025,0,2938.38888208063,0
535,35.2994719672634,0.364350103288334,0,2943.87084964943,0
536,35.3406779117952,0.364497611748933,0,2949.35282159792,0
537,35.3819107990572,0.364645844269488,0,2954.83479792418,0
538,35.4231704540313,0.364794792922647,0,2960.31677862627,0
539,35.4644567026423,0.364944449841634,0,2965.79876370227,0
540,35.5057693717544,0.365094807219872,0,2971.28075315027,0
541,35.5471082891637,0.365245857310504,0,2976.76274696832,0
542,35.5884732835961,0.365397592425995,0,2982.24474515451,0
543,35.6298641847032,0.365550004937765,0,2987.72674770692,0
544,35.6712808230554,0.36570308727572,0,2993.20875462363,0
545,35.7127230301389,0.365856831927855,0,2998.6907659027,0
546,35.7541906383523,0.366011231439894,0,3004.17278154223,0
547,35.7956834809995,0.366166278414837,0,3009.6548015403,0
548,35.8372013922866,0.366321965512558,0,3015.13682589497,0
549,35.8787442073183,0.366478285449461,0,3020.61885460435,0
550,35.9203117620912,0.366635230998032,0,3026.10088766651,0
551,35.96190389349,0.366792794986443,0,3031.58292507952,0
552,36.0035204392846,0.366950970298212,0,3037.06496684149,0
553,36.045161238123,0.367109749871769,0,3042.54701295049,0
554,36.0868261295275,0.367269126700059,0,3048.02906340461,0
555,36.1285149538917,0.367429093830219,0,3053.51111820193,0
556,36.1702275524738,0.367589644363139,0,3058.99317734055,0
557,36.2119637673922,0.367750771453082,0,3064.47524081855,0
558,36.2537234416229,0.367912468307359,0,3069.95730863401,0
559,36.2955064189925,0.368074728185906,0,3075.43938078505,0
560,36.3373125441741,0.368237544400906,0,3080.92145726972,0
561,36.3791416626845,0.368400910316467,0,3086.40353808615,0
562,36.4209936208771,0.368564819348214,0,3091.88562323241,0
563,36.462868265938,0.368729264962911,0,3097.36771270659,0
564,36.504765445883,0.368894240678147,0,3102.84980650679,0
565,36.5466850095509,0.369059740061941,0,3108.33190463111,0
566,36.588626806599,0.369225756732361,0,3113.81400707764,0
567,36.6305906875005,0.369392284357222,0,3119.29611384447,0
568,36.6725765035376,0.369559316653698,0,3124.77822492971,0
569,36.7145841067974,0.369726847387945,0,3130.26034033144,0
570,36.7566133501685,0.369894870374808,0,3135.74246004778,0
571,36.7986640873351,0.370063379477437,0,3141.22458407681,0
572,36.840736172772,0.370232368606919,0,3146.70671241663,0
573,36.882829461742,0.37040183172199,0,3152.18884506535,0
574,36.9249438102894,0.370571762828657,0,3157.67098202107,0
575,36.9670790752353,0.370742155979842,0,3163.15312328189,0
576,37.009235114175,0.370913005275087,0,3168.63526884591,0
577,37.0514117854714,0.371084304860201,0,3174.11741871123,0
578,37.0936089482504,0.371256048926891,0,3179.59957287596,0
579,37.1358264623982,0.371428231712492,0,3185.08173133821,0
580,37.1780641885549,0.371600847499602,0,3190.56389409607,0
581,37.2203219881101,0.371773890615738,0,3196.04606114766,0
582,37.2625997231995,0.371947355433055,0,3201.52823249107,0
583,37.3048972566991,0.372121236367998,0,3207.01040812443,0
584,37.3472144522209,0.372295527880962,0,3212.49258804583,0
585,37.3895511741092,0.372470224476014,0,3217.97477225339,0
586,37.4319072874349,0.372645320700558,0,3223.45696074522,0
587,37.4742826579913,0.372820811144991,0,3228.93915351942,0
588,37.5166771522903,0.372996690442442,0,3234.4213505741,0
589,37.5590906375572,0.373172953268435,0,3239.90355190739,0
590,37.6015229817257,0.373349594340555,0,3245.38575751738,0
591,37.6439740534348,0.373526608418194,0,3250.8679674022,0
592,37.6864437220233,0.373703990302214,0,3256.35018155995,0
593,37.7289318575252,0.373881734834628,0,3261.83239998876,0
594,37.7714383306662,0.374059836898345,0,3267.31462268674,0
595,37.8139630128584,0.374238291416842,0,3272.796849652,0
596,37.8565057761958,0.374417093353847,0,3278.27908088265,0
597,37.899066493451,0.374596237713099,0,3283.76131637683,0
598,37.9416450380692,0.374775719538014,0,3289.24355613264,0
599,37.9842412841648,0.374955533911386,0,3294.7258001482,0
600,38.0268551065173,0.375135675955142,0,3300.20804842164,0
601,38.069486380566,0.375316140830022,0,3305.69030095107,0
602,38.1121349824059,0.375496923735279,0,3311.17255773462,0
603,38.154800788784,0.375678019908447,0,3316.6548187704,0
604,38.1974836770945,0.375859424625019,0,3322.13708405653,0
605,38.2401835253741,0.376041133198162,0,3327.61935359115,0
606,38.2829002122986,0.376223140978481,0,3333.10162737237,0
607,38.3256336171777,0.376405443353708,0,3338.58390539832,0
608,38.3683836199515,0.376588035748422,0,3344.06618766712,0
609,38.411150101186,0.376770913623823,0,3349.5484741769,0
610,38.4539329420683,0.376954072477416,0,3355.03076492578,0
611,38.4967320244033,0.377137507842744,0,3360.51305991189,0
612,38.5395472306091,0.37732121528917,0,3365.99535913336,0
613,38.5823784437126,0.377505190421557,0,3371.47766258832,0
614,38.6252255473455,0.37768942888002,0,3376.95997027489,0
615,38.6680884257406,0.377873926339699,0,3382.4422821912,0
616,38.7109669637267,0.378058678510454,0,3387.92459833539,0
617,38.7538610467253,0.378243681136622,0,3393.40691870558,0
618,38.7967705607465,0.37842892999679,0,3398.88924329992,0
619,38.8396953923845,0.3786144209035,0,3404.37157211652,0
620,38.8826354288134,0.378800149703011,0,3409.85390515351,0
621,38.9255905577842,0.378986112275076,0,3415.33624240905,0
622,38.9685606676194,0.379172304532649,0,3420.81858388125,0
623,39.0115456472101,0.379358722421665,0,3426.30092956826,0
624,39.0545453860117,0.379545361920805,0,3431.7832794682,0
625,39.0975597740392,0.37973221904122,0,3437.26563357922,0
626,39.1405887018647,0.379919289826311,0,3442.74799189945,0
627,39.1836320606123,0.380106570351507,0,3448.23035442703,0
628,39.2266897419544,0.380294056723979,0,3453.71272116009,0
629,39.2697616381086,0.380481745082444,0,3459.19509209678,0
630,39.3128476418327,0.38066963159693,0,3464.67746723523,0
631,39.3559476464216,0.38085771246851,0,3470.15984657358,0
632,39.3990615457035,0.381045983929103,0,3475.64223010998,0
633,39.4421892340356,0.381234442241245,0,3481.12461784256,0
634,39.4853306063008,0.381423083697826,0,3486.60700976946,0
635,39.5284855579038,0.381611904621908,0,3492.08940588884,0
636,39.5716539847673,0.381800901366482,0,3497.57180619883,0
637,39.6148357833282,0.381990070314225,0,3503.05421069757,0
638,39.6580308505343,0.382179407877318,0,3508.53661938321,0
639,39.7012390838402,0.382368910497205,0,3514.01903225389,0
640,39.7444603812039,0.382558574644358,0,3519.50144930776,0
641,39.787694641083,0.382748396818102,0,3524.98387054297,0
642,39.8309417624315,0.382938373546375,0,3530.46629595766,0
643,39.8742016446954,0.383128501385498,0,3535.94872554997,0
644,39.9174741878102,0.383318776920009,0,3541.43115931807,0
645,39.9607592921964,0.383509196762417,0,3546.91359726009,0
646,40.0040568587567,0.383699757552992,0,3552.39603937418,0
647,40.0473667888721,0.383890455959596,0,3557.8784856585,0
648,40.0906889843985,0.384081288677437,0,3563.36093611119,0
649,40.1340233476633,0.384272252428871,0,3568.8433907304,0
650,40.1773697814621,0.384463343963235,0,3574.3258495143,0
651,40.220728189055,0.384654560056602,0,3579.80831246102,0
652,40.2640984741635,0.384845897511599,0,3585.29077956872,0
653,40.307480540967,0.385037353157231,0,3590.77325083556,0
654,40.3508742940994,0.385228923848645,0,3596.25572625969,0
655,40.394279638646,0.385420606466958,0,3601.73820583925,0
656,40.4376964801401,0.385612397919078,0,3607.22068957242,0
657,40.4811247245596,0.385804295137475,0,3612.70317745734,0
658,40.5245642783239,0.385996295080019,0,3618.18566949217,0
659,40.5680150482908,0.386188394729797,0,3623.66816567507,0
660,40.611476941753,0.386380591094889,0,3629.1506660042,0
661,40.6549498664351,0.38657288120822,0,3634.6331704777,0
662,40.6984337304904,0.386765262127367,0,3640.11567909375,0
663,40.741928442498,0.38695773093435,0,3645.5981918505,0
664,40.7854339114592,0.387150284735488,0,3651.08070874611,0
665,40.8289500467949,0.387342920661202,0,3656.56322977875,0
666,40.8724767583423,0.387535635865817,0,3662.04575494656,0
667,40.9160139563518,0.387728427527426,0,3667.52828424772,0
668,40.9595615514842,0.387921292847682,0,3673.01081768038,0
669,41.0031194548076,0.38811422905162,0,3678.49335524271,0
670,41.0466875777943,0.388307233387519,0,3683.97589693288,0
671,41.0902658323181,0.388500303126694,0,3689.45844274904,0
672,41.1338541306512,0.388693435563332,0,3694.94099268936,0
673,41.1774523854613,0.388886628014348,0,3700.42354675201,0
674,41.2210605098088,0.389079877819184,0,3705.90610493515,0
675,41.2646784171441,0.389273182339653,0,3711.38866723694,0
676,41.3083060213042,0.389466538959797,0,3716.87123365557,0
677,41.3519432365105,0.389659945085682,0,3722.35380418918,0
678,41.3955899773659,0.389853398145264,0,3727.83637883595,0
679,41.4392461588515,0.390046895588229,0,3733.31895759406,0
680,41.4829116963248,0.390240434885806,0,3738.80154046166,0
681,41.526586505516,0.390434013530636,0,3744.28412743693,0
682,41.570270502526,0.390627629036611,0,3749.76671851804,0
683,41.6139636038234,0.390821278938689,0,3755.24931370315,0
684,41.6576657262419,0.391014960792781,0,3760.73191299045,0
685,41.7013767869777,0.391208672175571,0,3766.2145163781,0
686,41.745096703587,0.391402410684354,0,3771.69712386427,0
687,41.788825393983,0.39159617393692,0,3777.17973544714,0
688,41.832562776434,0.391789959571372,0,3782.66235112488,0
689,41.8763087695602,0.391983765245978,0,3788.14497089567,0
690,41.9200632923317,0.392177588639052,0,3793.62759475767,0
691,41.9638262640655,0.392371427448772,0,3799.11022270908,0
692,42.0075976044235,0.39256527939305,0,3804.59285474805,0
693,42.0513772334098,0.392759142209401,0,3810.07549087278,0
694,42.0951650713683,0.392953013654767,0,3815.55813108142,0
695,42.1389610389802,0.393146891505401,0,3821.04077537217,0
696,42.1827650572618,0.393340773556729,0,3826.52342374321,0
697,42.2265770475621,0.39353465762318,0,3832.0060761927,0
698,42.2703969315603,0.393728541538077,0,3837.48873271882,0
699,42.3142246312634,0.393922423153494,0,3842.97139331977,0
700,42.3580600690045,0.394116300340096,0,3848.45405799372,0
701,42.4019031674396,0.394310170987042,0,3853.93672673884,0
702,42.4457538495461,0.394504033001819,0,3859.41939955333,0
703,42.4896120386204,0.394697884310114,0,3864.90207643536,0
704,42.533477658275,0.394891722855702,0,3870.38475738312,0
705,42.5773506324374,0.395085546600289,0,3875.86744239478,0
706,42.6212308853473,0.395279353523389,0,3881.35013146853,0
707,42.6651183415543,0.395473141622214,0,3886.83282460256,0
708,42.709012925916,0.395666908911515,0,3892.31552179506,0
709,42.7529145635962,0.395860653423471,0,3897.79822304419,0
710,42.796823180062,0.396054373207575,0,3903.28092834816,0
711,42.8407387010826,0.396248066330478,0,3908.76363770515,0
712,42.8846610527266,0.396441730875893,0,3914.24635111334,0
713,42.9285901613601,0.396635364944465,0,3919.72906857093,0
714,42.9725259536452,0.396828966653628,0,3925.21179007609,0
715,43.0164683565373,0.397022534137518,0,3930.69451562702,0
716,43.0604172972832,0.397216065546832,0,3936.17724522191,0
717,43.1043727034198,0.397409559048701,0,3941.65997885894,0
718,43.1483345027715,0.397603012826599,0,3947.14271653632,0
719,43.1923026234484,0.397796425080201,0,3952.62545825222,0
720,43.2362769938447,0.397989794025269,0,3958.10820400483,0
721,43.2802575426364,0.39818311789356,0,3963.59095379236,0
722,43.3242441987799,0.398376394932677,0,3969.07370761299,0
723,43.3682368915098,0.398569623405978,0,3974.55646546491,0
724,43.4122355503368,0.398762801592466,0,3980.03922734632,0
725,43.4562401050471,0.398955927786651,0,3985.52199325542,0
726,43.5002504856991,0.39914900029847,0,3991.00476319038,0
727,43.5442666226225,0.399342017453165,0,3996.48753714942,0
728,43.5882884464167,0.399534977591157,0,4001.97031513073,0
729,43.6323158879482,0.399727879067969,0,4007.45309713249,0
730,43.6763488783498,0.399920720254096,0,4012.93588315292,0
731,43.7203873490185,0.400113499534896,0,4018.41867319019,0
732,43.7644312316137,0.400306215310511,0,4023.90146724252,0
733,43.8084804580559,0.400498865995728,0,4029.3842653081,0
734,43.8525349605246,0.400691450019892,0,4034.86706738513,0
735,43.8965946714571,0.400883965826812,0,4040.3498734718,0
736,43.9406595235467,0.401076411874634,0,4045.83268356632,0
737,43.9847294497411,0.401268786635758,0,4051.31549766689,0
738,44.0288043832407,0.40146108859674,0,4056.7983157717,0
739,44.0728842574975,0.401653316258165,0,4062.28113787896,0
740,44.1169690062129,0.401845468134584,0,4067.76396398687,0
741,44.1610585633368,0.402037542754392,0,4073.24679409363,0
742,44.2051528630657,0.402229538659727,0,4078.72962819744,0
743,44.2492518398412,0.402421454406396,0,4084.21246629651,0
744,44.2933554283489,0.402613288563755,0,4089.69530838904,0
745,44.3374635635165,0.402805039714621,0,4095.17815447323,0
746,44.3815761805126,0.402996706455191,0,4100.66100454729,0
747,44.4256932147451,0.403188287394922,0,4106.14385860942,0
748,44.4698146018601,0.403379781156458,0,4111.62671665784,0
749,44.51394027774,0.403571186375537,0,4117.10957869073,0
750,44.5580701785029,0.403762501700876,0,4122.59244470632,0
751,44.6022042405002,0.403953725794115,0,4128.07531470281,0
752,44.6463424003162,0.4041448573297,0,4133.5581886784,0
753,44.6904845947662,0.404335894994795,0,4139.0410666313,0
754,44.7346307608953,0.404526837489215,0,4144.52394855973,0
755,44.7787808359773,0.40471768352531,0,4150.00683446189,0
756,44.8229347575131,0.404908431827888,0,4155.48972433599,0
757,44.8670924632294,0.405099081134141,0,4160.97261818024,0
758,44.9112538910781,0.405289630193532,0,4166.45551599285,0
759,44.955418979234,0.405480077767733,0,4171.93841777203,0
760,44.9995876660943,0.405670422630532,0,4177.421323516,0
761,45.0437598902775,0.405860663567736,0,4182.90423322296,0
762,45.0879355906213,0.406050799377113,0,4188.38714689113,0
763,45.1321147061825,0.406240828868286,0,4193.87006451873,0
764,45.1762971762351,0.406430750862654,0,4199.35298610395,0
765,45.2204829402692,0.406620564193328,0,4204.83591164503,0
766,45.2646719379902,0.406810267705025,0,4210.31884114017,0
767,45.3088641093173,0.406999860253999,0,4215.80177458758,0
768,45.3530593943825,0.407189340707971,0,4221.28471198549,0
769,45.3972577335296,0.407378707946025,0,4226.76765333211,0
770,45.441459067313,0.407567960858552,0,4232.25059862565,0
771,45.4856633364963,0.407757098347163,0,4237.73354786433,0
772,45.529870482052,0.4079461193246,0,4243.21650104638,0
773,45.5740804451594,0.408135022714684,0,4248.69945817,0
774,45.6182931672045,0.408323807452217,0,4254.18241923342,0
775,45.6625085897785,0.408512472482907,0,4259.66538423486,0
776,45.7067266546765,0.408701016763314,0,4265.14835317253,0
777,45.7509473038974,0.408889439260742,0,4270.63132604465,0
778,45.7951704796416,0.409077738953192,0,4276.11430284944,0
779,45.8393961243112,0.409265914829281,0,4281.59728358514,0
780,45.8836241805083,0.409453965888153,0,4287.08026824994,0
781,45.9278545910343,0.409641891139431,0,4292.56325684209,0
782,45.9720872988887,0.409829689603131,0,4298.0462493598,0
783,46.0163222472687,0.410017360309582,0,4303.52924580128,0
784,46.0605593795674,0.410204902299379,0,4309.01224616478,0
785,46.1047986393736,0.410392314623288,0,4314.4952504485,0
786,46.1490399704709,0.410579596342187,0,4319.97825865068,0
787,46.1932833168359,0.410766746527002,0,4325.46127076954,0
788,46.2375286226385,0.410953764258619,0,4330.9442868033,0
789,46.2817758322399,0.411140648627837,0,4336.42730675019,0
790,46.3260248901927,0.411327398735288,0,4341.91033060843,0
791,46.3702757412395,0.411514013691363,0,4347.39335837626,0
792,46.4145283303118,0.411700492616165,0,4352.87639005189,0
793,46.4587826025299,0.411886834639421,0,4358.35942563356,0
794,46.5030385032012,0.412073038900424,0,4363.8424651195,0
795,46.5472959778201,0.412259104547978,0,4369.32550850792,0
796,46.5915549720669,0.412445030740308,0,4374.80855579707,0
797,46.6358154318067,0.412630816645018,0,4380.29160698517,0
798,46.6800773030889,0.412816461439019,0,4385.77466207045,0
799,46.7243405321467,0.413001964308454,0,4391.25772105114,0
800,46.7686050653956,0.413187324448655,0,4396.74078392547,0
801,46.8128708494332,0.413372541064063,0,4402.22385069167,0
802,46.857137831038,0.413557613368167,0,4407.70692134798,0
803,46.901405957169,0.413742540583456,0,4413.18999589262,0
804,46.945675174965,0.413927321941338,0,4418.67307432383,0
805,46.9899454317433,0.414111956682088,0,4424.15615663984,0
806,47.0342166749996,0.414296444054792,0,4429.6392428389,0
807,47.0784888524069,0.414480783317271,0,4435.12233291922,0
808,47.1227619118149,0.414664973736037,0,4440.60542687904,0
809,47.1670358012491,0.414849014586227,0,4446.0885247166,0
810,47.2113104689107,0.415032905151533,0,4451.57162643014,0
811,47.255585863175,0.415216644724167,0,4457.05473201789,0
812,47.2998619325913,0.415400232604774,0,4462.53784147808,0
813,47.3441386258823,0.415583668102395,0,4468.02095480896,0
814,47.3884158919428,0.415766950534403,0,4473.50407200876,0
815,47.4326936798399,0.415950079226438,0,4478.98719307571,0
816,47.4769719388115,0.41613305351236,0,4484.47031800807,0
817,47.5212506182662,0.416315872734191,0,4489.95344680406,0
818,47.5655296677826,0.416498536242045,0,4495.43657946192,0
819,47.6098090371081,0.416681043394097,0,4500.9197159799,0
820,47.6540886761593,0.416863393556502,0,4506.40285635623,0
821,47.6983685350202,0.417045586103353,0,4511.88600058915,0
822,47.7426485639423,0.41722762041663,0,4517.36914867692,0
823,47.7869287133442,0.417409495886128,0,4522.85230061775,0
824,47.8312089338101,0.417591211909423,0,4528.33545640991,0
825,47.8754891760898,0.417772767891807,0,4533.81861605163,0
826,47.9197693910983,0.41795416324623,0,4539.30177954115,0
827,47.9640495299147,0.418135397393263,0,4544.78494687671,0
828,48.0083295437818,0.418316469761026,0,4550.26811805657,0
829,48.0526093841057,0.418497379785148,0,4555.75129307896,0
830,48.0968890024548,0.418678126908716,0,4561.23447194214,0
831,48.1411683505598,0.418858710582207,0,4566.71765464433,0
832,48.1854473803125,0.419039130263458,0,4572.2008411838,0
833,48.2297260437659,0.419219385417602,0,4577.68403155878,0
834,48.2740042931332,0.419399475517013,0,4583.16722576752,0
835,48.3182820807871,0.419579400041273,0,4588.65042380828,0
836,48.36255935926,0.4197591584771,0,4594.13362567929,0
837,48.4068360812425,0.419938750318313,0,4599.6168313788,0
838,48.4511121995836,0.420118175065781,0,4605.10004090507,0
839,48.4953876672898,0.42029743222736,0,4610.58325425633,0
840,48.5396624375248,0.420476521317866,0,4616.06647143085,0
841,48.5839364636087,0.420655441859007,0,4621.54969242686,0
842,48.6282096990178,0.420834193379343,0,4627.03291724263,0
843,48.6724820973838,0.42101277541424,0,4632.51614587639,0
844,48.7167536124933,0.421191187505811,0,4637.99937832641,0
845,48.7610241982878,0.421369429202884,0,4643.48261459092,0
846,48.8052938088622,0.421547500060945,0,4648.9658546682,0
847,48.8495623984656,0.421725399642086,0,4654.44909855647,0
848,48.8938299214996,0.421903127514973,0,4659.93234625401,0
849,48.9380963325186,0.422080683254785,0,4665.41559775906,0
850,48.9823615862289,0.422258066443177,0,4670.89885306987,0
851,49.0266256374882,0.422435276668234,0,4676.38211218471,0
852,49.0708884413059,0.422612313524412,0,4681.86537510182,0
853,49.1151499528412,0.422789176612512,0,4687.34864181945,0
854,49.1594101274038,0.422965865539625,0,4692.83191233587,0
855,49.2036689204533,0.42314237991908,0,4698.31518664933,0
856,49.2479262875979,0.423318719370418,0,4703.79846475809,0
857,49.2921821845953,0.423494883519327,0,4709.2817466604,0
858,49.3364365673508,0.423670871997611,0,4714.76503235452,0
859,49.3806893919178,0.423846684443145,0,4720.24832183871,0
860,49.4249406144972,0.424022320499824,0,4725.73161511122,0
861,49.4691901914365,0.42419777981753,0,4731.21491217032,0
862,49.5134380792299,0.42437306205208,0,4736.69821301426,0
863,49.5576842345176,0.424548166865184,0,4742.1815176413,0
864,49.6019286140852,0.424723093924413,0,4747.6648260497,0
865,49.6461711748638,0.424897842903139,0,4753.14813823773,0
866,49.6904118739289,0.42507241348051,0,4758.63145420364,0
867,49.7346506685004,0.425246805341397,0,4764.11477394569,0
868,49.7788875159421,0.425421018176353,0,4769.59809746215,0
869,49.823122373761,0.425595051681582,0,4775.08142475128,0
870,49.8673551996073,0.425768905558882,0,4780.56475581133,0
871,49.9115859512738,0.425942579515616,0,4786.04809064058,0
872,49.9558145866953,0.426116073264671,0,4791.53142923728,0
873,50.0000410639484,0.426289386524404,0,4797.01477159971,0
874,50.0442653412509,0.426462519018622,0,4802.49811772611,0
875,50.0884873769618,0.426635470476526,0,4807.98146761477,0
876,50.1327071295802,0.426808240632675,0,4813.46482126394,0
877,50.1769245577455,0.426980829226955,0,4818.94817867189,0
878,50.2211396202369,0.427153236004526,0,4824.43153983688,0
879,50.2653522759724,0.427325460715791,0,4829.91490475718,0
880,50.3095624840093,0.427497503116361,0,4835.39827343107,0
881,50.3537702035433,0.427669362967001,0,4840.88164585679,0
882,50.3979753939076,0.42784104003361,0,4846.36502203263,0
883,50.442178014574,0.42801253408717,0,4851.84840195685,0
884,50.4863780251507,0.428183844903711,0,4857.33178562772,0
885,50.5305753853832,0.428354972264277,0,4862.8151730435,0
886,50.5747700551534,0.428525915954882,0,4868.29856420248,0
887,50.6189619944791,0.428696675766478,0,4873.78195910291,0
888,50.663151163514,0.428867251494916,0,4879.26535774307,0
889,50.707337522547,0.429037642940904,0,4884.74876012123,0
890,50.7515210320016,0.429207849909982,0,4890.23216623565,0
891,50.7957016524363,0.429377872212469,0,4895.71557608462,0
892,50.8398793445436,0.429547709663443,0,4901.1989896664,0
893,50.8840540691494,0.429717362082695,0,4906.68240697926,0
894,50.9282257872133,0.429886829294691,0,4912.16582802148,0
895,50.9723944598277,0.430056111128546,0,4917.64925279134,0
896,51.0165600482177,0.430225207417979,0,4923.1326812871,0
897,51.0607225137406,0.430394118001282,0,4928.61611350703,0
898,51.1048818178853,0.430562842721284,0,4934.09954944942,0
899,51.1490379222726,0.430731381425313,0,4939.58298911254,0
900,51.1931907886538,0.430899733965169,0,4945.06643249466,0
901,51.2373403789113,0.431067900197081,0,4950.54987959407,0
902,51.2814866550579,0.431235879981672,0,4956.03333040902,0
903,51.3256295792359,0.431403673183936,0,4961.51678493781,0
904,51.3697691137177,0.431571279673187,0,4967.00024317871,0
905,51.4139052209045,0.431738699323042,0,4972.48370513,0
906,51.4580378633264,0.431905932011374,0,4977.96717078995,0
907,51.5021670036422,0.432072977620284,0,4983.45064015685,0
908,51.5462926046385,0.432239836036072,0,4988.93411322897,0
909,51.5904146292298,0.432406507149191,0,4994.41759000459,0
910,51.6345330404579,0.432572990854228,0,4999.90107048199,0
911,51.6786478014914,0.432739287049863,0,5005.38455465945,0
912,51.7227588756261,0.432905395638836,0,5010.86804253525,0
913,51.7668662262831,0.433071316527923,0,5016.35153410768,0
914,51.8109698170103,0.433237049627889,0,5021.83502937501,0
915,51.8550696114806,0.43340259485347,0,5027.31852833553,0
916,51.8991655734921,0.433567952123333,0,5032.80203098751,0
917,51.9432576669681,0.433733121360046,0,5038.28553732925,0
918,51.9873458559556,0.433898102490049,0,5043.76904735902,0
919,52.0314301046263,0.434062895443616,0,5049.25256107511,0
920,52.0755103772753,0.434227500154831,0,5054.73607847579,0
921,52.1195866383209,0.434391916561554,0,5060.21959955937,0
922,52.1636588523048,0.434556144605385,0,5065.70312432411,0
923,52.2077269838911,0.434720184231645,0,5071.18665276832,0
924,52.2517909978659,0.434884035389332,0,5076.67018489026,0
925,52.2958508591376,0.4350476980311,0,5082.15372068823,0
926,52.3399065327358,0.435211172113224,0,5087.63726016051,0
927,52.3839579838117,0.435374457595571,0,5093.12080330539,0
928,52.4280051776366,0.435537554441572,0,5098.60435012116,0
929,52.4720480796029,0.435700462618189,0,5104.08790060611,0
930,52.516086655223,0.435863182095886,0,5109.57145475852,0
931,52.5601208701285,0.436025712848601,0,5115.05501257669,0
932,52.6041506900711,0.436188054853718,0,5120.53857405889,0
933,52.6481760809211,0.436350208092031,0,5126.02213920343,0
934,52.6921970086675,0.436512172547724,0,5131.50570800859,0
935,52.7362134394177,0.436673948208335,0,5136.98928047265,0
936,52.7802253393969,0.436835535064732,0,5142.47285659392,0
937,52.8242326749479,0.436996933111082,0,5147.95643637068,0
938,52.8682354125311,0.437158142344821,0,5153.44001980123,0
939,52.9122335187231,0.437319162766632,0,5158.92360688385,0
940,52.9562269602177,0.437479994380408,0,5164.40719761684,0
941,53.0002157038242,0.437640637193233,0,5169.8907919985,0
942,53.0441997164684,0.437801091215349,0,5175.3743900271,0
943,53.088178965191,0.437961356460126,0,5180.85799170096,0
944,53.1321534171479,0.438121432944045,0,5186.34159701836,0
945,53.1761230396099,0.438281320686656,0,5191.82520597759,0
946,53.2200877999621,0.438441019710564,0,5197.30881857696,0
947,53.2640476657036,0.438600530041393,0,5202.79243481475,0
948,53.3080026044472,0.438759851707766,0,5208.27605468927,0
949,53.3519525839188,0.438918984741272,0,5213.7596781988,0
950,53.3958975719579,0.439077929176442,0,5219.24330534165,0
951,53.4398375365156,0.439236685050728,0,5224.72693611612,0
952,53.4837724456561,0.439395252404464,0,5230.21057052049,0
953,53.5277022675551,0.439553631280854,0,5235.69420855307,0
954,53.5716269704999,0.439711821725935,0,5241.17785021216,0
955,53.6155465228892,0.439869823788559,0,5246.66149549605,0
956,53.659460893232,0.440027637520362,0,5252.14514440304,0
957,53.7033700501483,0.440185262975742,0,5257.62879693144,0
958,53.7472739623681,0.44034270021183,0,5263.11245307954,0
959,53.7911725987308,0.440499949288468,0,5268.59611284565,0
960,53.8350659281858,0.440657010268183,0,5274.07977622805,0
961,53.878953919791,0.44081388321616,0,5279.56344322507,0
962,53.9228365427134,0.440970568200222,0,5285.04711383499,0
963,53.9667137662282,0.441127065290799,0,5290.53078805612,0
964,54.0105855597184,0.44128337456091,0,5296.01446588676,0
965,54.0544518926751,0.441439496086131,0,5301.49814732521,0
966,54.0983127346962,0.441595429944577,0,5306.98183236978,0
967,54.1421680554868,0.441751176216877,0,5312.46552101878,0
968,54.1860178248586,0.441906734986148,0,5317.9492132705,0
969,54.2298620127293,0.442062106337972,0,5323.43290912325,0
970,54.2737005891227,0.44221729036037,0,5328.91660857533,0
971,54.3175335241681,0.442372287143786,0,5334.40031162505,0
972,54.3613607880997,0.442527096781053,0,5339.88401827072,0
973,54.405182351257,0.442681719367377,0,5345.36772851064,0
974,54.4489981840834,0.442836155000313,0,5350.85144234312,0
975,54.4928082571268,0.442990403779738,0,5356.33515976646,0
976,54.5366125410387,0.443144465807833,0,5361.81888077898,0
977,54.5804110065738,0.443298341189059,0,5367.30260537898,0
978,54.6242036245905,0.44345203003013,0,5372.78633356476,0
979,54.6679903660491,0.443605532439997,0,5378.27006533465,0
980,54.7117712020128,0.443758848529822,0,5383.75380068694,0
981,54.7555461036465,0.443911978412955,0,5389.23753961995,0
982,54.7993150422168,0.444064922204915,0,5394.72128213198,0
983,54.8430779890916,0.444217680023365,0,5400.20502822135,0
984,54.8868349157397,0.444370251988093,0,5405.68877788637,0
985,54.9305857937307,0.444522638220987,0,5411.17253112534,0
986,54.9743305947341,0.444674838846017,0,5416.65628793659,0
987,55.0180692905193,0.44482685398921,0,5422.14004831842,0
988,55.0618018529557,0.444978683778631,0,5427.62381226914,0
989,55.105528254011,0.445130328344363,0,5433.10757978707,0
990,55.1492484657527,0.445281787818481,0,5438.59135087051,0
991,55.192962460346,0.445433062335038,0,5444.0751255178,0
992,55.2366702100547,0.445584152030038,0,5449.55890372723,0
993,55.2803716872402,0.445735057041417,0,5455.04268549712,0
994,55.3240668643611,0.445885777509025,0,5460.52647082579,0
995,55.3677557139735,0.446036313574604,0,5466.01025971156,0
996,55.4114382087298,0.446186665381767,0,5471.49405215273,0
997,55.4551143213792,0.446336833075979,0,5476.97784814763,0
998,55.4987840247665,0.446486816804533,0,5482.46164769456,0
999,55.5424472918323,0.446636616716538,0,5487.94545079186,0
1000,55.5861040956127,0.446786232962892,0,5493.42925743783,0
1001,55.6297544092386,0.446935665696266,0,5498.9130676308,0
1002,55.6733982059355,0.447084915071083,0,5504.39688136907,0
1003,55.7170354590233,0.447233981243497,0,5509.88069865098,0
1004,55.7606661419156,0.447382864371379,0,5515.36451947483,0
1005,55.8042902281199,0.447531564614291,0,5520.84834383896,0
1006,55.8479076912367,0.447680082133475,0,5526.33217174167,0
1007,55.8915185049594,0.447828417091825,0,5531.81600318129,0
1008,55.9351226430739,0.447976569653875,0,5537.29983815614,0
1009,55.9787200794584,0.448124539985775,0,5542.78367666454,0
1010,56.0223107880829,0.44827232825528,0,5548.26751870481,0
1011,56.065894743009,0.448419934631723,0,5553.75136427528,0
1012,56.109471918389,0.448567359286002,0,5559.23521337426,0
1013,56.1530422884667,0.448714602390561,0,5564.71906600008,0
1014,56.1966058275756,0.448861664119369,0,5570.20292215107,0
1015,56.2401625101401,0.449008544647906,0,5575.68678182554,0
1016,56.2837123106735,0.449155244153142,0,5581.17064502181,0
1017,56.3272552037793,0.449301762813523,0,5586.65451173823,0
1018,56.3707911641496,0.449448100808949,0,5592.1383819731,0
1019,56.4143201665654,0.449594258320757,0,5597.62225572476,0
1020,56.4578421858962,0.449740235531708,0,5603.10613299152,0
1021,56.5013571970992,0.449886032625966,0,5608.59001377172,0
1022,56.5448651752197,0.450031649789079,0,5614.07389806369,0
1023,56.58836609539,0.450177087207968,0,5619.55778586574,0
1024,56.6318599328296,0.450322345070904,0,5625.04167717621,0
1025,56.675346662845,0.450467423567494,0,5630.52557199342,0
1026,56.7188262608283,0.450612322888665,0,5636.00947031571,0
1027,56.7622987022582,0.450757043226646,0,5641.4933721414,0
1028,56.8057639626989,0.45090158477495,0,5646.97727746881,0
1029,56.8492220177999,0.451045947728363,0,5652.46118629629,0
1030,56.8926728432955,0.451190132282921,0,5657.94509862215,0
1031,56.9361164150048,0.451334138635898,0,5663.42901444474,0
1032,56.9795527088315,0.45147796698579,0,5668.91293376237,0
1033,57.0229817007626,0.451621617532295,0,5674.39685657339,0
1034,57.0664033668694,0.451765090476302,0,5679.88078287611,0
1035,57.109817683306,0.451908386019877,0,5685.36471266888,0
1036,57.1532246263097,0.452051504366236,0,5690.84864595003,0
1037,57.1966241722004,0.452194445719745,0,5696.33258271789,0
1038,57.2400162973801,0.452337210285892,0,5701.81652297079,0
1039,57.283400978333,0.452479798271277,0,5707.30046670706,0
1040,57.3267781916249,0.452622209883599,0,5712.78441392504,0
1041,57.3701479139025,0.452764445331636,0,5718.26836462307,0
1042,57.4135101218941,0.452906504825234,0,5723.75231879947,0
1043,57.4568647924078,0.453048388575288,0,5729.23627645259,0
1044,57.500211902333,0.453190096793733,0,5734.72023758076,0
1045,57.5435514286381,0.453331629693523,0,5740.20420218231,0
1046,57.5868833483717,0.453472987488621,0,5745.68817025558,0
1047,57.6302076386614,0.453614170393984,0,5751.17214179892,0
1048,57.6735242767139,0.453755178625545,0,5756.65611681064,0
1049,57.7168332398146,0.453896012400204,0,5762.1400952891,0
1050,57.7601345053272,0.45403667193581,0,5767.62407723263,0
1051,57.803428050693,0.454177157451149,0,5773.10806263958,0
1052,57.8467138534316,0.454317469165928,0,5778.59205150827,0
1053,57.8899918911393,0.454457607300764,0,5784.07604383704,0
1054,57.93326214149,0.454597572077168,0,5789.56003962425,0
1055,57.9765245822338,0.454737363717534,0,5795.04403886822,0
1056,58.0197791911973,0.454876982445118,0,5800.5280415673,0
1057,58.0630259462834,0.455016428484038,0,5806.01204771983,0
1058,58.1062648254702,0.455155702059248,0,5811.49605732415,0
1059,58.1494958068116,0.455294803396529,0,5816.9800703786,0
1060,58.1927188684365,0.45543373272248,0,5822.46408688153,0
1061,58.2359339885484,0.455572490264498,0,5827.94810683127,0
1062,58.2791411454252,0.455711076250771,0,5833.43213022617,0
1063,58.3223403174193,0.455849490910261,0,5838.91615706458,0
1064,58.3655314829565,0.455987734472695,0,5844.40018734483,0
1065,58.4087146205361,0.456125807168547,0,5849.88422106527,0
1066,58.4518897087307,0.456263709229031,0,5855.36825822425,0
1067,58.4950567261857,0.456401440886086,0,5860.85229882011,0
1068,58.538215651619,0.456539002372364,0,5866.33634285119,0
1069,58.5813664638208,0.456676393921218,0,5871.82039031585,0
1070,58.624509141653,0.456813615766687,0,5877.30444121243,0
1071,58.6676436640495,0.456950668143491,0,5882.78849553927,0
1072,58.7107700100149,0.457087551287008,0,5888.27255329472,0
1073,58.7538881586251,0.457224265433275,0,5893.75661447714,0
1074,58.7969980890268,0.457360810818966,0,5899.24067908485,0
1075,58.8400997804366,0.457497187681385,0,5904.72474711623,0
1076,58.8831932121417,0.457633396258454,0,5910.20881856961,0
1077,58.9262783634985,0.457769436788698,0,5915.69289344335,0
1078,58.9693552139331,0.457905309511241,0,5921.17697173579,0
1079,59.0124237429409,0.458041014665787,0,5926.66105344528,0
1080,59.0554839300855,0.458176552492612,0,5932.14513857018,0
1081,59.0985357549998,0.458311923232555,0,5937.62922710883,0
1082,59.1415791973842,0.458447127127002,0,5943.11331905959,0
1083,59.1846142370074,0.458582164417878,0,5948.59741442081,0
1084,59.2276408537057,0.458717035347638,0,5954.08151319083,0
1085,59.2706590273824,0.45885174015925,0,5959.56561536802,0
1086,59.3136687380083,0.458986279096194,0,5965.04972095072,0
1087,59.3566699656204,0.45912065240244,0,5970.5338299373,0
1088,59.3996626903224,0.459254860322446,0,5976.01794232609,0
1089,59.4426468922841,0.459388903101143,0,5981.50205811546,0
1090,59.485622551741,0.459522780983929,0,5986.98617730377,0
1091,59.5285896489942,0.459656494216654,0,5992.47029988936,0
1092,59.5715481644098,0.45979004304561,0,5997.95442587059,0
1093,59.6144980784194,0.459923427717528,0,6003.43855524581,0
1094,59.6574393715186,0.460056648479556,0,6008.92268801339,0
1095,59.7003720242678,0.460189705579261,0,6014.40682417169,0
1096,59.743296017291,0.460322599264612,0,6019.89096371904,0
1097,59.7862113312765,0.460455329783971,0,6025.37510665383,0
1098,59.8291179469758,0.460587897386085,0,6030.85925297439,0
1099,59.8720158452035,0.460720302320077,0,6036.3434026791,0
1100,59.9149050068374,0.460852544835433,0,6041.8275557663,0
1101,59.9577854128177,0.460984625181997,0,6047.31171223437,0
1102,60.000657044147,0.461116543609958,0,6052.79587208165,0
1103,60.04351988189,0.461248300369843,0,6058.28003530651,0
1104,60.0863739071729,0.461379895712505,0,6063.76420190731,0
1105,60.129219101184,0.461511329889119,0,6069.24837188241,0
1106,60.1720554451722,0.461642603151166,0,6074.73254523017,0
1107,60.2148829204477,0.461773715750431,0,6080.21672194895,0
1108,60.2577015083811,0.461904667938988,0,6085.70090203712,0
1109,60.3005111904035,0.462035459969197,0,6091.18508549303,0
1110,60.3433119480063,0.46216609209369,0,6096.66927231505,0
1111,60.3861037627404,0.462296564565365,0,6102.15346250154,0
1112,60.4288866162165,0.462426877637379,0,6107.63765605088,0
1113,60.4716604901043,0.462557031563135,0,6113.12185296141,0
1114,60.5144253661329,0.462687026596276,0,6118.60605323151,0
1115,60.5571812260898,0.462816862990682,0,6124.09025685953,0
1116,60.5999280518211,0.462946541000447,0,6129.57446384385,0
1117,60.6426658252312,0.46307606087989,0,6135.05867418283,0
1118,60.6853945282821,0.463205422883531,0,6140.54288787485,0
1119,60.7281141429939,0.463334627266092,0,6146.02710491825,0
1120,60.7708246514439,0.463463674282484,0,6151.51132531142,0
1121,60.8135260357664,0.463592564187803,0,6156.99554905271,0
1122,60.8562182781528,0.463721297237322,0,6162.4797761405,0
1123,60.898901360851,0.463849873686475,0,6167.96400657315,0
1124,60.9415752661653,0.463978293790863,0,6173.44824034904,0
1125,60.9842399764559,0.464106557806236,0,6178.93247746653,0
1126,61.0268954741392,0.46423466598849,0,6184.41671792399,0
1127,61.0695417416868,0.464362618593658,0,6189.9009617198,0
1128,61.1121787616258,0.464490415877899,0,6195.38520885231,0
1129,61.1548065165385,0.464618058097504,0,6200.86945931991,0
1130,61.1974249890616,0.464745545508868,0,6206.35371312097,0
1131,61.2400341618867,0.464872878368502,0,6211.83797025385,0
1132,61.2826340177596,0.465000056933015,0,6217.32223071692,0
1133,61.32522453948,0.465127081459109,0,6222.80649450857,0
1134,61.3678057099018,0.465253952203576,0,6228.29076162716,0
1135,61.410377511932,0.465380669423283,0,6233.77503207106,0
1136,61.4529399285311,0.465507233375176,0,6239.25930583866,0
1137,61.4954929427126,0.465633644316263,0,6244.74358292832,0
1138,61.538036537543,0.465759902503612,0,6250.22786333842,0
1139,61.580570696141,0.465886008194347,0,6255.71214706733,0
1140,61.623095401678,0.466011961645633,0,6261.19643411343,0
1141,61.6656106373772,0.466137763114681,0,6266.6807244751,0
1142,61.7081163865137,0.466263412858729,0,6272.1650181507,0
1143,61.7506126324143,0.466388911135047,0,6277.64931513863,0
1144,61.7930993584572,0.466514258200923,0,6283.13361543725,0
1145,61.8355765480714,0.46663945431366,0,6288.61791904494,0
1146,61.8780441847372,0.466764499730569,0,6294.10222596008,0
1147,61.920502251985,0.46688939470896,0,6299.58653618105,0
1148,61.9629507333963,0.467014139506146,0,6305.07084970622,0
1149,62.0053896126021,0.467138734379421,0,6310.55516653399,0
1150,62.047818873284,0.46726317958607,0,6316.03948666271,0
1151,62.0902384991727,0.467387475383353,0,6321.52381009079,0
1152,62.1326484740487,0.4675116220285,0,6327.00813681659,0
1153,62.1750487817419,0.467635619778711,0,6332.49246683849,0
1154,62.2174394061308,0.467759468891144,0,6337.97680015489,0
1155,62.2598203311431,0.467883169622915,0,6343.46113676415,0
1156,62.3021915407547,0.468006722231084,0,6348.94547666467,0
1157,62.3445530189903,0.46813012697266,0,6354.42981985481,0
1158,62.3869047499223,0.468253384104588,0,6359.91416633298,0
1159,62.4292467176713,0.468376493883744,0,6365.39851609755,0
1160,62.4715789064054,0.468499456566937,0,6370.8828691469,0
1161,62.5139013003402,0.468622272410891,0,6376.36722547942,0
1162,62.5562138837387,0.468744941672253,0,6381.85158509349,0
1163,62.5985166409106,0.468867464607576,0,6387.3359479875,0
1164,62.6408095562127,0.468989841473326,0,6392.82031415983,0
1165,62.6830926140483,0.469112072525866,0,6398.30468360888,0
1166,62.7253657988669,0.469234158021455,0,6403.78905633301,0
1167,62.7676290951646,0.469356098216248,0,6409.27343233063,0
1168,62.809882487483,0.469477893366278,0,6414.75781160013,0
1169,62.8521259604097,0.469599543727471,0,6420.24219413987,0
1170,62.8943594985777,0.46972104955562,0,6425.72657994826,0
1171,62.9365830866654,0.469842411106394,0,6431.21096902368,0
1172,62.9787967093963,0.469963628635332,0,6436.69536136453,0
1173,63.0210003515386,0.470084702397829,0,6442.17975696919,0
1174,63.0631939979057,0.470205632649145,0,6447.66415583605,0
1175,63.105377633355,0.470326419644388,0,6453.1485579635,0
1176,63.1475512427884,0.470447063638519,0,6458.63296334993,0
1177,63.1897148111519,0.470567564886341,0,6464.11737199373,0
1178,63.2318683234354,0.470687923642498,0,6469.6017838933,0
1179,63.2740117646724,0.470808140161471,0,6475.08619904702,0
1180,63.3161451199398,0.470928214697569,0,6480.57061745329,0
1181,63.3582683743583,0.471048147504935,0,6486.05503911049,0
1182,63.400381513091,0.471167938837525,0,6491.53946401704,0
1183,63.4424845213444,0.471287588949124,0,6497.0238921713,0
1184,63.4845773843673,0.471407098093324,0,6502.50832357169,0
1185,63.5266600874516,0.471526466523533,0,6507.9927582166,0
1186,63.568732615931,0.471645694492965,0,6513.47719610441,0
1187,63.6107949551814,0.471764782254631,0,6518.96163723353,0
1188,63.6528470906209,0.471883730061351,0,6524.44608160234,0
1189,63.694889007709,0.47200253816573,0,6529.93052920926,0
1190,63.7369206919472,0.472121206820171,0,6535.41498005266,0
1191,63.7789421288778,0.47223973627686,0,6540.89943413096,0
1192,63.8209533040849,0.47235812678777,0,6546.38389144254,0
1193,63.8629542031931,0.472476378604653,0,6551.86835198581,0
1194,63.9049448118682,0.472594491979034,0,6557.35281575915,0
1195,64.2924799834804,0.472712467162217,0,6562.84446069441,0
1196,61.0860546209151,0.472830304405271,0,6569.89317889478,0
1197,58.0212399572804,0.472948003959031,0,6576.64735339923,0
1198,55.1133688684765,0.473065566074094,0,6583.15421943488,0
1199,52.3543652636792,0.473182991000819,0,6589.46184513561,0
1200,49.7372081375236,0.473300278989318,0,6595.60894192594,0
1201,47.2570520223189,0.473417430289452,0,6601.6266893307,0
1202,44.9125156804181,0.47353444515084,0,6607.54020252082,0
1203,42.7061806763277,0.473651323822836,0,6613.3697128885,0
1204,40.6437586305756,0.473768066554539,0,6619.13151974116,0
1205,38.7322100663849,0.473884673594795,0,6624.83875549427,0
1206,36.9775954270858,0.474001145192181,0,6630.50200167633,0
1207,35.3833734266551,0.474034268304582,0,6636.12978519605,0
1208,33.9494948141468,0.473226291374546,0,6641.72897802419,0
1209,32.672281770752,0.472311786531864,0,6647.30511875672,0
1210,31.5448041877009,0.471299386226058,0,6652.86267164714,0
1211,30.5566318231835,0.470202244187441,0,6658.40523533963,0
1212,29.6915366986353,0.469031139142081,0,6663.93571100907,0
1213,28.9264803433609,0.467795066958376,0,6669.45643770797,0
1214,28.2365896970848,0.466501746301648,0,6674.96930140183,0
1215,27.6029398048011,0.465158073506604,0,6680.47582286436,0
1216,27.0167916119545,0.463770499799488,0,6685.97722853138,0
1217,26.4782278945401,0.462345288562985,0,6691.47450753296,0
1218,25.9916523538224,0.460888634668491,0,6696.96845767322,0
1219,25.5614441872059,0.459406663124704,0,6702.45972248531,0
1220,25.1894579810739,0.457905347690163,0,6707.9488211164,0
1221,24.8744222940296,0.456390394947412,0,6713.43617240375,0
1222,24.6125113279204,0.454867129329289,0,6718.9221142802,0
1223,24.3983376790657,0.453340380182239,0,6724.406919423,0
1224,24.2259021113117,0.451814286963672,0,6729.89080787604,0
1225,24.0892895281586,0.450291976011767,0,6735.37395722464,0
1226,23.9830457185277,0.448775341496201,0,6740.85651079813,0
1227,23.9022864212407,0.447265213592755,0,6746.33858428614,0
1228,23.8426641362975,0.445761875206458,0,6751.82027107738,0
1229,23.8003079265454,0.444265631362896,0,6757.30164656527,0
1230,23.7717907466562,0.442777169333192,0,6762.78277161968,0
1231,23.7541239316834,0.441297637722698,0,6768.26369538818,0
1232,23.7447573126011,0.439828522809462,0,6773.74445755676,0
1233,23.7415674530499,0.438371444697178,0,6779.22509017442,0
1234,23.7428283542214,0.436927967349574,0,6784.70561912455,0
1235,23.747168177651,0.435499467047126,0,6790.18606531251,0
1236,23.7535190936682,0.434087066172412,0,6795.66644562417,0
1237,23.7610667755811,0.432691619647619,0,6801.1467737001,0
1238,23.7692039523333,0.431313734031613,0,6806.62706055999,0
1239,23.7774900725645,0.429953799686504,0,6812.10731510676,0
1240,23.7856174612523,0.428612022982236,0,6817.58754453363,0
1241,23.7933833752341,0.427288453809493,0,6823.06775465288,0
1242,23.8006669629481,0.425983009309497,0,6828.54795016129,0
1243,23.8074100283536,0.42469549611424,0,6834.02813485437,0
1244,23.8136007036204,0.423425632368374,0,6839.50831179947,0
1245,23.8192595424443,0.422173069318592,0,6844.98848347558,0
1246,23.8244279759314,0.42093741152492,0,6850.46865188626,0
1247,23.8291593173129,0.419718234695563,0,6855.94881865088,0
1248,23.8335124540231,0.418515100551459,0,6861.42898507824,0
1249,23.8375480984737,0.417327568569667,0,6866.90915222618,0
1250,23.8413271340442,0.416155204839522,0,6872.38932094965,0
1251,23.8449103505759,0.414997588450816,0,6877.8694919396,0
1252,23.848358813943,0.413854315883705,0,6883.34966575436,0
1253,23.8517342539756,0.412725003829744,0,6888.8298428451,0
1254,23.8550990950831,0.411609290806405,0,6894.31002357625,0
1255,23.8585160005166,0.410506837844414,0,6899.79020824219,0
1256,23.862046992737,0.409417328443994,0,6905.27039708056,0
1257,23.865752315614,0.408340467945343,0,6910.75059028321,0
1258,23.8696892263877,0.407275982440212,0,6916.23078800487,0
1259,23.8739108789836,0.40622361736172,0,6921.71099037028,0
1260,23.8784654046295,0.405183135897338,0,6927.1911974799,0
1261,23.8833952421105,0.404154317371943,0,6932.67140941458,0
1262,23.8887367284113,0.403136955726092,0,6938.15162623928,0
1263,23.8945199359988,0.402130858174273,0,6943.63184800611,0
1264,23.9007687263107,0.401135844074499,0,6949.11207475676,0
1265,23.9075009830872,0.4001517439957,0,6954.59230652453,0
1266,23.914728987272,0.399178398939258,0,6960.07254333591,0
1267,23.9224598965865,0.398215659659534,0,6965.55278521184,0
1268,23.9306962938558,0.397263386031506,0,6971.03303216884,0
1269,23.9394367720891,0.396321446427047,0,6976.51328421981,0
1270,23.9486765283933,0.395389717078195,0,6981.9935413747,0
1271,23.9584079442939,0.394468081421169,0,6987.47380364114,0
1272,23.9686211347744,0.393556429425775,0,6992.9540710248,0
1273,23.9793044541114,0.392654656920786,0,6998.43434352981,0
1274,23.9904449506864,0.391762664928615,0,7003.91462115908,0
1275,24.0020287671714,0.39088035902257,0,7009.39490391446,0
1276,24.0140414851,0.390007648718512,0,7014.87519179698,0
1277,24.0264684155311,0.389144446909891,0,7020.35548480704,0
1278,24.0392948385922,0.388290669352778,0,7025.83578294447,0
1279,24.0525061962287,0.387446234205205,0,7031.31608620868,0
1280,24.0660882429334,0.386611061622988,0,7036.7963945987,0
1281,24.0800271599263,0.385785073411687,0,7042.27670811331,0
1282,24.0943096379814,0.384968192732517,0,7047.75702675105,0
1283,24.1089229344551,0.384160343859021,0,7053.23735051026,0
1284,24.1238549095032,0.383361451980445,0,7058.71767938912,0
1285,24.1390940460291,0.382571443046816,0,7064.19801338573,0
1286,24.1546294569049,0.381790243650115,0,7069.67835249806,0
1287,24.1704508827329,0.381017780936475,0,7075.15869672401,0
1288,24.1865486825225,0.380253982544584,0,7080.6390460614,0
1289,24.2029138190552,0.379498776565591,0,7086.11940050803,0
1290,24.2195378399548,0.378752091519804,0,7091.59976006163,0
1291,24.2364128555496,0.378013856346529,0,7097.08012471993,0
1292,24.2535315142051,0.377284000404014,0,7102.56049448059,0
1293,24.270886975649,0.376562453476688,0,7108.04086934129,0
1294,24.288472882523,0.375849145786991,0,7113.52124929966,0
1295,24.3062833307692,0.375144008010119,0,7119.00163435336,0
1296,24.3243128393079,0.374446971290499,0,7124.48202449999,0
1297,24.3425563194262,0.37375796725895,0,7129.96241973718,0
1298,24.3610090440907,0.373076928049394,0,7135.44282006254,0
1299,24.3796666177637,0.372403786314785,0,7140.92322547368,0
1300,24.3985249471168,0.371738475242135,0,7146.4036359682,0
1301,24.4175802129635,0.371080928566415,0,7151.8840515437,0
1302,24.4368288434841,0.370431080582859,0,7157.36447219779,0
1303,24.456267489146,0.369788866157772,0,7162.84489792806,0
1304,24.4758929994884,0.369154220737955,0,7168.32532873213,0
1305,24.4957024018624,0.368527080358716,0,7173.80576460758,0
1306,24.5156928819854,0.367907381650104,0,7179.28620555203,0
1307,24.5358617664933,0.367295061841577,0,7184.76665156309,0
1308,24.5562065074398,0.366690058765221,0,7190.24710263834,0
1309,24.5767246686545,0.36609231085756,0,7195.72755877541,0
1310,24.5974139136819,0.36550175715967,0,7201.2080199719,0
1311,24.6182719953647,0.364918337315896,0,7206.68848622543,0
1312,24.6392967469127,0.364341991571343,0,7212.16895753361,0
1313,24.6604860743041,0.363772660768225,0,7217.64943389404,0
1314,24.6818379497235,0.363210286340893,0,7223.12991530436,0
1315,24.7033504060785,0.36265481030991,0,7228.61040176218,0
1316,24.725021532432,0.36210617527536,0,7234.09089326512,0
1317,24.7468494702055,0.36156432440949,0,7239.5713898108,0
1318,24.7688324099167,0.361029201448565,0,7245.05189139686,0
1319,24.7909685885175,0.360500750684308,0,7250.53239802092,0
1320,24.8132562872135,0.359978916955068,0,7256.01290968061,0
1321,24.8356938296446,0.359463645636812,0,7261.49342637356,0
1322,24.8582795802792,0.358954882633772,0,7266.97394809742,0
1323,24.8810119431041,0.358452574369132,0,7272.45447484982,0
1324,24.9038893605425,0.357956667775819,0,7277.93500662839,0
1325,24.9269103124902,0.35746711028741,0,7283.41554343078,0
1326,24.9500733154031,0.356983849829006,0,7288.89608525465,0
1327,24.9733769215198,0.356506834808405,0,7294.37663209763,0
1328,24.9968197181821,0.356036014107566,0,7299.85718395736,0
1329,25.0204003271433,0.355571337074308,0,7305.33774083151,0
1330,25.0441174038661,0.355112753514132,0,7310.81830271773,0
1331,25.0679696368746,0.354660213682433,0,7316.29886961367,0
1332,25.0919557471457,0.35421366827705,0,7321.77944151699,0
1333,25.1160744874232,0.353773068431054,0,7327.26001842536,0
1334,25.1403246415119,0.353338365705713,0,7332.74060033643,0
1335,25.1647050235928,0.352909512083821,0,7338.22118724787,0
1336,25.1892144775552,0.352486459963373,0,7343.70177915734,0
1337,25.2138518762266,0.352069162151389,0,7349.18237606253,0
1338,25.2386161206029,0.351657571857932,0,7354.6629779611,0
1339,25.2635061390915,0.351251642690443,0,7360.14358485071,0
1340,25.2885208867674,0.350851328648372,0,7365.62419672905,0
1341,25.3136593445292,0.350456584117864,0,7371.1048135938,0
1342,25.3389205182846,0.350067363866651,0,7376.58543544264,0
1343,25.3643034381587,0.349683623039202,0,7382.06606227325,0
1344,25.3898071577069,0.349305317152088,0,7387.5466940833,0
1345,25.4154307530554,0.34893240208935,0,7393.02733087051,0
1346,25.4411733220916,0.34856483409806,0,7398.50797263254,0
1347,25.4670339836942,0.348202569784095,0,7403.98861936709,0
1348,25.4930118769507,0.34784556610804,0,7409.46927107186,0
1349,25.5191061603447,0.347493780381067,0,7414.94992774454,0
1350,25.5453160109992,0.347147170260994,0,7420.43058938283,0
1351,25.5716406239729,0.34680569374852,0,7425.91125598441,0
1352,25.598079211525,0.346469309183501,0,7431.39192754701,0
1353,25.6246310023901,0.346137975241217,0,7436.87260406833,0
1354,25.6512952411069,0.345811650928792,0,7442.35328554606,0
1355,25.6780711874036,0.34549029558177,0,7447.83397197791,0
1356,25.7049581155358,0.345173868860646,0,7453.31466336161,0
1357,25.7319553136657,0.344862330747433,0,7458.79535969485,0
1358,25.7590620832936,0.344555641542361,0,7464.27606097536,0
1359,25.7862777387299,0.344253761860692,0,7469.75676720084,0
1360,25.8136016065204,0.343956652629454,0,7475.23747836902,0
1361,25.8410330249298,0.343664275084241,0,7480.71819447762,0
1362,25.8685713434758,0.343376590766141,0,7486.19891552435,0
1363,25.8962159224737,0.343093561518733,0,7491.67964150694,0
1364,25.9239661325546,0.342815149484984,0,7497.16037242314,0
1365,25.9518213542416,0.34254131710426,0,7502.64110827064,0
1366,25.979780977576,0.342272027109453,0,7508.12184904719,0
1367,26.0078444017189,0.342007242524101,0,7513.60259475053,0
1368,26.0360110345595,0.341746926659467,0,7519.08334537838,0
1369,26.0642802923697,0.341491043111728,0,7524.56410092848,0
1370,26.092651599503,0.341239555759273,0,7530.04486139856,0
1371,26.1211243880461,0.340992428759942,0,7535.52562678638,0
1372,26.149698097503,0.340749626548273,0,7541.00639708966,0
1373,26.1783721745198,0.340511113832862,0,7546.48717230616,0
1374,26.2071460726306,0.340276855593816,0,7551.96795243362,0
1375,26.2360192519578,0.340046817080094,0,7557.44873746979,0
1376,26.2649911789581,0.339820963806932,0,7562.92952741241,0
1377,26.2940613262073,0.339599261553371,0,7568.41032225924,0
1378,26.3232291721694,0.339381676359815,0,7573.89112200804,0
1379,26.3524942009505,0.339168174525512,0,7579.37192665656,0
1380,26.3818559020921,0.33895872260613,0,7584.85273620255,0
1381,26.4113137704005,0.338753287411453,0,7590.33355064378,0
1382,26.4408673057327,0.338551836003021,0,7595.814369978,0
1383,26.4705160127977,0.338354335691756,0,7601.29519420298,0
1384,26.5002594009921,0.338160754035695,0,7606.77602331648,0
1385,26.5300969842538,0.33797105883782,0,7612.25685731627,0
1386,26.5600282808681,0.337785218143775,0,7617.73769620013,0
1387,26.5900528133094,0.337603200239648,0,7623.21853996581,0
1388,26.6201701081142,0.337424973649856,0,7628.69938861108,0
1389,26.6503796957397,0.337250507135059,0,7634.18024213374,0
1390,26.6806811104017,0.337079769689986,0,7639.66110053155,0
1391,26.7110738899469,0.336912730541361,0,7645.14196380228,0
1392,26.7415575757542,0.336749359145924,0,7650.62283194372,0
1393,26.7721317125935,0.336589625188405,0,7656.10370495365,0
1394,26.802795848498,0.33643349857948,0,7661.58458282985,0
1395,26.8335495346636,0.336280949453821,0,7667.06546557011,0
1396,26.8643923253625,0.336131948168239,0,7672.5463531722,0
1397,26.8953237778113,0.335986465299706,0,7678.02724563394,0
1398,26.9263434520717,0.335844471643446,0,7683.50814295309,0
1399,26.9574509109777,0.335705938211117,0,7688.98904512745,0
1400,26.988645720043,0.335570836229014,0,7694.46995215482,0
1401,27.0199274473539,0.335439137136178,0,7699.950864033,0
1402,27.0512956634916,0.335310812582608,0,7705.43178075977,0
1403,27.0827499414779,0.335185834427565,0,7710.91270233293,0
1404,27.114289856677,0.335064174737801,0,7716.3936287503,0
1405,27.145914986715,0.334945805785783,0,7721.87456000968,0
1406,27.177624911425,0.334830700048021,0,7727.35549610884,0
1407,27.209419212792,0.334718830203454,0,7732.83643704563,0
1408,27.241297474864,0.334610169131713,0,7738.31738281783,0
1409,27.2732592836932,0.334504689911468,0,7743.79833342326,0
1410,27.3053042273007,0.334402365818874,0,7749.27928885972,0
1411,27.3374318956097,0.334303170325972,0,7754.76024912503,0
1412,27.3696418803786,0.334207077099045,0,7760.24121421701,0
1413,27.4019337751604,0.334114059997072,0,7765.72218413347,0
1414,27.4343071752727,0.33402409307026,0,7771.20315887222,0
1415,27.4667616777282,0.333937150558455,0,7776.6841384311,0
1416,27.499296881189,0.333853206889616,0,7782.16512280791,0
1417,27.5319123859439,0.333772236678367,0,7787.64611200048,0
1418,27.564607793867,0.333694214724558,0,7793.12710600663,0
1419,27.5973827083627,0.333619116011743,0,7798.60810482419,0
1420,27.6302367343356,0.333546915705741,0,7804.08910845099,0
1421,27.6631694781778,0.333477589153293,0,7809.57011688485,0
1422,27.6961805477157,0.333411111880614,0,7815.05113012361,0
1423,27.7292695521754,0.333347459591964,0,7820.5321481651,0
1424,27.7624361021687,0.333286608168313,0,7826.01317100715,0
1425,27.7956798096702,0.333228533666033,0,7831.4941986476,0
1426,27.8290002879721,0.33317321231548,0,7836.97523108428,0
1427,27.8623971516637,0.333120620519662,0,7842.45626831504,0
1428,27.8958700166285,0.333070734853,0,7847.9373103377,0
1429,27.9294185000063,0.333023532060002,0,7853.41835715013,0
1430,27.9630422201656,0.33297898905393,0,7858.89940875016,0
1431,27.9967407966969,0.33293708291556,0,7864.38046513562,0
1432,28.0305138504025,0.332897790891987,0,7869.86152630437,0
1433,28.0643610032601,0.332861090395305,0,7875.34259225427,0
1434,28.0982818784092,0.332826959001373,0,7880.82366298315,0
1435,28.1322761001553,0.33279537444866,0,7886.30473848887,0
1436,28.1663432939426,0.332766314637033,0,7891.78581876928,0
1437,28.2004830863332,0.332739757626509,0,7897.26690382224,0
1438,28.2346951050059,0.332715681636105,0,7902.74799364559,0
1439,28.2689789787537,0.332694065042732,0,7908.22908823721,0
1440,28.3033343374552,0.332674886379972,0,7913.71018759494,0
1441,28.3377608120663,0.332658124336926,0,7919.19129171665,0
1442,28.3722580346294,0.332643757757144,0,7924.6724006002,0
1443,28.4068256382537,0.3326317656375,0,7930.15351424345,0
1444,28.4414632570997,0.332622127127029,0,7935.63463264427,0
1445,28.4761705263821,0.332614821525859,0,7941.11575580051,0
1446,28.5109470823729,0.332609828284178,0,7946.59688371006,0
1447,28.5457925623781,0.332607127001104,0,7952.07801637079,0
1448,28.5807066047343,0.332606697423599,0,7957.55915378055,0
1449,28.6156888488213,0.332608519445484,0,7963.04029593722,0
1450,28.6507389350467,0.332612573106387,0,7968.52144283868,0
1451,28.6858565048353,0.332618838590652,0,7974.00259448281,0
1452,28.7210412006361,0.33262729622635,0,7979.48375086746,0
1453,28.7562926659274,0.332637926484316,0,7984.96491199054,0
1454,28.791610545198,0.332650709977084,0,7990.44607784991,0
1455,28.8269944839479,0.332665627457882,0,7995.92724844346,0
1456,28.8624441287035,0.332682659819714,0,8001.40842376907,0
1457,28.8979591270038,0.332701788094364,0,8006.88960382462,0
1458,28.9335391273945,0.332722993451383,0,8012.370788608,0
1459,28.9691837794389,0.332746257197167,0,8017.85197811708,0
1460,29.0048927337215,0.332771560774054,0,8023.33317234978,0
1461,29.0406656418347,0.33279888575932,0,8028.81437130396,0
1462,29.0765021563826,0.332828213864242,0,8034.29557497753,0
1463,29.1124019309963,0.332859526933246,0,8039.77678336837,0
1464,29.1483646203219,0.332892806942958,0,8045.25799647438,0
1465,29.1843898800186,0.332928036001261,0,8050.73921429345,0
1466,29.2204773667718,0.332965196346436,0,8056.22043682348,0
1467,29.2566267382953,0.333004270346309,0,8061.70166406237,0
1468,29.2928376533215,0.333045240497298,0,8067.18289600801,0
1469,29.3291097716085,0.333088089423549,0,8072.66413265831,0
1470,29.3654427539548,0.333132799876136,0,8078.14537401117,0
1471,29.4018362621877,0.333179354732152,0,8083.62662006449,0
1472,29.4382899591651,0.333227736993829,0,8089.10787081618,0
1473,29.4748035087902,0.333277929787747,0,8094.58912626413,0
1474,29.5113765760113,0.333329916364006,0,8100.07038640627,0
1475,29.548008826815,0.333383680095337,0,8105.5516512405,0
1476,29.5846999282372,0.333439204476297,0,8111.03292076472,0
1477,29.621449548374,0.333496473122511,0,8116.51419497685,0
1478,29.6582573563721,0.333555469769804,0,8121.9954738748,0
1479,29.6951230224333,0.333616178273378,0,8127.47675745649,0
1480,29.7320462178305,0.333678582607084,0,8132.95804571983,0
1481,29.7690266149027,0.333742666862609,0,8138.43933866274,0
1482,29.8060638870537,0.333808415248649,0,8143.92063628313,0
1483,29.8431577087649,0.333875812090163,0,8149.40193857893,0
1484,29.8803077556012,0.333944841827643,0,8154.88324554805,0
1485,29.9175137042043,0.334015489016284,0,8160.36455718842,0
1486,29.9547752323,0.334087738325225,0,8165.84587349795,0
1487,29.9920920187124,0.33416157453686,0,8171.32719447458,0
1488,30.0294637433567,0.33423698254605,0,8176.80852011624,0
1489,30.0668900872417,0.334313947359349,0,8182.28985042084,0
1490,30.1043707324839,0.334392454094315,0,8187.7711853863,0
1491,30.141905362308,0.334472487978795,0,8193.25252501058,0
1492,30.1794936610434,0.334554034350137,0,8198.73386929159,0
1493,30.2171353141344,0.334637078654492,0,8204.21521822727,0
1494,30.25483000815,0.334721606446157,0,8209.69657181554,0
1495,30.2925774307764,0.334807603386799,0,8215.17793005436,0
1496,30.3303772708232,0.334895055244745,0,8220.65929294164,0
1497,30.3682292182367,0.334983947894346,0,8226.14066047532,0
1498,30.4061329640954,0.335074267315251,0,8231.62203265336,0
1499,30.4440882006107,0.335165999591685,0,8237.10340947368,0
1500,30.4820946211397,0.335259130911801,0,8242.58479093421,0
1501,30.5201519201865,0.33535364756703,0,8248.06617703292,0
1502,30.5582597933998,0.335449535951341,0,8253.54756776775,0
1503,30.59641793758,0.335546782560587,0,8259.02896313662,0
1504,30.6346260506897,0.335645373991897,0,8264.51036313749,0
1505,30.6728838318467,0.335745296942961,0,8269.99176776831,0
1506,30.711190981329,0.33584653821136,0,8275.47317702703,0
1507,30.7495472005866,0.335949084693968,0,8280.95459091159,0
1508,30.7879521922378,0.336052923386292,0,8286.43600941994,0
1509,30.8264056600695,0.336158041381785,0,8291.91743255004,0
1510,30.8649073090479,0.336264425871244,0,8297.39886029984,0
1511,30.9034568453203,0.336372064142204,0,8302.88029266729,0
1512,30.9420539762121,0.336480943578251,0,8308.36172965035,0
1513,30.9806984102329,0.336591051658401,0,8313.84317124696,0
1514,31.0193898570855,0.336702375956545,0,8319.32461745511,0
1515,31.0581280276598,0.336814904140767,0,8324.80606827273,0
1516,31.096912634036,0.336928623972724,0,8330.28752369779,0
1517,31.1357433894957,0.337043523307089,0,8335.76898372825,0
1518,31.1746200085173,0.337159590090928,0,8341.25044836208,0
1519,31.2135422067763,0.337276812363055,0,8346.73191759723,0
1520,31.2525097011542,0.337395178253476,0,8352.21339143167,0
1521,31.2915222097398,0.337514675982816,0,8357.69486986337,0
1522,31.3305794518251,0.33763529386167,0,8363.17635289029,0
1523,31.3696811479119,0.33775702029003,0,8368.65784051039,0
1524,31.4088270197178,0.33787984375676,0,8374.13933272166,0
1525,31.4480167901699,0.338003752838953,0,8379.62082952206,0
1526,31.4872501834088,0.338128736201352,0,8385.10233090956,0
1527,31.5265269247963,0.338254782595832,0,8390.58383688213,0
1528,31.565846740911,0.338381880860802,0,8396.06534743775,0
1529,31.6052093595477,0.338510019920605,0,8401.54686257439,0
1530,31.6446145097261,0.338639188785006,0,8407.02838229003,0
1531,31.684061921689,0.338769376548636,0,8412.50990658264,0
1532,31.7235513268989,0.338900572390384,0,8417.9914354502,0
1533,31.7630824580443,0.339032765572875,0,8423.47296889069,0
1534,31.8026550490424,0.339165945441958,0,8428.9545069021,0
1535,31.8422688350333,0.339300101426101,0,8434.4360494824,0
1536,31.8819235523837,0.339435223035854,0,8439.91759662956,0
1537,31.9216189386924,0.339571299863367,0,8445.39914834159,0
1538,31.9613547327843,0.339708321581804,0,8450.88070461646,0
1539,32.0011306747109,0.339846277944794,0,8456.36226545216,0
1540,32.0409465057572,0.339985158785955,0,8461.84383084667,0
1541,32.0808019684371,0.340124954018351,0,8467.32540079798,0
1542,32.1206968064912,0.340265653633923,0,8472.80697530409,0
1543,32.1606307648927,0.340407247703016,0,8478.28855436297,0
1544,32.2006035898459,0.340549726373872,0,8483.77013797263,0
1545,32.2406150287817,0.340693079872062,0,8489.25172613105,0
1546,32.2806648303614,0.340837298499996,0,8494.73331883622,0
1547,32.3207527444784,0.340982372636458,0,8500.21491608615,0
1548,32.3608785222521,0.341128292736038,0,8505.69651787883,0
1549,32.4010419160295,0.341275049328636,0,8511.17812421224,0
1550,32.441242679389,0.341422633019012,0,8516.65973508439,0
1551,32.4814805671339,0.341571034486246,0,8522.14135049328,0
1552,32.5217553352923,0.341720244483226,0,8527.62297043691,0
1553,32.5620667411206,0.341870253836207,0,8533.10459491327,0
1554,32.6024145430994,0.342021053444298,0,8538.58622392038,0
1555,32.6427985009297,0.34217263427895,0,8544.06785745623,0
1556,32.6832183755376,0.3423249873835,0,8549.54949551881,0
1557,32.7236739290704,0.342478103872709,0,8555.03113810615,0
1558,32.7641649248927,0.342631974932228,0,8560.51278521624,0
1559,32.8046911275884,0.34278659181815,0,8565.99443684709,0
1560,32.8452523029596,0.342941945856569,0,8571.47609299671,0
1561,32.8858482180215,0.343098028443054,0,8576.95775366311,0
1562,32.9264786410023,0.343254831042192,0,8582.43941884429,0
1563,32.9671433413443,0.343412345187166,0,8587.92108853826,0
1564,33.0078420896979,0.343570562479249,0,8593.40276274305,0
1565,33.0485746579199,0.343729474587329,0,8598.88444145665,0
1566,33.0893408190757,0.343889073247506,0,8604.36612467709,0
1567,33.1301403474331,0.344049350262606,0,8609.84781240238,0
1568,33.1709730184597,0.344210297501697,0,8615.32950463053,0
1569,33.2118386088245,0.344371906899692,0,8620.81120135955,0
1570,33.2527368963929,0.344534170456886,0,8626.29290258748,0
1571,33.2936676602228,0.344697080238473,0,8631.77460831233,0
1572,33.3346306805654,0.344860628374137,0,8637.2563185321,0
1573,33.3756257388618,0.345024807057628,0,8642.73803324484,0
1574,33.4166526177374,0.345189608546272,0,8648.21975244855,0
1575,33.4577111010023,0.345355025160558,0,8653.70147614125,0
1576,33.4988009736489,0.345521049283735,0,8659.18320432098,0
1577,33.5399220218456,0.345687673361333,0,8664.66493698576,0
1578,33.581074032936,0.345854889900739,0,8670.1466741336,0
1579,33.6222567954374,0.346022691470814,0,8675.62841576255,0
1580,33.6634700990346,0.346191070701427,0,8681.11016187062,0
1581,33.7047137345772,0.346360020283018,0,8686.59191245583,0
1582,33.7459874940795,0.346529532966237,0,8692.07366751624,0
1583,33.7872911707139,0.346699601561484,0,8697.55542704985,0
1584,33.828624558807,0.346870218938477,0,8703.0371910547,0
1585,33.8699874538401,0.347041378025887,0,8708.51895952882,0
1586,33.9113796524425,0.347213071810906,0,8714.00073247026,0
1587,33.9528009523871,0.347385293338808,0,8719.48250987703,0
1588,33.9942511525904,0.347558035712584,0,8724.96429174717,0
1589,34.0357300531063,0.347731292092534,0,8730.44607807873,0
1590,34.0772374551217,0.347905055695829,0,8735.92786886972,0
1591,34.1187731609546,0.348079319796138,0,8741.4096641182,0
1592,34.1603369740501,0.348254077723251,0,8746.89146382221,0
1593,34.2019286989744,0.34842932286263,0,8752.37326797977,0
1594,34.2435481414125,0.348605048655045,0,8757.85507658893,0
1595,34.2851951081652,0.348781248596205,0,8763.33688964773,0
1596,34.3268694071422,0.348957916236328,0,8768.81870715422,0
1597,34.3685708473593,0.349135045179758,0,8774.30052910643,0
1598,34.4102992389361,0.349312629084622,0,8779.7823555024,0
1599,34.4520543930886,0.349490661662405,0,8785.2641863402,0
1600,34.4938361221259,0.349669136677562,0,8790.74602161784,0
1601,34.5356442394482,0.349848047947192,0,8796.2278613334,0
1602,34.5774785595391,0.350027389340616,0,8801.70970548491,0
1603,34.6193388979623,0.350207154778997,0,8807.19155407041,0
1604,34.661225071359,0.350387338235011,0,8812.67340708796,0
1605,34.7031368974409,0.350567933732449,0,8818.15526453562,0
1606,34.745074194986,0.350748935345827,0,8823.63712641142,0
1607,34.7870367838359,0.350930337200068,0,8829.11899271342,0
1608,34.8290244848896,0.351112133470113,0,8834.60086343967,0
1609,34.871037120098,0.351294318380542,0,8840.08273858824,0
1610,34.9130745124618,0.351476886205242,0,8845.56461815716,0
1611,34.9551364860252,0.351659831267052,0,8851.04650214449,0
1612,34.9972228658698,0.351843147937367,0,8856.5283905483,0
1613,35.0393334781128,0.352026830635824,0,8862.01028336664,0
1614,35.0814681499003,0.352210873829948,0,8867.49218059756,0
1615,35.123626709402,0.352395272034772,0,8872.97408223912,0
1616,35.1658089858077,0.352580019812508,0,8878.45598828939,0
1617,35.208014809322,0.352765111772225,0,8883.93789874642,0
1618,35.2502440111584,0.352950542569456,0,8889.41981360827,0
1619,35.2924964235351,0.353136306905882,0,8894.90173287301,0
1620,35.3347718796708,0.353322399529014,0,8900.3836565387,0
1621,35.3770702137777,0.353508815231812,0,8905.8655846034,0
1622,35.4193912610578,0.353695548852364,0,8911.34751706518,0
1623,35.4617348576982,0.353882595273583,0,8916.82945392209,0
1624,35.5041008408645,0.354069949422831,0,8922.31139517222,0
1625,35.5464890486969,0.354257606271599,0,8927.79334081362,0
1626,35.5888993203051,0.354445560835211,0,8933.27529084436,0
1627,35.6313314957622,0.354633808172461,0,8938.75724526251,0
1628,35.6737854161,0.354822343385289,0,8944.23920406613,0
1629,35.7162609233046,0.355011161618495,0,8949.72116725331,0
1630,35.7587578603101,0.355200258059385,0,8955.20313482211,0
1631,35.8012760709933,0.355389627937448,0,8960.6851067706,0
1632,35.8438154001699,0.355579266524075,0,8966.16708309686,0
1633,35.8863756935876,0.355769169132218,0,8971.64906379895,0
1634,35.9289567979213,0.355959331116064,0,8977.13104887495,0
1635,35.971558560769,0.356149747870766,0,8982.61303832294,0
1636,36.0141808306449,0.356340414832105,0,8988.095032141,0
1637,36.0568234569747,0.35653132747617,0,8993.57703032719,0
1638,36.0994862900908,0.356722481319091,0,8999.0590328796,0
1639,36.1421691812266,0.356913871916715,0,9004.54103979631,0
1640,36.1848719825105,0.357105494864288,0,9010.02305107538,0
1641,36.227594546962,0.357297345796185,0,9015.50506671491,0
1642,36.2703367284855,0.357489420385608,0,9020.98708671298,0
1643,36.3130983818646,0.357681714344257,0,9026.46911106765,0
1644,36.3558793627578,0.35787422342208,0,9031.95113977703,0
1645,36.3986795276925,0.358066943406964,0,9037.43317283918,0
1646,36.4414987340596,0.358259870124423,0,9042.9152102522,0
1647,36.4843368401084,0.358452999437341,0,9048.39725201417,0
1648,36.5271937049416,0.358646327245681,0,9053.87929812317,0
1649,36.5700691885088,0.35883984948617,0,9059.36134857729,0
1650,36.6129631516028,0.35903356213205,0,9064.84340337461,0
1651,36.6558754558529,0.359227461192793,0,9070.32546251323,0
1652,36.6988059637201,0.359421542713794,0,9075.80752599123,0
1653,36.7417545384918,0.35961580277612,0,9081.28959380669,0
1654,36.7847210442766,0.359810237496237,0,9086.77166595773,0
1655,36.8277053459983,0.360004843025706,0,9092.25374244241,0
1656,36.8707073093917,0.360199615550937,0,9097.73582325882,0
1657,36.9137268009963,0.360394551292923,0,9103.21790840508,0
1658,36.9567636881513,0.360589646506938,0,9108.69999787927,0
1659,36.9998178389906,0.360784897482301,0,9114.18209167947,0
1660,37.0428891224373,0.36098030054211,0,9119.66418980378,0
1661,37.085977408198,0.361175852042954,0,9125.14629225031,0
1662,37.1290825667585,0.361371548374667,0,9130.62839901715,0
1663,37.1722044693777,0.361567385960083,0,9136.11051010239,0
1664,37.2153429880824,0.361763361254744,0,9141.59262550412,0
1665,37.2584979956627,0.361959470746665,0,9147.07474522045,0
1666,37.3016693656662,0.362155710956087,0,9152.55686924948,0
1667,37.3448569723929,0.362352078435197,0,9158.03899758931,0
1668,37.3880606908902,0.362548569767893,0,9163.52113023803,0
1669,37.4312803969474,0.362745181569548,0,9169.00326719375,0
1670,37.4745159670907,0.362941910486728,0,9174.48540845457,0
1671,37.5177672785781,0.363138753196965,0,9179.96755401859,0
1672,37.5610342093943,0.36333570640853,0,9185.44970388391,0
1673,37.6043166382452,0.363532766860151,0,9190.93185804864,0
1674,37.6476144445533,0.363729931320794,0,9196.41401651089,0
1675,37.6909275084522,0.363927196589436,0,9201.89617926875,0
1676,37.7342557107817,0.364124559494794,0,9207.37834632034,0
1677,37.7775989330826,0.364322016895111,0,9212.86051766375,0
1678,37.8209570575922,0.364519565677926,0,9218.34269329711,0
1679,37.8643299672383,0.36471720275982,0,9223.82487321851,0
1680,37.907717545635,0.364914925086195,0,9229.30705742607,0
1681,37.9511196770775,0.365112729631058,0,9234.78924591789,0
1682,37.9945362465369,0.365310613396763,0,9240.27143869209,0
1683,38.0379671396556,0.365508573413805,0,9245.75363574678,0
1684,38.081412242742,0.365706606740603,0,9251.23583708006,0
1685,38.124871442766,0.365904710463245,0,9256.71804269006,0
1686,38.1683446273539,0.366102881695293,0,9262.20025257487,0
1687,38.2118316847833,0.366301117577563,0,9267.68246673263,0
1688,38.2553325039787,0.366499415277882,0,9273.16468516144,0
1689,38.2988469745066,0.366697771990891,0,9278.64690785941,0
1690,38.3423749865703,0.366896184937838,0,9284.12913482467,0
1691,38.3859164310054,0.367094651366331,0,9289.61136605533,0
1692,38.4294711992754,0.367293168550152,0,9295.09360154951,0
1693,38.4730391834663,0.36749173378905,0,9300.57584130532,0
1694,38.5166202762823,0.367690344408502,0,9306.05808532088,0
1695,38.560214371041,0.367888997759532,0,9311.54033359432,0
1696,38.6038213616689,0.368087691218503,0,9317.02258612375,0
1697,38.6474411426965,0.36828642218689,0,9322.5048429073,0
1698,38.6910736092539,0.368485188091098,0,9327.98710394307,0
1699,38.7347186570662,0.368683986382262,0,9333.46936922921,0
1700,38.7783761824487,0.36888281453602,0,9338.95163876383,0
1701,38.8220460823028,0.369081670052344,0,9344.43391254505,0
1702,38.8657282541112,0.369280550455332,0,9349.916190571,0
1703,38.9094225959332,0.369479453292998,0,9355.3984728398,0
1704,38.953129006401,0.369678376137099,0,9360.88075934957,0
1705,38.9968473847143,0.369877316582934,0,9366.36305009846,0
1706,39.0405776306368,0.37007627224914,0,9371.84534508457,0
1707,39.0843196444909,0.370275240777519,0,9377.32764430604,0
1708,39.1280733271545,0.370474219832846,0,9382.809947761,0
1709,39.1718385800556,0.370673207102666,0,9388.29225544757,0
1710,39.2156153051685,0.37087220029713,0,9393.77456736388,0
1711,39.2594034050095,0.3710711971488,0,9399.25688350807,0
1712,39.3032027826328,0.371270195412454,0,9404.73920387827,0
1713,39.3470133416259,0.371469192864929,0,9410.2215284726,0
1714,39.3908349861058,0.371668187304924,0,9415.7038572892,0
1715,39.4346676207146,0.371867176552815,0,9421.1861903262,0
1716,39.4785111506154,0.3720661584505,0,9426.66852758173,0
1717,39.5223654814883,0.372265130861203,0,9432.15086905394,0
1718,39.5662305195264,0.372464091669297,0,9437.63321474094,0
1719,39.6101061714315,0.372663038780153,0,9443.11556464089,0
1720,39.6539923444103,0.372861970119946,0,9448.59791875191,0
1721,39.6978889461703,0.373060883635483,0,9454.08027707213,0
1722,39.7417958849158,0.373259777294055,0,9459.56263959971,0
1723,39.7857130693441,0.373458649083248,0,9465.04500633278,0
1724,39.8296404086416,0.373657497010776,0,9470.52737726946,0
1725,39.8735778124798,0.373856319104335,0,9476.00975240791,0
1726,39.9175251910114,0.374055113411417,0,9481.49213174626,0
1727,39.961482454867,0.374253877999151,0,9486.97451528266,0
1728,40.0054495151505,0.374452610954156,0,9492.45690301524,0
1729,40.0494262834359,0.374651310382362,0,9497.93929494215,0
1730,40.0934126717634,0.374849974408854,0,9503.42169106153,0
1731,40.1374085926359,0.37504860117773,0,9508.90409137151,0
1732,40.1814139590148,0.37524718885192,0,9514.38649587025,0
1733,40.2254286843172,0.375445735613044,0,9519.86890455589,0
1734,40.2694526824112,0.375644239661261,0,9525.35131742658,0
1735,40.3134858676135,0.375842699215104,0,9530.83373448045,0
1736,40.3575281546849,0.376041112511334,0,9536.31615571565,0
1737,40.401579458827,0.376239477804797,0,9541.79858113034,0
1738,40.4456396956792,0.376437793368254,0,9547.28101072266,0
1739,40.4897087813146,0.376636057492253,0,9552.76344449075,0
1740,40.5337866322368,0.376834268484976,0,9558.24588243277,0
1741,40.5778731653767,0.37703242467208,0,9563.72832454687,0
1742,40.6219682980887,0.377230524396571,0,9569.21077083118,0
1743,40.6660719481474,0.377428566018651,0,9574.69322128388,0
1744,40.710184033745,0.37762654791557,0,9580.17567590309,0
1745,40.7543044734866,0.377824468481496,0,9585.65813468698,0
1746,40.7984331863883,0.37802232612737,0,9591.1405976337,0
1747,40.8425700918735,0.378220119280757,0,9596.6230647414,0
1748,40.8867151097691,0.378417846385726,0,9602.10553600824,0
1749,40.930868160303,0.378615505902701,0,9607.58801143237,0
1750,40.975029164101,0.378813096308321,0,9613.07049101194,0
1751,41.019198042183,0.37901061609532,0,9618.55297474511,0
1752,41.0633747159604,0.379208063772383,0,9624.03546263003,0
1753,41.1075591072333,0.379405437864008,0,9629.51795466486,0
1754,41.1517511381863,0.379602736910391,0,9635.00045084776,0
1755,41.1959507313871,0.379799959467282,0,9640.48295117688,0
1756,41.2401578097821,0.379997104105855,0,9645.96545565039,0
1757,41.284372296694,0.380194169412592,0,9651.44796426644,0
1758,41.3285941158192,0.380391153989143,0,9656.93047702319,0
1759,41.3728231912242,0.3805880564522,0,9662.4129939188,0
1760,41.4170594473431,0.380784875433386,0,9667.89551495143,0
1761,41.4613028089749,0.380981609579112,0,9673.37804011924,0
1762,41.5055532012803,0.381178257550461,0,9678.8605694204,0
1763,41.5498105497787,0.381374818023077,0,9684.34310285306,0
1764,41.5940747803466,0.38157128968702,0,9689.82564041539,0
1765,41.6383458192132,0.381767671246668,0,9695.30818210556,0
1766,41.682623592959,0.381963961420587,0,9700.79072792172,0
1767,41.7269080285124,0.38216015894141,0,9706.27327786204,0
1768,41.7711990531471,0.382356262555728,0,9711.75583192469,0
1769,41.8154965944796,0.38255227102397,0,9717.23839010783,0
1770,41.8598005804669,0.38274818312028,0,9722.72095240963,0
1771,41.9041109394031,0.382943997632417,0,9728.20351882825,0
1772,41.9484275999174,0.383139713361631,0,9733.68608936186,0
1773,41.9927504909716,0.383335329122547,0,9739.16866400863,0
1774,42.0370795418571,0.383530843743069,0,9744.65124276674,0
1775,42.0814146821929,0.383726256064252,0,9750.13382563434,0
1776,42.125755841923,0.383921564940198,0,9755.61641260961,0
1777,42.1701029513135,0.384116769237955,0,9761.09900369071,0
1778,42.2144559409509,0.384311867837395,0,9766.58159887583,0
1779,42.2588147417395,0.384506859631115,0,9772.06419816312,0
1780,42.3031792848982,0.384701743524333,0,9777.54680155077,0
1781,42.3475495019597,0.384896518434773,0,9783.02940903695,0
1782,42.3919253247666,0.385091183292569,0,9788.51202061981,0
1783,42.4363066854701,0.385285737040158,0,9793.99463629756,0
1784,42.4806935165274,0.385480178632173,0,9799.47725606834,0
1785,42.5250857506994,0.385674507035352,0,9804.95987993035,0
1786,42.5694833210485,0.385868721228424,0,9810.44250788176,0
1787,42.6138861609366,0.386062820202014,0,9815.92513992073,0
1788,42.6582942040223,0.386256802958546,0,9821.40777604545,0
1789,42.7027073842595,0.386450668512143,0,9826.8904162541,0
1790,42.747125635895,0.386644415888521,0,9832.37306054485,0
1791,42.7915488934657,0.386838044124906,0,9837.85570891588,0
1792,42.8359770917978,0.387031552269925,0,9843.33836136538,0
1793,42.8804101660036,0.387224939383515,0,9848.8210178915,0
1794,42.9248480514798,0.387418204536834,0,9854.30367849245,0
1795,42.9692906839057,0.387611346812155,0,9859.7863431664,0
1796,43.013737999241,0.387804365302782,0,9865.26901191152,0
1797,43.0581899337234,0.387997259112956,0,9870.75168472601,0
1798,43.1026464238677,0.388190027357758,0,9876.23436160804,0
1799,43.1471074064627,0.388382669163025,0,9881.71704255579,0
1800,43.1915728185697,0.388575183665257,0,9887.19972756746,0
1801,43.236042597521,0.388767570011522,0,9892.68241664121,0
1802,43.2805166809173,0.388959827359377,0,9898.16510977524,0
1803,43.3249950066264,0.389151954876776,0,9903.64780696774,0
1804,43.3694775127812,0.389343951741975,0,9909.13050821687,0
1805,43.4139641377772,0.38953581714346,0,9914.61321352084,0
1806,43.458454820272,0.389727550279848,0,9920.09592287783,0
1807,43.5029494991824,0.389919150359807,0,9925.57863628602,0
1808,43.5474481136831,0.390110616601976,0,9931.0613537436,0
1809,43.5919506032049,0.390301948234872,0,9936.54407524877,0
1810,43.6364569074329,0.390493144496811,0,9942.0268007997,0
1811,43.6809669663047,0.39068420463583,0,9947.50953039459,0
1812,43.7254807200089,0.390875127909597,0,9952.99226403162,0
1813,43.7699981089833,0.391065913585336,0,9958.47500170899,0
1814,43.8145190739133,0.391256560939744,0,9963.95774342489,0
1815,43.8590435557303,0.391447069258909,0,9969.44048917751,0
1816,43.9035714956097,0.39163743783824,0,9974.92323896504,0
1817,43.9481028349697,0.391827665982374,0,9980.40599278567,0
1818,43.9926375154699,0.392017753005111,0,9985.88875063759,0
1819,44.0371754790089,0.39220769822933,0,9991.371512519,0
1820,44.0817166677236,0.392397500986914,0,9996.8542784281,0
1821,44.1262610239873,0.392587160618674,0,10002.3370483631,0
1822,44.1708084904079,0.392776676474274,0,10007.8198223221,0
1823,44.2153590098269,0.392966047912156,0,10013.3026003034,0
1824,44.2599125253179,0.393155274299464,0,10018.7853823052,0
1825,44.3044689801842,0.393344355011974,0,10024.2681683256,0
1826,44.3490283179588,0.393533289434017,0,10029.7509583629,0
1827,44.3935904824017,0.393722076958411,0,10035.2337524152,0
1828,44.4381554174993,0.393910716986385,0,10040.7165504808,0
1829,44.4827230674625,0.394099208927509,0,10046.1993525578,0
1830,44.5272933767252,0.394287552199625,0,10051.6821586445,0
1831,44.5718662899435,0.394475746228777,0,10057.164968739,0
1832,44.6164417519941,0.394663790449136,0,10062.6477828396,0
1833,44.6610197079723,0.39485168430294,0,10068.1306009444,0
1834,44.7056001031919,0.395039427240418,0,10073.6134230516,0
1835,44.7501828831825,0.395227018719726,0,10079.0962491595,0
1836,44.7947679936892,0.395414458206877,0,10084.5790792663,0
1837,44.8393553806711,0.395601745175676,0,10090.0619133701,0
1838,44.8839449902994,0.395788879107657,0,10095.5447514692,0
1839,44.928536768957,0.395975859492009,0,10101.0275935617,0
1840,44.9731306632369,0.396162685825518,0,10106.5104396459,0
1841,45.0177266199404,0.396349357612499,0,10111.99328972,0
1842,45.0623245860768,0.396535874364734,0,10117.4761437821,0
1843,45.1069245088619,0.396722235601405,0,10122.9590018305,0
1844,45.1515263357158,0.396908440849035,0,10128.4418638634,0
1845,45.1961300142636,0.397094489641421,0,10133.924729879,0
1846,45.2407354923325,0.397280381519575,0,10139.4075998755,0
1847,45.2853427179513,0.397466116031663,0,10144.8904738511,0
1848,45.3299516393497,0.397651692732939,0,10150.373351804,0
1849,45.3745622049561,0.397837111185691,0,10155.8562337324,0
1850,45.4191743633973,0.398022370959173,0,10161.3391196346,0
1851,45.4637880634977,0.398207471629553,0,10166.8220095087,0
1852,45.5084032542765,0.398392412779849,0,10172.3049033529,0
1853,45.5530198849485,0.398577193999872,0,10177.7878011655,0
1854,45.5976379049223,0.398761814886166,0,10183.2707029447,0
1855,45.6422572637987,0.398946275041952,0,10188.7536086887,0
1856,45.6868779113704,0.399130574077071,0,10194.2365183956,0
1857,45.7314997976205,0.399314711607923,0,10199.7194320638,0
1858,45.7761228727216,0.399498687257415,0,10205.2023496914,0
1859,45.8207470870352,0.399682500654904,0,10210.6852712766,0
1860,45.8653723911094,0.399866151436139,0,10216.1681968177,0
1861,45.9099987356793,0.400049639243207,0,10221.6511263128,0
1862,45.9546260716657,0.400232963724481,0,10227.1340597603,0
1863,45.9992543501728,0.400416124534562,0,10232.6169971582,0
1864,46.0438835224894,0.400599121334224,0,10238.0999385048,0
1865,46.088513540086,0.400781953790367,0,10243.5828837983,0
1866,46.1331443546149,0.400964621575955,0,10249.065833037,0
1867,46.1777759179092,0.401147124369972,0,10254.5487862191,0
1868,46.2224081819809,0.401329461857364,0,10260.0317433427,0
1869,46.2670410990212,0.401511633728988,0,10265.5147044061,0
1870,46.3116746213991,0.401693639681564,0,10270.9976694075,0
1871,46.35630870166,0.401875479417618,0,10276.4806383452,0
1872,46.4009432925257,0.402057152645436,0,10281.9636112173,0
1873,46.4455783468928,0.402238659079013,0,10287.4465880221,0
1874,46.4902138178316,0.402419998438003,0,10292.9295687578,0
1875,46.5348496585864,0.402601170447666,0,10298.4125534226,0
1876,46.5794858225734,0.402782174838824,0,10303.8955420148,0
1877,46.62412226338,0.40296301134781,0,10309.3785345325,0
1878,46.6687589347652,0.40314367971642,0,10314.861530974,0
1879,46.7133957906566,0.403324179691862,0,10320.3445313375,0
1880,46.7580327851514,0.403504511026713,0,10325.8275356212,0
1881,46.802669872515,0.403684673478871,0,10331.3105438234,0
1882,46.8473070071796,0.403864666811504,0,10336.7935559422,0
1883,46.891944143744,0.404044490793008,0,10342.276571976,0
1884,46.9365812369729,0.404224145196958,0,10347.7595919229,0
1885,46.9812182417953,0.404403629802062,0,10353.2426157811,0
1886,47.0258551133049,0.404582944392122,0,10358.7256435489,0
1887,47.0704918067578,0.404762088755977,0,10364.2086752246,0
1888,47.1151282775731,0.404941062687466,0,10369.6917108062,0
1889,47.1597644813316,0.405119865985388,0,10375.1747502922,0
1890,47.2044003737744,0.405298498453443,0,10380.6577936806,0
1891,47.2490359108032,0.405476959900203,0,10386.1408409698,0
1892,47.293671048479,0.405655250139063,0,10391.6238921578,0
1893,47.3383057430212,0.405833368988194,0,10397.1069472431,0
1894,47.3829399508073,0.406011316270508,0,10402.5900062238,0
1895,47.4275736283717,0.406189091813608,0,10408.0730690981,0
1896,47.4722067324051,0.406366695449749,0,10413.5561358643,0
1897,47.5168392197541,0.406544127015801,0,10419.0392065207,0
1898,47.5614710474199,0.406721386353196,0,10424.5222810653,0
1899,47.6061021725581,0.406898473307897,0,10430.0053594965,0
1900,47.6507325524779,0.407075387730356,0,10435.4884418125,0
1901,47.6953621446409,0.407252129475465,0,10440.9715280116,0
1902,47.7399909066611,0.407428698402526,0,10446.4546180919,0
1903,47.7846187963037,0.407605094375206,0,10451.9377120517,0
1904,47.8292457714844,0.407781317261496,0,10457.4208098893,0
1905,47.8738717902696,0.407957366933677,0,10462.9039116028,0
1906,47.9184968108742,0.408133243268273,0,10468.3870171906,0
1907,47.963120791662,0.408308946146019,0,10473.8701266508,0
1908,48.0077436911452,0.408484475451822,0,10479.3532399816,0
1909,48.0523654679825,0.408659831074715,0,10484.8363571814,0
1910,48.0969860809801,0.40883501290783,0,10490.3194782484,0
1911,48.1416054890896,0.409010020848355,0,10495.8026031807,0
1912,48.186223651408,0.409184854797491,0,10501.2857319767,0
1913,48.2308405271773,0.409359514660428,0,10506.7688646346,0
1914,48.2754560757832,0.409534000346296,0,10512.2520011526,0
1915,48.3200702567549,0.409708311768135,0,10517.7351415289,0
1916,48.3646830297646,0.409882448842856,0,10523.2182857618,0
1917,48.4092943546264,0.410056411491206,0,10528.7014338496,0
1918,48.453904191296,0.410230199637733,0,10534.1845857904,0
1919,48.4985124998699,0.410403813210748,0,10539.6677415826,0
1920,48.543119240585,0.410577252142292,0,10545.1509012243,0
1921,48.5877243738179,0.410750516368101,0,10550.6340647138,0
1922,48.6323278600843,0.41092360582757,0,10556.1172320494,0
1923,48.6769296600379,0.411096520463717,0,10561.6004032293,0
1924,48.7215297344711,0.411269260223157,0,10567.0835782516,0
1925,48.7661280443126,0.411441825056053,0,10572.5667571148,0
1926,48.8107245506286,0.4116142149161,0,10578.049939817,0
1927,48.8553192146208,0.411786429760479,0,10583.5331263565,0
1928,48.8999119976267,0.411958469549825,0,10589.0163167315,0
1929,48.9445028611187,0.412130334248203,0,10594.4995109402,0
1930,48.9890917667032,0.412302023823061,0,10599.982708981,0
1931,49.0336786761208,0.412473538245211,0,10605.465910852,0
1932,49.0782635512451,0.412644877488793,0,10610.9491165515,0
1933,49.1228463540821,0.412816041531232,0,10616.4323260777,0
1934,49.1674270467703,0.412987030353226,0,10621.915539429,0
1935,49.2120055915792,0.413157843938698,0,10627.3987566035,0
1936,49.2565819509094,0.413328482274769,0,10632.8819775995,0
1937,49.3011560872922,0.413498945351736,0,10638.3652024153,0
1938,49.3457279633882,0.413669233163024,0,10643.8484310491,0
1939,49.3902975419875,0.413839345705172,0,10649.3316634991,0
1940,49.4348647860092,0.414009282977794,0,10654.8148997636,0
1941,49.4794296585,0.414179044983547,0,10660.2981398409,0
1942,49.5239921226346,0.414348631728111,0,10665.7813837292,0
1943,49.5685521417149,0.414518043220146,0,10671.2646314267,0
1944,49.6131096791689,0.414687279471272,0,10676.7478829317,0
1945,49.6576646985512,0.41485634049604,0,10682.2311382426,0
1946,49.7022171635414,0.415025226311894,0,10687.7143973574,0
1947,49.7467670379445,0.415193936939152,0,10693.1976602745,0
1948,49.7913142856896,0.415362472400973,0,10698.6809269921,0
1949,49.8358588708298,0.415530832723325,0,10704.1641975085,0
1950,49.880400757542,0.415699017934969,0,10709.647471822,0
1951,49.9249399101252,0.415867028067413,0,10715.1307499308,0
1952,49.9694762930016,0.416034863154898,0,10720.6140318331,0
1953,50.0140098707149,0.41620252323437,0,10726.0973175272,0
1954,50.0585406079297,0.41637000834544,0,10731.5806070114,0
1955,50.1030684694324,0.416537318530374,0,10737.0639002839,0
1956,50.147593420129,0.416704453834053,0,10742.547197343,0
1957,50.1921154250456,0.41687141430395,0,10748.0304981869,0
1958,50.2366344493277,0.41703819999011,0,10753.513802814,0
1959,50.2811504582394,0.417204810945108,0,10758.9971112224,0
1960,50.3256634171634,0.41737124722404,0,10764.4804234104,0
1961,50.3701732916002,0.417537508884489,0,10769.9637393763,0
1962,50.4146800471673,0.417703595986493,0,10775.4470591184,0
1963,50.4591836495998,0.417869508592534,0,10780.9303826348,0
1964,50.5036840647485,0.4180352467675,0,10786.4137099239,0
1965,50.5481812585802,0.418200810578662,0,10791.897040984,0
1966,50.5926751971777,0.41836620009566,0,10797.3803758133,0
1967,50.6371658467378,0.418531415390456,0,10802.86371441,0
1968,50.6816531735728,0.418696456537332,0,10808.3470567724,0
1969,50.7261371441079,0.418861323612855,0,10813.8304028988,0
1970,50.7706177248825,0.419026016695847,0,10819.3137527874,0
1971,50.815094882549,0.419190535867377,0,10824.7971064366,0
1972,50.8595685838721,0.419354881210718,0,10830.2804638446,0
1973,50.9040387957285,0.419519052811336,0,10835.7638250095,0
1974,50.9485054851071,0.419683050756867,0,10841.2471899299,0
1975,50.9929686191071,0.419846875137081,0,10846.7305586037,0
1976,51.0374281649392,0.420010526043875,0,10852.2139310295,0
1977,51.0818840899238,0.420174003571236,0,10857.6973072053,0
1978,51.1263363614912,0.420337307815224,0,10863.1806871295,0
1979,51.1707849471812,0.420500438873958,0,10868.6640708004,0
1980,51.2152298146421,0.42066339684757,0,10874.1474582162,0
1981,51.259670931631,0.420826181838209,0,10879.6308493751,0
1982,51.3041082660125,0.420988793950002,0,10885.1142442756,0
1983,51.3485417857588,0.421151233289033,0,10890.5976429157,0
1984,51.3929714589496,0.421313499963336,0,10896.0810452939,0
1985,51.4373972537705,0.421475594082847,0,10901.5644514083,0
1986,51.4818191385136,0.421637515759408,0,10907.0478612573,0
1987,51.5262370815768,0.421799265106733,0,10912.5312748391,0
1988,51.5706510514629,0.421960842240383,0,10918.0146921519,0
1989,51.61506101678,0.422122247277757,0,10923.4981131942,0
1990,51.6594669462398,0.42228348033806,0,10928.981537964,0
1991,51.7038688086587,0.422444541542287,0,10934.4649664598,0
1992,51.7482665729564,0.422605431013207,0,10939.9483986797,0
1993,51.7926602081551,0.422766148875326,0,10945.4318346221,0
1994,51.8370496833804,0.42292669525489,0,10950.9152742852,0
1995,51.8814349678597,0.423087070279846,0,10956.3987176673,0
1996,51.9258160309219,0.423247274079827,0,10961.8821647667,0
1997,51.9701928419978,0.423407306786143,0,10967.3656155817,0
1998,52.0145653706185,0.423567168531738,0,10972.8490701105,0
1999,52.058933586416,0.423726859451196,0,10978.3325283514,0
2000,52.1032974591222,0.423886379680707,0,10983.8159903027,0
2001,52.1476569585685,0.424045729358044,0,10989.2994559626,0
2002,52.1920120546856,0.424204908622562,0,10994.7829253295,0
2003,52.2363627175029,0.424363917615155,0,11000.2663984016,0
2004,52.2807089171482,0.424522756478256,0,11005.7498751773,0
2005,52.3250506238473,0.424681425355816,0,11011.2333556547,0
2006,52.3693878079231,0.424839924393267,0,11016.7168398321,0
2007,52.4137204397964,0.424998253737535,0,11022.2003277079,0
2008,52.4580484899836,0.42515641353699,0,11027.6838192804,0
2009,52.5023719290983,0.425314403941449,0,11033.1673145477,0
2010,52.5466907278495,0.425472225102154,0,11038.6508135082,0
2011,52.5910048570416,0.42562987717174,0,11044.1343161602,0
2012,52.6353142875743,0.425787360304241,0,11049.6178225019,0
2013,52.6796189904417,0.425944674655053,0,11055.1013325317,0
2014,52.723918936732,0.426101820380921,0,11060.5848462478,0
2015,52.7682140976277,0.426258797639935,0,11066.0683636485,0
2016,52.812504444404,0.426415606591486,0,11071.551884732,0
2017,52.8567899484297,0.426572247396277,0,11077.0354094968,0
2018,52.9010705811659,0.42672872021629,0,11082.518937941,0
2019,52.9453463141658,0.426885025214767,0,11088.0024700629,0
2020,52.9896171190748,0.427041162556212,0,11093.4860058609,0
2021,53.0338829676293,0.427197132406348,0,11098.9695453332,0
2022,53.0781438316566,0.427352934932122,0,11104.4530884781,0
2023,53.1223996830753,0.427508570301681,0,11109.9366352938,0
2024,53.1666504938933,0.427664038684347,0,11115.4201857788,0
2025,53.210896236209,0.427819340250625,0,11120.9037399312,0
2026,53.2551368822099,0.427974475172155,0,11126.3872977494,0
2027,53.2993724041726,0.428129443621723,0,11131.8708592316,0
2028,53.3436027744623,0.428284245773235,0,11137.3544243761,0
2029,53.3878279655324,0.428438881801694,0,11142.8379931813,0
2030,53.4320479499245,0.428593351883203,0,11148.3215656453,0
2031,53.4762627002673,0.428747656194929,0,11153.8051417666,0
2032,53.5204721892767,0.428901794915102,0,11159.2887215434,0
2033,53.5646763897554,0.429055768223,0,11164.7723049739,0
2034,53.6088752745922,0.429209576298917,0,11170.2558920565,0
2035,53.6530688167623,0.429363219324176,0,11175.7394827895,0
2036,53.6972569893259,0.429516697481088,0,11181.2230771712,0
2037,53.7414397654288,0.429670010952951,0,11186.7066751998,0
2038,53.7856171183016,0.429823159924039,0,11192.1902768736,0
2039,53.8297890212589,0.429976144579571,0,11197.673882191,0
2040,53.8739554476999,0.430128965105716,0,11203.1574911503,0
2041,53.9181163711073,0.430281621689569,0,11208.6411037496,0
2042,53.9622717650469,0.43043411451913,0,11214.1247199874,0
2043,54.0064216031678,0.430586443783314,0,11219.6083398619,0
2044,54.0505658592013,0.430738609671903,0,11225.0919633715,0
2045,54.0947045069613,0.430890612375565,0,11230.5755905143,0
2046,54.1388375203433,0.431042452085821,0,11236.0592212888,0
2047,54.1829648733241,0.431194128995033,0,11241.5428556932,0
2048,54.2270865399622,0.431345643296404,0,11247.0264937257,0
2049,54.271202494396,0.431496995183943,0,11252.5101353848,0
2050,54.3153127108451,0.431648184852475,0,11257.9937806687,0
2051,54.3594171636085,0.431799212497611,0,11263.4774295757,0
2052,54.4035158270651,0.431950078315738,0,11268.9610821041,0
2053,54.4476086756734,0.432100782504022,0,11274.4447382522,0
2054,54.4916956839702,0.432251325260365,0,11279.9283980183,0
2055,54.5357768265715,0.432401706783423,0,11285.4120614007,0
2056,54.5798520781711,0.432551927272579,0,11290.8957283977,0
2057,54.6239214135407,0.43270198692792,0,11296.3793990077,0
2058,54.66798480753,0.432851885950257,0,11301.8630732288,0
2059,54.7120422350652,0.433001624541072,0,11307.3467510594,0
2060,54.7560936711497,0.43315120290254,0,11312.8304324979,0
2061,54.8001390908634,0.4333006212375,0,11318.3141175425,0
2062,54.8441784693621,0.433449879749439,0,11323.7978061915,0
2063,54.8882117818777,0.433598978642503,0,11329.2814984432,0
2064,54.932239003717,0.433747918121455,0,11334.7651942959,0
2065,54.9762601102624,0.433896698391686,0,11340.248893748,0
2066,55.0202750769708,0.434045319659197,0,11345.7325967977,0
2067,55.0642838793735,0.434193782130577,0,11351.2163034434,0
2068,55.108286493076,0.434342086013017,0,11356.7000136833,0
2069,55.1522828937574,0.434490231514269,0,11362.1837275158,0
2070,55.1962730571701,0.434638218842653,0,11367.6674449391,0
2071,55.2402569591397,0.434786048207049,0,11373.1511659517,0
2072,55.2842345755643,0.434933719816864,0,11378.6348905517,0
2073,55.3282058824147,0.435081233882054,0,11384.1186187374,0
2074,55.3721708557334,0.43522859061308,0,11389.6023505073,0
2075,55.4161294716348,0.435375790220921,0,11395.0860858596,0
2076,55.4600817063047,0.435522832917057,0,11400.5698247926,0
2077,55.5040275359996,0.435669718913445,0,11406.0535673047,0
2078,55.5479669370472,0.435816448422538,0,11411.537313394,0
2079,55.5918998858454,0.43596302165724,0,11417.021063059,0
2080,55.6358263588619,0.436109438830923,0,11422.504816298,0
2081,55.6797463326347,0.436255700157408,0,11427.9885731093,0
2082,55.7236597837704,0.436401805850942,0,11433.4723334911,0
2083,55.7675666889455,0.436547756126217,0,11438.9560974418,0
2084,55.8114670249049,0.436693551198328,0,11444.4398649597,0
2085,55.8553607684619,0.436839191282785,0,11449.9236360432,0
2086,55.899247896498,0.436984676595501,0,11455.4074106905,0
2087,55.9431283859625,0.437130007352764,0,11460.8911888999,0
2088,55.9870022138724,0.437275183771262,0,11466.3749706698,0
2089,56.0308693573114,0.437420206068032,0,11471.8587559985,0
2090,56.0747297934305,0.437565074460485,0,11477.3425448842,0
2091,56.1185834994472,0.437709789166385,0,11482.8263373254,0
2092,56.1624304526449,0.437854350403825,0,11488.3101333203,0
2093,56.2062706303736,0.437998758391249,0,11493.7939328672,0
2094,56.2501040100481,0.438143013347412,0,11499.2777359645,0
2095,56.2939305691492,0.438287115491389,0,11504.7615426105,0
2096,56.3377502852223,0.438431065042566,0,11510.2453528035,0
2097,56.3815631358775,0.438574862220616,0,11515.7291665418,0
2098,56.4253690987899,0.438718507245516,0,11521.2129838237,0
2099,56.4691681516978,0.438862000337511,0,11526.6968046475,0
2100,56.5129602724039,0.439005341717124,0,11532.1806290116,0
2101,56.5567454387743,0.439148531605143,0,11537.6644569143,0
2102,56.600523628738,0.439291570222604,0,11543.148288354,0
2103,56.6442948202874,0.439434457790805,0,11548.6321233288,0
2104,56.6880589914771,0.439577194531263,0,11554.1159618372,0
2105,56.7318161204241,0.439719780665744,0,11559.5998038775,0
2106,56.7755661853076,0.439862216416227,0,11565.083649448,0
2107,56.8193091643682,0.440004502004905,0,11570.5674985469,0
2108,56.8630450359083,0.440146637654188,0,11576.0513511728,0
2109,56.9067737782911,0.440288623586671,0,11581.5352073237,0
2110,56.950495369941,0.440430460025152,0,11587.0190669982,0
2111,56.9942097893424,0.440572147192609,0,11592.5029301945,0
2112,57.0379170150407,0.44071368531219,0,11597.9867969109,0
2113,57.0816170256408,0.440855074607226,0,11603.4706671458,0
2114,57.1253097998075,0.440996315301192,0,11608.9545408974,0
2115,57.1689953162649,0.441137407617732,0,11614.4384181642,0
2116,57.2126735537964,0.441278351780627,0,11619.9222989444,0
2117,57.2563444912441,0.441419148013797,0,11625.4061832364,0
2118,57.3000081075088,0.441559796541306,0,11630.8900710384,0
2119,57.3436643815496,0.441700297587323,0,11636.3739623489,0
2120,57.3873132923837,0.441840651376157,0,11641.8578571661,0
2121,57.4309548190858,0.441980858132211,0,11647.3417554884,0
2122,57.4745889407884,0.442120918079999,0,11652.8256573141,0
2123,57.518215636681,0.442260831444137,0,11658.3095626415,0
2124,57.5618348860102,0.442400598449318,0,11663.793471469,0
2125,57.6054466680791,0.442540219320336,0,11669.2773837948,0
2126,57.6490509622473,0.442679694282049,0,11674.7612996174,0
2127,57.6926477479306,0.442819023559391,0,11680.245218935,0
2128,57.7362370046005,0.442958207377364,0,11685.7291417461,0
2129,57.7798187117842,0.443097245961016,0,11691.2130680488,0
2130,57.8233928490645,0.443236139535464,0,11696.6969978416,0
2131,57.8669593960785,0.443374888325851,0,11702.1809311227,0
2132,57.9105183325191,0.443513492557374,0,11707.6648678906,0
2133,57.9540696381331,0.443651952455258,0,11713.1488081435,0
2134,57.9976132927218,0.443790268244749,0,11718.6327518797,0
2135,58.0411492761406,0.443928440151126,0,11724.1166990977,0
2136,58.0846775682986,0.444066468399668,0,11729.6006497957,0
2137,58.1281981491585,0.444204353215675,0,11735.0846039721,0
2138,58.1717109987361,0.444342094824445,0,11740.5685616253,0
2139,58.2152160971005,0.444479693451271,0,11746.0525227534,0
2140,58.2587134243735,0.444617149321445,0,11751.536487355,0
2141,58.3022029607291,0.444754462660234,0,11757.0204554283,0
2142,58.3456846863941,0.444891633692895,0,11762.5044269716,0
2143,58.3891585816469,0.445028662644655,0,11767.9884019833,0
2144,58.4326246268179,0.445165549740707,0,11773.4723804618,0
2145,58.4760828022892,0.445302295206219,0,11778.9563624053,0
2146,58.5195330884936,0.445438899266301,0,11784.4403478123,0
2147,58.5629754659158,0.445575362146034,0,11789.924336681,0
2148,58.6064099150905,0.445711684070432,0,11795.4083290097,0
2149,58.6498364166036,0.445847865264457,0,11800.8923247969,0
2150,58.6932549510909,0.445983905953014,0,11806.3763240409,0
2151,58.7366654992385,0.446119806360928,0,11811.86032674,0
2152,58.7800680417826,0.446255566712966,0,11817.3443328925,0
2153,58.8234625595083,0.446391187233804,0,11822.8283424968,0
2154,58.8668490332509,0.446526668148043,0,11828.3123555513,0
2155,58.9102274438945,0.446662009680199,0,11833.7963720542,0
2156,58.953597772372,0.446797212054682,0,11839.280392004,0
2157,58.9969599996654,0.446932275495827,0,11844.7644153989,0
2158,59.0403141068047,0.447067200227845,0,11850.2484422373,0
2159,59.0836600748685,0.447201986474857,0,11855.7324725175,0
2160,59.1269978849834,0.447336634460864,0,11861.216506238,0
2161,59.1703275183235,0.447471144409752,0,11866.7005433969,0
2162,59.2136489561108,0.447605516545297,0,11872.1845839928,0
2163,59.2569621796145,0.447739751091132,0,11877.6686280239,0
2164,59.3002671701511,0.447873848270782,0,11883.1526754885,0
2165,59.3435639090836,0.448007808307624,0,11888.6367263851,0
2166,59.3868523778222,0.448141631424901,0,11894.120780712,0
2167,59.4301325578232,0.448275317845723,0,11899.6048384674,0
2168,59.4734044305894,0.448408867793036,0,11905.0888996498,0
2169,59.5166679776696,0.448542281489659,0,11910.5729642575,0
2170,59.5599231806582,0.448675559158235,0,11916.0570322889,0
2171,59.6031700211956,0.448808701021265,0,11921.5411037423,0
2172,59.6464084809673,0.448941707301081,0,11927.025178616,0
2173,59.689638541704,0.449074578219843,0,11932.5092569085,0
2174,59.7328601851818,0.449207313999558,0,11937.993338618,0
2175,59.7760733932209,0.44933991486204,0,11943.4774237429,0
2176,59.8192781476868,0.44947238102894,0,11948.9615122815,0
2177,59.8624744304888,0.449604712721719,0,11954.4456042323,0
2178,59.9056622235807,0.449736910161655,0,11959.9296995935,0
2179,59.9488415089602,0.449868973569843,0,11965.4137983635,0
2180,59.9920122686685,0.450000903167172,0,11970.8979005407,0
2181,60.0351744847909,0.450132699174353,0,11976.3820061234,0
2182,60.0783281394555,0.450264361811881,0,11981.86611511,0
2183,60.1214732148339,0.450395891300059,0,11987.3502274988,0
2184,60.1646096931407,0.450527287858981,0,11992.8343432881,0
2185,60.207737556633,0.450658551708523,0,11998.3184624765,0
2186,60.2508567876108,0.450789683068367,0,12003.802585062,0
2187,60.2939673684162,0.450920682157953,0,12009.2867110433,0
2188,60.3370692814337,0.451051549196525,0,12014.7708404185,0
2189,60.3801625090896,0.451182284403089,0,12020.2549731861,0
2190,60.4232470338523,0.451312887996428,0,12025.7391093444,0
2191,60.4663228382317,0.451443360195105,0,12031.2232488917,0
2192,60.509389904779,0.451573701217433,0,12036.7073918265,0
2193,60.5524482160868,0.451703911281508,0,12042.1915381471,0
2194,60.5954977547887,0.451833990605174,0,12047.6756878518,0
2195,60.6385385035593,0.451963939406039,0,12053.159840939,0
2196,60.6815704451138,0.452093757901471,0,12058.643997407,0
2197,60.7245935622079,0.452223446308578,0,12064.1281572543,0
2198,60.7676078376379,0.452353004844235,0,12069.6123204792,0
2199,60.8106132542397,0.452482433725047,0,12075.09648708,0
2200,60.8536097948898,0.452611733167377,0,12080.5806570551,0
2201,60.8965974425042,0.452740903387322,0,12086.0648304028,0
2202,60.9395761800385,0.452869944600715,0,12091.5490071216,0
2203,60.9825459904879,0.45299885702314,0,12097.0331872098,0
2204,61.0255068568868,0.453127640869893,0,12102.5173706657,0
2205,61.0684587623087,0.453256296356022,0,12108.0015574877,0
2206,61.1114016898662,0.453384823696287,0,12113.4857476742,0
2207,61.1543356227104,0.453513223105183,0,12118.9699412236,0
2208,61.1972605440311,0.453641494796929,0,12124.4541381341,0
2209,61.2401764370568,0.453769638985454,0,12129.9383384042,0
2210,61.283083285054,0.453897655884425,0,12135.4225420322,0
2211,61.3259810713271,0.454025545707203,0,12140.9067490165,0
2212,61.3688697792191,0.45415330866688,0,12146.3909593555,0
2213,61.41174939211,0.454280944976252,0,12151.8751730475,0
2214,61.4546198934179,0.454408454847822,0,12157.3593900909,0
2215,61.4974812665985,0.454535838493811,0,12162.8436104841,0
2216,61.5403334951441,0.454663096126128,0,12168.3278342254,0
2217,61.5831765625848,0.454790227956404,0,12173.8120613132,0
2218,61.6260104524873,0.454917234195952,0,12179.2962917458,0
2219,61.6688351484554,0.455044115055796,0,12184.7805255217,0
2220,61.7116506341294,0.455170870746656,0,12190.2647626392,0
2221,61.754456893186,0.455297501478934,0,12195.7490030967,0
2222,61.7972539093386,0.455424007462745,0,12201.2332468925,0
2223,61.8400416663362,0.455550388907871,0,12206.717494025,0
2224,61.8828201479647,0.455676646023803,0,12212.2017444926,0
2225,61.9255893380451,0.455802779019706,0,12217.6859982936,0
2226,61.9683492204347,0.455928788104432,0,12223.1702554265,0
2227,62.011099779026,0.456054673486525,0,12228.6545158896,0
2228,62.0538409977471,0.456180435374191,0,12234.1387796812,0
2229,62.0965728605619,0.456306073975338,0,12239.6230467998,0
2230,62.1392953514685,0.456431589497532,0,12245.1073172437,0
2231,62.1820084545008,0.456556982148028,0,12250.5915910113,0
2232,62.2247121537274,0.45668225213375,0,12256.075868101,0
2233,62.2674064332512,0.45680739966129,0,12261.5601485111,0
2234,62.3100912772105,0.456932424936924,0,12267.04443224,0
2235,62.3527666697773,0.457057328166579,0,12272.5287192861,0
2236,62.3954325951585,0.457182109555869,0,12278.0130096478,0
2237,62.4380890375946,0.457306769310058,0,12283.4973033234,0
2238,62.4807359813607,0.457431307634084,0,12288.9816003113,0
2239,62.5233734107655,0.457555724732548,0,12294.4659006099,0
2240,62.5660013101513,0.457680020809702,0,12299.9502042176,0
2241,62.6086196638946,0.457804196069478,0,12305.4345111328,0
2242,62.6512284564048,0.457928250715444,0,12310.9188213537,0
2243,62.6938276721252,0.458052184950845,0,12316.4031348789,0
2244,62.7364172955319,0.45817599897857,0,12321.8874517067,0
2245,62.7789973111342,0.458299693001165,0,12327.3717718354,0
2246,62.8215677034749,0.458423267220838,0,12332.8560952635,0
2247,62.8641284571287,0.458546721839432,0,12338.3404219893,0
2248,62.9066795567041,0.458670057058463,0,12343.8247520112,0
2249,62.9492209868412,0.458793273079076,0,12349.3090853276,0
2250,62.9917527322133,0.458916370102078,0,12354.7934219368,0
2251,63.0342747775258,0.45903934832792,0,12360.2777618373,0
2252,63.0767871075162,0.459162207956693,0,12365.7621050275,0
2253,63.1192897069544,0.459284949188147,0,12371.2464515057,0
2254,63.1617825606418,0.459407572221657,0,12376.7308012702,0
2255,63.2042656534125,0.459530077256264,0,12382.2151543196,0
2256,63.2467389701314,0.459652464490628,0,12387.6995106521,0
2257,63.2892024956957,0.459774734123065,0,12393.1838702662,0
2258,63.3316562150338,0.459896886351528,0,12398.6682331602,0
2259,63.3741001131055,0.460018921373601,0,12404.1525993325,0
2260,63.4165341749021,0.460140839386523,0,12409.6369687815,0
2261,63.4589583854457,0.460262640587145,0,12415.1213415057,0
2262,63.5013727297899,0.460384325171984,0,12420.6057175033,0
2263,63.5437771930189,0.460505893337164,0,12426.0900967728,0
2264,63.5861717602477,0.460627345278463,0,12431.5744793125,0
2265,63.6285564166223,0.460748681191286,0,12437.0588651209,0
2266,63.6709311473192,0.460869901270665,0,12442.5432541964,0
2267,63.7132959375452,0.460991005711278,0,12448.0276465372,0
2268,63.7556507725375,0.461111994707416,0,12453.5120421419,0
2269,63.797995637564,0.461232868453019,0,12458.9964410087,0
2270,63.8403305179222,0.461353627141641,0,12464.4808431362,0
2271,63.8826553989401,0.461474270966475,0,12469.9652485226,0
2272,63.9249702659754,0.461594800120341,0,12475.4496571664,0
2273,63.9672751044158,0.461715214795678,0,12480.934069066,0
2274,64.0095698996788,0.461835515184569,0,12486.4184842197,0
2275,64.0518546372112,0.4619557014787,0,12491.902902626,0
2276,64.0941293024898,0.462075773869408,0,12497.3873242832,0
2277,64.1363938810206,0.462195732547635,0,12502.8717491897,0
2278,64.178648358339,0.462315577703957,0,12508.356177344,0
2279,64.2208927200096,0.462435309528576,0,12513.8406087444,0
2280,64.2631269516262,0.462554928211308,0,12519.3250433893,0
2281,64.3053510388118,0.462674433941606,0,12524.8094812771,0
2282,64.3475649672179,0.462793826908526,0,12530.2939224062,0
2283,64.3897687225254,0.462913107300769,0,12535.778366775,0
2284,64.4319622904437,0.463032275306637,0,12541.2628143819,0
2285,64.4741456567108,0.463151331114066,0,12546.7472652253,0
2286,64.5163188070935,0.463270274910611,0,12552.2317193036,0
2287,64.5584817273869,0.463389106883436,0,12557.7161766152,0
2288,64.6006344034145,0.463507827219347,0,12563.2006371585,0
2289,64.6427768210282,0.463626436104742,0,12568.6851009318,0
2290,65.0621116430918,0.463744933725661,0,12574.1624540444,0
2291,61.859638448944,0.463863320267754,0,12581.1951523264,0
2292,58.7557101843978,0.463981595916288,0,12587.9552013387,0
2293,55.8107431939746,0.464099760856146,0,12594.4668016127,0
2294,53.016551026665,0.464217815271838,0,12600.7782429254,0
2295,50.365997841777,0.464335759347484,0,12606.9284153723,0
2296,47.8541203119848,0.464453593266824,0,12612.9486422403,0
2297,45.479437021231,0.46457131721322,0,12618.8641543071,0
2298,43.2444789138723,0.464688931369635,0,12624.6952762534,0
2299,41.154974857665,0.464806435918661,0,12630.4583826155,0
2300,39.2179631418267,0.464923831042516,0,12636.1666663073,0
2301,37.4396147673046,0.465041116923017,0,12641.8307575609,0
2302,35.8234959997766,0.464993932937227,0,12647.4592226632,0
2303,34.3696341494844,0.464090519220004,0,12653.0589652797,0
2304,33.0743805563499,0.463099419718197,0,12658.6355494882,0
2305,31.9307565415978,0.462022885756938,0,12664.1934601358,0
2306,30.928012017646,0.460872766100136,0,12669.7363124734,0
2307,30.0490840612789,0.459658686990849,0,12675.2670210467,0
2308,29.2699059701012,0.458388627069758,0,12680.7879356852,0
2309,28.5650632463619,0.457069410589129,0,12686.3009510375,0
2310,27.9158612472576,0.455707154572973,0,12691.8075948978,0
2311,27.314307570377,0.454307640341226,0,12697.3090993586,0
2312,26.7613019139191,0.452876563488808,0,12702.8064581078,0
2313,26.2618328739402,0.451419641944875,0,12708.3004726233,0
2314,25.8205459440157,0.44994259944295,0,12713.7917894058,0
2315,25.4392995641873,0.448451067001096,0,12719.2809299988,0
2316,25.1166676512811,0.44695045029937,0,12724.7683151697,0
2317,24.8486010765671,0.445445799807104,0,12730.2542844073,0
2318,24.6294799586454,0.443941679549895,0,12735.739111646,0
2319,24.4530960070386,0.442441937007681,0,12741.2230179453,0
2320,24.3133580945138,0.440949341879125,0,12746.7061817092,0
2321,24.2046639440226,0.439465370038681,0,12752.1887469272,0
2322,24.1220003775108,0.437990424165389,0,12757.6708298219,0
2323,24.0609050343208,0.4365244153243,0,12763.152524213,0
2324,24.0174062156831,0.435067371124758,0,12768.6339058416,0
2325,23.9879923023873,0.433619797924333,0,12774.1150358582,0
2326,23.9696074510593,0.432182736491093,0,12779.5959636365,0
2327,23.9596510355789,0.430757606735529,0,12785.0767290457,0
2328,23.9559636522296,0.429345976735462,0,12790.5573642826,0
2329,23.9567948814184,0.427949354926494,0,12796.03789535,0
2330,23.9607570893771,0.42656904991386,0,12801.5183432495,0
2331,23.966772765162,0.425206102466037,0,12806.9987249447,0
2332,23.9740220629332,0.423861274180321,0,12812.4790541393,0
2333,23.9818949377325,0.422535070254313,0,12817.9593419038,0
2334,23.9899498084133,0.42122777508594,0,12823.439597182,0
2335,23.9978790249396,0.419939487048749,0,12828.9198272003,0
2336,24.0054804507842,0.41867014795353,0,12834.400037798,0
2337,24.0126340860071,0.417419568456759,0,12839.8802336933,0
2338,24.0192825529371,0.416187451902143,0,12845.3604186994,0
2339,24.0254145355126,0.414973417821754,0,12850.8405958977,0
2340,24.031050690124,0.413777024785036,0,12856.3207677786,0
2341,24.0362320083135,0.412597791546164,0,12861.8009363551,0
2342,24.0410108278194,0.411435215450378,0,12867.2811032538,0
2343,24.0454446334808,0.410288787515643,0,12872.7612697897,0
2344,24.0495924883073,0.409158004097689,0,12878.2414370254,0
2345,24.0535135874067,0.408042375457746,0,12883.72160582,0
2346,24.0572671763039,0.406941431716592,0,12889.2017768675,0
2347,24.0609130472866,0.405854726723844,0,12894.6819507288,0
2348,24.0645119856185,0.404781840313386,0,12900.1621278572,0
2349,24.0681257946692,0.403722379346871,0,12905.6423086189,0
2350,24.0718167874712,0.402675977837399,0,12911.1224933095,0
2351,24.0756468280054,0.401642296360148,0,12916.6026821679,0
2352,24.0796761055811,0.400621020899822,0,12922.0828753868,0
2353,24.0839618451467,0.399611861272359,0,12927.5630731216,0
2354,24.0885571225425,0.398614549264146,0,12933.0432754976,0
2355,24.0935098938224,0.397628836642571,0,12938.5234826158,0
2356,24.0988622907259,0.396654493192325,0,12944.0036945575,0
2357,24.1046501930846,0.395691304906396,0,12949.4839113878,0
2358,24.1109030612032,0.394739072413317,0,12954.9641331592,0
2359,24.1176439954428,0.393797609663678,0,12960.4443599136,0
2360,24.124889983655,0.392866742852128,0,12965.9245916844,0
2361,24.1326522966394,0.391946309519845,0,12971.4048284982,0
2362,24.1409369915067,0.39103615777278,0,12976.8850703761,0
2363,24.1497454854583,0.390136145556142,0,12982.3653173347,0
2364,24.1590751657686,0.38924613994264,0,12987.8455693869,0
2365,24.1689200074308,0.388366016410732,0,12993.3258265429,0
2366,24.1792711743942,0.387495658106901,0,12998.8060888102,0
2367,24.1901175867829,0.386634955096819,0,13004.2863561945,0
2368,24.2014464414686,0.385783803617508,0,13009.7666287001,0
2369,24.2132436786678,0.384942105344595,0,13015.2469063298,0
2370,24.2254943906365,0.384109766689426,0,13020.7271890856,0
2371,24.2381831722008,0.383286698137873,0,13026.2074769684,0
2372,24.2512944147997,0.382472813640369,0,13031.6877699787,0
2373,24.264812547485,0.381668030059453,0,13037.1680681163,0
2374,24.2787222293274,0.380872266679398,0,13042.6483713807,0
2375,24.293008498591,0.380085444779098,0,13048.1286797708,0
2376,24.3076568842607,0.379307487267352,0,13053.6089932855,0
2377,24.3226534856275,0.378538318377361,0,13059.0893119234,0
2378,24.3379850256924,0.377777863416902,0,13064.5696356826,0
2379,24.353638883648,0.377026048568935,0,13070.0499645616,0
2380,24.3696031110146,0.376282800736852,0,13075.5302985582,0
2381,24.3858664352042,0.375548047427884,0,13081.0106376706,0
2382,24.4024182538593,0.374821716669397,0,13086.4909818966,0
2383,24.4192486223179,0.374103736952408,0,13091.971331234,0
2384,24.4363482358833,0.373394037197107,0,13097.4516856806,0
2385,24.45370840799,0.372692546735183,0,13102.9320452343,0
2386,24.4713210453686,0.371999195305452,0,13108.4124098926,0
2387,24.4891786207907,0.371313913059255,0,13113.8927796532,0
2388,24.5072741438333,0.370636630572623,0,13119.3731545139,0
2389,24.5256011299677,0.369967278862313,0,13124.8535344723,0
2390,24.5441535686346,0.3693057894044,0,13130.333919526,0
2391,24.5629258906889,0.368652094153995,0,13135.8143096727,0
2392,24.5819129355844,0.368006125564998,0,13141.2947049098,0
2393,24.6011099186105,0.367367816608736,0,13146.7751052352,0
2394,24.6205123988178,0.366737100791563,0,13152.2555106464,0
2395,24.6401162479711,0.36611391217112,0,13157.7359211409,0
2396,24.6599176207932,0.365498185371032,0,13163.2163367164,0
2397,24.6799129266849,0.364889855593588,0,13168.6967573705,0
2398,24.7000988033446,0.364288858630838,0,13174.1771831007,0
2399,24.7204720924052,0.363695130874066,0,13179.6576139048,0
2400,24.741029817102,0.36310860932155,0,13185.1380497803,0
2401,24.7617691619423,0.362529231584309,0,13190.6184907247,0
2402,24.7826874545428,0.361956935890271,0,13196.0989367358,0
2403,24.8037821495413,0.36139166108686,0,13201.579387811,0
2404,24.8250508143971,0.36083334664196,0,13207.0598439481,0
2405,24.8464911169339,0.360281932643045,0,13212.5403051446,0
2406,24.8681008146261,0.359737359794973,0,13218.0207713981,0
2407,24.8898777454568,0.359199569416481,0,13223.5012427063,0
2408,24.9118198200833,0.35866850343539,0,13228.9817190667,0
2409,24.9339250151652,0.35814410438247,0,13234.462200477,0
2410,24.9561913678114,0.357626315384439,0,13239.9426869349,0
2411,24.9786169709883,0.357115080156204,0,13245.4231784378,0
2412,25.0011999696398,0.356610342992337,0,13250.9036749835,0
2413,25.023938557441,0.35611204875784,0,13256.3841765695,0
2414,25.0468309741556,0.355620142878591,0,13261.8646831936,0
2415,25.0698755034943,0.35513457133161,0,13267.3451948533,0
2416,25.093070471263,0.354655280635031,0,13272.8257115462,0
2417,25.1164142438095,0.354182217837908,0,13278.3062332701,0
2418,25.1399052267517,0.353715330510141,0,13283.7867600225,0
2419,25.1635418639372,0.353254566732601,0,13289.2672918011,0
2420,25.187322636455,0.352799875087284,0,13294.7478286035,0
2421,25.2112460617744,0.352351204647625,0,13300.2283704273,0
2422,25.2353106929977,0.351908504969164,0,13305.7089172703,0
2423,25.2595151182036,0.351471726080603,0,13311.18946913,0
2424,25.2838579597266,0.351040818474995,0,13316.6700260042,0
2425,25.3083378734909,0.35061573310126,0,13322.1505878904,0
2426,25.3329535483802,0.350196421356115,0,13327.6311547863,0
2427,25.357703705625,0.349782835076407,0,13333.1117266897,0
2428,25.3825870980846,0.349374926531596,0,13338.592303598,0
2429,25.4076025095599,0.348972648416589,0,13344.0728855091,0
2430,25.4327487541161,0.348575953844963,0,13349.5534724205,0
2431,25.4580246753821,0.348184796342537,0,13355.03406433,0
2432,25.4834291457546,0.347799129841036,0,13360.5146612352,0
2433,25.50896106563,0.347418908672104,0,13365.9952631338,0
2434,25.5346193626497,0.347044087561633,0,13371.4758700234,0
2435,25.560402990902,0.346674621624349,0,13376.9564819017,0
2436,25.5863109300646,0.346310466358454,0,13382.4370987665,0
2437,25.6123421845812,0.345951577640565,0,13387.9177206153,0
2438,25.6384957828682,0.345597911720922,0,13393.3983474459,0
2439,25.6647707764668,0.345249425218734,0,13398.878979256,0
2440,25.6911662391809,0.34490607511757,0,13404.3596160432,0
2441,25.7176812662578,0.344567818760995,0,13409.8402578052,0
2442,25.7443149736125,0.344234613848433,0,13415.3209045398,0
2443,25.7710664969907,0.343906418431043,0,13420.8015562445,0
2444,25.7979349911618,0.343583190907677,0,13426.2822129172,0
2445,25.8249196291594,0.343264890021012,0,13431.7628745555,0
2446,25.8520196015643,0.342951474853879,0,13437.2435411571,0
2447,25.8792341157319,0.342642904825511,0,13442.7242127197,0
2448,25.9065623950774,0.342339139687904,0,13448.204889241,0
2449,25.9340036784117,0.342040139522325,0,13453.6855707187,0
2450,25.9615572193031,0.34174586473594,0,13459.1662571506,0
2451,25.9892222854013,0.341456276058344,0,13464.6469485343,0
2452,26.0169981578286,0.341171334538216,0,13470.1276448675,0
2453,26.0448841306259,0.340891001540104,0,13475.608346148,0
2454,26.0728795101927,0.340615238741262,0,13481.0890523735,0
2455,26.1009836147222,0.340344008128398,0,13486.5697635417,0
2456,26.1291957736961,0.34007727199456,0,13492.0504796503,0
2457,26.1575153274337,0.339814992936144,0,13497.531200697,0
2458,26.185941626607,0.339557133849874,0,13503.0119266796,0
2459,26.2144740317812,0.339303657929746,0,13508.4926575958,0
2460,26.2431119130054,0.339054528664111,0,13513.9733934433,0
2461,26.2718546494455,0.338809709832865,0,13519.4541342199,0
2462,26.3007016289689,0.338569165504539,0,13524.9348799232,0
2463,26.3296522477774,0.338332860033441,0,13530.4156305511,0
2464,26.3587059100828,0.338100758056914,0,13535.8963861012,0
2465,26.3878620277967,0.337872824492663,0,13541.3771465712,0
2466,26.4171200201855,0.337649024535976,0,13546.8579119591,0
2467,26.4464793135754,0.337429323657037,0,13552.3386822623,0
2468,26.4759393411014,0.337213687598359,0,13557.8194574788,0
2469,26.5054995424312,0.337002082372216,0,13563.3002376063,0
2470,26.5351593634883,0.336794474258007,0,13568.7810226425,0
2471,26.5649182562149,0.336590829799733,0,13574.2618125851,0
2472,26.5947756783727,0.336391115803595,0,13579.7426074319,0
2473,26.624731093296,0.3361952993355,0,13585.2234071807,0
2474,26.6547839696706,0.336003347718595,0,13590.7042118292,0
2475,26.6849337813484,0.335815228530898,0,13596.1850213752,0
2476,26.7151800071758,0.33563090960302,0,13601.6658358165,0
2477,26.7455221307788,0.335450359015775,0,13607.1466551507,0
2478,26.775959640387,0.335273545097857,0,13612.6274793757,0
2479,26.8064920286914,0.335100436423636,0,13618.1083084892,0
2480,26.8371187926822,0.334931001810968,0,13623.589142489,0
2481,26.8678394334726,0.334765210318915,0,13629.0699813728,0
2482,26.8986534561578,0.334603031245574,0,13634.5508251385,0
2483,26.9295603697033,0.334444434126018,0,13640.0316737838,0
2484,26.9605596867888,0.334289388730159,0,13645.5125273064,0
2485,26.9916509236692,0.334137865060609,0,13650.9933857042,0
2486,27.022833600065,0.333989833350651,0,13656.474248975,0
2487,27.0541072390635,0.33384526406228,0,13661.9551171164,0
2488,27.0854713669771,0.333704127884141,0,13667.4359901263,0
2489,27.1169255132347,0.333566395729521,0,13672.9168680025,0
2490,27.148469210302,0.333432038734456,0,13678.3977507428,0
2491,27.180101993579,0.333301028255842,0,13683.8786383449,0
2492,27.2118234012846,0.333173335869453,0,13689.3595308066,0
2493,27.2436329743731,0.333048933368071,0,13694.8404281258,0
2494,27.2755302564731,0.332927792759716,0,13700.3213303001,0
2495,27.3075147937817,0.332809886265775,0,13705.8022373275,0
2496,27.3395861349784,0.332695186319155,0,13711.2831492057,0
2497,27.3717438311646,0.332583665562529,0,13716.7640659325,0
2498,27.4039874358035,0.332475296846639,0,13722.2449875056,0
2499,27.4363165046255,0.332370053228481,0,13727.725913923,0
2500,27.4687305955651,0.332267907969573,0,13733.2068451824,0
2501,27.5012292687207,0.33216883453432,0,13738.6877812815,0
2502,27.5338120862844,0.332072806588347,0,13744.1687222183,0
2503,27.566478612471,0.331979797996769,0,13749.6496679905,0
2504,27.5992284134728,0.331889782822572,0,13755.1306185959,0
2505,27.6320610574278,0.331802735325068,0,13760.6115740324,0
2506,27.6649761143466,0.331718629958242,0,13766.0925342977,0
2507,27.697973156063,0.331637441369139,0,13771.5734993897,0
2508,27.731051756209,0.331559144396345,0,13777.0544693062,0
2509,27.7642114901721,0.331483714068486,0,13782.5354440449,0
2510,27.797451935037,0.331411125602623,0,13788.0164236038,0
2511,27.8307726695529,0.331341354402746,0,13793.4974079806,0
2512,27.8641732741196,0.331274376058354,0,13798.9783971732,0
2513,27.8976533307336,0.33121016634295,0,13804.4593911793,0
2514,27.9312124229506,0.331148701212532,0,13809.9403899969,0
2515,27.9648501358693,0.331089956804188,0,13815.4213936237,0
2516,27.9985660561095,0.331033909434723,0,13820.9024020575,0
2517,28.0323597717653,0.330980535599177,0,13826.3834152963,0
2518,28.0662308723819,0.330929811969417,0,13831.8644333378,0
2519,28.1001789489527,0.33088171539283,0,13837.3454561798,0
2520,28.1342035938825,0.330836222890941,0,13842.8264838203,0
2521,28.1683044009574,0.330793311658008,0,13848.307516257,0
2522,28.202480965336,0.330752959059711,0,13853.7885534877,0
2523,28.2367328835428,0.330715142631897,0,13859.2695955104,0
2524,28.2710597534294,0.3306798400792,0,13864.7506423228,0
2525,28.3054611741598,0.330647029273735,0,13870.2316939228,0
2526,28.3399367462143,0.330616688253876,0,13875.7127503083,0
2527,28.3744860713652,0.330588795222993,0,13881.1938114771,0
2528,28.4091087526536,0.330563328548138,0,13886.674877427,0
2529,28.4438043943861,0.330540266758818,0,13892.1559481558,0
2530,28.4785726021368,0.330519588545843,0,13897.6370236615,0
2531,28.513412982717,0.330501272760043,0,13903.118103942,0
2532,28.5483251441665,0.330485298411043,0,13908.5991889949,0
2533,28.5833086957615,0.330471644666132,0,13914.0802788183,0
2534,28.6183632479999,0.330460290849094,0,13919.5613734099,0
2535,28.6534884125827,0.330451216438974,0,13925.0424727676,0
2536,28.6886838024159,0.330444401068942,0,13930.5235768893,0
2537,28.7239490316173,0.330439824525218,0,13936.0046857729,0
2538,28.7592837154933,0.330437466745879,0,13941.4857994161,0
2539,28.7946874705335,0.330437307819709,0,13946.9669178169,0
2540,28.8301599144236,0.330439327985154,0,13952.4480409732,0
2541,28.8657006660346,0.330443507629225,0,13957.9291688827,0
2542,28.9013093454099,0.330449827286349,0,13963.4103015435,0
2543,28.9369855737702,0.330458267637304,0,13968.8914389532,0
2544,28.9727289735232,0.330468809508222,0,13974.3725811099,0
2545,29.0085391682453,0.330481433869467,0,13979.8537280114,0
2546,29.0444157826804,0.330496121834563,0,13985.3348796555,0
2547,29.080358442754,0.330512854659217,0,13990.8160360401,0
2548,29.1163667755662,0.330531613740295,0,13996.2971971632,0
2549,29.1524404093821,0.330552380614736,0,14001.7783630226,0
2550,29.1885789736407,0.330575136958571,0,14007.2595336161,0
2551,29.2247820989643,0.330599864585978,0,14012.7407089417,0
2552,29.2610494171445,0.330626545448228,0,14018.2218889973,0
2553,29.2973805611435,0.330655161632691,0,14023.7030737807,0
2554,29.3337751651107,0.330685695361915,0,14029.1842632898,0
2555,29.3702328643753,0.330718128992661,0,14034.6654575224,0
2556,29.4067532954415,0.330752445014887,0,14040.1466564766,0
2557,29.4433360959989,0.330788626050829,0,14045.6278601502,0
2558,29.4799809049318,0.330826654854115,0,14051.109068541,0
2559,29.5166873623073,0.330866514308766,0,14056.5902816471,0
2560,29.5534551093801,0.330908187428265,0,14062.0714994661,0
2561,29.5902837886094,0.330951657354707,0,14067.5527219962,0
2562,29.6271730436506,0.330996907357864,0,14073.033949235,0
2563,29.6641225193541,0.331043920834245,0,14078.5151811807,0
2564,29.7011318617786,0.331092681306235,0,14083.996417831,0
2565,29.7382007181964,0.331143172421252,0,14089.4776591838,0
2566,29.7753287370853,0.331195377950804,0,14094.9589052372,0
2567,29.8125155681359,0.331249281789617,0,14100.4401559889,0
2568,29.849760862267,0.331304867954844,0,14105.9214114368,0
2569,29.8870642716168,0.331362120585161,0,14111.4026715789,0
2570,29.9244254495451,0.331421023939887,0,14116.8839364132,0
2571,29.9618440506479,0.331481562398194,0,14122.3652059374,0
2572,29.9993197307587,0.331543720458283,0,14127.8464801495,0
2573,30.0368521469436,0.331607482736498,0,14133.3277590475,0
2574,30.0744409575113,0.331672833966519,0,14138.8090426292,0
2575,30.1120858220248,0.331739758998604,0,14144.2903308925,0
2576,30.1497864012935,0.331808242798727,0,14149.7716238354,0
2577,30.1875423573773,0.331878270447754,0,14155.2529214558,0
2578,30.2253533536027,0.331949827140706,0,14160.7342237516,0
2579,30.2632190545586,0.332022898185962,0,14166.2155307207,0
2580,30.3011391260957,0.332097469004418,0,14171.6968423611,0
2581,30.3391132353383,0.332173525128746,0,14177.1781586706,0
2582,30.3771410506907,0.332251052202663,0,14182.6594796473,0
2583,30.4152222418315,0.332330035980098,0,14188.1408052889,0
2584,30.4533564797199,0.332410462324436,0,14193.6221355935,0
2585,30.4915434366093,0.332492317207823,0,14199.103470559,0
2586,30.5297827860415,0.332575586710374,0,14204.5848101833,0
2587,30.568074202848,0.332660257019406,0,14210.0661544643,0
2588,30.606417363164,0.332746314428743,0,14215.5475034,0
2589,30.6448119444281,0.332833745337991,0,14221.0288569882,0
2590,30.6832576253797,0.33292253625176,0,14226.510215227,0
2591,30.7217540860678,0.33301267377896,0,14231.9915781143,0
2592,30.7603010078599,0.333104144632131,0,14237.472945648,0
2593,30.7988980734354,0.333196935626678,0,14242.954317826,0
2594,30.8375449667902,0.333291033680155,0,14248.4356946464,0
2595,30.8762413732495,0.333386425811617,0,14253.9170761069,0
2596,30.9149869794625,0.333483099140904,0,14259.3984622056,0
2597,30.9537814734034,0.333581040887905,0,14264.8798529404,0
2598,30.9926245443819,0.333680238371914,0,14270.3612483093,0
2599,31.0315158830449,0.333780679010972,0,14275.8426483102,0
2600,31.0704551813725,0.333882350321125,0,14281.324052941,0
2601,31.1094421326852,0.333985239915769,0,14286.8054621997,0
2602,31.148476431652,0.334089335505036,0,14292.2868760843,0
2603,31.1875577742839,0.334194624895075,0,14297.7682945926,0
2604,31.2266858579371,0.334301095987376,0,14303.2497177227,0
2605,31.265860381324,0.33440873677818,0,14308.7311454725,0
2606,31.3050810445083,0.334517535357799,0,14314.21257784,0
2607,31.3443475489043,0.334627479909935,0,14319.694014823,0
2608,31.3836595972868,0.334738558711075,0,14325.1754564196,0
2609,31.4230168937908,0.334850760129878,0,14330.6569026278,0
2610,31.462419143908,0.334964072626479,0,14336.1383534454,0
2611,31.5018660544925,0.335078484751883,0,14341.6198088705,0
2612,31.5413573337665,0.33519398514738,0,14347.1012689009,0
2613,31.5808926913142,0.335310562543881,0,14352.5827335348,0
2614,31.6204718380844,0.335428205761284,0,14358.0642027699,0
2615,31.6600944863985,0.335546903707918,0,14363.5456766043,0
2616,31.6997603499456,0.335666645379909,0,14369.027155036,0
2617,31.7394691437813,0.33578741986054,0,14374.508638063,0
2618,31.7792205843358,0.335909216319692,0,14379.9901256831,0
2619,31.819014389412,0.336032024013254,0,14385.4716178943,0
2620,31.8588502781815,0.336155832282487,0,14390.9531146947,0
2621,31.8987279711899,0.336280630553443,0,14396.4346160822,0
2622,31.9386471903598,0.336406408336429,0,14401.9161220548,0
2623,31.978607658984,0.336533155225368,0,14407.3976326104,0
2624,32.0186091017284,0.336660860897217,0,14412.8791477471,0
2625,32.0586512446372,0.336789515111447,0,14418.3606674627,0
2626,32.0987338151269,0.336919107709433,0,14423.8421917553,0
2627,32.1388565419853,0.337049628613862,0,14429.3237206229,0
2628,32.1790191553776,0.337181067828218,0,14434.8052540634,0
2629,32.2192213868425,0.337313415436209,0,14440.2867920748,0
2630,32.2594629692885,0.337446661601175,0,14445.7683346551,0
2631,32.2997436369984,0.337580796565558,0,14451.2498818022,0
2632,32.3400631256287,0.337715810650377,0,14456.7314335143,0
2633,32.3804211722037,0.337851694254633,0,14462.2129897891,0
2634,32.420817515118,0.337988437854769,0,14467.6945506248,0
2635,32.4612518941381,0.338126032004182,0,14473.1761160193,0
2636,32.5017240503964,0.338264467332631,0,14478.6576859707,0
2637,32.5422337263901,0.3384037345457,0,14484.1392604768,0
2638,32.5827806659857,0.338543824424312,0,14489.6208395357,0
2639,32.6233646144118,0.338684727824176,0,14495.1024231453,0
2640,32.6639853182576,0.338826435675235,0,14500.5840113037,0
2641,32.7046425254752,0.338968938981183,0,14506.0656040089,0
2642,32.7453359853761,0.339112228818951,0,14511.5472012588,0
2643,32.7860654486261,0.339256296338146,0,14517.0288030515,0
2644,32.8268306672475,0.339401132760567,0,14522.5104093849,0
2645,32.8676313946171,0.339546729379721,0,14527.9920202571,0
2646,32.9084673854603,0.339693077560266,0,14533.473635666,0
2647,32.9493383958506,0.339840168737522,0,14538.9552556096,0
2648,32.9902441832105,0.339987994417009,0,14544.436880086,0
2649,33.0311845063042,0.340136546173906,0,14549.9185090931,0
2650,33.0721591252354,0.340285815652551,0,14555.4001426289,0
2651,33.1131678014497,0.340435794565997,0,14560.8817806915,0
2652,33.1542102977267,0.340586474695491,0,14566.3634232788,0
2653,33.1952863781771,0.340737847889968,0,14571.8450703889,0
2654,33.2363958082439,0.34088990606561,0,14577.3267220198,0
2655,33.2775383546967,0.341042641205358,0,14582.8083781694,0
2656,33.3187137856266,0.3411960453584,0,14588.2900388358,0
2657,33.3599218704467,0.341350110639725,0,14593.771704017,0
2658,33.401162379888,0.34150482922967,0,14599.2533737109,0
2659,33.4424350859933,0.341660193373404,0,14604.7350479157,0
2660,33.4837397621159,0.341816195380481,0,14610.2167266293,0
2661,33.5250761829176,0.341972827624409,0,14615.6984098498,0
2662,33.5664441243615,0.342130082542143,0,14621.1800975751,0
2663,33.6078433637093,0.342287952633634,0,14626.6617898032,0
2664,33.6492736795204,0.342446430461412,0,14632.1434865322,0
2665,33.6907348516446,0.342605508650096,0,14637.6251877602,0
2666,33.7322266612179,0.342765179885938,0,14643.106893485,0
2667,33.7737488906623,0.342925436916412,0,14648.5886037048,0
2668,33.8153013236782,0.343086272549755,0,14654.0703184175,0
2669,33.8568837452401,0.343247679654493,0,14659.5520376212,0
2670,33.8984959415949,0.343409651159047,0,14665.0337613139,0
2671,33.9401377002564,0.343572180051285,0,14670.5154894937,0
2672,33.9818088099987,0.34373525937806,0,14675.9972221584,0
2673,34.0235090608551,0.343898882244803,0,14681.4789593063,0
2674,34.0652382441127,0.344063041815109,0,14686.9607009352,0
2675,34.1069961523054,0.344227731310272,0,14692.4424470433,0
2676,34.1487825792117,0.344392944008873,0,14697.9241976285,0
2677,34.1905973198505,0.344558673246394,0,14703.4059526889,0
2678,34.2324401704737,0.344724912414752,0,14708.8877122225,0
2679,34.2743109285624,0.34489165496189,0,14714.3694762274,0
2680,34.3162093928242,0.345058894391402,0,14719.8512447015,0
2681,34.358135363185,0.345226624262082,0,14725.3330176429,0
2682,34.4000886407848,0.345394838187509,0,14730.8147950497,0
2683,34.4420690279749,0.345563529835687,0,14736.2965769198,0
2684,34.48407632831,0.345732692928602,0,14741.7783632514,0
2685,34.5261103465433,0.345902321241817,0,14747.2601540424,0
2686,34.5681708886237,0.346072408604104,0,14752.7419492909,0
2687,34.6102577616882,0.34624294889703,0,14758.2237489949,0
2688,34.6523707740561,0.346413936054545,0,14763.7055531525,0
2689,34.6945097352262,0.346585364062619,0,14769.1873617616,0
2690,34.7366744558697,0.346757226958851,0,14774.6691748204,0
2691,34.778864747824,0.346929518832051,0,14780.1509923269,0
2692,34.821080424089,0.34710223382188,0,14785.6328142791,0
2693,34.8633212988211,0.347275366118481,0,14791.1146406751,0
2694,34.9055871873258,0.347448909962061,0,14796.5964715129,0
2695,34.9478779060547,0.347622859642533,0,14802.0783067905,0
2696,34.9901932725986,0.347797209499159,0,14807.5601465061,0
2697,35.0325331056812,0.347971953920143,0,14813.0419906576,0
2698,35.0748972251542,0.34814708734227,0,14818.5238392431,0
2699,35.1172854519923,0.348322604250563,0,14824.0056922606,0
2700,35.1596976082854,0.348498499177885,0,14829.4875497083,0
2701,35.2021335172337,0.348674766704576,0,14834.9694115841,0
2702,35.2445930031435,0.348851401458123,0,14840.4512778861,0
2703,35.2870758914184,0.34902839811277,0,14845.9331486124,0
2704,35.329582008555,0.349205751389159,0,14851.4150237609,0
2705,35.3721111821378,0.349383456054004,0,14856.8969033298,0
2706,35.4146632408313,0.349561506919717,0,14862.3787873172,0
2707,35.457238014375,0.349739898844044,0,14867.860675721,0
2708,35.4998353335781,0.349918626729754,0,14873.3425685393,0
2709,35.5424550303123,0.350097685524271,0,14878.8244657702,0
2710,35.5850969375058,0.350277070219313,0,14884.3063674118,0
2711,35.6277608891386,0.350456775850588,0,14889.7882734621,0
2712,35.6704467202351,0.350636797497433,0,14895.2701839191,0
2713,35.713154266858,0.350817130282469,0,14900.752098781,0
2714,35.7558833661034,0.350997769371282,0,14906.2340180457,0
2715,35.7986338560936,0.351178709972094,0,14911.7159417114,0
2716,35.841405575971,0.351359947335405,0,14917.1978697761,0
2717,35.8841983658925,0.351541476753688,0,14922.6798022379,0
2718,35.9270120670235,0.351723293561066,0,14928.1617390948,0
2719,35.9698465215306,0.351905393132965,0,14933.6436803449,0
2720,36.0127015725766,0.352087770885805,0,14939.1256259863,0
2721,36.0555770643143,0.352270422276693,0,14944.607576017,0
2722,36.0984728418792,0.352453342803076,0,14950.0895304352,0
2723,36.1413887513846,0.35263652800244,0,14955.5714892388,0
2724,36.1843246399148,0.352819973452014,0,14961.053452426,0
2725,36.2272803555189,0.353003674768424,0,14966.5354199948,0
2726,36.2702557472046,0.353187627607399,0,14972.0173919433,0
2727,36.3132506649328,0.353371827663478,0,14977.4993682695,0
2728,36.3562649596099,0.353556270669682,0,14982.9813489716,0
2729,36.3992984830828,0.35374095239721,0,14988.4633340476,0
2730,36.4423510881328,0.353925868655168,0,14993.9453234956,0
2731,36.4854226284683,0.354111015290234,0,14999.4273173137,0
2732,36.5285129587196,0.354296388186368,0,15004.9093154999,0
2733,36.5716219344328,0.354481983264541,0,15010.3913180523,0
2734,36.6147494120628,0.354667796482416,0,15015.873324969,0
2735,36.6578952489676,0.354853823834054,0,15021.3553362481,0
2736,36.7010593034029,0.355040061349652,0,15026.8373518876,0
2737,36.7442414345144,0.355226505095232,0,15032.3193718857,0
2738,36.7874415023327,0.355413151172352,0,15037.8013962403,0
2739,36.8306593677674,0.355599995717847,0,15043.2834249497,0
2740,36.8738948926001,0.355787034903531,0,15048.7654580119,0
2741,36.9171479394788,0.355974264935905,0,15054.2474954249,0
2742,36.960418371912,0.356161682055912,0,15059.7295371868,0
2743,37.0037060542624,0.356349282538637,0,15065.2115832958,0
2744,37.0470108517404,0.356537062693028,0,15070.69363375,0
2745,37.090332630399,0.356725018861652,0,15076.1756885473,0
2746,37.1336712571271,0.356913147420404,0,15081.6577476859,0
2747,37.1770265996433,0.35710144477823,0,15087.1398111639,0
2748,37.2203985264906,0.357289907376892,0,15092.6218789794,0
2749,37.26378690703,0.357478531690681,0,15098.1039511304,0
2750,37.3071916114344,0.357667314226149,0,15103.5860276151,0
2751,37.350612510683,0.357856251521871,0,15109.0681084315,0
2752,37.3940494765551,0.358045340148175,0,15114.5501935778,0
2753,37.4375023816243,0.358234576706871,0,15120.0322830519,0
2754,37.4809710992528,0.358423957831023,0,15125.5143768521,0
2755,37.5244555035851,0.358613480184681,0,15130.9964749765,0
2756,37.5679554695423,0.358803140462621,0,15136.478577423,0
2757,37.6114708728168,0.358992935390115,0,15141.9606841898,0
2758,37.6550015898657,0.359182861722676,0,15147.4427952751,0
2759,37.6985474979055,0.359372916245797,0,15152.9249106768,0
2760,37.7421084749063,0.359563095774732,0,15158.4070303931,0
2761,37.7856843995859,0.359753397154242,0,15163.8891544222,0
2762,37.8292751514042,0.359943817258344,0,15169.371282762,0
2763,37.8728806105577,0.360134352990089,0,15174.8534154107,0
2764,37.9165006579734,0.360325001281324,0,15180.3355523664,0
2765,37.9601351753037,0.360515759092436,0,15185.8176936272,0
2766,38.0037840449204,0.360706623412148,0,15191.2998391913,0
2767,38.0474471499092,0.360897591257267,0,15196.7819890566,0
2768,38.0911243740642,0.361088659672457,0,15202.2641432213,0
2769,38.1348156018827,0.361279825730019,0,15207.7463016836,0
2770,38.1785207185589,0.361471086529658,0,15213.2284644414,0
2771,38.2222396099795,0.361662439198252,0,15218.710631493,0
2772,38.2659721627171,0.361853880889643,0,15224.1928028364,0
2773,38.3097182640259,0.36204540878441,0,15229.6749784698,0
2774,38.3534778018355,0.362237020089637,0,15235.1571583912,0
2775,38.3972506647461,0.362428712038713,0,15240.6393425987,0
2776,38.4410367420227,0.36262048189111,0,15246.1215310906,0
2777,38.4848359235902,0.362812326932154,0,15251.6037238648,0
2778,38.528648100028,0.363004244472833,0,15257.0859209195,0
2779,38.5724731625649,0.363196231849575,0,15262.5681222527,0
2780,38.6163110030735,0.363388286424031,0,15268.0503278627,0
2781,38.6601615140657,0.363580405582882,0,15273.5325377476,0
2782,38.7040245886868,0.363772586737623,0,15279.0147519053,0
2783,38.7479001207112,0.363964827324353,0,15284.4969703341,0
2784,38.7917880045367,0.364157124803583,0,15289.9791930321,0
2785,38.8356881351796,0.36434947666003,0,15295.4614199974,0
2786,38.8796004082701,0.364541880402406,0,15300.943651228,0
2787,38.9235247200468,0.364734333563235,0,15306.4258867222,0
2788,38.9674609673521,0.364926833698648,0,15311.908126478,0
2789,39.0114090476272,0.365119378388182,0,15317.3903704936,0
2790,39.0553688589072,0.365311965234597,0,15322.872618767,0
2791,39.0993402998162,0.365504591863676,0,15328.3548712964,0
2792,39.1433232695628,0.365697255924029,0,15333.83712808,0
2793,39.1873176679349,0.365889955086917,0,15339.3193891158,0
2794,39.2313233952953,0.366082687046054,0,15344.8016544019,0
2795,39.275340352577,0.366275449517414,0,15350.2839239365,0
2796,39.3193684412781,0.366468240239065,0,15355.7661977177,0
2797,39.3634075634578,0.366661056970968,0,15361.2484757437,0
2798,39.4074576217315,0.366853897494796,0,15366.7307580125,0
2799,39.451518519266,0.367046759613765,0,15372.2130445223,0
2800,39.4955901597751,0.367239641152443,0,15377.6953352711,0
2801,39.5396724475158,0.367432539956572,0,15383.1776302573,0
2802,39.5837652872827,0.367625453892901,0,15388.6599294787,0
2803,39.6278685844042,0.367818380849,0,15394.1422329337,0
2804,39.6719822447384,0.36801131873309,0,15399.6245406203,0
2805,39.7161061746677,0.368204265473876,0,15405.1068525366,0
2806,39.7602402810959,0.368397219020365,0,15410.5891686808,0
2807,39.8043844714426,0.368590177341704,0,15416.071489051,0
2808,39.8485386536399,0.368783138427012,0,15421.5538136453,0
2809,39.8927027361274,0.368976100285207,0,15427.0361424619,0
2810,39.9368766278489,0.369169060944845,0,15432.5184754989,0
2811,39.9810602382474,0.369362018453957,0,15438.0008127544,0
2812,40.0252534772614,0.369554970879881,0,15443.4831542266,0
2813,40.069456255321,0.369747916309102,0,15448.9654999136,0
2814,40.1136684833432,0.369940852847096,0,15454.4478498136,0
2815,40.1578900727288,0.370133778618165,0,15459.9302039246,0
2816,40.2021209353577,0.37032669176528,0,15465.4125622448,0
2817,40.2463609835851,0.370519590449931,0,15470.8949247724,0
2818,40.2906101302379,0.370712472851962,0,15476.3772915055,0
2819,40.3348682886107,0.370905337169423,0,15481.8596624421,0
2820,40.3791353724614,0.37109818161842,0,15487.3420375806,0
2821,40.4234112960085,0.371291004432954,0,15492.824416919,0
2822,40.4676959739262,0.371483803864779,0,15498.3068004554,0
2823,40.5119893213414,0.371676578183254,0,15503.7891881879,0
2824,40.5562912538299,0.371869325675186,0,15509.2715801148,0
2825,40.6006016874123,0.372062044644691,0,15514.7539762342,0
2826,40.6449205385506,0.372254733413051,0,15520.2363765442,0
2827,40.6892477241453,0.37244739031856,0,15525.7187810429,0
2828,40.7335831615304,0.37264001371639,0,15531.2011897286,0
2829,40.777926768471,0.372832601978446,0,15536.6836025993,0
2830,40.8222784631596,0.373025153493223,0,15542.1660196531,0
2831,40.8666381642124,0.373217666665672,0,15547.6484408883,0
2832,40.9110057906654,0.373410139917059,0,15553.130866303,0
2833,40.9553812619725,0.373602571684822,0,15558.6132958954,0
2834,40.9997644980004,0.373794960422447,0,15564.0957296634,0
2835,41.0441554190262,0.373987304599324,0,15569.5781676055,0
2836,41.0885539457343,0.374179602700616,0,15575.0606097196,0
2837,41.1329599992121,0.374371853227126,0,15580.5430560039,0
2838,41.1773735009478,0.374564054695165,0,15586.0255064566,0
2839,41.221794372827,0.374756205636424,0,15591.5079610758,0
2840,41.2662225371286,0.374948304597841,0,15596.9904198597,0
2841,41.310657916523,0.375140350141477,0,15602.4728828064,0
2842,41.3551004340681,0.375332340844383,0,15607.9553499141,0
2843,41.3995500132063,0.375524275298479,0,15613.4378211809,0
2844,41.4440065777618,0.375716152110428,0,15618.9202966051,0
2845,41.4884700519374,0.375907969901508,0,15624.4027761846,0
2846,41.5329403603111,0.376099727307495,0,15629.8852599178,0
2847,41.5774174278341,0.376291422978536,0,15635.3677478027,0
2848,41.6219011798267,0.37648305557903,0,15640.8502398375,0
2849,41.6663915419761,0.376674623787509,0,15646.3327360204,0
2850,41.7108884403337,0.376866126296515,0,15651.8152363496,0
2851,41.7553918013117,0.377057561812489,0,15657.2977408231,0
2852,41.7999015516803,0.377248929055648,0,15662.7802494391,0
2853,41.8444176185656,0.377440226759869,0,15668.2627621959,0
2854,41.8889399294461,0.377631453672579,0,15673.7452790915,0
2855,41.93346841215,0.377822608554636,0,15679.2278001241,0
2856,41.9780029948535,0.378013690180217,0,15684.7103252919,0
2857,42.0225436060765,0.378204697336709,0,15690.1928545931,0
2858,42.0670901746813,0.378395628824592,0,15695.6753880257,0
2859,42.1116426298696,0.378586483457333,0,15701.1579255881,0
2860,42.1562009011793,0.378777260061277,0,15706.6404672782,0
2861,42.2007649184829,0.378967957475535,0,15712.1230130944,0
2862,42.2453346119845,0.379158574551878,0,15717.6055630347,0
2863,42.2899099122168,0.379349110154633,0,15723.0881170974,0
2864,42.3344907500398,0.379539563160574,0,15728.5706752805,0
2865,42.3790770566372,0.379729932458816,0,15734.0532375823,0
2866,42.4236687635145,0.379920216950715,0,15739.5358040009,0
2867,42.4682658024967,0.380110415549763,0,15745.0183745346,0
2868,42.5128681057257,0.380300527181486,0,15750.5009491813,0
2869,42.5574756056576,0.380490550783339,0,15755.9835279394,0
2870,42.6020882350614,0.380680485304612,0,15761.466110807,0
2871,42.6467059270155,0.380870329706327,0,15766.9486977823,0
2872,42.6913286149063,0.381060082961135,0,15772.4312888634,0
2873,42.7359562324256,0.381249744053226,0,15777.9138840485,0
2874,42.7805887135682,0.381439311978226,0,15783.3964833358,0
2875,42.82522599263,0.381628785743102,0,15788.8790867235,0
2876,42.8698680042059,0.381818164366068,0,15794.3616942096,0
2877,42.9145146831872,0.382007446876485,0,15799.8443057925,0
2878,42.9591659647597,0.382196632314775,0,15805.3269214703,0
2879,43.003821784402,0.382385719732322,0,15810.809541241,0
2880,43.0484820778823,0.38257470819138,0,15816.292165103,0
2881,43.0931467812577,0.382763596764981,0,15821.7747930545,0
2882,43.1378158308714,0.38295238453685,0,15827.2574250934,0
2883,43.1824891633502,0.383141070601304,0,15832.7400612182,0
2884,43.2271667156041,0.383329654063174,0,15838.2227014268,0
2885,43.2718484248225,0.383518134037709,0,15843.7053457175,0
2886,43.3165342284733,0.383706509650487,0,15849.1879940886,0
2887,43.3612240643009,0.383894780037335,0,15854.6706465381,0
2888,43.4059178703237,0.384082944344238,0,15860.1533030642,0
2889,43.4506155848331,0.38427100172725,0,15865.6359636651,0
2890,43.4953171463909,0.384458951352417,0,15871.1186283391,0
2891,43.5400224938275,0.384646792395685,0,15876.6012970842,0
2892,43.5847315662407,0.384834524042818,0,15882.0839698987,0
2893,43.6294443029932,0.385022145489323,0,15887.5666467807,0
2894,43.674160643711,0.385209655940353,0,15893.0493277285,0
2895,43.7188805282818,0.38539705461064,0,15898.5320127402,0
2896,43.7636038968533,0.385584340724405,0,15904.0147018139,0
2897,43.8083306898308,0.385771513515279,0,15909.4973949479,0
2898,43.8530608478766,0.385958572226228,0,15914.9800921404,0
2899,43.8977943119074,0.38614551610947,0,15920.4627933896,0
2900,43.9425310230927,0.386332344426395,0,15925.9454986935,0
2901,43.9872709228539,0.386519056447493,0,15931.4282080505,0
2902,44.0320139528617,0.386705651452275,0,15936.9109214587,0
2903,44.0767600550348,0.38689212872919,0,15942.3936389163,0
2904,44.1215091715391,0.387078487575562,0,15947.8763604215,0
2905,44.1662612447844,0.387264727297502,0,15953.3590859724,0
2906,44.2110162174245,0.387450847209843,0,15958.8418155673,0
2907,44.2557740323551,0.387636846636062,0,15964.3245492043,0
2908,44.3005346327115,0.387822724908204,0,15969.8072868817,0
2909,44.3452979618682,0.388008481366816,0,15975.2900285976,0
2910,44.390063963437,0.388194115360872,0,15980.7727743502,0
2911,44.4348325812648,0.388379626247696,0,15986.2555241377,0
2912,44.4796037594335,0.3885650133929,0,15991.7382779584,0
2913,44.5243774422574,0.388750276170311,0,15997.2210358103,0
2914,44.569153574282,0.388935413961894,0,16002.7037976917,0
2915,44.6139321002833,0.389120426157696,0,16008.1865636008,0
2916,44.6587129652654,0.389305312155765,0,16013.6693335358,0
2917,44.7034961144593,0.389490071362086,0,16019.1521074948,0
2918,44.7482814933224,0.389674703190522,0,16024.6348854761,0
2919,44.7930690475359,0.389859207062731,0,16030.1176674779,0
2920,44.8378587230041,0.390043582408111,0,16035.6004534983,0
2921,44.8826504658535,0.390227828663737,0,16041.0832435356,0
2922,44.9274442224301,0.39041194527428,0,16046.5660375879,0
2923,44.9722399392996,0.390595931691958,0,16052.0488356535,0
2924,45.0170375632454,0.390779787376467,0,16057.5316377305,0
2925,45.061837041267,0.39096351179491,0,16063.0144438172,0
2926,45.1066383205794,0.391147104421746,0,16068.4972539117,0
2927,45.1514413486114,0.391330564738719,0,16073.9800680123,0
2928,45.1962460730044,0.391513892234794,0,16079.4628861171,0
2929,45.2410524416117,0.391697086406106,0,16084.9457082243,0
2930,45.2858604024961,0.391880146755885,0,16090.4285343322,0
2931,45.33066990393,0.392063072794404,0,16095.911364439,0
2932,45.3754808943939,0.392245864038922,0,16101.3941985428,0
2933,45.4202933225737,0.392428520013609,0,16106.8770366419,0
2934,45.4651071373622,0.392611040249503,0,16112.3598787344,0
2935,45.5099222878557,0.392793424284447,0,16117.8427248186,0
2936,45.5547387233537,0.392975671663019,0,16123.3255748927,0
2937,45.5995563933583,0.393157781936494,0,16128.8084289548,0
2938,45.6443752475719,0.393339754662769,0,16134.2912870032,0
2939,45.6891952358965,0.393521589406314,0,16139.7741490361,0
2940,45.7340163084338,0.393703285738118,0,16145.2570150517,0
2941,45.778838415482,0.393884843235626,0,16150.7398850482,0
2942,45.8236615075363,0.394066261482684,0,16156.2227590238,0
2943,45.8684855352875,0.394247540069496,0,16161.7056369767,0
2944,45.9133104496201,0.394428678592548,0,16167.1885189051,0
2945,45.9581362016127,0.394609676654572,0,16172.6714048073,0
2946,46.0029627425358,0.394790533864489,0,16178.1542946814,0
2947,46.0477900238506,0.39497124983734,0,16183.6371885256,0
2948,46.0926179972097,0.395151824194256,0,16189.1200863382,0
2949,46.1374466144538,0.395332256562392,0,16194.6029881174,0
2950,46.1822758276123,0.39551254657487,0,16200.0858938614,0
2951,46.2271055889018,0.395692693870745,0,16205.5688035683,0
2952,46.2719358507248,0.395872698094934,0,16211.0517172365,0
2953,46.3167665656692,0.396052558898175,0,16216.5346348641,0
2954,46.3615976865074,0.396232275936983,0,16222.0175564493,0
2955,46.4064291661944,0.396411848873579,0,16227.5004819904,0
2956,46.4512609578684,0.396591277375863,0,16232.9834114855,0
2957,46.4960930148485,0.396770561117353,0,16238.466344933,0
2958,46.5409252906339,0.396949699777132,0,16243.9492823309,0
2959,46.5857577389041,0.397128693039811,0,16249.4322236775,0
2960,46.6305903135167,0.397307540595473,0,16254.915168971,0
2961,46.6754229685072,0.397486242139622,0,16260.3981182097,0
2962,46.7202556580877,0.39766479737315,0,16265.8810713918,0
2963,46.7650883366463,0.397843206002269,0,16271.3640285154,0
2964,46.809920958746,0.398021467738479,0,16276.8469895788,0
2965,46.8547534791243,0.398199582298524,0,16282.3299545802,0
2966,46.8995858526912,0.398377549404327,0,16287.8129235179,0
2967,46.9444180345297,0.398555368782969,0,16293.29589639,0
2968,46.989249979894,0.398733040166625,0,16298.7788731948,0
2969,47.0340816442089,0.398910563292522,0,16304.2618539305,0
2970,47.0789129830696,0.399087937902907,0,16309.7448385953,0
2971,47.1237439522393,0.399265163744986,0,16315.2278271875,0
2972,47.1685745076499,0.399442240570888,0,16320.7108197052,0
2973,47.2134046054008,0.399619168137626,0,16326.1938161467,0
2974,47.2582342017571,0.399795946207039,0,16331.6768165102,0
2975,47.3030632531503,0.399972574545766,0,16337.1598207939,0
2976,47.3478917161765,0.400149052925195,0,16342.6428289961,0
2977,47.3927195475956,0.400325381121413,0,16348.1258411149,0
2978,47.4375467043312,0.400501558915183,0,16353.6088571487,0
2979,47.4823731434689,0.400677586091886,0,16359.0918770956,0
2980,47.5271988222562,0.400853462441481,0,16364.5749009538,0
2981,47.5720236981015,0.40102918775848,0,16370.0579287216,0
2982,47.6168477285731,0.401204761841882,0,16375.5409603973,0
2983,47.661670871399,0.401380184495152,0,16381.0239959789,0
2984,47.7064930844655,0.401555455526178,0,16386.5070354649,0
2985,47.7513143258165,0.401730574747217,0,16391.9900788533,0
2986,47.7961345536536,0.401905541974877,0,16397.4731261424,0
2987,47.8409537263341,0.402080357030064,0,16402.9561773305,0
2988,47.885771802371,0.40225501973794,0,16408.4392324158,0
2989,47.9305887404326,0.4024295299279,0,16413.9222913965,0
2990,47.9754044993406,0.402603887433516,0,16419.4053542708,0
2991,48.0202190380704,0.402778092092509,0,16424.888421037,0
2992,48.0650323157503,0.402952143746715,0,16430.3714916933,0
2993,48.1098442916599,0.40312604224203,0,16435.854566238,0
2994,48.1546549252306,0.403299787428395,0,16441.3376446692,0
2995,48.1994641760438,0.403473379159746,0,16446.8207269852,0
2996,48.244272003831,0.403646817293972,0,16452.3038131843,0
2997,48.2890783684729,0.403820101692899,0,16457.7869032646,0
2998,48.3338832299982,0.403993232222232,0,16463.2699972244,0
2999,48.3786865485834,0.40416620875153,0,16468.753095062,0
3000,48.4234882845525,0.404339031154176,0,16474.2361967755,0
3001,48.4682883983749,0.404511699307322,0,16479.7193023633,0
3002,48.5130868506664,0.404684213091878,0,16485.2024118235,0
3003,48.5578836021877,0.404856572392461,0,16490.6855251543,0
3004,48.6026786138432,0.405028777097361,0,16496.1686423541,0
3005,48.6474718466817,0.405200827098522,0,16501.6517634211,0
3006,48.6922632618943,0.405372722291487,0,16507.1348883534,0
3007,48.7370528208148,0.405544462575375,0,16512.6180171494,0
3008,48.7818404849186,0.405716047852858,0,16518.1011498073,0
3009,48.8266262158217,0.405887478030099,0,16523.5842863253,0
3010,48.8714099752808,0.40605875301675,0,16529.0674267016,0
3011,48.9161917251924,0.406229872725903,0,16534.5505709345,0
3012,48.9609714275915,0.406400837074053,0,16540.0337190223,0
3013,49.0057490446522,0.406571645981086,0,16545.5168709631,0
3014,49.0505245386856,0.406742299370222,0,16551.0000267553,0
3015,49.0952978721404,0.406912797167998,0,16556.483186397,0
3016,49.140069007602,0.407083139304243,0,16561.9663498865,0
3017,49.1848379077908,0.407253325712022,0,16567.4495172221,0
3018,49.2296045355634,0.407423356327633,0,16572.9326884019,0
3019,49.2743688539107,0.407593231090559,0,16578.4158634243,0
3020,49.3191308259572,0.407762949943435,0,16583.8990422875,0
3021,49.3638904149613,0.407932512832041,0,16589.3822249897,0
3022,49.408647584314,0.408101919705238,0,16594.8654115292,0
3023,49.4534022975383,0.408271170514963,0,16600.3486019042,0
3024,49.4981545182892,0.408440265216196,0,16605.8317961129,0
3025,49.542904210352,0.408609203766915,0,16611.3149941536,0
3026,49.5876513376431,0.408777986128088,0,16616.7981960247,0
3027,49.632395864208,0.408946612263632,0,16622.2814017242,0
3028,49.6771377542218,0.409115082140377,0,16627.7646112504,0
3029,49.7218769719882,0.409283395728062,0,16633.2478246017,0
3030,49.7666134819382,0.409451552999275,0,16638.7310417762,0
3031,49.8113472486311,0.40961955392945,0,16644.2142627722,0
3032,49.8560782367526,0.409787398496833,0,16649.697487588,0
3033,49.9008064111144,0.409955086682437,0,16655.1807162218,0
3034,49.9455317366544,0.410122618470043,0,16660.6639486718,0
3035,49.9902541784351,0.410289993846152,0,16666.1471849363,0
3036,50.0349737016436,0.410457212799959,0,16671.6304250136,0
3037,50.0796902715911,0.410624275323344,0,16677.1136689018,0
3038,50.1244038537121,0.410791181410817,0,16682.5969165994,0
3039,50.1691144135636,0.410957931059516,0,16688.0801681044,0
3040,50.2138219168254,0.411124524269173,0,16693.5634234152,0
3041,50.2585263292983,0.411290961042072,0,16699.0466825301,0
3042,50.3032276169049,0.411457241383058,0,16704.5299454472,0
3043,50.3479257456877,0.411623365299472,0,16710.0132121648,0
3044,50.3926206818095,0.411789332801151,0,16715.4964826813,0
3045,50.4373123915528,0.411955143900402,0,16720.9797569947,0
3046,50.4820008413184,0.412120798611955,0,16726.4630351035,0
3047,50.5266859976258,0.412286296952967,0,16731.9463170058,0
3048,50.5713678271125,0.412451638942977,0,16737.4296026999,0
3049,50.6160462965326,0.412616824603883,0,16742.9128921841,0
3050,50.6607213727576,0.412781853959937,0,16748.3961854566,0
3051,50.7053930227748,0.412946727037688,0,16753.8794825157,0
3052,50.750061213687,0.413111443865986,0,16759.3627833596,0
3053,50.7947259127127,0.413276004475951,0,16764.8460879867,0
3054,50.8393870871842,0.413440408900934,0,16770.3293963951,0
3055,50.8840447045484,0.413604657176517,0,16775.8127085831,0
3056,50.9286987323654,0.413768749340474,0,16781.296024549,0
3057,50.9733491383082,0.413932685432747,0,16786.7793442911,0
3058,51.0179958901629,0.414096465495441,0,16792.2626678075,0
3059,51.0626389558264,0.414260089572772,0,16797.7459950967,0
3060,51.1072783033081,0.414423557711072,0,16803.2293261567,0
3061,51.1519139007276,0.414586869958753,0,16808.712660986,0
3062,51.196545716315,0.414750026366278,0,16814.1959995827,0
3063,51.2411737184105,0.414913026986163,0,16819.6793419451,0
3064,51.2857978754634,0.415075871872924,0,16825.1626880715,0
3065,51.3304181560319,0.415238561083076,0,16830.6460379602,0
3066,51.3750345287825,0.415401094675114,0,16836.1293916093,0
3067,51.4196469624892,0.415563472709467,0,16841.6127490173,0
3068,51.4642554260341,0.415725695248509,0,16847.0961101823,0
3069,51.5088598884051,0.415887762356513,0,16852.5794751026,0
3070,51.5534603186972,0.416049674099635,0,16858.0628437764,0
3071,51.5980566861107,0.416211430545913,0,16863.5462162022,0
3072,51.6426489599513,0.416373031765209,0,16869.029592378,0
3073,51.6872371096297,0.416534477829224,0,16874.5129723022,0
3074,51.7318211046606,0.416695768811464,0,16879.9963559731,0
3075,51.7764009146627,0.416856904787204,0,16885.4797433889,0
3076,51.8209765093579,0.417017885833504,0,16890.9631345479,0
3077,51.865547858571,0.41717871202915,0,16896.4465294483,0
3078,51.910114932229,0.417339383454659,0,16901.9299280885,0
3079,51.954677700361,0.417499900192259,0,16907.4133304666,0
3080,51.9992361330971,0.417660262325847,0,16912.896736581,0
3081,52.0437902006686,0.417820469941004,0,16918.38014643,0
3082,52.0883398734071,0.417980523124946,0,16923.8635600118,0
3083,52.1328851217439,0.418140421966514,0,16929.3469773247,0
3084,52.1774259162101,0.418300166556173,0,16934.8303983669,0
3085,52.2219622274355,0.418459756985958,0,16940.3138231367,0
3086,52.2664940261484,0.41861919334949,0,16945.7972516325,0
3087,52.3110212831753,0.41877847574194,0,16951.2806838524,0
3088,52.3555439694398,0.418937604260002,0,16956.7641197948,0
3089,52.4000620559634,0.419096579001906,0,16962.2475594579,0
3090,52.4445755138632,0.419255400067363,0,16967.73100284,0
3091,52.4890843143531,0.41941406755757,0,16973.2144499394,0
3092,52.5335884287425,0.419572581575197,0,16978.6979007544,0
3093,52.5780878284359,0.419730942224336,0,16984.1813552832,0
3094,52.6225824849329,0.41988914961053,0,16989.6648135241,0
3095,52.6670723698268,0.42004720384072,0,16995.1482754754,0
3096,52.7115574548051,0.420205105023237,0,17000.6317411353,0
3097,52.7560377116488,0.420362853267803,0,17006.1152105022,0
3098,52.8005131122314,0.420520448685478,0,17011.5986835743,0
3099,52.8449836285194,0.420677891388682,0,17017.08216035,0
3100,52.8894492325709,0.420835181491154,0,17022.5656408274,0
3101,52.9339098965354,0.420992319107933,0,17028.0491250048,0
3102,52.9783655926543,0.421149304355371,0,17033.5326128806,0
3103,53.0228162932586,0.421306137351074,0,17039.0161044531,0
3104,53.0672619707705,0.421462818213922,0,17044.4995997204,0
3105,53.1117025977014,0.421619347064038,0,17049.9830986809,0
3106,53.1561381466521,0.421775724022762,0,17055.4666013329,0
3107,53.2005685903127,0.421931949212666,0,17060.9501076746,0
3108,53.244993901461,0.422088022757497,0,17066.4336177044,0
3109,53.2894140529636,0.422243944782197,0,17071.9171314205,0
3110,53.3338290177743,0.422399715412875,0,17077.4006488212,0
3111,53.378238768934,0.422555334776776,0,17082.8841699048,0
3112,53.4226432795705,0.4227108030023,0,17088.3676946695,0
3113,53.4670425228978,0.422866120218951,0,17093.8512231137,0
3114,53.5114364722158,0.423021286557343,0,17099.3347552356,0
3115,53.5558251009099,0.423176302149191,0,17104.8182910336,0
3116,53.60020838245,0.423331167127266,0,17110.3018305059,0
3117,53.6445862903915,0.423485881625421,0,17115.7853736508,0
3118,53.6889587983733,0.423640445778542,0,17121.2689204666,0
3119,53.733325880118,0.423794859722548,0,17126.7524709515,0
3120,53.777687509432,0.423949123594392,0,17132.2360251039,0
3121,53.8220436602041,0.424103237532005,0,17137.7195829221,0
3122,53.866394306406,0.424257201674334,0,17143.2031444043,0
3123,53.9107394220912,0.424411016161288,0,17148.6867095488,0
3124,53.9550789813948,0.424564681133737,0,17154.170278354,0
3125,53.9994129585336,0.424718196733515,0,17159.653850818,0
3126,54.0437413278047,0.424871563103373,0,17165.1374269393,0
3127,54.088064063586,0.425024780386996,0,17170.6210067161,0
3128,54.1323811403352,0.425177848728977,0,17176.1045901466,0
3129,54.1766925325896,0.425330768274794,0,17181.5881772292,0
3130,54.2209982149661,0.425483539170827,0,17187.0717679622,0
3131,54.2652981621598,0.425636161564305,0,17192.5553623439,0
3132,54.309592348945,0.425788635603326,0,17198.0389603725,0
3133,54.3538807501733,0.425940961436832,0,17203.5225620463,0
3134,54.398163340774,0.426093139214585,0,17209.0061673637,0
3135,54.4424400957543,0.426245169087185,0,17214.489776323,0
3136,54.4867109901975,0.426397051206017,0,17219.9733889223,0
3137,54.5309759992635,0.426548785723273,0,17225.4570051601,0
3138,54.5752350981886,0.42670037279193,0,17230.9406250347,0
3139,54.6194882622841,0.426851812565715,0,17236.4242485442,0
3140,54.6637354669375,0.42700310519914,0,17241.907875687,0
3141,54.7079766876103,0.427154250847439,0,17247.3915064615,0
3142,54.752211899839,0.42730524966659,0,17252.8751408659,0
3143,54.7964410792341,0.427456101813299,0,17258.3587788985,0
3144,54.8406642014798,0.427606807444964,0,17263.8424205575,0
3145,54.8848812423338,0.427757366719704,0,17269.3260658414,0
3146,54.9290921776266,0.427907779796309,0,17274.8097147484,0
3147,54.9732969832614,0.428058046834249,0,17280.2933672768,0
3148,55.0174956352137,0.42820816799367,0,17285.7770234249,0
3149,55.0616881095307,0.42835814343535,0,17291.260683191,0
3150,55.1058743823313,0.428507973320732,0,17296.7443465734,0
3151,55.1500544298055,0.428657657811877,0,17302.2280135705,0
3152,55.1942282282137,0.428807197071467,0,17307.7116841804,0
3153,55.2383957538873,0.428956591262808,0,17313.1953584015,0
3154,55.2825569832269,0.429105840549782,0,17318.6790362322,0
3155,55.3267118927038,0.429254945096884,0,17324.1627176706,0
3156,55.3708604588578,0.429403905069171,0,17329.6464027152,0
3157,55.4150026582979,0.429552720632272,0,17335.1300913642,0
3158,55.4591384677018,0.429701391952383,0,17340.6137836159,0
3159,55.5032678638151,0.429849919196229,0,17346.0974794686,0
3160,55.5473908234517,0.429998302531092,0,17351.5811789207,0
3161,55.5915073234926,0.430146542124768,0,17357.0648819704,0
3162,55.6356173408862,0.430294638145571,0,17362.5485886161,0
3163,55.6797208526479,0.430442590762338,0,17368.032298856,0
3164,55.7238178358591,0.430590400144378,0,17373.5160126885,0
3165,55.7679082676678,0.430738066461512,0,17378.9997301119,0
3166,55.8119921252874,0.430885589884027,0,17384.4834511244,0
3167,55.856069385997,0.431032970582677,0,17389.9671757244,0
3168,55.9001400271407,0.43118020872869,0,17395.4509039102,0
3169,55.9442040261272,0.431327304493723,0,17400.93463568,0
3170,55.98826136043,0.431474258049895,0,17406.4183710323,0
3171,56.0323120075862,0.431621069569744,0,17411.9021099653,0
3172,56.076355945197,0.431767739226229,0,17417.3858524774,0
3173,56.1203931509269,0.431914267192739,0,17422.8695985667,0
3174,56.1644236025034,0.432060653643044,0,17428.3533482318,0
3175,56.208447277717,0.432206898751333,0,17433.8371014707,0
3176,56.2524641544203,0.432353002692169,0,17439.320858282,0
3177,56.296474210528,0.432498965640491,0,17444.8046186638,0
3178,56.3404774240169,0.432644787771624,0,17450.2883826145,0
3179,56.384473772925,0.432790469261232,0,17455.7721501325,0
3180,56.4284632353515,0.432936010285355,0,17461.2559212159,0
3181,56.4724457894561,0.433081411020362,0,17466.7396958632,0
3182,56.5164214134595,0.433226671642959,0,17472.2234740726,0
3183,56.5603900856422,0.433371792330194,0,17477.7072558425,0
3184,56.6043517843447,0.433516773259415,0,17483.1910411712,0
3185,56.6483064879669,0.433661614608301,0,17488.674830057,0
3186,56.692254174968,0.433806316554823,0,17494.1586224981,0
3187,56.7361948238662,0.433950879277248,0,17499.642418493,0
3188,56.7801284132382,0.434095302954145,0,17505.12621804,0
3189,56.8240549217188,0.434239587764341,0,17510.6100211373,0
3190,56.8679743280012,0.43438373388696,0,17516.0938277832,0
3191,56.911886610836,0.434527741501374,0,17521.5776379762,0
3192,56.9557917490311,0.434671610787216,0,17527.0614517145,0
3193,56.9996897214519,0.434815341924383,0,17532.5452689964,0
3194,57.0435805070201,0.434958935092989,0,17538.0290898202,0
3195,57.0874640847142,0.435102390473412,0,17543.5129141844,0
3196,57.1313404335686,0.435245708246238,0,17548.9967420871,0
3197,57.1752095326739,0.43538888859228,0,17554.4805735267,0
3198,57.219071361176,0.435531931692575,0,17559.9644085015,0
3199,57.2629258982763,0.435674837728347,0,17565.4482470099,0
3200,57.3067731232313,0.435817606881043,0,17570.9320890502,0
3201,57.3506130153519,0.435960239332285,0,17576.4159346207,0
3202,57.3944455540037,0.436102735263889,0,17581.8997837197,0
3203,57.4382707186063,0.436245094857856,0,17587.3836363455,0
3204,57.4820884886333,0.436387318296344,0,17592.8674924965,0
3205,57.525898843612,0.436529405761698,0,17598.3513521709,0
3206,57.5697017631224,0.436671357436406,0,17603.8352153672,0
3207,57.6134972267984,0.436813173503117,0,17609.3190820836,0
3208,57.6572852143259,0.43695485414463,0,17614.8029523185,0
3209,57.7010657054438,0.43709639954387,0,17620.2868260701,0
3210,57.7448386799429,0.437237809883921,0,17625.7707033369,0
3211,57.788604117666,0.437379085347968,0,17631.2545841171,0
3212,57.8323619985076,0.437520226119335,0,17636.7384684091,0
3213,57.8761123024135,0.437661232381461,0,17642.2223562111,0
3214,57.9198550093807,0.437802104317881,0,17647.7062475216,0
3215,57.963590099457,0.437942842112258,0,17653.1901423388,0
3216,58.0073175527409,0.438083445948325,0,17658.6740406611,0
3217,58.0510373493811,0.438223916009927,0,17664.1579424868,0
3218,58.0947494695763,0.438364252480991,0,17669.6418478142,0
3219,58.1384538935751,0.438504455545513,0,17675.1257566417,0
3220,58.1821506016759,0.438644525387586,0,17680.6096689675,0
3221,58.2258395742258,0.438784462191346,0,17686.0935847901,0
3222,58.2695207916215,0.438924266141015,0,17691.5775041078,0
3223,58.3131942343082,0.439063937420862,0,17697.0614269188,0
3224,58.3568598827795,0.439203476215204,0,17702.5453532215,0
3225,58.4005177175777,0.439342882708425,0,17708.0292830143,0
3226,58.4441677192927,0.439482157084923,0,17713.5132162954,0
3227,58.4878098685625,0.439621299529159,0,17718.9971530633,0
3228,58.5314441460723,0.439760310225609,0,17724.4810933162,0
3229,58.5750705325548,0.439899189358778,0,17729.9650370524,0
3230,58.6186890087898,0.440037937113205,0,17735.4489842704,0
3231,58.6622995556037,0.440176553673421,0,17740.9329349685,0
3232,58.7059021538697,0.440315039223996,0,17746.4168891449,0
3233,58.7494967845071,0.440453393949482,0,17751.900846798,0
3234,58.7930834284814,0.440591618034447,0,17757.3848079261,0
3235,58.836662066804,0.440729711663457,0,17762.8687725277,0
3236,58.8802326805318,0.440867675021053,0,17768.352740601,0
3237,58.9237952507672,0.441005508291788,0,17773.8367121443,0
3238,58.9673497586576,0.441143211660173,0,17779.320687156,0
3239,59.0108961853955,0.441280785310714,0,17784.8046656345,0
3240,59.0544345122179,0.441418229427887,0,17790.288647578,0
3241,59.0979647204065,0.441555544196125,0,17795.772632985,0
3242,59.1414867912872,0.441692729799848,0,17801.2566218536,0
3243,59.1850007062296,0.441829786423409,0,17806.7406141824,0
3244,59.2285064466475,0.44196671425114,0,17812.2246099696,0
3245,59.2720039939982,0.442103513467312,0,17817.7086092136,0
3246,59.3154933297822,0.442240184256141,0,17823.1926119127,0
3247,59.3589744355432,0.442376726801803,0,17828.6766180652,0
3248,59.4024472928678,0.442513141288385,0,17834.1606276695,0
3249,59.4459118833856,0.442649427899936,0,17839.644640724,0
3250,59.4893681887682,0.442785586820418,0,17845.1286572269,0
3251,59.5328161907299,0.442921618233724,0,17850.6126771766,0
3252,59.5762558710269,0.443057522323678,0,17856.0967005715,0
3253,59.6196872114572,0.443193299274004,0,17861.5807274099,0
3254,59.6631101938608,0.443328949268366,0,17867.0647576902,0
3255,59.7065248001186,0.443464472490314,0,17872.5487914106,0
3256,59.7499310121532,0.443599869123321,0,17878.0328285696,0
3257,59.793328811928,0.443735139350762,0,17883.5168691655,0
3258,59.8367181814474,0.4438702833559,0,17889.0009131966,0
3259,59.8800991027564,0.444005301321916,0,17894.4849606612,0
3260,59.9234715579403,0.444140193431857,0,17899.9690115578,0
3261,59.966835529125,0.444274959868683,0,17905.4530658846,0
3262,60.010190998476,0.444409600815226,0,17910.9371236401,0
3263,60.053537948199,0.444544116454198,0,17916.4211848225,0
3264,60.0968763605392,0.444678506968207,0,17921.9052494302,0
3265,60.1402062177812,0.44481277253971,0,17927.3893174616,0
3266,60.1835275022492,0.444946913351063,0,17932.873388915,0
3267,60.2268401963061,0.44508092958447,0,17938.3574637887,0
3268,60.270144282354,0.445214821422009,0,17943.8415420812,0
3269,60.3134397428335,0.445348589045626,0,17949.3256237907,0
3270,60.3567265602237,0.445482232637109,0,17954.8097089156,0
3271,60.4000047170425,0.445615752378126,0,17960.2937974542,0
3272,60.4432741958454,0.445749148450171,0,17965.777889405,0
3273,60.4865349792261,0.44588242103461,0,17971.2619847662,0
3274,60.5297870498163,0.446015570312647,0,17976.7460835362,0
3275,60.5730303902849,0.446148596465321,0,17982.2301857134,0
3276,60.6162649833387,0.446281499673535,0,17987.7142912961,0
3277,60.6594908117214,0.446414280118003,0,17993.1984002827,0
3278,60.7027078582141,0.446546937979295,0,17998.6825126715,0
3279,60.7459161056347,0.446679473437803,0,18004.1666284608,0
3280,60.7891155368377,0.446811886673748,0,18009.6507476491,0
3281,60.8323061347145,0.446944177867191,0,18015.1348702347,0
3282,60.8754878821925,0.447076347197994,0,18020.618996216,0
3283,60.9186607622359,0.447208394845866,0,18026.1031255912,0
3284,60.9618247578444,0.447340320990314,0,18031.5872583588,0
3285,61.004979852054,0.447472125810673,0,18037.0713945171,0
3286,61.0481260279363,0.447603809486093,0,18042.5555340644,0
3287,61.0912632685984,0.447735372195521,0,18048.0396769992,0
3288,61.1343915571832,0.447866814117737,0,18053.5238233198,0
3289,61.1775108768685,0.447998135431301,0,18059.0079730245,0
3290,61.2206212108672,0.448129336314597,0,18064.4921261117,0
3291,61.2637225424273,0.448260416945801,0,18069.9762825797,0
3292,61.3068148548317,0.448391377502886,0,18075.460442427,0
3293,61.3498981313977,0.448522218163636,0,18080.9446056519,0
3294,61.3929723554771,0.448652939105608,0,18086.4287722527,0
3295,61.4360375104563,0.448783540506176,0,18091.9129422278,0
3296,61.4790935797555,0.448914022542481,0,18097.3971155755,0
3297,61.5221405468293,0.449044385391468,0,18102.8812922943,0
3298,61.5651783951659,0.449174629229866,0,18108.3654723825,0
3299,61.6082071082872,0.449304754234174,0,18113.8496558384,0
3300,61.6512266697491,0.449434760580699,0,18119.3338426604,0
3301,61.6942370631405,0.449564648445497,0,18124.8180328469,0
3302,61.7372382720838,0.449694418004428,0,18130.3022263962,0
3303,61.7802302802344,0.449824069433112,0,18135.7864233068,0
3304,61.8232130712811,0.449953602906947,0,18141.2706235769,0
3305,61.8661866289451,0.450083018601111,0,18146.7548272049,0
3306,61.9091509369805,0.450212316690532,0,18152.2390341892,0
3307,61.9521059791741,0.450341497349933,0,18157.7232445282,0
3308,61.9950517393451,0.450470560753779,0,18163.2074582202,0
3309,62.0379882013449,0.450599507076315,0,18168.6916752636,0
3310,62.0809153490573,0.450728336491545,0,18174.1758956568,0
3311,62.123833166398,0.450857049173225,0,18179.6601193981,0
3312,62.1667416373147,0.450985645294891,0,18185.1443464859,0
3313,62.2096407457868,0.451114125029811,0,18190.6285769185,0
3314,62.2525304758255,0.451242488551032,0,18196.1128106944,0
3315,62.2954108114732,0.451370736031341,0,18201.5970478119,0
3316,62.3382817368043,0.451498867643282,0,18207.0812882694,0
3317,62.3811432359238,0.451626883559157,0,18212.5655320652,0
3318,62.4239952929683,0.451754783951,0,18218.0497791977,0
3319,62.4668378921054,0.451882568990619,0,18223.5340296653,0
3320,62.5096710175332,0.452010238849543,0,18229.0182834663,0
3321,62.5524946534812,0.452137793699064,0,18234.5025405992,0
3322,62.595308784209,0.452265233710212,0,18239.9868010623,0
3323,62.638113394007,0.452392559053754,0,18245.4710648539,0
3324,62.680908467196,0.452519769900213,0,18250.9553319725,0
3325,62.7236939881271,0.452646866419831,0,18256.4396024164,0
3326,62.7664699411816,0.452773848782612,0,18261.923876184,0
3327,62.8092363107706,0.452900717158275,0,18267.4081532737,0
3328,62.8519930813357,0.453027471716288,0,18272.8924336838,0
3329,62.8947402373477,0.453154112625855,0,18278.3767174127,0
3330,62.9374777633077,0.453280640055899,0,18283.8610044588,0
3331,62.9802056437461,0.453407054175099,0,18289.3452948205,0
3332,63.0229238632226,0.453533355151837,0,18294.8295884961,0
3333,63.0656324063268,0.45365954315425,0,18300.313885484,0
3334,63.1083312576772,0.453785618350185,0,18305.7981857826,0
3335,63.1510204019218,0.453911580907228,0,18311.2824893903,0
3336,63.1936998237372,0.454037430992692,0,18316.7667963055,0
3337,63.2363695078293,0.4541631687736,0,18322.2511065264,0
3338,63.2790294389329,0.454288794416725,0,18327.7354200516,0
3339,63.3216796018112,0.454414308088539,0,18333.2197368794,0
3340,63.3643199812566,0.454539709955252,0,18338.7040570081,0
3341,63.4069505620895,0.454665000182789,0,18344.1883804362,0
3342,63.449571329159,0.454790178936794,0,18349.672707162,0
3343,63.4921822673426,0.454915246382643,0,18355.1570371839,0
3344,63.534783361546,0.455040202685408,0,18360.6413705003,0
3345,63.577374596703,0.455165048009905,0,18366.1257071095,0
3346,63.6199559577754,0.455289782520643,0,18371.61004701,0
3347,63.6625274297531,0.455414406381866,0,18377.0943902002,0
3348,63.7050889976538,0.455538919757523,0,18382.5787366784,0
3349,63.7476406465229,0.455663322811276,0,18388.0630864429,0
3350,63.7901823614336,0.455787615706514,0,18393.5474394923,0
3351,63.8327141274866,0.455911798606318,0,18399.0317958248,0
3352,63.8752359298102,0.456035871673505,0,18404.5161554389,0
3353,63.9177477535598,0.456159835070581,0,18410.0005183329,0
3354,63.9602495839185,0.456283688959778,0,18415.4848845052,0
3355,64.0027414060963,0.456407433503036,0,18420.9692539543,0
3356,64.0452232053305,0.456531068861993,0,18426.4536266784,0
3357,64.0876949668856,0.456654595198016,0,18431.938002676,0
3358,64.1301566760525,0.456778012672156,0,18437.4223819455,0
3359,64.1726083181497,0.456901321445197,0,18442.9067644853,0
3360,64.2150498785218,0.457024521677608,0,18448.3911502936,0
3361,64.2574813425407,0.457147613529576,0,18453.8755393691,0
3362,64.2999026956046,0.457270597160995,0,18459.3599317099,0
3363,64.3423139231381,0.457393472731451,0,18464.8443273146,0
3364,64.3847150105927,0.45751624040026,0,18470.3287261814,0
3365,64.427105943446,0.45763890032641,0,18475.8131283089,0
3366,64.4694867072017,0.457761452668623,0,18481.2975336953,0
3367,64.5118572873902,0.457883897585304,0,18486.7819423391,0
3368,64.5542176695677,0.458006235234566,0,18492.2663542387,0
3369,64.5965678393166,0.458128465774235,0,18497.7507693924,0
3370,64.638907782245,0.458250589361818,0,18503.2351877987,0
3371,64.6812374839876,0.458372606154549,0,18508.7196094559,0
3372,64.7235569302041,0.458494516309337,0,18514.2040343624,0
3373,64.7658661065806,0.458616319982816,0,18519.6884625167,0
3374,64.8081649988285,0.458738017331303,0,18525.1728939171,0
3375,64.8504535926851,0.458859608510821,0,18530.657328562,0
3376,64.892731873913,0.4589810936771,0,18536.1417664498,0
3377,64.9349998283004,0.459102472985551,0,18541.6262075789,0
3378,64.9772574416611,0.459223746591311,0,18547.1106519477,0
3379,65.0195046998337,0.459344914649187,0,18552.5950995546,0
3380,65.0617415886828,0.459465977313709,0,18558.079550398,0
3381,65.1039680940974,0.459586934739089,0,18563.5640044763,0
3382,65.1461842019924,0.459707787079244,0,18569.0484617879,0
3383,65.1883898983072,0.459828534487794,0,18574.5329223312,0
3384,65.2305851690064,0.459949177118039,0,18580.0173861045,0
3385,65.5980775155124,0.460069715123,0,18585.5229977805,0
3386,62.3051336676096,0.46019014865538,0,18592.5780378412,0
3387,59.1785528925442,0.460310477867584,0,18599.3282805826,0
3388,56.2121094065368,0.460430702911706,0,18605.8319778005,0
3389,53.3975653072583,0.460550823939558,0,18612.1370495165,0
3390,50.7277724782083,0.460670841102621,0,18618.2820875453,0
3391,48.1978249212771,0.460790754552091,0,18624.29817542,0
3392,45.8063698773552,0.460910564438865,0,18630.2103506965,0
3393,43.5560990110512,0.461030270913514,0,18636.0387823247,0
3394,41.4528782002682,0.461149874126317,0,18641.7997193939,0
3395,39.5038157751124,0.461269374227267,0,18647.5062537713,0
3396,37.7150698876012,0.46138877136603,0,18653.168934288,0
3397,36.0901206185244,0.461341936888796,0,18658.7962615877,0
3398,34.628857687399,0.460392364168262,0,18664.3950864539,0
3399,33.3274678732495,0.459363506418184,0,18669.9709303456,0
3400,32.1787978991026,0.45825614215206,0,18675.5282437616,0
3401,31.1718834079363,0.457081211432648,0,18681.0706142534,0
3402,30.2892949765465,0.455847565423263,0,18686.6009340355,0
3403,29.5063873631083,0.454562524832274,0,18692.1215349574,0
3404,28.7971434234061,0.453232360609414,0,18697.6342971364,0
3405,28.1425167048344,0.451862730015104,0,18703.1407366688,0
3406,27.534554593267,0.450459036394132,0,18708.6420762095,0
3407,26.9745097191296,0.449026665763302,0,18714.1393018372,0
3408,26.4678553648081,0.447571080635488,0,18719.6332088895,0
3409,26.0196862868022,0.44609778989127,0,18725.1244389136,0
3410,25.6321802692968,0.444612238548491,0,18730.613509458,0
3411,25.3040818557075,0.443119666014052,0,18736.100838067,0
3412,25.0313891677792,0.441624969620145,0,18741.5867616301,0
3413,24.8084460375783,0.44013256769889,0,18747.0715519825,0
3414,24.6289612039309,0.438646159049802,0,18752.5554284902,0
3415,24.4867405830579,0.437168344372968,0,18758.0385681906,0
3416,24.3760756841082,0.435700400227919,0,18763.5211139703,0
3417,24.2918535153134,0.434242510514695,0,18769.0031811618,0
3418,24.2295235930175,0.432794376060371,0,18774.484862866,0
3419,24.1850400483818,0.43135585047566,0,18779.9662342438,0
3420,24.1548312767626,0.42992731634089,0,18785.4473559772,0
3421,24.1357945732713,0.428509739326052,0,18790.9282770617,0
3422,24.1252937911008,0.427104501019733,0,18796.4090370611,0
3423,24.1211433125361,0.425713152982913,0,18801.8896679256,0
3424,24.1215738476133,0.424337196066029,0,18807.3701954587,0
3425,24.1251845119434,0.422977931457684,0,18812.850640501,0
3426,24.1308887457229,0.421636387978482,0,18818.3310198866,0
3427,24.1378607336915,0.420313309089258,0,18823.8113472137,0
3428,24.1454866796652,0.419009175838831,0,18829.2916334682,0
3429,24.153322819425,0.417724243518864,0,18834.7718875254,0
3430,24.1610604007465,0.416458577803123,0,18840.2521165563,0
3431,24.1684968940162,0.415212085582484,0,18845.7323263554,0
3432,24.1755123258588,0.413984541642965,0,18851.2125216048,0
3433,24.1820495280653,0.412775613616284,0,18856.6927060884,0
3434,24.188097372934,0.411584886405868,0,18862.172882864,0
3435,24.1936765092867,0.410411885747917,0,18867.653054403,0
3436,24.1988275914319,0.409256099863319,0,18873.1332227028,0
3437,24.2036022184599,0.408116998174189,0,18878.6133893776,0
3438,24.2080567377071,0.406994046533386,0,18884.0935557324,0
3439,24.2122487501885,0.405886718905289,0,18889.5737228215,0
3440,24.2162357910317,0.404794505853381,0,18895.0538914974,0
3441,24.2200753969654,0.403716920349484,0,18900.5340624489,0
3442,24.2238257427891,0.402653501458781,0,18906.0142362325,0
3443,24.227546194685,0.401603816389551,0,18911.494413298,0
3444,24.2312973975094,0.40056746132149,0,18916.9745940087,0
3445,24.2351407830206,0.399544061314071,0,18922.4547786581,0
3446,24.2391375903999,0.398533269505643,0,18927.9349674831,0
3447,24.243347594836,0.397534765755818,0,18933.4151606749,0
3448,24.2478277592351,0.396548254870342,0,18938.8953583877,0
3449,24.2526309890816,0.395573464556272,0,18944.375560746,0
3450,24.2578051071287,0.39461014326584,0,18949.8557678499,0
3451,24.263392104538,0.39365805808843,0,18955.3359797799,0
3452,24.269427680745,0.3927169928228,0,18960.8161966008,0
3453,24.2759410553014,0.391786746312439,0,18966.2964183646,0
3454,24.2829550174842,0.390867131064838,0,18971.7766451128,0
3455,24.2904861724057,0.389957972126484,0,18977.2568768785,0
3456,24.298545341495,0.389059106152831,0,18982.7371136883,0
3457,24.3071380753202,0.388170380603006,0,18988.2173555629,0
3458,24.3162652393472,0.387291652995007,0,18993.6976025188,0
3459,24.3259236370082,0.386422790175522,0,18999.1778545689,0
3460,24.3361066403326,0.385563667578707,0,19004.6581117231,0
3461,24.3468048033715,0.384714168467338,0,19010.138373989,0
3462,24.3580064402078,0.383874183161461,0,19015.6186413722,0
3463,24.3696981547429,0.383043608267333,0,19021.0989138768,0
3464,24.3818653147518,0.382222345921631,0,19026.5791915058,0
3465,24.394492466374,0.381410303066598,0,19032.0594742609,0
3466,24.4075636887987,0.380607390768759,0,19037.5397621432,0
3467,24.4210628910494,0.379813523591255,0,19043.0200551531,0
3468,24.4349740544149,0.379028619026359,0,19048.5003532904,0
3469,24.4492814252259,0.378252596992851,0,19053.9806565545,0
3470,24.4639696634852,0.377485379399436,0,19059.4609649445,0
3471,24.4790239532093,0.376726889773154,0,19064.941278459,0
3472,24.4944300803111,0.375977052949286,0,19070.4215970967,0
3473,24.5101744840136,0.375235794818869,0,19075.9019208558,0
3474,24.5262442871886,0.37450304212829,0,19081.3822497347,0
3475,24.5426273103695,0.373778722324867,0,19086.8625837312,0
3476,24.5593120732515,0.373062763441527,0,19092.3429228436,0
3477,24.5762877871093,0.372355094015033,0,19097.8232670695,0
3478,24.5935443405022,0.371655643031883,0,19103.3036164069,0
3479,24.6110722799772,0.370964339896502,0,19108.7839708535,0
3480,24.6288627867955,0.370281114416271,0,19114.2643304071,0
3481,24.646907650778,0.369605896799767,0,19119.7446950654,0
3482,24.6651992418205,0.368938617664615,0,19125.225064826,0
3483,24.6837304795175,0.368279208051924,0,19130.7054396867,0
3484,24.7024948011369,0.367627599444287,0,19136.1858196451,0
3485,24.7214861286103,0.366983723786028,0,19141.6662046988,0
3486,24.7406988349174,0.366347513504283,0,19147.1465948454,0
3487,24.7601277102604,0.365718901529887,0,19152.6269900826,0
3488,24.7797679283026,0.365097821316874,0,19158.1073904079,0
3489,24.799615013136,0.364484206860688,0,19163.5877958191,0
3490,24.81966480732,0.363877992714879,0,19169.0682063136,0
3491,24.8399134412938,0.363279114006111,0,19174.5486218891,0
3492,24.8603573043087,0.36268750644701,0,19180.0290425432,0
3493,24.8809930173317,0.362103106347286,0,19185.5094682734,0
3494,24.9018174080364,0.361525850623159,0,19190.9898990775,0
3495,24.9228274879229,0.360955676805033,0,19196.470334953,0
3496,24.9440204314939,0.360392523043057,0,19201.9507758974,0
3497,24.9653935576699,0.359836328111048,0,19207.4312219085,0
3498,24.986944313343,0.359287031408785,0,19212.9116729837,0
3499,25.0086702589041,0.358744572962663,0,19218.3921291208,0
3500,25.0305690555445,0.358208893424463,0,19223.8725903173,0
3501,25.0526384543548,0.357679934068726,0,19229.3530565708,0
3502,25.0748762870346,0.357157636788826,0,19234.833527879,0
3503,25.0972804579655,0.356641944091742,0,19240.3140042394,0
3504,25.1198489374558,0.356132799091471,0,19245.7944856497,0
3505,25.1425797561324,0.355630145501546,0,19251.2749721076,0
3506,25.1654710003122,0.355133927626798,0,19256.7554636105,0
3507,25.1885208081159,0.354644090354407,0,19262.2359601562,0
3508,25.2117273662089,0.354160579144188,0,19267.7164617422,0
3509,25.2350889071571,0.353683340018611,0,19273.1969683663,0
3510,25.2586037072895,0.353212319552625,0,19278.677480026,0
3511,25.2822700848688,0.352747464863267,0,19284.1579967189,0
3512,25.3060863985432,0.35228872359908,0,19289.6385184428,0
3513,25.3300510460863,0.351836043929689,0,19295.1190451952,0
3514,25.35416246337,0.351389374535598,0,19300.5995769738,0
3515,25.3784191233978,0.350948664598075,0,19306.0801137762,0
3516,25.4028195354504,0.350513863789189,0,19311.5606556,0
3517,25.4273622443462,0.350084922262235,0,19317.041202443,0
3518,25.452045829796,0.349661790642567,0,19322.5217543027,0
3519,25.4768689056967,0.349244420018631,0,19328.0023111769,0
3520,25.5018301194663,0.34883276193329,0,19333.4828730631,0
3521,25.5269281514142,0.348426768375604,0,19338.9634399591,0
3522,25.5521617141362,0.348026391773051,0,19344.4440118624,0
3523,25.577529551801,0.347631584983905,0,19349.9245887707,0
3524,25.6030304394576,0.347242301289969,0,19355.4051706818,0
3525,25.628663182352,0.346858494389716,0,19360.8857575933,0
3526,25.6544266152315,0.346480118391803,0,19366.3663495027,0
3527,25.6803196015432,0.346107127808689,0,19371.8469464079,0
3528,25.7063410326564,0.345739477550593,0,19377.3275483065,0
3529,25.7324898270988,0.345377122919782,0,19382.8081551961,0
3530,25.7587649297597,0.345020019605148,0,19388.2887670744,0
3531,25.7851653110208,0.344668123676822,0,19393.7693839392,0
3532,25.8116899659233,0.344321391581096,0,19399.250005788,0
3533,25.8383379133636,0.343979780135615,0,19404.7306326186,0
3534,25.8651081952453,0.343643246524732,0,19410.2112644287,0
3535,25.8919998756053,0.343311748294892,0,19415.6919012159,0
3536,25.9190120397842,0.342985243350264,0,19421.1725429779,0
3537,25.9461437936426,0.342663689948602,0,19426.6531897125,0
3538,25.9733942627249,0.342347046697146,0,19432.1338414172,0
3539,26.0007625914408,0.342035272548571,0,19437.6144980899,0
3540,26.0282479422982,0.341728326797131,0,19443.0951597282,0
3541,26.0558494951835,0.341426169074989,0,19448.5758263298,0
3542,26.0835664465894,0.341128759348493,0,19454.0564978924,0
3543,26.1113980088922,0.340836057914534,0,19459.5371744137,0
3544,26.1393434096825,0.340548025397059,0,19465.0178558914,0
3545,26.1674018911308,0.340264622743718,0,19470.4985423233,0
3546,26.1955727093106,0.339985811222409,0,19475.979233707,0
3547,26.2238551335858,0.339711552417936,0,19481.4599300402,0
3548,26.2522484460551,0.339441808228795,0,19486.9406313207,0
3549,26.2807519409999,0.339176540864038,0,19492.4213375462,0
3550,26.3093649243179,0.338915712840028,0,19497.9020487144,0
3551,26.3380867130179,0.338659286977328,0,19503.382764823,0
3552,26.3669166347711,0.338407226397715,0,19508.8634858697,0
3553,26.3958540274347,0.338159494521181,0,19514.3442118523,0
3554,26.4248982385928,0.337916055062888,0,19519.8249427685,0
3555,26.454048625148,0.337676872030245,0,19525.305678616,0
3556,26.4833045529611,0.337441909720114,0,19530.7864193926,0
3557,26.5126653964433,0.337211132715921,0,19536.2671650959,0
3558,26.5421305381901,0.336984505884796,0,19541.7479157238,0
3559,26.5716993686597,0.336761994374834,0,19547.2286712739,0
3560,26.6013712858731,0.336543563612444,0,19552.7094317439,0
3561,26.6311456950731,0.336329179299578,0,19558.1901971318,0
3562,26.6610220084333,0.336118807411051,0,19563.670967435,0
3563,26.6909996448096,0.335912414191972,0,19569.1517426516,0
3564,26.7210780294766,0.335709966155205,0,19574.632522779,0
3565,26.7512565938527,0.335511430078735,0,19580.1133078152,0
3566,26.7815347752673,0.335316773003152,0,19585.5940977578,0
3567,26.8119120167668,0.33512596222925,0,19591.0748926046,0
3568,26.842387766878,0.334938965315567,0,19596.5556923534,0
3569,26.8729614793897,0.334755750075912,0,19602.036497002,0
3570,26.9036326131692,0.334576284577003,0,19607.517306548,0
3571,26.9344006320016,0.334400537136207,0,19612.9981209892,0
3572,26.9652650043795,0.334228476319163,0,19618.4789403234,0
3573,26.996225203331,0.334060070937461,0,19623.9597645484,0
3574,27.0272807062796,0.33389529004645,0,19629.4405936619,0
3575,27.0584309948939,0.333734102943059,0,19634.9214276617,0
3576,27.0896755549138,0.333576479163533,0,19640.4022665455,0
3577,27.1210138760122,0.333422388481266,0,19645.8831103112,0
3578,27.1524454516889,0.333271800904744,0,19651.3639589565,0
3579,27.1839697791232,0.333124686675437,0,19656.8448124791,0
3580,27.2155863590369,0.332981016265663,0,19662.3256708769,0
3581,27.2472946955873,0.332840760376556,0,19667.8065341477,0
3582,27.2790942962761,0.332703889936135,0,19673.2874022891,0
3583,27.310984671813,0.332570376097242,0,19678.768275299,0
3584,27.3429653360094,0.332440190235551,0,19684.2491531752,0
3585,27.375035805701,0.332313303947675,0,19689.7300359155,0
3586,27.4071956006543,0.332189689049291,0,19695.2109235176,0
3587,27.4394442434545,0.332069317573178,0,19700.6918159793,0
3588,27.4717812594228,0.331952161767342,0,19706.1727132985,0
3589,27.5042061765603,0.331838194093252,0,19711.6536154728,0
3590,27.5367185254499,0.331727387224002,0,19717.1345225002,0
3591,27.5693178391707,0.331619714042455,0,19722.6154343784,0
3592,27.6020036532398,0.331515147639494,0,19728.0963511052,0
3593,27.6347755055592,0.331413661312343,0,19733.5772726783,0
3594,27.6676329363249,0.331315228562769,0,19739.0581990957,0
3595,27.7005754879646,0.331219823095342,0,19744.5391303551,0
3596,27.7336027051007,0.331127418815812,0,19750.0200664542,0
3597,27.7667141344877,0.331037989829459,0,19755.501007391,0
3598,27.7999093249417,0.330951510439369,0,19760.9819531632,0
3599,27.8331878272968,0.330867955144815,0,19766.4629037686,0
3600,27.8665491943783,0.330787298639725,0,19771.9438592051,0
3601,27.8999929809343,0.330709515811044,0,19777.4248194704,0
3602,27.9335187435873,0.330634581737119,0,19782.9057845624,0
3603,27.9671260408099,0.330562471686186,0,19788.3867544789,0
3604,28.0008144328896,0.330493161114886,0,19793.8677292176,0
3605,28.0345834818714,0.330426625666664,0,19799.3487087765,0
3606,28.0684327515263,0.330362841170268,0,19804.8296931533,0
3607,28.1023618073405,0.330301783638331,0,19810.3106823459,0
3608,28.1363702164667,0.330243429265885,0,19815.791676352,0
3609,28.170457547687,0.330187754428854,0,19821.2726751696,0
3610,28.2046233713971,0.330134735682646,0,19826.7536787964,0
3611,28.2388672595905,0.3300843497608,0,19832.2346872302,0
3612,28.2731887858133,0.330036573573506,0,19837.715700469,0
3613,28.3075875251414,0.329991384206203,0,19843.1967185105,0
3614,28.3420630541793,0.329948758918268,0,19848.6777413525,0
3615,28.3766149510291,0.329908675141659,0,19854.158768993,0
3616,28.4112427952599,0.329871110479507,0,19859.6398014297,0
3617,28.4459461678999,0.329836042704802,0,19865.1208386604,0
3618,28.4807246514332,0.329803449759153,0,19870.6018806831,0
3619,28.5155778297642,0.329773309751417,0,19876.0829274955,0
3620,28.5505052882025,0.329745600956392,0,19881.5639790955,0
3621,28.5855066134674,0.329720301813594,0,19887.045035481,0
3622,28.6205813936695,0.329697390926013,0,19892.5260966498,0
3623,28.6557292182863,0.329676847058799,0,19898.0071625997,0
3624,28.6909496781596,0.329658649138035,0,19903.4882333285,0
3625,28.7262423655005,0.329642776249589,0,19908.9693088343,0
3626,28.7616068738617,0.329629207637845,0,19914.4503891147,0
3627,28.7970427981278,0.329617922704479,0,19919.9314741676,0
3628,28.8325497345245,0.329608901007322,0,19925.412563991,0
3629,28.8681272806076,0.329602122259207,0,19930.8936585826,0
3630,28.9037750352448,0.329597566326742,0,19936.3747579403,0
3631,28.9394925986162,0.329595213229166,0,19941.855862062,0
3632,28.9752795722251,0.329595043137279,0,19947.3369709456,0
3633,29.0111355588756,0.329597036372265,0,19952.8180845888,0
3634,29.0470601626679,0.32960117340454,0,19958.2992029896,0
3635,29.0830529890098,0.329607434852698,0,19963.7803261459,0
3636,29.119113644611,0.329615801482436,0,19969.2614540554,0
3637,29.155241737469,0.329626254205403,0,19974.7425867162,0
3638,29.1914368768737,0.329638774078131,0,19980.2237241259,0
3639,29.2276986734195,0.329653342301044,0,19985.7048662826,0
3640,29.2640267389881,0.329669940217345,0,19991.1860131841,0
3641,29.3004206867469,0.329688549311948,0,19996.6671648282,0
3642,29.3368801311631,0.329709151210489,0,20002.1483212128,0
3643,29.3734046879995,0.329731727678319,0,20007.6294823359,0
3644,29.4099939743047,0.329756260619421,0,20013.1106481953,0
3645,29.4466476084207,0.329782732075423,0,20018.5918187888,0
3646,29.4833652099952,0.329811124224656,0,20024.0729941144,0
3647,29.5201463999673,0.329841419381116,0,20029.55417417,0
3648,29.5569908005692,0.329873599993456,0,20035.0353589534,0
3649,29.5938980353418,0.329907648644074,0,20040.5165484625,0
3650,29.6308677291302,0.329943548048159,0,20045.9977426952,0
