"t","EIR_tot","slide_prev0to5","prop_killed_ivm","mv_dead","mvx_dead"
1,139.064941546028,0.624000884168645,NA,0,0
2,155.301922069117,0.624000884168645,0,5.48980117367367,0
3,165.396932374327,0.624000884168645,0,10.9796023473473,0
4,170.628680375287,0.624000884168645,0,16.469403521021,0
5,172.107017999068,0.624000884168645,0,21.9592046946947,0
6,170.88464781686,0.624000884168645,0,27.4490058683683,0
7,168.001822410892,0.624000884168645,0,32.938807042042,0
8,164.410457339635,0.624000884168645,0,38.4286082157157,0
9,160.849731937589,0.624000884168645,0,43.9184093893894,0
10,157.774868919952,0.624000884168645,0,49.408210563063,0
11,155.372639733286,0.624000884168645,0,54.8980117367367,0
12,153.638646732434,0.624000884168645,0,60.3878129104104,0
13,152.46636125674,0.6239998285345,0,65.877614084084,0
14,151.716437928387,0.624317235509937,0,71.3674152577577,0
15,151.258954743891,0.625066412841597,0,76.8572164314314,0
16,150.991169717605,0.626000019248187,0,82.347017605105,0
17,150.840011449094,0.626946097531891,0,87.8368187787787,0
18,150.757386470864,0.627793275661552,0,93.3266199524524,0
19,150.713499641233,0.628481067987851,0,98.8164211261261,0
20,150.69078172331,0.628990773407949,0,104.3062222998,0
21,150.679291723356,0.629334263118206,0,109.796023473473,0
22,150.673601812898,0.629541256939527,0,115.285824647147,0
23,150.670837708104,0.629647725265636,0,120.775625820821,0
24,150.669518308436,0.629687619907302,0,126.265426994494,0
25,150.668898620706,0.6296884925428,0,131.755228168168,0
26,150.668611848197,0.629670287787318,0,137.245029341842,0
27,150.668480958912,0.629646052480298,0,142.734830515515,0
28,150.668422100664,0.629623480726238,0,148.224631689189,0
29,150.668400156989,0.629606549174977,0,153.714432862863,0
30,150.668436130287,0.629596880960484,0,159.204234036536,0
31,150.668697469813,0.629594737471763,0,164.69403521021,0
32,150.669652918341,0.629599671139815,0,170.183836383884,0
33,150.672174728436,0.62961092123429,0,175.673637557557,0
34,150.677464701157,0.629627635799902,0,181.163438731231,0
35,150.686792631228,0.629648985365806,0,186.653239904905,0
36,150.701153951656,0.629674214024153,0,192.143041078578,0
37,150.720989071071,0.629702656647617,0,197.632842252252,0
38,150.746058653072,0.629733739170989,0,203.122643425926,0
39,150.77549237186,0.629766971340593,0,208.612444599599,0
40,150.807967037173,0.629801936820921,0,214.102245773273,0
41,150.841944140095,0.629838283059948,0,219.592046946947,0
42,150.875900611203,0.629875712414894,0,225.08184812062,0
43,150.908508200116,0.629913976550282,0,230.571649294294,0
44,150.938741966691,0.629952876445185,0,236.061450467968,0
45,150.965919390884,0.629992267678187,0,241.551251641641,0
46,150.989684787505,0.630032066174674,0,247.041052815315,0
47,151.009958613307,0.630072247677668,0,252.530853988989,0
48,151.026870606012,0.630112836790054,0,258.020655162662,0
49,151.040691367144,0.630153886451521,0,263.510456336336,0
50,151.051771888919,0.630195452824977,0,269.00025751001,0
51,151.060495522579,0.630237571867371,0,274.490058683683,0
52,151.067243444388,0.630280242610924,0,279.979859857357,0
53,151.07237230006,0.63032341956615,0,285.469661031031,0
54,151.076201683755,0.63036701401927,0,290.959462204704,0
55,151.079008859772,0.630410902149536,0,296.449263378378,0
56,151.081028345222,0.630454937052954,0,301.939064552052,0
57,151.082454463948,0.630498961843243,0,307.428865725726,0
58,151.083445462142,0.630542821609568,0,312.918666899399,0
59,151.084128241784,0.630586372882783,0,318.408468073073,0
60,151.08460311218,0.630629490059579,0,323.898269246746,0
61,151.084948233652,0.630672068870118,0,329.38807042042,0
62,151.0852235963,0.63071402735549,0,334.877871594094,0
63,151.085474493422,0.630755304994319,0,340.367672767767,0
64,151.085734513898,0.630795860628213,0,345.857473941441,0
65,151.086028094659,0.63083566974435,0,351.347275115115,0
66,151.086372680635,0.630874721549136,0,356.837076288789,0
67,151.086780519048,0.630913016125402,0,362.326877462462,0
68,151.087260102115,0.630950561853863,0,367.816678636136,0
69,151.087817267879,0.630987373186484,0,373.30647980981,0
70,151.088455971982,0.631023468795429,0,378.796280983483,0
71,151.089178763127,0.631058870084421,0,384.286082157157,0
72,151.089987012425,0.63109360002407,0,389.775883330831,0
73,151.090880964176,0.631127682265915,0,395.265684504504,0
74,151.091859682654,0.631161140487917,0,400.755485678178,0
75,151.092920965676,0.631193997926893,0,406.245286851851,0
76,151.094061282664,0.631226277060394,0,411.735088025525,0
77,151.095275775731,0.631257999405467,0,417.224889199199,0
78,151.096558341523,0.631289185407933,0,422.714690372873,0
79,151.097901792925,0.631319854400337,0,428.204491546546,0
80,151.099298085885,0.631350024609619,0,433.69429272022,0
81,151.100738588377,0.631379713198499,0,439.184093893894,0
82,151.10221436617,0.631408936326452,0,444.673895067567,0
83,151.103716461286,0.63143770921848,0,450.163696241241,0
84,151.105236144333,0.631466046232577,0,455.653497414915,0
85,151.106765127193,0.63149396091967,0,461.143298588588,0
86,151.108295729034,0.631521466072821,0,466.633099762262,0
87,151.10982099389,0.631548573765262,0,472.122900935936,0
88,151.111334762019,0.63157529537893,0,477.612702109609,0
89,151.112831700427,0.631601641626519,0,483.102503283283,0
90,151.114307299186,0.63162762257064,0,488.592304456957,0
91,151.115757841037,0.631653247643438,0,494.08210563063,0
92,151.117180351381,0.631678525669342,0,499.571906804304,0
93,151.118572535237,0.631703464892667,0,505.061707977978,0
94,151.119932706665,0.631728073010677,0,510.551509151651,0
95,151.121259715196,0.631752357211891,0,516.041310325325,0
96,151.122552872774,0.631776324218629,0,521.531111498999,0
97,151.123811883683,0.631799980332378,0,527.020912672672,0
98,151.125036779295,0.631823331480402,0,532.510713846346,0
99,151.126227858636,0.631846383261963,0,538.00051502002,0
100,148.741607426305,0.631869140992792,0,543.482659259047,0
101,136.949842038187,0.631891609746625,0,552.067105822766,0
102,125.987245780782,0.63191379439302,0,560.079756441705,0
103,115.911897946855,0.631935699630904,0,567.600855569141,0
104,106.651429460286,0.631957330017642,0,574.72594311829,0
105,98.1405882601352,0.631978689993617,0,581.531961057841,0
106,90.3227871553795,0.631999783902519,0,588.080881693334,0
107,83.1519477455863,0.632020616007642,0,594.422622469186,0
108,76.5928920576467,0.632041190504627,0,600.597395943666,0
109,70.6193133535611,0.632061511531035,0,606.637597945637,0
110,65.2099139246695,0.632081583173279,0,612.569329983749,0
111,60.3441796859807,0.63210140947132,0,618.413623984217,0
112,55.9991116806476,0.632086847659158,0,624.187427829396,0
113,52.1475147886766,0.631003548441635,0,629.904400100113,0
114,48.7577786032203,0.629594177003271,0,635.575549168002,0
115,45.7945006769281,0.627939564543816,0,641.209748113254,0
116,43.2170241495345,0.626092375673697,0,646.814149636374,0
117,40.9722373639524,0.624092050632556,0,652.3945199847,0
118,38.9912160104085,0.6219687774957,0,657.955508223806,0
119,37.202449371448,0.619746080617094,0,663.500862847316,0
120,35.5527845648088,0.617442700836563,0,669.033606536469,0
121,34.0183320933658,0.615073994707503,0,674.556176941675,0
122,32.6000792830992,0.612652944695855,0,680.070540040399,0
123,31.3111248655669,0.610190839987802,0,685.578281524739,0
124,30.1645325076502,0.607697694748248,0,691.080680474542,0
125,29.1663915763168,0.605182479452555,0,696.57876874631,0
126,28.3141649547972,0.602653236231897,0,702.073378814703,0
127,27.5982700894768,0.600117132693608,0,707.565182347997,0
128,27.0048107771878,0.597580454204539,0,713.054721316351,0
129,26.5181852643982,0.595048391514534,0,718.542433080425,0
130,26.1230041813269,0.592524550516974,0,724.02867060811,0
131,25.8051508522776,0.590010583697203,0,729.513718779616,0
132,25.5521101368586,0.5875064693576,0,734.997807539205,0
133,25.352888477942,0.585011394977819,0,740.481122508378,0
134,25.1978341842318,0.582524750409106,0,745.963813540489,0
135,25.0785134674819,0.580046772831927,0,751.446001621607,0
136,24.987653665803,0.577578702063025,0,756.927784438511,0
137,24.9191060369433,0.575122569101875,0,762.409240873406,0
138,24.8677865503162,0.572680828524623,0,767.890434629084,0
139,24.8295807627946,0.570256002174256,0,773.371417153361,0
140,24.8012209212776,0.567850418482313,0,778.852229999603,0
141,24.7801518631241,0.565466065493528,0,784.332906732577,0
142,24.7644008618402,0.563104539701321,0,789.81347446671,0
143,24.7524613309049,0.560767058125299,0,795.29395510707,0
144,24.7431945397382,0.558454499532868,0,800.774366351419,0
145,24.7357495771198,0.556167450316596,0,806.254722499388,0
146,24.7294995399364,0.553906244817569,0,811.735035106017,0
147,24.7239910214468,0.551671000244535,0,817.215313509077,0
148,24.7189037392429,0.549461649633145,0,822.695565254989,0
149,24.7140177078498,0.547277974965568,0,828.175796442857,0
150,24.7091862529525,0.545119640223055,0,833.656012002449,0
151,24.7043141701142,0.542986222776833,0,839.136215918576,0
152,24.6993409303037,0.540877241368603,0,844.616411412357,0
153,24.6942289598188,0.538792179554803,0,850.096601087698,0
154,24.6889566493493,0.536730504266254,0,855.57678704966,0
155,24.6835152099332,0.534691679812109,0,861.056971000065,0
156,24.677908053953,0.532675177979843,0,866.537154314739,0
157,24.6721512953816,0.530680485001721,0,872.017338105959,0
158,24.6662742047212,0.528707106103142,0,877.49752327293,0
159,24.6603188891385,0.526754568258021,0,882.977710542556,0
160,24.6543389339369,0.52482242161372,0,888.457900502405,0
161,24.6483971147904,0.52291023991311,0,893.938093627375,0
162,24.642562501463,0.521017620137689,0,899.418290301235,0
163,24.6369073357922,0.519144181557938,0,904.898490834042,0
164,24.6315040244285,0.517289564367216,0,910.378695476219,0
165,24.6264224842516,0.515453428085406,0,915.858904429963,0
166,24.6217279732211,0.513635449921982,0,921.339117858451,0
167,24.6174794566698,0.511835323266159,0,926.819335893285,0
168,24.6137285005767,0.510052756418234,0,932.299558640509,0
169,24.610518645304,0.508287471604928,0,937.779786185501,0
170,24.6078851952603,0.506539204258589,0,943.260018596916,0
171,24.6058553536723,0.504807702495389,0,948.740255929866,0
172,24.6044486280704,0.50309272670838,0,954.220498228492,0
173,24.6036774335316,0.501394049192955,0,959.700745528069,0
174,24.6035478256232,0.499711453741105,0,965.180997856706,0
175,24.6040603043342,0.498044735165605,0,970.661255236687,0
176,24.6052106386137,0.496393698740144,0,976.141517685586,0
177,24.606990672831,0.494758159558757,0,981.621785217167,0
178,24.6093890864491,0.493137941830329,0,987.102057842122,0
179,24.6123920885719,0.491532878129602,0,992.58233556864,0
180,24.6159840361129,0.489942808628872,0,998.062618402878,0
181,24.6201479716115,0.488367580332099,0,1003.54290634936,0
182,24.6248660808822,0.486807046330938,0,1009.02319941128,0
183,24.630120074307,0.485261065098307,0,1014.50349759079,0
184,24.6358914975212,0.483729499832347,0,1019.98380088912,0
185,24.6421619790526,0.482212217858798,0,1025.46410930682,0
186,24.6489134229356,0.480709090096612,0,1030.94442284389,0
187,24.6561281546629,0.479219990588048,0,1036.42474149985,0
188,24.6637890288127,0.477744796092744,0,1041.90506527385,0
189,24.6718795060665,0.476283385742384,0,1047.38539416471,0
190,24.6803837062615,0.474835640751291,0,1052.86572817105,0
191,24.6892864429975,0.473401444177003,0,1058.34606729129,0
192,24.6985732444985,0.47198068072533,0,1063.82641152365,0
193,24.708230364021,0.470573236593704,0,1069.30676086624,0
194,24.7182447820386,0.469178999346944,0,1074.7871153171,0
195,24.7286042016096,0.467797857819568,0,1080.26747487414,0
196,24.7392970381955,0.466429702040233,0,1085.74783953522,0
197,24.750312404534,0.465074423173859,0,1091.22820929814,0
198,24.7616400909653,0.463731913477664,0,1096.70858416067,0
199,24.7732705415188,0.462402066267606,0,1102.18896412054,0
200,24.7851948265179,0.46108477589311,0,1107.66934917545,0
201,24.7974046121925,0.459779937718049,0,1113.14973932306,0
202,24.8098921278203,0.45848744810634,0,1118.63013456105,0
203,24.8226501309295,0.457207204410672,0,1124.11053488706,0
204,24.8356718715155,0.455939104963915,0,1129.59094029872,0
205,24.8489510558913,0.454683049072557,0,1135.07135079367,0
206,24.8624818107027,0.453438937011615,0,1140.55176636951,0
207,24.8762586475802,0.452206670020361,0,1146.03218702389,0
208,24.8902764291642,0.450986150298936,0,1151.5126127544,0
209,24.9045303368552,0.449777281005518,0,1156.99304355864,0
210,24.9190158404792,0.448579966253717,0,1162.47347943425,0
211,24.9337286700154,0.447394111109708,0,1167.95392037883,0
212,24.9486647897297,0.446219621589216,0,1173.43436638998,0
213,24.9638203747159,0.445056404654116,0,1178.91481746532,0
214,24.9791917897004,0.443904368208382,0,1184.39527360245,0
215,24.994775570021,0.442763421093064,0,1189.875734799,0
216,25.0105684048386,0.441633473080509,0,1195.35620105257,0
217,25.0265671224107,0.440514434867708,0,1200.83667236078,0
218,25.0427686771209,0.439406218068659,0,1206.31714872124,0
219,25.0591701381233,0.438308735205628,0,1211.79763013159,0
220,25.0757686795554,0.437221899699604,0,1217.27811658942,0
221,25.0925615721335,0.436145625860001,0,1222.75860809238,0
222,25.1095461758094,0.435079828873551,0,1228.23910463807,0
223,25.1267199334149,0.434024424792422,0,1233.71960622414,0
224,25.1440803652388,0.432979330521904,0,1239.20011284821,0
225,25.1616250644102,0.431944463807731,0,1244.6806245079,0
226,25.1793516928078,0.430919743223001,0,1250.16114120087,0
227,25.1972579775159,0.429905088154797,0,1255.64166292473,0
228,25.215341707791,0.428900418790781,0,1261.12218967713,0
229,25.233600732465,0.427905656105833,0,1266.6027214557,0
230,25.2520329575512,0.42692072184862,0,1272.0832582581,0
231,25.2706363441494,0.425945538528252,0,1277.56380008197,0
232,25.289408906617,0.424980029401181,0,1283.04434692494,0
233,25.3083487109629,0.424024118458396,0,1288.52489878468,0
234,25.3274538732674,0.423077730412742,0,1294.00545565883,0
235,25.3467225582699,0.422140790686521,0,1299.48601754505,0
236,25.3661529780883,0.421213225399477,0,1304.96658444099,0
237,25.3857433910307,0.420294961357165,0,1310.44715634431,0
238,25.4054921003488,0.419385926039497,0,1315.92773325268,0
239,25.4253974530903,0.418486047589659,0,1321.40831516376,0
240,25.4454578390166,0.417595254803445,0,1326.88890207519,0
241,25.4656716895292,0.416713477118941,0,1332.36949398467,0
242,25.4860374765204,0.415840644606403,0,1337.85009088986,0
243,25.5065537112891,0.41497668795852,0,1343.33069278842,0
244,25.5272189435008,0.414121538481045,0,1348.81129967803,0
245,25.5480317601054,0.413275128083742,0,1354.29191155638,0
246,25.5689907842054,0.412437389271484,0,1359.77252842113,0
247,25.5900946739768,0.411608255135724,0,1365.25315026997,0
248,25.6113421216371,0.410787659346289,0,1370.73377710057,0
249,25.6327318523439,0.409975536143395,0,1376.21440891063,0
250,25.6542626230889,0.409171820329812,0,1381.69504569784,0
251,25.6759332216448,0.408376447263343,0,1387.17568745987,0
252,25.6977424655633,0.407589352849599,0,1392.65633419442,0
253,25.7196892010962,0.406810473534871,0,1398.13698589919,0
254,25.7417723021562,0.406039746299185,0,1403.61764257187,0
255,25.7639906693324,0.405277108649602,0,1409.09830421015,0
256,25.7863432289538,0.404522498613757,0,1414.57897081174,0
257,25.8088289320814,0.403775854733434,0,1420.05964237434,0
258,25.8314467535708,0.403037116058321,0,1425.54031889566,0
259,25.8541956911965,0.402306222139966,0,1431.02100037339,0
260,25.8770747647965,0.401583113025916,0,1436.50168680524,0
261,25.9000830153763,0.400867729253844,0,1441.98237818894,0
262,25.9232195042902,0.400160011845861,0,1447.46307452218,0
263,25.9464833124904,0.399459902303007,0,1452.94377580268,0
264,25.9698735397605,0.39876734259984,0,1458.42448202816,0
265,25.993389303948,0.398082275179025,0,1463.90519319635,0
266,26.0170297402674,0.397404642946094,0,1469.38590930494,0
267,26.0407940006702,0.396734389264376,0,1474.86663035167,0
268,26.0646812531671,0.396071457949934,0,1480.34735633427,0
269,26.0886906811883,0.39541579326656,0,1485.82808725046,0
270,26.1128214830037,0.394767339920905,0,1491.30882309797,0
271,26.1370728711925,0.394126043057772,0,1496.78956387452,0
272,26.1614440720558,0.393491848255356,0,1502.27030957785,0
273,26.1859343250897,0.392864701520577,0,1507.7510602057,0
274,26.2105428825142,0.39224454928456,0,1513.2318157558,0
275,26.2352690088142,0.391631338398212,0,1518.71257622588,0
276,26.2601119802441,0.391025016127739,0,1524.1933416137,0
277,26.2850710843953,0.390425530150299,0,1529.67411191699,0
278,26.3101456198174,0.389832828549781,0,1535.15488713349,0
279,26.3353348956095,0.389246859812623,0,1540.63566726095,0
280,26.3606382310131,0.388667572823607,0,1546.11645229712,0
281,26.3860549550578,0.388094916861785,0,1551.59724223974,0
282,26.4115844062519,0.387528841596546,0,1557.07803708657,0
283,26.4372259322154,0.386969297083628,0,1562.55883683537,0
284,26.4629788893502,0.386416233761191,0,1568.03964148389,0
285,26.4888426425537,0.385869602446004,0,1573.52045102988,0
286,26.5148165649501,0.385329354329743,0,1579.0012654711,0
287,26.54090003757,0.384795440975208,0,1584.48208480533,0
288,26.5670924490816,0.384267814312643,0,1589.96290903031,0
289,26.593393195564,0.383746426636183,0,1595.44373814381,0
290,26.6198016802543,0.383231230600329,0,1600.9245721436,0
291,26.6463173132828,0.382722179216382,0,1606.40541102746,0
292,26.6729395114512,0.382219225848997,0,1611.88625479313,0
293,26.6996676980492,0.381722324212857,0,1617.36710343841,0
294,26.7265013026137,0.381231428369303,0,1622.84795696107,0
295,26.7534397607148,0.380746492722987,0,1628.32881535888,0
296,26.7804825137788,0.380267472018647,0,1633.80967862961,0
297,26.8076290089219,0.379794321337971,0,1639.29054677104,0
298,26.8348786987339,0.379326996096373,0,1644.77141978098,0
299,26.8622310411051,0.378865452039864,0,1650.25229765718,0
300,26.8896854990897,0.378409645242036,0,1655.73318039743,0
301,26.9172415407373,0.377959532101063,0,1661.21406799953,0
302,26.9448986389152,0.377515069336647,0,1666.69496046126,0
303,26.972656271168,0.377076213987089,0,1672.17585778041,0
304,27.0005139196062,0.376642923406462,0,1677.65675995478,0
305,27.0284710707381,0.37621515526171,0,1683.13766698215,0
306,27.0565272153301,0.375792867529795,0,1688.61857886032,0
307,27.0846818482994,0.375376018494943,0,1694.09949558709,0
308,27.1129344686028,0.374964566745959,0,1699.58041716026,0
309,27.1412845790885,0.374558471173449,0,1705.06134357763,0
310,27.1697316863857,0.374157690967145,0,1710.542274837,0
311,27.1982753008245,0.373762185613326,0,1716.02321093617,0
312,27.2269149363148,0.373371914892223,0,1721.50415187295,0
313,27.2556501102296,0.372986838875393,0,1726.98509764516,0
314,27.2844803433195,0.372606917923207,0,1732.46604825058,0
315,27.3134051596429,0.372232112682418,0,1737.94700368704,0
316,27.3424240864454,0.371862384083643,0,1743.42796395236,0
317,27.3715366540713,0.371497693338899,0,1748.90892904434,0
318,27.4007423959048,0.371138001939251,0,1754.38989896079,0
319,27.4300408482879,0.370783271652469,0,1759.87087369955,0
320,27.459431550421,0.370433464520616,0,1765.35185325842,0
321,27.4889140442966,0.370088542857743,0,1770.83283763523,0
322,27.5184878746556,0.369748469247674,0,1776.3138268278,0
323,27.5481525888932,0.369413206541718,0,1781.79482083395,0
324,27.5779077369872,0.369082717856399,0,1787.27581965152,0
325,27.6077528714543,0.368756966571292,0,1792.75682327831,0
326,27.6376875472964,0.368435916326906,0,1798.23783171217,0
327,27.6677113219182,0.368119531022461,0,1803.71884495094,0
328,27.6978237550755,0.367807774813767,0,1809.19986299242,0
329,27.7280244088481,0.367500612111199,0,1814.68088583447,0
330,27.7583128475694,0.367198007577604,0,1820.16191347492,0
331,27.788688637767,0.366899926126215,0,1825.64294591161,0
332,27.8191513481307,0.366606332918653,0,1831.12398314236,0
333,27.84970054948,0.366317193362991,0,1836.60502516503,0
334,27.8803358146952,0.366032473111722,0,1842.08607197746,0
335,27.9110567186776,0.365752138059788,0,1847.56712357748,0
336,27.9418628383344,0.36547615434272,0,1853.04817996294,0
337,27.9727537525263,0.365204488334735,0,1858.5292411317,0
338,28.0037290420182,0.36493710664679,0,1864.0103070816,0
339,28.0347882894572,0.364673976124748,0,1869.49137781047,0
340,28.0659310793535,0.364415063847604,0,1874.97245331619,0
341,28.0971569980238,0.364160337125603,0,1880.45353359661,0
342,28.1284656335615,0.363909763498423,0,1885.93461864956,0
343,28.1598565758292,0.36366331073346,0,1891.41570847292,0
344,28.1913294164197,0.363420946824078,0,1896.89680306453,0
345,28.2228837486162,0.363182639987803,0,1902.37790242227,0
346,28.2545191673771,0.36294835866463,0,1907.85900654397,0
347,28.286235269327,0.362718071515391,0,1913.34011542752,0
348,28.3180316527093,0.362491747420013,0,1918.82122907077,0
349,28.3499079173643,0.362269355475829,0,1924.30234747159,0
350,28.3818636647287,0.362050864996005,0,1929.78347062783,0
351,28.4138984978045,0.361836245507907,0,1935.26459853739,0
352,28.4460120211279,0.361625466751442,0,1940.74573119811,0
353,28.4782038407599,0.361418498677479,0,1946.22686860787,0
354,28.5104735642833,0.361215311446345,0,1951.70801076454,0
355,28.5428208007633,0.361015875426201,0,1957.189157666,0
356,28.5752451607318,0.360820161191487,0,1962.67030931013,0
357,28.6077462561922,0.360628139521453,0,1968.15146569478,0
358,28.6403237005937,0.360439781398654,0,1973.63262681786,0
359,28.6729771088064,0.360255058007394,0,1979.11379267724,0
360,28.705706097119,0.360073940732275,0,1984.59496327078,0
361,28.7385102832371,0.359896401156796,0,1990.07613859639,0
362,28.771389286251,0.359722411061838,0,1995.55731865194,0
363,28.8043427266257,0.359551942424217,0,2001.03850343532,0
364,28.8373702262092,0.359384967415332,0,2006.5196929444,0
365,28.8704714082094,0.359221458399747,0,2012.0008871771,0
366,28.903645897176,0.359061387933752,0,2017.48208613128,0
367,28.9368933190028,0.358904728764009,0,2022.96328980485,0
368,28.9702133009265,0.358751453826255,0,2028.44449819569,0
369,29.0036054715002,0.358601536243871,0,2033.9257113017,0
370,29.0370694605878,0.358454949326551,0,2039.40692912077,0
371,29.0706048993757,0.358311666569039,0,2044.8881516508,0
372,29.1042114203496,0.358171661649798,0,2050.36937888969,0
373,29.137888657283,0.358034908429665,0,2055.85061083533,0
374,29.1716362452441,0.357901380950606,0,2061.33184748563,0
375,29.2054538205921,0.357771053434481,0,2066.81308883849,0
376,29.2393410209557,0.357643900281721,0,2072.29433489181,0
377,29.2732974852339,0.357519896070075,0,2077.77558564349,0
378,29.3073228536061,0.357399015553448,0,2083.25684109145,0
379,29.3414167675104,0.357281233660628,0,2088.73810123359,0
380,29.3755788696374,0.357166525494041,0,2094.21936606782,0
381,29.4098088039412,0.357054866328599,0,2099.70063559204,0
382,29.4441062156308,0.356946231610525,0,2105.18190980417,0
383,29.4784707511555,0.35684059695611,0,2110.66318870213,0
384,29.5129020582097,0.356737938150556,0,2116.14447228381,0
385,29.5473997857401,0.356638231146887,0,2121.62576054715,0
386,29.5819635839264,0.356541452064734,0,2127.10705349006,0
387,29.6165931041792,0.356447577189177,0,2132.58835111045,0
388,29.6512879991542,0.356356582969687,0,2138.06965340625,0
389,29.6860479227377,0.356268446018987,0,2143.55096037537,0
390,29.7208725300394,0.356183143111895,0,2149.03227201574,0
391,29.7557614774006,0.35610065118426,0,2154.51358832528,0
392,29.7907144223961,0.356020947331917,0,2159.99490930191,0
393,29.8257310238183,0.355944008809535,0,2165.47623494356,0
394,29.8608109416808,0.355869813029552,0,2170.95756524815,0
395,29.8959538372296,0.35579833756118,0,2176.43890021363,0
396,29.9311593729278,0.355729560129306,0,2181.9202398379,0
397,29.9664272124524,0.355663458613419,0,2187.40158411891,0
398,30.0017570207074,0.355600011046626,0,2192.88293305459,0
399,30.0371484638165,0.35553919561464,0,2198.36428664287,0
400,30.0726012091146,0.355480990654694,0,2203.84564488168,0
401,30.1081149251544,0.355425374654562,0,2209.32700776896,0
402,30.1436892817131,0.35537232625161,0,2214.80837530264,0
403,30.1793239497775,0.35532182423174,0,2220.28974748068,0
404,30.2150186015466,0.355273847528394,0,2225.77112430099,0
405,30.2507729104434,0.355228375221647,0,2231.25250576153,0
406,30.2865865511033,0.355185386537206,0,2236.73389186025,0
407,30.3224591993707,0.355144860845405,0,2242.21528259507,0
408,30.3583905323095,0.3551067776603,0,2247.69667796394,0
409,30.3943802282015,0.35507111663875,0,2253.17807796481,0
410,30.4304279665356,0.355037857579403,0,2258.65948259563,0
411,30.4665334280158,0.355006980421791,0,2264.14089185435,0
412,30.5026962945673,0.354978465245465,0,2269.62230573891,0
413,30.5389162493241,0.354952292269011,0,2275.10372424726,0
414,30.5751929766308,0.35492844184913,0,2280.58514737736,0
415,30.6115261620542,0.354906894479804,0,2286.06657512715,0
416,30.6479154923731,0.354887630791367,0,2291.54800749461,0
417,30.6843606555752,0.354870631549573,0,2297.02944447766,0
418,30.7208613408675,0.354855877654767,0,2302.51088607428,0
419,30.7574172386738,0.354843350141022,0,2307.99233228242,0
420,30.7940280406266,0.354833030175209,0,2313.47378310005,0
421,30.8306934395733,0.354824899056154,0,2318.95523852511,0
422,30.8674131295824,0.354818938213836,0,2324.43669855557,0
423,30.9041868059321,0.354815129208476,0,2329.9181631894,0
424,30.941014165112,0.35481345372968,0,2335.39963242455,0
425,30.9778949048343,0.354813893595672,0,2340.88110625898,0
426,31.014828724023,0.35481643075242,0,2346.36258469068,0
427,31.0518153228122,0.354821047272778,0,2351.8440677176,0
428,31.088854402556,0.354827725355716,0,2357.32555533771,0
429,31.1259456658243,0.354836447325513,0,2362.80704754898,0
430,31.1630888163963,0.354847195630893,0,2368.28854434938,0
431,31.2002835592673,0.354859952844242,0,2373.77004573688,0
432,31.2375296006519,0.354874701660865,0,2379.25155170945,0
433,31.2748266479739,0.354891424898127,0,2384.73306226507,0
434,31.3121744098696,0.354910105494661,0,2390.21457740171,0
435,31.3495725961956,0.354930726509661,0,2395.69609711735,0
436,31.3870209180188,0.354953271122051,0,2401.17762140996,0
437,31.4245190876158,0.354977722629693,0,2406.65915027752,0
438,31.4620668184817,0.355004064448677,0,2412.14068371801,0
439,31.4996638253237,0.355032280112553,0,2417.62222172942,0
440,31.5373098240569,0.355062353271524,0,2423.10376430971,0
441,31.5750045318111,0.355094267691735,0,2428.58531145688,0
442,31.6127476669299,0.355128007254561,0,2434.06686316891,0
443,31.6505389489632,0.355163555955797,0,2439.54841944378,0
444,31.6883780986714,0.355200897904942,0,2445.02998027947,0
445,31.7262648380291,0.355240017324524,0,2450.51154567398,0
446,31.7641988902163,0.355280898549316,0,2455.9931156253,0
447,31.8021799796187,0.355323526025599,0,2461.4746901314,0
448,31.8402078318353,0.355367884310518,0,2466.95626919029,0
449,31.8782821736697,0.355413958071329,0,2472.43785279995,0
450,31.9164027331272,0.355461732084655,0,2477.91944095837,0
451,31.9545692394232,0.355511191235847,0,2483.40103366354,0
452,31.9927814229767,0.355562320518273,0,2488.88263091347,0
453,32.0310390154055,0.355615105032581,0,2494.36423270614,0
454,32.0693417495321,0.355669529986035,0,2499.84583903956,0
455,32.107689359382,0.355725580691874,0,2505.32744991171,0
456,32.1460815801763,0.355783242568558,0,2510.8090653206,0
457,32.1845181483347,0.355842501139106,0,2516.29068526423,0
458,32.2229988014783,0.355903342030487,0,2521.77230974059,0
459,32.2615232784206,0.355965750972884,0,2527.2539387477,0
460,32.3000913191679,0.356029713799024,0,2532.73557228354,0
461,32.3387026649244,0.356095216443584,0,2538.21721034613,0
462,32.3773570580837,0.356162244942489,0,2543.69885293347,0
463,32.4160542422265,0.356230785432235,0,2549.18050004356,0
464,32.4547939621263,0.356300824149296,0,2554.66215167441,0
465,32.493575963743,0.356372347429468,0,2560.14380782403,0
466,32.532399994218,0.356445341707181,0,2565.62546849042,0
467,32.5712658018792,0.356519793514907,0,2571.1071336716,0
468,32.6101731362372,0.356595689482544,0,2576.58880336558,0
469,32.6491217479791,0.356673016336728,0,2582.07047757037,0
470,32.6881113889708,0.356751760900233,0,2587.55215628397,0
471,32.727141812257,0.356831910091391,0,2593.03383950441,0
472,32.7662127720532,0.356913450923416,0,2598.5155272297,0
473,32.8053240237462,0.356996370503789,0,2603.99721945784,0
474,32.8444753238964,0.357080656033713,0,2609.47891618687,0
475,32.8836664302293,0.357166294807445,0,2614.9606174148,0
476,32.9228971016339,0.357253274211685,0,2620.44232313964,0
477,32.9621670981665,0.35734158172503,0,2625.92403335942,0
478,33.0014761810427,0.357431204917351,0,2631.40574807216,0
479,33.0408241126338,0.357522131449162,0,2636.88746727586,0
480,33.0802106564708,0.357614349071088,0,2642.36919096857,0
481,33.119635577238,0.357707845623267,0,2647.8509191483,0
482,33.1590986407675,0.357802609034723,0,2653.33265181308,0
483,33.1985996140427,0.357898627322827,0,2658.81438896092,0
484,33.2381382651938,0.357995888592738,0,2664.29613058986,0
485,33.277714363491,0.358094381036771,0,2669.77787669793,0
486,33.3173276793465,0.358194092933856,0,2675.25962728315,0
487,33.3569779843122,0.35829501264901,0,2680.74138234355,0
488,33.3966650510721,0.358397128632713,0,2686.22314187717,0
489,33.4363886534424,0.358500429420356,0,2691.70490588202,0
490,33.4761485663715,0.358604903631742,0,2697.18667435614,0
491,33.5159445659314,0.35871053997047,0,2702.66844729757,0
492,33.5557764293165,0.358817327223383,0,2708.15022470434,0
493,33.5956439348448,0.358925254260081,0,2713.63200657449,0
494,33.6355468619494,0.359034310032328,0,2719.11379290604,0
495,33.6754849911761,0.35914448357349,0,2724.59558369704,0
496,33.7154581041844,0.359255763998063,0,2730.07737894552,0
497,33.7554659837405,0.359368140501098,0,2735.55917864952,0
498,33.7955084137129,0.359481602357646,0,2741.04098280709,0
499,33.835585179074,0.359596138922272,0,2746.52279141625,0
500,33.8756960658936,0.359711739628528,0,2752.00460447505,0
501,33.9158408613335,0.359828393988379,0,2757.48642198153,0
502,33.956019353649,0.359946091591729,0,2762.96824393374,0
503,33.9962313321829,0.360064822105913,0,2768.45007032972,0
504,34.0364765873599,0.36018457527513,0,2773.93190116751,0
505,34.0767549106868,0.360305340919959,0,2779.41373644516,0
506,34.1170660947483,0.360427108936888,0,2784.89557616072,0
507,34.1574099332001,0.36054986929774,0,2790.37742031222,0
508,34.1977862207684,0.360673612049195,0,2795.85926889773,0
509,34.2381947532473,0.360798327312332,0,2801.34112191528,0
510,34.278635327491,0.36092400528207,0,2806.82297936294,0
511,34.3191077414121,0.361050636226685,0,2812.30484123874,0
512,34.3596117939803,0.361178210487368,0,2817.78670754074,0
513,34.4001472852147,0.361306718477681,0,2823.268578267,0
514,34.4407140161807,0.361436150683066,0,2828.75045341555,0
515,34.4813117889892,0.36156649766042,0,2834.23233298447,0
516,34.5219404067895,0.361697750037568,0,2839.71421697181,0
517,34.5625996737647,0.361829898512764,0,2845.19610537562,0
518,34.6032893951324,0.361962933854281,0,2850.67799819395,0
519,34.6440093771361,0.362096846899896,0,2856.15989542488,0
520,34.6847594270417,0.362231628556398,0,2861.64179706644,0
521,34.7255393531367,0.362367269799173,0,2867.12370311671,0
522,34.7663489647231,0.362503761671718,0,2872.60561357374,0
523,34.807188072113,0.362641095285144,0,2878.08752843559,0
524,34.8480564866273,0.362779261817765,0,2883.56944770033,0
525,34.8889540205897,0.362918252514635,0,2889.05137136602,0
526,34.929880487321,0.363058058687045,0,2894.53329943072,0
527,34.9708357011385,0.363198671712123,0,2900.01523189249,0
528,35.0118194773497,0.363340083032382,0,2905.49716874941,0
529,35.0528316322466,0.363482284155227,0,2910.97910999954,0
530,35.0938719831047,0.36362526665255,0,2916.46105564093,0
531,35.1349403481773,0.363769022160302,0,2921.94300567167,0
532,35.1760365466892,0.363913542377998,0,2927.42496008983,0
533,35.2171603988354,0.364058819068317,0,2932.90691889345,0
534,35.2583117257761,0.364204844056689,0,2938.38888208063,0
535,35.2994903496301,0.364351609230809,0,2943.87084964943,0
536,35.340696093473,0.36449910654023,0,2949.35282159792,0
537,35.3819287813325,0.364647327995974,0,2954.83479792417,0
538,35.423188238182,0.364796265670046,0,2960.31677862627,0
539,35.4644742899378,0.364945911695034,0,2965.79876370227,0
540,35.5057867634557,0.365096258263726,0,2971.28075315026,0
541,35.5471254865236,0.365247297628639,0,2976.76274696832,0
542,35.5884902878588,0.365399022101615,0,2982.24474515451,0
543,35.6298809971047,0.365551424053454,0,2987.72674770692,0
544,35.6712974448237,0.36570449591345,0,2993.20875462362,0
545,35.7127394624936,0.365858230168987,0,2998.6907659027,0
546,35.7542068825049,0.366012619365184,0,3004.17278154223,0
547,35.7956995381537,0.36616765610444,0,3009.65480154029,0
548,35.8372172636378,0.366323333046035,0,3015.13682589497,0
549,35.878759894054,0.36647964290578,0,3020.61885460434,0
550,35.9203272653911,0.366636578455573,0,3026.1008876665,0
551,35.9619192145258,0.366794132523005,0,3031.58292507952,0
552,36.0035355792203,0.366952297991013,0,3037.06496684148,0
553,36.0451761981149,0.367111067797455,0,3042.54701295049,0
554,36.086840910724,0.367270434934707,0,3048.0290634046,0
555,36.1285295574336,0.367430392449335,0,3053.51111820193,0
556,36.1702419794944,0.367590933441673,0,3058.99317734054,0
557,36.2119780190172,0.367752051065425,0,3064.47524081854,0
558,36.2537375189704,0.367913738527346,0,3069.95730863401,0
559,36.2955203231732,0.368075989086827,0,3075.43938078504,0
560,36.3373262762913,0.368238796055505,0,3080.92145726972,0
561,36.3791552238339,0.368402152796943,0,3086.40353808614,0
562,36.4210070121474,0.368566052726234,0,3091.8856232324,0
563,36.4628814884106,0.368730489309607,0,3097.36771270658,0
564,36.5047785006318,0.368895456064122,0,3102.84980650678,0
565,36.546697897643,0.369060946557273,0,3108.3319046311,0
566,36.5886395290941,0.369226954406608,0,3113.81400707763,0
567,36.6306032454512,0.369393473279423,0,3119.29611384446,0
568,36.6725888979896,0.369560496892379,0,3124.7782249297,0
569,36.7145963387893,0.369728019011125,0,3130.26034033144,0
570,36.756625420732,0.369896033449996,0,3135.74246004777,0
571,36.798675997495,0.370064534071642,0,3141.2245840768,0
572,36.8407479235463,0.370233514786654,0,3146.70671241663,0
573,36.8828410541418,0.370402969553269,0,3152.18884506535,0
574,36.924955245319,0.370572892377008,0,3157.67098202107,0
575,36.9670903538926,0.370743277310302,0,3163.15312328188,0
576,37.0092462374508,0.370914118452212,0,3168.6352688459,0
577,37.0514227543501,0.371085409948065,0,3174.11741871123,0
578,37.0936197637098,0.371257145989095,0,3179.59957287596,0
579,37.1358371254095,0.371429320812161,0,3185.0817313382,0
580,37.1780747000828,0.371601928699394,0,3190.56389409606,0
581,37.2203323491129,0.371774963977844,0,3196.04606114765,0
582,37.2626099346291,0.371948421019203,0,3201.52823249107,0
583,37.304907319501,0.37212229423946,0,3207.01040812443,0
584,37.3472243673343,0.372296578098553,0,3212.49258804583,0
585,37.3895609424671,0.372471267100098,0,3217.97477225338,0
586,37.4319169099639,0.372646355791049,0,3223.45696074521,0
587,37.4742921356119,0.37282183876136,0,3228.93915351941,0
588,37.5166864859169,0.372997710643717,0,3234.42135057409,0
589,37.5590998280979,0.373173966113205,0,3239.90355190738,0
590,37.6015320300827,0.373350599886975,0,3245.38575751737,0
591,37.6439829605043,0.373527606723986,0,3250.86796740219,0
592,37.6864524886955,0.373704981424673,0,3256.35018155994,0
593,37.7289404846842,0.373882718830622,0,3261.83239998875,0
594,37.7714468191904,0.374060813824319,0,3267.31462268673,0
595,37.8139713636202,0.374239261328824,0,3272.79684965199,0
596,37.8565139900618,0.374418056307449,0,3278.27908088264,0
597,37.899074571282,0.374597193763518,0,3283.76131637682,0
598,37.9416529807205,0.37477666874004,0,3289.24355613263,0
599,37.9842490924858,0.374956476319402,0,3294.72580014819,0
600,38.0268627813517,0.375136611623125,0,3300.20804842163,0
601,38.0694939227519,0.375317069811549,0,3305.69030095106,0
602,38.1121423927759,0.375497846083532,0,3311.17255773461,0
603,38.1548080681652,0.375678935676212,0,3316.65481877038,0
604,38.1974908263084,0.37586033386469,0,3322.13708405652,0
605,38.2401905452367,0.376042035961743,0,3327.61935359114,0
606,38.2829071036205,0.376224037317593,0,3333.10162737236,0
607,38.3256403807643,0.376406333319588,0,3338.58390539831,0
608,38.3683902566026,0.376588919391928,0,3344.06618766711,0
609,38.4111566116962,0.376771790995434,0,3349.54847417688,0
610,38.453939327227,0.376954943627237,0,3355.03076492577,0
611,38.4967382849945,0.377138372820511,0,3360.51305991188,0
612,38.5395533674117,0.377322074144246,0,3365.99535913335,0
613,38.5823844575004,0.377506043202943,0,3371.47766258831,0
614,38.625231438887,0.377690275636353,0,3376.95997027488,0
615,38.6680941957993,0.377874767119253,0,3382.44228219119,0
616,38.7109726130612,0.37805951336115,0,3387.92459833538,0
617,38.753866576089,0.378244510106021,0,3393.40691870557,0
618,38.7967759708879,0.378429753132103,0,3398.88924329991,0
619,38.839700684047,0.378615238251589,0,3404.37157211651,0
620,38.8826406027358,0.37880096131039,0,3409.8539051535,0
621,38.9255956147002,0.378986918187913,0,3415.33624240904,0
622,38.9685656082579,0.379173104796775,0,3420.81858388125,0
623,39.0115504722953,0.379359517082565,0,3426.30092956825,0
624,39.0545500962627,0.379546151023631,0,3431.78327946819,0
625,39.0975643701709,0.37973300263079,0,3437.26563357921,0
626,39.1405931845868,0.379920067947111,0,3442.74799189944,0
627,39.1836364306302,0.380107343047691,0,3448.23035442702,0
628,39.2266939999687,0.380294824039378,0,3453.71272116008,0
629,39.2697657848152,0.380482507060562,0,3459.19509209677,0
630,39.3128516779232,0.38067038828095,0,3464.67746723522,0
631,39.355951572583,0.380858463901296,0,3470.15984657357,0
632,39.399065362618,0.3810467301532,0,3475.64223010997,0
633,39.4421929423814,0.381235183298886,0,3481.12461784255,0
634,39.4853342067513,0.38142381963093,0,3486.60700976946,0
635,39.5284890511282,0.381612635472083,0,3492.08940588883,0
636,39.5716573714302,0.38180162717503,0,3497.57180619882,0
637,39.6148390640902,0.381990791122143,0,3503.05421069756,0
638,39.6580340260516,0.382180123725296,0,3508.5366193832,0
639,39.7012421547646,0.382369621425637,0,3514.01903225388,0
640,39.7444633481829,0.382559280693337,0,3519.50144930776,0
641,39.7876975047602,0.382749098027424,0,3524.98387054296,0
642,39.8309445234459,0.382939069955543,0,3530.46629595765,0
643,39.8742043036823,0.383129193033722,0,3535.94872554997,0
644,39.9174767454004,0.38331946384621,0,3541.43115931806,0
645,39.9607617490169,0.383509879005228,0,3546.91359726008,0
646,40.0040592154302,0.383700435150762,0,3552.39603937417,0
647,40.0473690460175,0.383891128950387,0,3557.87848565849,0
648,40.0906911426305,0.384081957099033,0,3563.36093611118,0
649,40.1340254075927,0.384272916318775,0,3568.8433907304,0
650,40.1773717436959,0.384464003358674,0,3574.32584951429,0
651,40.2207300541961,0.384655214994529,0,3579.80831246101,0
652,40.2641002428111,0.384846548028691,0,3585.29077956871,0
653,40.3074822137162,0.385037999289895,0,3590.77325083555,0
654,40.3508758715417,0.38522956563302,0,3596.25572625968,0
655,40.394281121369,0.385421243938916,0,3601.73820583925,0
656,40.4376978687277,0.385613031114225,0,3607.22068957241,0
657,40.4811260195918,0.385804924091156,0,3612.70317745734,0
658,40.5245654803772,0.385996919827316,0,3618.18566949217,0
659,40.5680161579379,0.386189015305533,0,3623.66816567507,0
660,40.6114779595629,0.386381207533631,0,3629.15066600419,0
661,40.6549507929733,0.386573493544278,0,3634.6331704777,0
662,40.6984345663188,0.386765870394799,0,3640.11567909375,0
663,40.7419291881747,0.386958335166963,0,3645.5981918505,0
664,40.785434567539,0.387150884966837,0,3651.0807087461,0
665,40.828950613829,0.387343516924597,0,3656.56322977874,0
666,40.8724772368783,0.38753622819432,0,3662.04575494655,0
667,40.916014346934,0.387729015953855,0,3667.52828424771,0
668,40.9595618546533,0.387921877404613,0,3673.01081768037,0
669,41.0031196711009,0.388114809771388,0,3678.4933552427,0
670,41.0466877077458,0.388307810302221,0,3683.97589693287,0
671,41.0902658764584,0.38850087626819,0,3689.45844274903,0
672,41.1338540895075,0.388694004963245,0,3694.94099268935,0
673,41.1774522595575,0.388887193704069,0,3700.423546752,0
674,41.2210602996656,0.389080439829872,0,3705.90610493514,0
675,41.2646781232787,0.389273740702237,0,3711.38866723693,0
676,41.3083056442308,0.389467093704976,0,3716.87123365556,0
677,41.35194277674,0.389660496243931,0,3722.35380418917,0
678,41.395589435406,0.389853945746829,0,3727.83637883594,0
679,41.4392455352067,0.390047439663135,0,3733.31895759405,0
680,41.4829109914964,0.390240975463857,0,3738.80154046165,0
681,41.5265857200023,0.390434550641414,0,3744.28412743692,0
682,41.570269636822,0.390628162709479,0,3749.76671851803,0
683,41.6139626584212,0.390821809202795,0,3755.24931370314,0
684,41.6576647016305,0.391015487677056,0,3760.73191299043,0
685,41.7013756836431,0.391209195708732,0,3766.21451637809,0
686,41.745095522012,0.391402930894907,0,3771.69712386426,0
687,41.7888241346476,0.39159669085316,0,3777.17973544713,0
688,41.8325614398152,0.391790473221383,0,3782.66235112487,0
689,41.876307356132,0.391984275657638,0,3788.14497089565,0
690,41.9200618025652,0.392178095840032,0,3793.62759475766,0
691,41.9638246984289,0.39237193146654,0,3799.11022270907,0
692,42.0075959633821,0.392565780254868,0,3804.59285474804,0
693,42.051375517426,0.392759639942331,0,3810.07549087276,0
694,42.0951632809017,0.392953508285671,0,3815.55813108141,0
695,42.1389591744877,0.393147383060941,0,3821.04077537216,0
696,42.1827631191973,0.39334126206337,0,3826.52342374319,0
697,42.2265750363768,0.393535143107191,0,3832.00607619269,0
698,42.2703948477026,0.393729024025532,0,3837.48873271881,0
699,42.3142224751791,0.393922902670276,0,3842.97139331976,0
700,42.3580578411365,0.394116776911895,0,3848.45405799371,0
701,42.4019008682283,0.394310644639355,0,3853.93672673883,0
702,42.4457514794291,0.394504503759958,0,3859.41939955332,0
703,42.4896095980325,0.394698352199201,0,3864.90207643535,0
704,42.5334751476487,0.394892187900673,0,3870.3847573831,0
705,42.5773480522024,0.395086008825896,0,3875.86744239477,0
706,42.6212282359306,0.3952798129542,0,3881.35013146852,0
707,42.6651156233803,0.395473598282613,0,3886.83282460255,0
708,42.7090101394068,0.395667362825707,0,3892.31552179505,0
709,42.7529117091711,0.395861104615481,0,3897.79822304418,0
710,42.7968202581379,0.39605482170125,0,3903.28092834815,0
711,42.8407357120739,0.396248512149486,0,3908.76363770514,0
712,42.8846579970451,0.396442174043727,0,3914.24635111333,0
713,42.9285870394153,0.396635805484443,0,3919.72906857091,0
714,42.972522765844,0.396829404588896,0,3925.21179007608,0
715,43.0164651032841,0.397022969491049,0,3930.69451562701,0
716,43.0604139789802,0.397216498341427,0,3936.1772452219,0
717,43.1043693204668,0.397409989306992,0,3941.65997885893,0
718,43.1483310555655,0.39760344057105,0,3947.1427165363,0
719,43.1922991123845,0.397796850333109,0,3952.62545825221,0
720,43.2362734193155,0.397990216808764,0,3958.10820400482,0
721,43.2802539050321,0.398183538229606,0,3963.59095379235,0
722,43.3242404984884,0.398376812843077,0,3969.07370761298,0
723,43.3682331289166,0.39857003891237,0,3974.5564654649,0
724,43.4122317258255,0.398763214716326,0,3980.03922734631,0
725,43.4562362189986,0.398956338549298,0,3985.52199325541,0
726,43.5002465384922,0.39914940872106,0,3991.00476319037,0
727,43.5442626146339,0.399342423556699,0,3996.48753714941,0
728,43.5882843780205,0.399535381396476,0,4001.97031513072,0
729,43.6323117595167,0.399728280595759,0,4007.45309713248,0
730,43.6763446902529,0.399921119524891,0,4012.93588315291,0
731,43.7203831016241,0.400113896569073,0,4018.41867319018,0
732,43.7644269252873,0.400306610128294,0,4023.90146724251,0
733,43.8084760931609,0.400499258617192,0,4029.38426530809,0
734,43.8525305374225,0.40069184046496,0,4034.86706738512,0
735,43.896590190507,0.400884354115258,0,4040.34987347179,0
736,43.9406549851058,0.401076798026082,0,4045.83268356631,0
737,43.9847248541644,0.401269170669688,0,4051.31549766687,0
738,44.0287997308811,0.401461470532482,0,4056.79831577169,0
739,44.072879548706,0.401653696114907,0,4062.28113787895,0
740,44.1169642413383,0.401845845931367,0,4067.76396398685,0
741,44.1610537427258,0.402037918510115,0,4073.24679409362,0
742,44.2051479870634,0.402229912393145,0,4078.72962819743,0
743,44.2492469087902,0.402421826136124,0,4084.2124662965,0
744,44.29335044259,0.402613658308268,0,4089.69530838903,0
745,44.3374585233886,0.402805407492254,0,4095.17815447322,0
746,44.3815710863524,0.402997072284141,0,4100.66100454728,0
747,44.4256880668877,0.403188651293249,0,4106.14385860941,0
748,44.4698094006384,0.403380143142083,0,4111.62671665782,0
749,44.5139350234852,0.403571546466247,0,4117.10957869072,0
750,44.558064871544,0.403762859914325,0,4122.59244470631,0
751,44.6021988811646,0.40395408214782,0,4128.07531470279,0
752,44.6463369889291,0.404145211841048,0,4133.55818867839,0
753,44.6904791316512,0.404336247681039,0,4139.04106663129,0
754,44.734625246374,0.404527188367478,0,4144.52394855972,0
755,44.7787752703694,0.404718032612586,0,4150.00683446188,0
756,44.8229291411365,0.404908779141039,0,4155.48972433598,0
757,44.8670867964004,0.405099426689903,0,4160.97261818023,0
758,44.9112481741108,0.405289974008514,0,4166.45551599284,0
759,44.9554132124411,0.405480419858415,0,4171.93841777202,0
760,44.9995818497864,0.405670763013271,0,4177.42132351599,0
761,45.0437540247636,0.405861002258762,0,4182.90423322295,0
762,45.0879296762086,0.406051136392532,0,4188.38714689112,0
763,45.1321087431763,0.406241164224083,0,4193.87006451871,0
764,45.1762911649391,0.406431084574689,0,4199.35298610394,0
765,45.2204768809853,0.406620896277342,0,4204.83591164501,0
766,45.2646658310187,0.406810598176637,0,4210.31884114015,0
767,45.3088579549567,0.407000189128708,0,4215.80177458756,0
768,45.3530531929295,0.407189668001158,0,4221.28471198547,0
769,45.3972514852794,0.407379033672952,0,4226.76765333209,0
770,45.4414527725589,0.407568285034363,0,4232.25059862563,0
771,45.4856569955302,0.407757420986886,0,4237.73354786432,0
772,45.529864095164,0.407946440443148,0,4243.21650104637,0
773,45.5740740126378,0.408135342326854,0,4248.69945816999,0
774,45.6182866893363,0.408324125572693,0,4254.18241923341,0
775,45.6625020668488,0.408512789126258,0,4259.66538423484,0
776,45.7067200869689,0.408701331943995,0,4265.14835317251,0
777,45.7509406916938,0.408889752993101,0,4270.63132604463,0
778,45.7951638232225,0.409078051251461,0,4276.11430284943,0
779,45.8393894239552,0.409266225707583,0,4281.59728358512,0
780,45.8836174364927,0.409454275360501,0,4287.08026824993,0
781,45.9278478036346,0.40964219921973,0,4292.56325684207,0
782,45.972080468379,0.409829996305178,0,4298.04624935978,0
783,46.0163153739216,0.410017665647065,0,4303.52924580127,0
784,46.0605524636538,0.41020520628588,0,4309.01224616476,0
785,46.104791681163,0.410392617272283,0,4314.49525044849,0
786,46.1490329702311,0.410579897667046,0,4319.97825865066,0
787,46.1932762748333,0.410767046540991,0,4325.46127076952,0
788,46.237521539138,0.410954062974901,0,4330.94428680328,0
789,46.2817687075051,0.411140946059469,0,4336.42730675017,0
790,46.3260177244853,0.411327694895227,0,4341.91033060842,0
791,46.3702685348199,0.411514308592463,0,4347.39335837624,0
792,46.4145210834391,0.411700786271178,0,4352.87639005188,0
793,46.4587753154614,0.411887127061001,0,4358.35942563355,0
794,46.5030311761931,0.412073330101123,0,4363.84246511948,0
795,46.547288611127,0.412259394540248,0,4369.32550850791,0
796,46.5915475659419,0.412445319536506,0,4374.80855579705,0
797,46.6358079865015,0.4126311042574,0,4380.29160698515,0
798,46.6800698188538,0.412816747879745,0,4385.77466207043,0
799,46.7243330092307,0.413002249589587,0,4391.25772105112,0
800,46.768597504046,0.413187608582162,0,4396.74078392545,0
801,46.812863249896,0.413372824061817,0,4402.22385069165,0
802,46.8571301935581,0.413557895241945,0,4407.70692134796,0
803,46.9013982819897,0.413742821344942,0,4413.1899958926,0
804,46.9456674623282,0.413927601602121,0,4418.67307432382,0
805,46.9899376818896,0.414112235253665,0,4424.15615663983,0
806,47.0342088881681,0.414296721548569,0,4429.63924283888,0
807,47.0784810288355,0.41448105974456,0,4435.1223329192,0
808,47.1227540517401,0.414665249108063,0,4440.60542687902,0
809,47.1670279049062,0.414849288914121,0,4446.08852471659,0
810,47.2113025365335,0.415033178446337,0,4451.57162643012,0
811,47.2555778949958,0.415216916996834,0,4457.05473201787,0
812,47.2998539288415,0.415400503866171,0,4462.53784147807,0
813,47.3441305867917,0.415583938363297,0,4468.02095480894,0
814,47.38840781774,0.415767219805501,0,4473.50407200874,0
815,47.4326855707523,0.415950347518334,0,4478.9871930757,0
816,47.4769637950649,0.416133320835571,0,4484.47031800805,0
817,47.5212424400854,0.416316139099147,0,4489.95344680404,0
818,47.5655214553911,0.416498801659093,0,4495.4365794619,0
819,47.6098007907281,0.416681307873498,0,4500.91971597988,0
820,47.6540803960116,0.416863657108433,0,4506.40285635621,0
821,47.6983602213244,0.417045848737909,0,4511.88600058914,0
822,47.742640216917,0.417227882143822,0,4517.3691486769,0
823,47.7869203332064,0.417409756715884,0,4522.85230061773,0
824,47.8312005207757,0.417591471851591,0,4528.33545640989,0
825,47.8754807303736,0.417773026956153,0,4533.81861605161,0
826,47.9197609129138,0.41795442144244,0,4539.30177954113,0
827,47.964041019474,0.418135654730941,0,4544.7849468767,0
828,48.0083210012961,0.418316726249699,0,4550.26811805655,0
829,48.0526008097847,0.418497635434262,0,4555.75129307895,0
830,48.0968803965071,0.418678381727638,0,4561.23447194212,0
831,48.141159713193,0.418858964580229,0,4566.71765464432,0
832,48.1854387117327,0.419039383449792,0,4572.20084118378,0
833,48.2297173441783,0.419219637801383,0,4577.68403155876,0
834,48.2739955627416,0.419399727107302,0,4583.16722576751,0
835,48.3182733197943,0.419579650847051,0,4588.65042380826,0
836,48.3625505678674,0.419759408507276,0,4594.13362567927,0
837,48.4068272596506,0.41993899958172,0,4599.61683137878,0
838,48.4511033479915,0.420118423571176,0,4605.10004090505,0
839,48.4953787858958,0.420297679983429,0,4610.58325425631,0
840,48.5396535265258,0.42047676833322,0,4616.06647143083,0
841,48.5839275232004,0.420655688142184,0,4621.54969242685,0
842,48.6282007293949,0.420834438938807,0,4627.03291724261,0
843,48.6724730987398,0.421013020258386,0,4632.51614587638,0
844,48.7167445850209,0.421191431642961,0,4637.99937832639,0
845,48.761015142178,0.421369672641289,0,4643.48261459091,0
846,48.8052847243053,0.421547742808785,0,4648.96585466818,0
847,48.8495532856508,0.421725641707471,0,4654.44909855646,0
848,48.8938207806148,0.421903368905944,0,4659.93234625399,0
849,48.9380871637507,0.422080923979315,0,4665.41559775904,0
850,48.9823523897637,0.422258306509167,0,4670.89885306986,0
851,49.0266164135105,0.422435516083518,0,4676.38211218469,0
852,49.0708791899993,0.422612552296759,0,4681.8653751018,0
853,49.1151406743882,0.422789414749621,0,4687.34864181943,0
854,49.1594008219859,0.422966103049128,0,4692.83191233586,0
855,49.2036595882511,0.423142616808543,0,4698.31518664932,0
856,49.2479169287907,0.423318955647341,0,4703.79846475807,0
857,49.2921727993614,0.423495119191145,0,4709.28174666038,0
858,49.3364271558675,0.423671107071693,0,4714.7650323545,0
859,49.3806799543612,0.423846918926798,0,4720.24832183869,0
860,49.4249311510426,0.424022554400287,0,4725.7316151112,0
861,49.469180702258,0.42419801314198,0,4731.2149121703,0
862,49.5134285645005,0.42437329480763,0,4736.69821301424,0
863,49.5576746944095,0.424548399058885,0,4742.18151764128,0
864,49.6019190487695,0.424723325563253,0,4747.66482604969,0
865,49.6461615845106,0.424898073994045,0,4753.14813823771,0
866,49.6904022587071,0.425072644030345,0,4758.63145420362,0
867,49.734641028578,0.425247035356964,0,4764.11477394568,0
868,49.7788778514862,0.425421247664395,0,4769.59809746213,0
869,49.8231126849375,0.42559528064878,0,4775.08142475126,0
870,49.8673454865814,0.425769134011859,0,4780.56475581131,0
871,49.9115762142094,0.425942807460933,0,4786.04809064056,0
872,49.9558048257555,0.42611630070883,0,4791.53142923727,0
873,50.0000312792952,0.426289613473851,0,4797.01477159969,0
874,50.0442555330454,0.426462745479741,0,4802.4981177261,0
875,50.088477545364,0.426635696455646,0,4807.98146761475,0
876,50.1326972747495,0.426808466136065,0,4813.46482126392,0
877,50.1769146798399,0.426981054260829,0,4818.94817867187,0
878,50.2211297194136,0.427153460575039,0,4824.43153983686,0
879,50.2653423523877,0.427325684829044,0,4829.91490475717,0
880,50.3095525378184,0.427497726778397,0,4835.39827343105,0
881,50.3537602349006,0.427669586183807,0,4840.88164585677,0
882,50.3979654029667,0.42784126281112,0,4846.36502203261,0
883,50.4421680014871,0.42801275643126,0,4851.84840195683,0
884,50.4863679900695,0.428184066820205,0,4857.3317856277,0
885,50.5305653284582,0.428355193758945,0,4862.81517304349,0
886,50.5747599765343,0.428526137033437,0,4868.29856420246,0
887,50.6189518943146,0.428696896434584,0,4873.78195910289,0
888,50.663141041952,0.42886747175818,0,4879.26535774305,0
889,50.7073273797343,0.429037862804883,0,4884.74876012121,0
890,50.7515108680842,0.42920806938018,0,4890.23216623563,0
891,50.7956914675595,0.429378091294338,0,4895.7155760846,0
892,50.8398691388513,0.429547928362383,0,4901.19898966638,0
893,50.8840438427849,0.429717580404054,0,4906.68240697924,0
894,50.9282155403192,0.429887047243768,0,4912.16582802147,0
895,50.9723841925453,0.430056328710589,0,4917.64925279132,0
896,51.0165497606877,0.430225424638185,0,4923.13268128708,0
897,51.0607122061027,0.430394334864798,0,4928.61611350701,0
898,51.1048714902783,0.430563059233209,0,4934.09954944941,0
899,51.1490275748344,0.430731597590696,0,4939.58298911252,0
900,51.1931804215215,0.43089994978901,0,4945.06643249464,0
901,51.2373299922212,0.431068115684332,0,4950.54987959405,0
902,51.2814762489453,0.431236095137236,0,4956.033330409,0
903,51.3256191538353,0.43140388801267,0,4961.5167849378,0
904,51.3697586691626,0.4315714941799,0,4967.0002431787,0
905,51.4138947573277,0.431738913512494,0,4972.48370512998,0
906,51.4580273808599,0.431906145888281,0,4977.96717078994,0
907,51.502156502417,0.432073191189314,0,4983.45064015683,0
908,51.5462820847848,0.432240049301846,0,4988.93411322895,0
909,51.5904040908771,0.432406720116286,0,4994.41759000457,0
910,51.6345224837346,0.432573203527175,0,4999.90107048197,0
911,51.6786372265253,0.432739499433149,0,5005.38455465943,0
912,51.722748282544,0.432905607736902,0,5010.86804253524,0
913,51.766855615211,0.433071528345164,0,5016.35153410766,0
914,51.8109591880736,0.433237261168659,0,5021.83502937499,0
915,51.8550589648036,0.433402806122076,0,5027.31852833551,0
916,51.8991549091984,0.433568163124042,0,5032.8020309875,0
917,51.9432469851805,0.433733332097079,0,5038.28553732923,0
918,51.987335156796,0.433898312967584,0,5043.769047359,0
919,52.0314193882159,0.434063105665791,0,5049.25256107509,0
920,52.0754996437344,0.434227710125739,0,5054.73607847578,0
921,52.1195758877691,0.434392126285247,0,5060.21959955935,0
922,52.163648084861,0.434556354085875,0,5065.7031243241,0
923,52.2077161996731,0.4347203934729,0,5071.1866527683,0
924,52.251780196991,0.434884244395281,0,5076.67018489024,0
925,52.2958400417222,0.435047906805628,0,5082.15372068821,0
926,52.3398956988955,0.435211380660179,0,5087.63726016049,0
927,52.3839471336612,0.43537466591876,0,5093.12080330538,0
928,52.4279943112901,0.435537762544761,0,5098.60435012115,0
929,52.4720371971737,0.435700670505105,0,5104.08790060609,0
930,52.5160757568235,0.435863389770217,0,5109.5714547585,0
931,52.5601099558706,0.436025920313996,0,5115.05501257667,0
932,52.6041397600658,0.436188262113786,0,5120.53857405887,0
933,52.6481651352786,0.436350415150345,0,5126.02213920341,0
934,52.6921860474973,0.436512379407817,0,5131.50570800857,0
935,52.7362024628285,0.436674154873702,0,5136.98928047263,0
936,52.7802143474967,0.436835741538832,0,5142.4728565939,0
937,52.824221667844,0.436997139397334,0,5147.95643637066,0
938,52.86822439033,0.43715834844661,0,5153.44001980121,0
939,52.9122224815305,0.437319368687304,0,5158.92360688383,0
940,52.9562159081386,0.437480200123274,0,5164.40719761682,0
941,53.0002046369631,0.437640842761568,0,5169.89079199848,0
942,53.0441886349287,0.437801296612389,0,5175.37439002709,0
943,53.0881678690755,0.437961561689076,0,5180.85799170094,0
944,53.1321423065588,0.43812163800807,0,5186.34159701834,0
945,53.1761119146487,0.438281525588889,0,5191.82520597757,0
946,53.2200766607294,0.438441224454102,0,5197.30881857694,0
947,53.2640365122994,0.438600734629299,0,5202.79243481473,0
948,53.3079914369707,0.438760056143068,0,5208.27605468925,0
949,53.3519414024687,0.438919189026963,0,5213.75967819878,0
950,53.3958863766319,0.439078133315484,0,5219.24330534163,0
951,53.439826327411,0.439236889046046,0,5224.7269361161,0
952,53.4837612228693,0.439395456258953,0,5230.21057052047,0
953,53.527691031182,0.439553834997373,0,5235.69420855305,0
954,53.5716157206354,0.439712025307313,0,5241.17785021214,0
955,53.6155352596278,0.43987002723759,0,5246.66149549603,0
956,53.6594496166674,0.44002784083981,0,5252.14514440302,0
957,53.7033587603736,0.440185466168336,0,5257.62879693142,0
958,53.7472626594756,0.440342903280269,0,5263.11245307952,0
959,53.7911612828121,0.44050015223542,0,5268.59611284562,0
960,53.8350545993321,0.440657213096284,0,5274.07977622803,0
961,53.8789425780925,0.440814085928015,0,5279.56344322505,0
962,53.9228251882598,0.440970770798406,0,5285.04711383497,0
963,53.9667023991086,0.441127267777854,0,5290.5307880561,0
964,54.0105741800212,0.441283576939349,0,5296.01446588674,0
965,54.0544405004879,0.441439698358438,0,5301.49814732519,0
966,54.0983013301061,0.441595632113205,0,5306.98183236977,0
967,54.1421566385801,0.441751378284251,0,5312.46552101876,0
968,54.1860063957212,0.441906936954661,0,5317.94921327048,0
969,54.2298505714463,0.442062308209988,0,5323.43290912323,0
970,54.2736891357787,0.442217492138228,0,5328.91660857531,0
971,54.3175220588467,0.442372488829791,0,5334.40031162503,0
972,54.3613493108843,0.442527298377485,0,5339.8840182707,0
973,54.4051708622301,0.442681920876486,0,5345.36772851062,0
974,54.4489866833269,0.442836356424322,0,5350.8514423431,0
975,54.4927967447221,0.442990605120842,0,5356.33515976645,0
976,54.5366010170665,0.4431446670682,0,5361.81888077896,0
977,54.5803994711143,0.443298542370828,0,5367.30260537896,0
978,54.6241920777231,0.443452231135415,0,5372.78633356475,0
979,54.6679788078526,0.443605733470884,0,5378.27006533463,0
980,54.7117596325656,0.443759049488369,0,5383.75380068692,0
981,54.7555345230261,0.443912179301195,0,5389.23753961993,0
982,54.7993034505002,0.444065123024855,0,5394.72128213196,0
983,54.8430663863555,0.444217880776986,0,5400.20502822133,0
984,54.8868233020598,0.444370452677349,0,5405.68877788635,0
985,54.9305741691823,0.444522838847808,0,5411.17253112533,0
986,54.9743189593918,0.444675039412305,0,5416.65628793657,0
987,55.0180576444572,0.444827054496844,0,5422.1400483184,0
988,55.0617901962472,0.444978884229466,0,5427.62381226912,0
989,55.1055165867293,0.445130528740226,0,5433.10757978705,0
990,55.14923678797,0.445281988161177,0,5438.5913508705,0
991,55.192950772134,0.445433262626346,0,5444.07512551778,0
992,55.2366585114846,0.445584352271714,0,5449.55890372721,0
993,55.2803599783826,0.445735257235192,0,5455.0426854971,0
994,55.324055145286,0.445885977656608,0,5460.52647082578,0
995,55.3677439847504,0.446036513677679,0,5466.01025971154,0
996,55.4114264694278,0.446186865441994,0,5471.49405215271,0
997,55.4551025720665,0.446337033094996,0,5476.97784814761,0
998,55.498772265511,0.446487016783955,0,5482.46164769455,0
999,55.5424355227011,0.446636816657957,0,5487.94545079184,0
1000,55.5860923166727,0.446786432867878,0,5493.42925743781,0
1001,55.6297426205558,0.446935865566365,0,5498.91306763078,0
1002,55.6733864075756,0.447085114907819,0,5504.39688136906,0
1003,55.7170236510514,0.447234181048374,0,5509.88069865096,0
1004,55.7606543243963,0.447383064145878,0,5515.36451947482,0
1005,55.8042784011171,0.447531764359872,0,5520.84834383894,0
1006,55.8478958548139,0.447680281851574,0,5526.33217174165,0
1007,55.8915066591795,0.447828616783859,0,5531.81600318127,0
1008,55.9351107879994,0.447976769321239,0,5537.29983815612,0
1009,55.9787082151512,0.448124739629846,0,5542.78367666452,0
1010,56.0222989146044,0.44827252787741,0,5548.26751870479,0
1011,56.0658828604199,0.448420134233245,0,5553.75136427526,0
1012,56.1094600267498,0.44856755886823,0,5559.23521337424,0
1013,56.1530303878371,0.448714801954786,0,5564.71906600007,0
1014,56.196593918015,0.448861863666865,0,5570.20292215105,0
1015,56.2401505917072,0.449008744179926,0,5575.68678182552,0
1016,56.2837003834267,0.44915544367092,0,5581.1706450218,0
1017,56.3272432677765,0.449301962318272,0,5586.65451173821,0
1018,56.370779219448,0.449448300301862,0,5592.13838197308,0
1019,56.4143082132219,0.449594457803012,0,5597.62225572474,0
1020,56.457830223967,0.449740435004461,0,5603.1061329915,0
1021,56.5013452266402,0.449886232090353,0,5608.59001377171,0
1022,56.5448531962862,0.45003184924622,0,5614.07389806367,0
1023,56.588354108037,0.450177286658963,0,5619.55778586572,0
1024,56.6318479371114,0.450322544516835,0,5625.04167717619,0
1025,56.6753346588155,0.450467623009426,0,5630.5255719934,0
1026,56.7188142485409,0.450612522327644,0,5636.00947031569,0
1027,56.762286681766,0.4507572426637,0,5641.49337214138,0
1028,56.8057519340542,0.45090178421109,0,5646.9772774688,0
1029,56.8492099810548,0.451046147164582,0,5652.46118629627,0
1030,56.8926607985016,0.451190331720195,0,5657.94509862214,0
1031,56.9361043622132,0.451334338075185,0,5663.42901444472,0
1032,56.9795406480928,0.451478166428032,0,5668.91293376236,0
1033,57.0229696321272,0.451621816978417,0,5674.39685657337,0
1034,57.0663912903866,0.451765289927214,0,5679.8807828761,0
1035,57.1098055990254,0.451908585476468,0,5685.36471266887,0
1036,57.15321253428,0.452051703829383,0,5690.84864595002,0
1037,57.19661207247,0.452194645190305,0,5696.33258271787,0
1038,57.2400041899969,0.452337409764709,0,5701.81652297077,0
1039,57.2833888633446,0.452479997759179,0,5707.30046670704,0
1040,57.3267660690782,0.452622409381396,0,5712.78441392502,0
1041,57.3701357838443,0.452764644840125,0,5718.26836462305,0
1042,57.4134979843705,0.452906704345194,0,5723.75231879946,0
1043,57.4568526474647,0.453048588107485,0,5729.23627645257,0
1044,57.5001997500156,0.453190296338915,0,5734.72023758074,0
1045,57.5435392689914,0.453331829252425,0,5740.20420218229,0
1046,57.5868711814401,0.453473187061964,0,5745.68817025557,0
1047,57.6301954644892,0.453614369982471,0,5751.1721417989,0
1048,57.6735120953446,0.453755378229868,0,5756.65611681063,0
1049,57.7168210512914,0.453896212021038,0,5762.14009528909,0
1050,57.7601223096929,0.454036871573817,0,5767.62407723262,0
1051,57.8034158479901,0.454177357106975,0,5773.10806263956,0
1052,57.8467016437021,0.454317668840208,0,5778.59205150825,0
1053,57.889979674425,0.454457806994116,0,5784.07604383703,0
1054,57.9332499178319,0.454597771790199,0,5789.56003962423,0
1055,57.9765123516728,0.454737563450833,0,5795.0440388682,0
1056,58.0197669537739,0.454877182199266,0,5800.52804156729,0
1057,58.0630137020375,0.455016628259599,0,5806.01204771981,0
1058,58.1062525744415,0.455155901856773,0,5811.49605732413,0
1059,58.1494835490394,0.455295003216559,0,5816.98007037858,0
1060,58.1927066039596,0.455433932565538,0,5822.46408688151,0
1061,58.2359217174053,0.455572690131098,0,5827.94810683125,0
1062,58.2791288676542,0.455711276141413,0,5833.43213022616,0
1063,58.3223280330578,0.455849690825432,0,5838.91615706456,0
1064,58.3655191920421,0.45598793441287,0,5844.40018734481,0
1065,58.4087023231056,0.456126007134188,0,5849.88422106525,0
1066,58.4518774048208,0.456263909220589,0,5855.36825822423,0
1067,58.4950444158327,0.456401640904,0,5860.85229882009,0
1068,58.5382033348587,0.456539202417059,0,5866.33634285118,0
1069,58.5813541406888,0.456676593993109,0,5871.82039031583,0
1070,58.6244968121844,0.456813815866176,0,5877.30444121241,0
1071,58.6676313282791,0.456950868270969,0,5882.78849553925,0
1072,58.7107576679771,0.457087751442856,0,5888.27255329471,0
1073,58.7538758103541,0.457224465617859,0,5893.75661447712,0
1074,58.7969857345563,0.457361011032645,0,5899.24067908484,0
1075,58.8400874198,0.457497387924503,0,5904.72474711622,0
1076,58.883180845372,0.457633596531346,0,5910.2088185696,0
1077,58.9262659906284,0.457769637091689,0,5915.69289344333,0
1078,58.9693428349951,0.457905509844643,0,5921.17697173577,0
1079,59.0124113579669,0.458041215029902,0,5926.66105344527,0
1080,59.0554715391072,0.458176752887732,0,5932.14513857016,0
1081,59.0985233580486,0.458312123658962,0,5937.62922710881,0
1082,59.141566794491,0.458447327584965,0,5943.11331905957,0
1083,59.184601828203,0.45858236490766,0,5948.59741442079,0
1084,59.2276284390204,0.458717235869488,0,5954.08151319082,0
1085,59.2706466068464,0.458851940713409,0,5959.565615368,0
1086,59.3136563116512,0.458986479682892,0,5965.04972095071,0
1087,59.3566575334716,0.459120853021898,0,5970.53382993728,0
1088,59.3996502524111,0.459255060974875,0,5976.01794232608,0
1089,59.442634448639,0.459389103786746,0,5981.50205811545,0
1090,59.4856101023905,0.459522981702896,0,5986.98617730375,0
1091,59.5285771939665,0.459656694969169,0,5992.47029988934,0
1092,59.5715357037328,0.459790243831846,0,5997.95442587057,0
1093,59.6144856121206,0.459923628537648,0,6003.4385552458,0
1094,59.6574268996252,0.460056849333716,0,6008.92268801338,0
1095,59.7003595468067,0.460189906467607,0,6014.40682417167,0
1096,59.7432835342889,0.460322800187281,0,6019.89096371903,0
1097,59.7861988427597,0.46045553074109,0,6025.37510665381,0
1098,59.8291054529703,0.460588098377776,0,6030.85925297437,0
1099,59.8720033457352,0.46072050334645,0,6036.34340267908,0
1100,59.9148925019316,0.460852745896591,0,6041.82755576629,0
1101,59.9577729024996,0.460984826278034,0,6047.31171223435,0
1102,60.0006445284415,0.46111674474096,0,6052.79587208164,0
1103,60.0435073608217,0.461248501535887,0,6058.28003530649,0
1104,60.0863613807662,0.461380096913661,0,6063.76420190729,0
1105,60.1292065694629,0.461511531125449,0,6069.24837188239,0
1106,60.1720429081604,0.461642804422723,0,6074.73254523015,0
1107,60.2148703781687,0.461773917057261,0,6080.21672194893,0
1108,60.2576889608581,0.46190486928113,0,6085.7009020371,0
1109,60.3004986376595,0.462035661346679,0,6091.18508549301,0
1110,60.343299390064,0.462166293506537,0,6096.66927231503,0
1111,60.3860911996222,0.462296766013592,0,6102.15346250153,0
1112,60.4288740479445,0.462427079120994,0,6107.63765605086,0
1113,60.4716479167004,0.462557233082138,0,6113.12185296139,0
1114,60.5144127876187,0.462687228150661,0,6118.60605323149,0
1115,60.5571686424867,0.462817064580434,0,6124.09025685951,0
1116,60.5999154631501,0.462946742625547,0,6129.57446384384,0
1117,60.6426532315132,0.46307626254031,0,6135.05867418282,0
1118,60.6853819295379,0.463205624579235,0,6140.54288787483,0
1119,60.7281015392437,0.46333482899704,0,6146.02710491824,0
1120,60.7708120427078,0.463463876048628,0,6151.5113253114,0
1121,60.8135134220642,0.463592765989088,0,6156.9955490527,0
1122,60.8562056595042,0.463721499073686,0,6162.47977614049,0
1123,60.8988887372753,0.46385007555785,0,6167.96400657314,0
1124,60.9415626376817,0.463978495697177,0,6173.44824034903,0
1125,60.9842273430834,0.464106759747407,0,6178.93247746652,0
1126,61.0268828358963,0.464234867964431,0,6184.41671792398,0
1127,61.0695290985919,0.464362820604276,0,6189.90096171979,0
1128,61.1121661136972,0.464490617923097,0,6195.3852088523,0
1129,61.1547938637941,0.464618260177175,0,6200.8694593199,0
1130,61.1974123315191,0.464745747622903,0,6206.35371312096,0
1131,61.2400214995637,0.464873080516783,0,6211.83797025383,0
1132,61.2826213506733,0.46500025911542,0,6217.32223071691,0
1133,61.3252118676476,0.465127283675509,0,6222.80649450856,0
1134,61.3677930333401,0.465254154453838,0,6228.29076162715,0
1135,61.4103648306576,0.465380871707268,0,6233.77503207105,0
1136,61.4529272425604,0.465507435692739,0,6239.25930583865,0
1137,61.4954802520617,0.465633846667252,0,6244.74358292831,0
1138,61.538023842228,0.465760104887874,0,6250.22786333841,0
1139,61.5805579961777,0.465886210611719,0,6255.71214706732,0
1140,61.6230826970818,0.46601216409595,0,6261.19643411342,0
1141,61.6655979281636,0.466137965597772,0,6266.68072447509,0
1142,61.7081036726978,0.466263615374417,0,6272.16501815069,0
1143,61.7505999140111,0.466389113683151,0,6277.64931513862,0
1144,61.7930866354814,0.466514460781257,0,6283.13361543724,0
1145,61.8355638205375,0.466639656926032,0,6288.61791904493,0
1146,61.8780314526595,0.466764702374783,0,6294.10222596007,0
1147,61.9204895153778,0.466889597384817,0,6299.58653618104,0
1148,61.9629379922735,0.46701434221344,0,6305.07084970621,0
1149,62.0053768669774,0.467138937117942,0,6310.55516653398,0
1150,62.047806123171,0.467263382355604,0,6316.0394866627,0
1151,62.0902257445847,0.46738767818368,0,6321.52381009078,0
1152,62.132635714999,0.467511824859397,0,6327.00813681658,0
1153,62.1750360182435,0.467635822639951,0,6332.49246683848,0
1154,62.2174266381964,0.467759671782494,0,6337.97680015488,0
1155,62.2598075587854,0.467883372544139,0,6343.46113676414,0
1156,62.3021787639862,0.468006925181942,0,6348.94547666466,0
1157,62.3445402378233,0.468130329952908,0,6354.4298198548,0
1158,62.3868919643688,0.468253587113976,0,6359.91416633297,0
1159,62.4292339277433,0.468376696922021,0,6365.39851609754,0
1160,62.4715661121145,0.468499659633846,0,6370.88286914689,0
1161,62.5138885016981,0.46862247550617,0,6376.36722547941,0
1162,62.5562010807568,0.46874514479564,0,6381.85158509348,0
1163,62.5985038336,0.468867667758803,0,6387.33594798749,0
1164,62.6407967445847,0.46899004465212,0,6392.82031415982,0
1165,62.6830797981137,0.469112275731952,0,6398.30468360887,0
1166,62.7253529786364,0.469234361254555,0,6403.789056333,0
1167,62.7676162706489,0.469356301476078,0,6409.27343233062,0
1168,62.8098696586923,0.469478096652554,0,6414.75781160012,0
1169,62.8521131273543,0.469599747039902,0,6420.24219413986,0
1170,62.8943466612678,0.469721252893913,0,6425.72657994825,0
1171,62.9365702451108,0.469842614470254,0,6431.21096902368,0
1172,62.9787838636068,0.46996383202446,0,6436.69536136452,0
1173,63.0209875015239,0.470084905811921,0,6442.17975696918,0
1174,63.0631811436753,0.470205836087896,0,6447.66415583604,0
1175,63.1053647749181,0.470326623107489,0,6453.14855796348,0
1176,63.1475383801543,0.470447267125658,0,6458.63296334992,0
1177,63.1897019443295,0.470567768397203,0,6464.11737199372,0
1178,63.2318554524337,0.470688127176765,0,6469.60178389328,0
1179,63.2739988895,0.470808343718822,0,6475.086199047,0
1180,63.3161322406054,0.47092841827768,0,6480.57061745327,0
1181,63.3582554908703,0.471048351107479,0,6486.05503911048,0
1182,63.4003686254577,0.471168142462173,0,6491.53946401702,0
1183,63.442471629574,0.471287792595544,0,6497.02389217129,0
1184,63.4845644884679,0.471407301761182,0,6502.50832357168,0
1185,63.526647187431,0.47152667021249,0,6507.99275821658,0
1186,63.568719711797,0.471645898202681,0,6513.4771961044,0
1187,63.6107820469416,0.471764985984764,0,6518.96163723351,0
1188,63.6528341782827,0.471883933811556,0,6524.44608160233,0
1189,63.6948760912799,0.472002741935658,0,6529.93052920924,0
1190,63.7369077714344,0.472121410609473,0,6535.41498005265,0
1191,63.7789292042885,0.472239940085184,0,6540.89943413095,0
1192,63.8209403754259,0.47235833061476,0,6546.38389144253,0
1193,63.8629412704714,0.472476582449952,0,6551.86835198579,0
1194,63.9049318750905,0.472594695842284,0,6557.35281575914,0
1195,64.2783611382159,0.472712671043055,0,6562.85179616284,0
1196,61.059742136009,0.472830508303334,0,6569.90481755712,0
1197,57.9962476336701,0.472948207873953,0,6576.65673655559,0
1198,55.0896293522478,0.473065770005507,0,6583.16178482419,0
1199,52.331816884417,0.473183194948355,0,6589.46794543386,0
1200,49.7158017600968,0.473300482952602,0,6595.61386118665,0
1201,47.2367623107456,0.473417634268111,0,6601.63065659169,0
1202,44.8933495232323,0.473534649144498,0,6607.5434022835,0
1203,42.6881757724816,0.473651527831115,0,6613.37229381932,0
1204,40.6269714071454,0.47376827057706,0,6619.13360171522,0
1205,38.7166978998632,0.473884877631177,0,6624.84043512296,0
1206,36.9634001003141,0.474001349242039,0,6630.50335680546,0
1207,35.3705100207661,0.473992576455422,0,6636.13087861001,0
1208,33.9379478045944,0.473182025737056,0,6641.72986035702,0
1209,32.6620067463457,0.472268037929653,0,6647.30583080562,0
1210,31.5357171635617,0.471256061738275,0,6652.86324631861,0
1211,30.5484935891648,0.4701592596641,0,6658.40569917866,0
1212,29.6837594004224,0.46898842294507,0,6663.93608542452,0
1213,28.9182030950226,0.467752560982766,0,6669.45673996722,0
1214,28.2270861365541,0.466459406197109,0,6674.96954542699,0
1215,27.5919828345342,0.465115868585214,0,6680.47601989043,0
1216,27.0047066536384,0.463728412477031,0,6685.97738762472,0
1217,26.4656792532836,0.462303313162744,0,6691.47463600804,0
1218,25.9793630427156,0.460846775563338,0,6696.96856143063,0
1219,25.5499962852125,0.459364932414285,0,6702.45980628635,0
1220,25.1792124935863,0.457863762749782,0,6707.94888880546,0
1221,24.865530130649,0.456348976169488,0,6713.43622708352,0
1222,24.6049671448725,0.454825897979316,0,6718.92215845445,0
1223,24.392041336955,0.453299353402186,0,6724.40695511253,0
1224,24.2207106856938,0.451773463303309,0,6729.89083671298,0
1225,24.0850524143504,0.450251316732521,0,6735.37398052686,0
1226,23.9796221983416,0.448734767255634,0,6740.8565296295,0
1227,23.8995504059963,0.447224624802285,0,6746.33859950544,0
1228,23.8405028947152,0.445721183742687,0,6751.82028337843,0
1229,23.7986200589235,0.444224785410138,0,6757.30165650854,0
1230,23.770485433586,0.442736162195925,0,6762.7827796578,0
1231,23.7531212259088,0.441256502201142,0,6768.2637018866,0
1232,23.743988604931,0.439787317966209,0,6773.74446281081,0
1233,23.740975479735,0.438330241692244,0,6779.22509442276,0
1234,23.742366568508,0.436886838170516,0,6784.70562256,0
1235,23.7467996245117,0.435458477336166,0,6790.1860680908,0
1236,23.7532150267638,0.434046271796897,0,6795.66644787117,0
1237,23.7608052328249,0.432651065996072,0,6801.14677551757,0
1238,23.768968441978,0.431273456841156,0,6806.62706203016,0
1239,23.7772684312193,0.429913826397749,0,6812.10731629609,0
1240,23.7854009001132,0.428572374018033,0,6817.58754549582,0
1241,23.7931656965338,0.427249143616398,0,6823.06775543138,0
1242,23.8004439208958,0.42594404722418,0,6828.54795079123,0
1243,23.8071787929549,0.424656887160658,0,6834.02813536414,0
1244,23.8133594053438,0.423387378032574,0,6839.50831221202,0
1245,23.8190068921528,0.422135168298388,0,6844.98848380947,0
1246,23.8241629773911,0.420899860426186,0,6850.46865215652,0
1247,23.8288810850107,0.419681028644777,0,6855.94881886965,0
1248,23.8332201403781,0.418478233705231,0,6861.42898525534,0
1249,23.8372409143948,0.417291034515391,0,6866.90915236956,0
1250,23.8410044321923,0.416118996900032,0,6872.38932106574,0
1251,23.8445717301712,0.414961699906734,0,6877.8694920336,0
1252,23.8480042113845,0.413818740129426,0,6883.34966583048,0
1253,23.851363995867,0.412689734475449,0,6888.82984290674,0
1254,23.854713904932,0.411574321740758,0,6894.31002362618,0
1255,23.8581169628571,0.410472163266209,0,6899.79020828262,0
1256,23.8616354864127,0.409382942869182,0,6905.27039711332,0
1257,23.8653299301564,0.408306366193659,0,6910.75059030974,0
1258,23.8692576748726,0.407242159607884,0,6916.23078802637,0
1259,23.8734719171829,0.406190068786419,0,6921.71099038769,0
1260,23.8780207622064,0.405149857121957,0,6927.191197494,0
1261,23.8829465679964,0.40412130411339,0,6932.67140942601,0
1262,23.8882855509336,0.403104203853718,0,6938.15162624855,0
1263,23.8940676364603,0.402098363699784,0,6943.63184801362,0
1264,23.9003165241528,0.401103603152146,0,6949.11207476284,0
1265,23.9070499303323,0.400119752929997,0,6954.59230652946,0
1266,23.9142799705671,0.399146654196406,0,6960.0725433399,0
1267,23.9220136447968,0.398184157879058,0,6965.55278521508,0
1268,23.9302533896784,0.397232124035102,0,6971.03303217146,0
1269,23.9389976660554,0.396290421222997,0,6976.51328422193,0
1270,23.94824155431,0.395358925860626,0,6981.99354137642,0
1271,23.9579773349397,0.394437521564553,0,6987.47380364253,0
1272,23.968195037274,0.393526098475296,0,6992.95407102592,0
1273,23.978882944334,0.392624552579666,0,6998.43434353072,0
1274,23.9900280464642,0.391732785043317,0,7003.91462115982,0
1275,24.0016164400002,0.390850701567072,0,7009.39490391505,0
1276,24.013633670349,0.389978211778309,0,7014.87519179747,0
1277,24.0260650210945,0.38911522866642,0,7020.35548480743,0
1278,24.0388957521095,0.38826166806863,0,7025.83578294479,0
1279,24.0521112909504,0.387417448210642,0,7031.31608620893,0
1280,24.0656973824394,0.386582489303867,0,7036.79639459891,0
1281,24.0796402018253,0.385756713198909,0,7042.27670811348,0
1282,24.093926436786,0.38494004309291,0,7047.75702675118,0
1283,24.1085433438262,0.384132403287754,0,7053.23735051036,0
1284,24.1234787840341,0.383333718994836,0,7058.71767938921,0
1285,24.1387212426656,0.38254391618138,0,7064.1980133858,0
1286,24.1542598360926,0.381762921452607,0,7069.67835249811,0
1287,24.1700843094036,0.380990661964923,0,7075.15869672405,0
1288,24.1861850269523,0.380227065365136,0,7080.63904606143,0
1289,24.2025529575818,0.37947205975101,0,7086.11940050805,0
1290,24.2191796555451,0.378725573648371,0,7091.59976006165,0
1291,24.2360572382644,0.377987536001407,0,7097.08012471994,0
1292,24.2531783615433,0.377257876172927,0,7102.5604944806,0
1293,24.2705361927423,0.376536523951834,0,7108.04086934129,0
1294,24.2881243821681,0.375823409565008,0,7113.52124929967,0
1295,24.3059370333566,0.375118463692215,0,7119.00163435336,0
1296,24.3239686726472,0.374421617482677,0,7124.48202449999,0
1297,24.3422142184571,0.373732802572289,0,7129.96241973718,0
1298,24.3606689504855,0.373051951100277,0,7135.44282006254,0
1299,24.3793284794922,0.372378995725211,0,7140.92322547367,0
1300,24.3981887179798,0.371713869640071,0,7146.40363596819,0
1301,24.4172458520844,0.371056506586167,0,7151.88405154369,0
1302,24.4364963147711,0.370406840865387,0,7157.36447219778,0
1303,24.455936760782,0.369764807351059,0,7162.84489792805,0
1304,24.4755640434494,0.369130341497398,0,7168.32532873212,0
1305,24.4953751934427,0.368503379347514,0,7173.80576460757,0
1306,24.5153673993407,0.367883857539573,0,7179.28620555202,0
1307,24.5355379902394,0.367271713311489,0,7184.76665156308,0
1308,24.5558844203031,0.366666884504144,0,7190.24710263833,0
1309,24.5764042551386,0.366069309563151,0,7195.7275587754,0
1310,24.5970951597677,0.365478927538896,0,7201.20801997189,0
1311,24.6179548882606,0.364895678085251,0,7206.68848622542,0
1312,24.6389812748563,0.364319501457052,0,7212.16895753359,0
1313,24.6601722263661,0.363750338506387,0,7217.64943389403,0
1314,24.6815257156436,0.363188130677556,0,7223.12991530435,0
1315,24.7030397761365,0.362632820001144,0,7228.61040176217,0
1316,24.7247124973573,0.362084349087315,0,7234.0908932651,0
1317,24.7465420210739,0.361542661118402,0,7239.57138981079,0
1318,24.7685265380741,0.361007699840708,0,7245.05189139685,0
1319,24.790664285524,0.360479409555952,0,7250.53239802091,0
1320,24.8129535448142,0.359957735112447,0,7256.01290968059,0
1321,24.8353926397194,0.359442621896026,0,7261.49342637355,0
1322,24.8579799348133,0.358934015820677,0,7266.97394809741,0
1323,24.8807138341719,0.358431863319237,0,7272.45447484981,0
1324,24.9035927803089,0.357936111334207,0,7277.93500662838,0
1325,24.9266152531865,0.357446707308592,0,7283.41554343077,0
1326,24.9497797693221,0.356963599176796,0,7288.89608525464,0
1327,24.9730848810194,0.356486735355793,0,7294.37663209761,0
1328,24.9965291756986,0.356016064736625,0,7299.85718395734,0
1329,25.0201112751797,0.355551536676041,0,7305.3377408315,0
1330,25.0438298349976,0.355093100988349,0,7310.81830271772,0
1331,25.0676835437607,0.354640707937629,0,7316.29886961366,0
1332,25.0916711225439,0.354194308230317,0,7321.77944151698,0
1333,25.1157913241816,0.353753853007934,0,7327.26001842534,0
1334,25.1400429325768,0.353319293840086,0,7332.74060033642,0
1335,25.1644247620225,0.352890582717804,0,7338.22118724785,0
1336,25.1889356565269,0.352467672047234,0,7343.70177915733,0
1337,25.2135744890303,0.352050514643419,0,7349.18237606252,0
1338,25.2383401606453,0.351639063724344,0,7354.66297796108,0
1339,25.2632315999098,0.351233272905298,0,7360.14358485069,0
1340,25.2882477620256,0.350833096193491,0,7365.62419672903,0
1341,25.3133876280123,0.35043848798272,0,7371.10481359379,0
1342,25.338650203899,0.350049403048286,0,7376.58543544263,0
1343,25.3640345199435,0.349665796542165,0,7382.06606227323,0
1344,25.3895396298213,0.349287623988355,0,7387.54669408329,0
1345,25.4151646097734,0.348914841278229,0,7393.02733087049,0
1346,25.4409085578007,0.348547404666126,0,7398.50797263253,0
1347,25.4667705929021,0.348185270765139,0,7403.98861936708,0
1348,25.4927498542692,0.34782839654299,0,7409.46927107184,0
1349,25.518845500484,0.347476739317907,0,7414.94992774452,0
1350,25.545056708767,0.347130256754713,0,7420.43058938281,0
1351,25.5713826742768,0.346788906861067,0,7425.9112559844,0
1352,25.5978226093557,0.346452647983705,0,7431.391927547,0
1353,25.6243757428158,0.34612143880472,0,7436.87260406831,0
1354,25.6510413192756,0.345795238338009,0,7442.35328554604,0
1355,25.6778185985388,0.345474005925841,0,7447.8339719779,0
1356,25.7047068549227,0.345157701235361,0,7453.31466336159,0
1357,25.7317053766469,0.344846284255175,0,7458.79535969484,0
1358,25.7588134652741,0.344539715292071,0,7464.27606097534,0
1359,25.7860304351664,0.344237954967818,0,7469.75676720082,0
1360,25.8133556129123,0.34394096421588,0,7475.237478369,0
1361,25.8407883368168,0.343648704278238,0,7480.7181944776,0
1362,25.8683279564434,0.343361136702338,0,7486.19891552433,0
1363,25.8959738321393,0.343078223338055,0,7491.67964150693,0
1364,25.9237253345627,0.342799926334593,0,7497.16037242312,0
1365,25.951581844264,0.34252620813751,0,7502.64110827063,0
1366,25.9795427513145,0.34225703148586,0,7508.12184904717,0
1367,26.0076074548929,0.341992359409279,0,7513.60259475051,0
1368,26.0357753629027,0.341732155225075,0,7519.08334537836,0
1369,26.0640458916346,0.341476382535431,0,7524.56410092846,0
1370,26.0924184654582,0.341225005224708,0,7530.04486139854,0
1371,26.1208925164671,0.340977987456653,0,7535.52562678636,0
1372,26.149467484171,0.340735293671663,0,7541.00639708965,0
1373,26.1781428152289,0.340496888584166,0,7546.48717230614,0
1374,26.206917963179,0.340262737180052,0,7551.9679524336,0
1375,26.2357923881438,0.340032804714005,0,7557.44873746977,0
1376,26.2647655565806,0.339807056706943,0,7562.9295274124,0
1377,26.293836941072,0.339585458943567,0,7568.41032225923,0
1378,26.3230060200785,0.339367977469882,0,7573.89112200803,0
1379,26.3522722777012,0.339154578590685,0,7579.37192665655,0
1380,26.3816352034805,0.338945228867162,0,7584.85273620254,0
1381,26.4110942922229,0.338739895114586,0,7590.33355064376,0
1382,26.4406490437772,0.338538544399921,0,7595.81436997798,0
1383,26.4702989628444,0.338341144039474,0,7601.29519420297,0
1384,26.5000435588201,0.33814766159664,0,7606.77602331646,0
1385,26.5298823456354,0.337958064879719,0,7612.25685731626,0
1386,26.5598148415655,0.337772321939616,0,7617.73769620011,0
1387,26.5898405690758,0.337590401067643,0,7623.21853996579,0
1388,26.6199590547003,0.337412270793423,0,7628.69938861107,0
1389,26.6501698288854,0.337237899882767,0,7634.18024213372,0
1390,26.6804724258353,0.33706725733551,0,7639.66110053153,0
1391,26.7108663833891,0.336900312383449,0,7645.14196380226,0
1392,26.7413512429196,0.336737034488375,0,7650.6228319437,0
1393,26.7719265491844,0.336577393340014,0,7656.10370495363,0
1394,26.8025918502041,0.336421358853994,0,7661.58458282984,0
1395,26.8333466971698,0.336268901169923,0,7667.06546557009,0
1396,26.864190644343,0.336119990649507,0,7672.54635317219,0
1397,26.8951232489277,0.335974597874564,0,7678.02724563392,0
1398,26.9261440709744,0.335832693645129,0,7683.50814295307,0
1399,26.9572526733119,0.335694248977659,0,7688.98904512743,0
1400,26.9884486214414,0.335559235103191,0,7694.4699521548,0
1401,27.0197314834363,0.335427623465472,0,7699.95086403298,0
1402,27.05110082987,0.33529938571918,0,7705.43178075975,0
1403,27.0825562337564,0.335174493728232,0,7710.91270233291,0
1404,27.1140972704467,0.335052919563982,0,7716.39362875028,0
1405,27.1457235175553,0.334934635503465,0,7721.87456000965,0
1406,27.1774345549104,0.334819614027749,0,7727.35549610882,0
1407,27.2092299644857,0.334707827820281,0,7732.83643704561,0
1408,27.2411093303173,0.334599249765163,0,7738.31738281781,0
1409,27.2730722384485,0.334493852945509,0,7743.79833342324,0
1410,27.3051182768948,0.334391610641899,0,7749.2792888597,0
1411,27.3372470355677,0.334292496330751,0,7754.76024912501,0
1412,27.3694581062147,0.334196483682688,0,7760.24121421699,0
1413,27.4017510823837,0.334103546561016,0,7765.72218413345,0
1414,27.4341255593842,0.334013659020235,0,7771.2031588722,0
1415,27.4665811342182,0.33392679530444,0,7776.68413843108,0
1416,27.4991174055391,0.33384292984581,0,7782.16512280789,0
1417,27.5317339736323,0.333762037263179,0,7787.64611200045,0
1418,27.5644304403625,0.33368409236056,0,7793.1271060066,0
1419,27.5972064091246,0.333609070125634,0,7798.60810482417,0
1420,27.630061484819,0.33353694572833,0,7804.08910845096,0
1421,27.6629952738321,0.333467694519477,0,7809.57011688483,0
1422,27.6960073839822,0.333401292029328,0,7815.05113012359,0
1423,27.7290974244878,0.333337713966158,0,7820.53214816508,0
1424,27.7622650059595,0.333276936214941,0,7826.01317100713,0
1425,27.7955097403646,0.333218934836008,0,7831.49419864758,0
1426,27.8288312409884,0.333163686063643,0,7836.97523108426,0
1427,27.8622291224168,0.333111166304761,0,7842.45626831502,0
1428,27.8957030005311,0.333061352137672,0,7847.93731033768,0
1429,27.9292524924647,0.333014220310729,0,7853.41835715011,0
1430,27.9628772165809,0.332969747741011,0,7858.89940875014,0
1431,27.9965767924707,0.332927911513103,0,7864.3804651356,0
1432,28.0303508409321,0.33288868887787,0,7869.86152630435,0
1433,28.0641989839381,0.332852057251142,0,7875.34259225425,0
1434,28.0981208446266,0.332817994212493,0,7880.82366298313,0
1435,28.1321160473035,0.332786477504097,0,7886.30473848885,0
1436,28.1661842174092,0.332757485029479,0,7891.78581876926,0
1437,28.200324981503,0.332730994852288,0,7897.26690382222,0
1438,28.2345379672659,0.332706985195165,0,7902.74799364557,0
1439,28.2688228034895,0.33268543443861,0,7908.22908823719,0
1440,28.3031791200501,0.332666321119762,0,7913.71018759492,0
1441,28.3376065479042,0.332649623931257,0,7919.19129171663,0
1442,28.3721047190971,0.332635321720171,0,7924.67240060017,0
1443,28.4066732667364,0.332623393486861,0,7930.15351424342,0
1444,28.4413118249822,0.33261381838382,0,7935.63463264424,0
1445,28.4760200290539,0.332606575714622,0,7941.11575580049,0
1446,28.5107975152242,0.332601644932877,0,7946.59688371004,0
1447,28.5456439207994,0.332599005641084,0,7952.07801637076,0
1448,28.5805588841191,0.332598637589573,0,7957.55915378052,0
1449,28.6155420445678,0.332600520675523,0,7963.04029593719,0
1450,28.6505930425542,0.332604634941875,0,7968.52144283866,0
1451,28.685711519505,0.332610960576265,0,7974.00259448278,0
1452,28.7208971178763,0.332619477910049,0,7979.48375086744,0
1453,28.7561494811488,0.332630167417317,0,7984.96491199052,0
1454,28.7914682538141,0.332643009713824,0,7990.44607784989,0
1455,28.826853081378,0.332657985556004,0,7995.92724844344,0
1456,28.8623036103728,0.332675075840058,0,8001.40842376904,0
1457,28.8978194883413,0.332694261600925,0,8006.88960382459,0
1458,28.9334003638336,0.33271552401129,0,8012.37078860797,0
1459,28.9690458864214,0.33273884438068,0,8017.85197811706,0
1460,29.0047557066943,0.33276420415453,0,8023.33317234975,0
1461,29.0405294762496,0.332791584913181,0,8028.81437130394,0
1462,29.076366847699,0.332820968370969,0,8034.2955749775,0
1463,29.1122674746817,0.332852336375359,0,8039.77678336834,0
1464,29.1482310118494,0.332885670905985,0,8045.25799647435,0
1465,29.184257114868,0.332920954073713,0,8050.73921429342,0
1466,29.2203454404333,0.332958168119807,0,8056.22043682345,0
1467,29.2564956462656,0.332997295415039,0,8061.70166406234,0
1468,29.2927073911042,0.33303831845875,0,8067.18289600799,0
1469,29.3289803347177,0.333081219877999,0,8072.66413265828,0
1470,29.3653141379134,0.333125982426754,0,8078.14537401114,0
1471,29.4017084625262,0.333172588984969,0,8083.62662006446,0
1472,29.4381629714231,0.333221022557722,0,8089.10787081615,0
1473,29.474677328519,0.333271266274432,0,8094.58912626411,0
1474,29.5112511987703,0.333323303388005,0,8100.07038640624,0
1475,29.5478842481726,0.333377117273955,0,8105.55165124047,0
1476,29.5845761437741,0.333432691429615,0,8111.03292076469,0
1477,29.6213265536808,0.333490009473366,0,8116.51419497682,0
1478,29.6581351470488,0.333549055143756,0,8121.99547387478,0
1479,29.6950015940913,0.333609812298701,0,8127.47675745647,0
1480,29.7319255660935,0.333672264914754,0,8132.95804571981,0
1481,29.7689067354044,0.333736397086274,0,8138.43933866272,0
1482,29.8059447754385,0.333802193024607,0,8143.92063628311,0
1483,29.843039360691,0.333869637057362,0,8149.4019385789,0
1484,29.8801901667378,0.333938713627648,0,8154.88324554803,0
1485,29.9173968702314,0.334009407293257,0,8160.36455718839,0
1486,29.9546591489113,0.334081702725915,0,8165.84587349793,0
1487,29.9919766816143,0.334155584710588,0,8171.32719447456,0
1488,30.029349148267,0.334231038144681,0,8176.80852011622,0
1489,30.0667762298909,0.334308048037271,0,8182.28985042081,0
1490,30.1042576086172,0.334386599508444,0,8187.77118538628,0
1491,30.1417929676825,0.334466677788536,0,8193.25252501056,0
1492,30.1793819914286,0.334548268217368,0,8198.73386929157,0
1493,30.2170243653151,0.334631356243561,0,8204.21521822725,0
1494,30.254719775924,0.334715927423856,0,8209.69657181552,0
1495,30.2924679109544,0.334801967422341,0,8215.17793005434,0
1496,30.3302684592304,0.334889462009755,0,8220.65929294161,0
1497,30.3681211107132,0.334978397062848,0,8226.1406604753,0
1498,30.4060255564943,0.335068758563644,0,8231.62203265334,0
1499,30.4439814887993,0.335160532598721,0,8237.10340947366,0
1500,30.4819886010009,0.335253705358588,0,8242.58479093419,0
1501,30.5200465876175,0.335348263137,0,8248.06617703291,0
1502,30.5581551443112,0.335444192330231,0,8253.54756776773,0
1503,30.596313967899,0.335541479436436,0,8259.0289631366,0
1504,30.6345227563579,0.335640111055028,0,8264.51036313747,0
1505,30.6727812088202,0.335740073885954,0,8269.9917677683,0
1506,30.7110890255792,0.33584135472904,0,8275.47317702701,0
1507,30.7494459081011,0.335943940483403,0,8280.95459091157,0
1508,30.7878515590189,0.336047818146763,0,8286.43600941992,0
1509,30.8263056821345,0.336152974814767,0,8291.91743255002,0
1510,30.8648079824309,0.336259397680409,0,8297.39886029982,0
1511,30.9033581660707,0.336367074033394,0,8302.88029266727,0
1512,30.9419559403939,0.336475991259454,0,8308.36172965033,0
1513,30.9806010139276,0.336586136839756,0,8313.84317124694,0
1514,31.0192930963903,0.336697498350316,0,8319.32461745509,0
1515,31.0580318986869,0.336810063461325,0,8324.80606827271,0
1516,31.0968171329143,0.336923819936535,0,8330.28752369777,0
1517,31.135648512371,0.33703875563271,0,8335.76898372823,0
1518,31.1745257515507,0.337154858498978,0,8341.25044836205,0
1519,31.213448566145,0.3372721165762,0,8346.73191759721,0
1520,31.2524166730532,0.337390517996432,0,8352.21339143164,0
1521,31.2914297903796,0.337510050982319,0,8357.69486986334,0
1522,31.3304876374322,0.337630703846459,0,8363.17635289026,0
1523,31.3695899347306,0.337752464990849,0,8368.65784051037,0
1524,31.4087364040084,0.337875322906337,0,8374.13933272164,0
1525,31.4479267682092,0.337999266171977,0,8379.62082952204,0
1526,31.4871607514904,0.338124283454467,0,8385.10233090954,0
1527,31.5264380792314,0.338250363507631,0,8390.58383688211,0
1528,31.5657584780265,0.338377495171799,0,8396.06534743773,0
1529,31.6051216756875,0.338505667373225,0,8401.54686257437,0
1530,31.644527401252,0.338634869123583,0,8407.02838229001,0
1531,31.6839753849789,0.338765089519388,0,8412.50990658262,0
1532,31.7234653583471,0.338896317741396,0,8417.99143545018,0
1533,31.7629970540636,0.339028543054103,0,8423.47296889067,0
1534,31.8025702060618,0.339161754805203,0,8428.95450690208,0
1535,31.8421845494983,0.339295942424993,0,8434.43604948237,0
1536,31.8818398207578,0.33943109542585,0,8439.91759662954,0
1537,31.9215357574561,0.339567203401736,0,8445.39914834157,0
1538,31.9612720984345,0.339704256027604,0,8450.88070461644,0
1539,32.001048583762,0.339842243058869,0,8456.36226545214,0
1540,32.0408649547413,0.339981154330927,0,8461.84383084665,0
1541,32.0807209539027,0.340120979758594,0,8467.32540079796,0
1542,32.1206163250038,0.340261709335554,0,8472.80697530407,0
1543,32.160550813036,0.340403333133896,0,8478.28855436295,0
1544,32.20052416422,0.34054584130358,0,8483.77013797261,0
1545,32.2405361260035,0.34068922407188,0,8489.25172613103,0
1546,32.280586447066,0.340833471742914,0,8494.7333188362,0
1547,32.3206748773177,0.340978574697147,0,8500.21491608613,0
1548,32.3608011678944,0.34112452339084,0,8505.69651787881,0
1549,32.4009650711611,0.341271308355557,0,8511.17812421222,0
1550,32.4411663407134,0.341418920197714,0,8516.65973508437,0
1551,32.4814047313712,0.341567349598023,0,8522.14135049326,0
1552,32.5216799991799,0.341716587310997,0,8527.62297043689,0
1553,32.5619919014136,0.341866624164514,0,8533.10459491325,0
1554,32.6023401965692,0.342017451059283,0,8538.58622392036,0
1555,32.6427246443649,0.342169058968343,0,8544.06785745621,0
1556,32.6831450057445,0.342321438936623,0,8549.54949551879,0
1557,32.7236010428719,0.342474582080448,0,8555.03113810613,0
1558,32.7640925191284,0.342628479587024,0,8560.51278521622,0
1559,32.8046191991156,0.342783122714,0,8565.99443684707,0
1560,32.8451808486525,0.342938502789005,0,8571.47609299669,0
1561,32.8857772347705,0.343094611209129,0,8576.95775366309,0
1562,32.9264081257155,0.343251439440479,0,8582.43941884427,0
1563,32.9670732909468,0.343408979017744,0,8587.92108853824,0
1564,33.0077725011309,0.343567221543685,0,8593.40276274303,0
1565,33.0485055281419,0.343726158688674,0,8598.88444145663,0
1566,33.0892721450624,0.343885782190292,0,8604.36612467707,0
1567,33.1300721261763,0.344046083852817,0,8609.84781240236,0
1568,33.1709052469681,0.344207055546771,0,8615.32950463051,0
1569,33.2117712841239,0.344368689208514,0,8620.81120135954,0
1570,33.2526700155254,0.344530976839766,0,8626.29290258747,0
1571,33.293601220247,0.34469391050714,0,8631.77460831231,0
1572,33.334564678557,0.344857482341738,0,8637.25631853208,0
1573,33.3755601719127,0.345021684538709,0,8642.73803324482,0
1574,33.4165874829558,0.345186509356761,0,8648.21975244853,0
1575,33.4576463955135,0.345351949117774,0,8653.70147614123,0
1576,33.4987366945941,0.345517996206365,0,8659.18320432096,0
1577,33.5398581663823,0.34568464306942,0,8664.66493698574,0
1578,33.5810105982384,0.345851882215682,0,8670.14667413359,0
1579,33.6221937786959,0.346019706215356,0,8675.62841576253,0
1580,33.6634074974555,0.346188107699634,0,8681.1101618706,0
1581,33.7046515453833,0.346357079360285,0,8686.59191245582,0
1582,33.7459257145098,0.346526613949272,0,8692.07366751622,0
1583,33.7872297980231,0.346696704278296,0,8697.55542704983,0
1584,33.8285635902661,0.346867343218367,0,8703.03719105468,0
1585,33.8699268867361,0.347038523699447,0,8708.51895952881,0
1586,33.9113194840781,0.347210238709999,0,8714.00073247024,0
1587,33.952741180081,0.347382481296561,0,8719.48250987701,0
1588,33.9941917736772,0.347555244563387,0,8724.96429174715,0
1589,34.0356710649364,0.347728521672024,0,8730.44607807871,0
1590,34.0771788550606,0.347902305840875,0,8735.92786886971,0
1591,34.1187149463842,0.348076590344851,0,8741.40966411819,0
1592,34.1602791423677,0.348251368514955,0,8746.89146382219,0
1593,34.2018712475923,0.348426633737861,0,8752.37326797975,0
1594,34.2434910677592,0.348602379455547,0,8757.85507658891,0
1595,34.2851384096842,0.348778599164918,0,8763.33688964771,0
1596,34.3268130812922,0.348955286417371,0,8768.8187071542,0
1597,34.3685148916147,0.349132434818435,0,8774.30052910641,0
1598,34.4102436507863,0.349310038027406,0,8779.78235550239,0
1599,34.451999170038,0.349488089756924,0,8785.26418634018,0
1600,34.4937812616943,0.349666583772601,0,8790.74602161783,0
1601,34.5355897391703,0.349845513892681,0,8796.22786133338,0
1602,34.5774244169645,0.350024873987618,0,8801.70970548489,0
1603,34.6192851106556,0.350204657979702,0,8807.1915540704,0
1604,34.6611716368997,0.350384859842733,0,8812.67340708795,0
1605,34.7030838134231,0.350565473601608,0,8818.1552645356,0
1606,34.7450214590185,0.350746493331948,0,8823.6371264114,0
1607,34.7869843935425,0.350927913159773,0,8829.1189927134,0
1608,34.8289724379082,0.351109727261111,0,8834.60086343966,0
1609,34.8709854140814,0.351291929861616,0,8840.08273858822,0
1610,34.9130231450771,0.351474515236254,0,8845.56461815714,0
1611,34.9550854549537,0.351657477708924,0,8851.04650214448,0
1612,34.9971721688074,0.351840811652075,0,8856.52839054829,0
1613,35.0392831127696,0.352024511486395,0,8862.01028336662,0
1614,35.0814181140006,0.352208571680451,0,8867.49218059754,0
1615,35.1235770006839,0.352392986750303,0,8872.97408223911,0
1616,35.1657596020238,0.352577751259196,0,8878.45598828937,0
1617,35.2079657482387,0.352762859817213,0,8883.9378987464,0
1618,35.2501952705558,0.352948307080895,0,8889.41981360826,0
1619,35.2924480012075,0.353134087752931,0,8894.901732873,0
1620,35.3347237734261,0.353320196581826,0,8900.38365653868,0
1621,35.3770224214372,0.353506628361526,0,8905.86558460338,0
1622,35.419343780457,0.353693377931105,0,8911.34751706516,0
1623,35.4616876866858,0.353880440174449,0,8916.82945392208,0
1624,35.5040539773029,0.354067810019883,0,8922.3113951722,0
1625,35.5464424904617,0.354255482439862,0,8927.7933408136,0
1626,35.5888530652855,0.354443452450663,0,8933.27529084434,0
1627,35.6312855418605,0.354631715112023,0,8938.75724526249,0
1628,35.6737397612319,0.354820265526822,0,8944.23920406612,0
1629,35.7162155653989,0.355009098840795,0,8949.72116725329,0
1630,35.7587127973085,0.355198210242169,0,8955.2031348221,0
1631,35.8012313008507,0.355387594961353,0,8960.68510677058,0
1632,35.8437709208541,0.355577248270653,0,8966.16708309684,0
1633,35.8863315030793,0.355767165483922,0,8971.64906379893,0
1634,35.928912894214,0.355957341956247,0,8977.13104887493,0
1635,35.9715149418689,0.356147773083673,0,8982.61303832293,0
1636,36.0141374945709,0.356338454302865,0,8988.09503214098,0
1637,36.0567804017582,0.356529381090791,0,8993.57703032717,0
1638,36.099443513776,0.356720548964456,0,8999.05903287958,0
1639,36.1421266818698,0.35691195348057,0,9004.54103979629,0
1640,36.1848297581807,0.357103590235237,0,9010.02305107536,0
1641,36.2275525957404,0.35729545486369,0,9015.50506671489,0
1642,36.2702950484655,0.357487543039975,0,9020.98708671296,0
1643,36.3130569711518,0.357679850476631,0,9026.46911106763,0
1644,36.35583821947,0.357872372924445,0,9031.95113977701,0
1645,36.3986386499596,0.358065106172129,0,9037.43317283916,0
1646,36.4414581200231,0.358258046046018,0,9042.91521025218,0
1647,36.4842964879223,0.358451188409816,0,9048.39725201415,0
1648,36.5271536127713,0.358644529164294,0,9053.87929812315,0
1649,36.5700293545316,0.358838064246981,0,9059.36134857727,0
1650,36.6129235740078,0.359031789631922,0,9064.84340337459,0
1651,36.6558361328407,0.359225701329379,0,9070.32546251321,0
1652,36.6987668935029,0.359419795385531,0,9075.80752599121,0
1653,36.7417157192935,0.35961406788223,0,9081.28959380667,0
1654,36.7846824743322,0.359808514936715,0,9086.77166595771,0
1655,36.8276670235545,0.360003132701313,0,9092.25374244239,0
1656,36.8706692327063,0.360197917363204,0,9097.73582325881,0
1657,36.9136889683385,0.360392865144133,0,9103.21790840507,0
1658,36.9567260978013,0.360587972300128,0,9108.69999787925,0
1659,36.9997804892398,0.360783235121257,0,9114.18209167945,0
1660,37.0428520115881,0.360978649931357,0,9119.66418980377,0
1661,37.0859405345639,0.36117421308775,0,9125.1462922503,0
1662,37.1290459286637,0.361369920981005,0,9130.62839901713,0
1663,37.1721680651574,0.36156577003468,0,9136.11051010237,0
1664,37.2153068160826,0.361761756705032,0,9141.5926255041,0
1665,37.25846205424,0.361957877480796,0,9147.07474522044,0
1666,37.301633653188,0.362154128882919,0,9152.55686924947,0
1667,37.344821487237,0.36235050746429,0,9158.03899758929,0
1668,37.3880254314451,0.362547009809509,0,9163.52113023801,0
1669,37.4312453616119,0.362743632534639,0,9169.00326719373,0
1670,37.4744811542741,0.362940372286933,0,9174.48540845455,0
1671,37.5177326867001,0.363137225744612,0,9179.96755401857,0
1672,37.5609998368847,0.363334189616619,0,9185.44970388389,0
1673,37.6042824835442,0.363531260642355,0,9190.93185804862,0
1674,37.647580506111,0.363728435591458,0,9196.41401651087,0
1675,37.690893784729,0.363925711263564,0,9201.89617926873,0
1676,37.7342222002479,0.364123084488048,0,9207.37834632032,0
1677,37.7775656342187,0.364320552123809,0,9212.86051766373,0
1678,37.8209239688883,0.364518111059034,0,9218.34269329709,0
1679,37.8642970871944,0.364715758210942,0,9223.82487321849,0
1680,37.907684872761,0.36491349052558,0,9229.30705742605,0
1681,37.9510872098929,0.365111304977586,0,9234.78924591788,0
1682,37.9945039835709,0.365309198569942,0,9240.27143869208,0
1683,38.0379350794469,0.365507168333771,0,9245.75363574676,0
1684,38.0813803838392,0.365705211328109,0,9251.23583708004,0
1685,38.1248397837267,0.365903324639659,0,9256.71804269004,0
1686,38.1683131667454,0.366101505382595,0,9262.20025257485,0
1687,38.2118004211823,0.366299750698339,0,9267.68246673261,0
1688,38.255301435971,0.366498057755318,0,9273.16468516142,0
1689,38.2988161006873,0.366696423748774,0,9278.64690785939,0
1690,38.3423443055439,0.366894845900543,0,9284.12913482466,0
1691,38.3858859413853,0.367093321458823,0,9289.61136605531,0
1692,38.4294408996842,0.367291847697982,0,9295.09360154949,0
1693,38.4730090725356,0.367490421918346,0,9300.5758413053,0
1694,38.5165903526525,0.367689041445966,0,9306.05808532086,0
1695,38.5601846333617,0.367887703632442,0,9311.5403335943,0
1696,38.6037918085983,0.368086405854699,0,9317.02258612373,0
1697,38.6474117729017,0.368285145514775,0,9322.50484290727,0
1698,38.6910444214108,0.368483920039636,0,9327.98710394305,0
1699,38.7346896498592,0.368682726880969,0,9333.46936922919,0
1700,38.7783473545711,0.368881563514962,0,9338.95163876381,0
1701,38.8220174324562,0.369080427442134,0,9344.43391254503,0
1702,38.8656997810058,0.369279316187124,0,9349.91619057098,0
1703,38.9093942982879,0.369478227298483,0,9355.39847283977,0
1704,38.9531008829428,0.369677158348504,0,9360.88075934955,0
1705,38.9968194341787,0.369876106933014,0,9366.36305009843,0
1706,39.0405498517676,0.370075070671175,0,9371.84534508454,0
1707,39.0842920360403,0.370274047205314,0,9377.32764430602,0
1708,39.1280458878827,0.370473034200722,0,9382.80994776097,0
1709,39.1718113087309,0.370672029345458,0,9388.29225544754,0
1710,39.2155882005676,0.370871030350185,0,9393.77456736386,0
1711,39.259376465917,0.371070034947969,0,9399.25688350805,0
1712,39.3031760078412,0.371269040894092,0,9404.73920387824,0
1713,39.3469867299358,0.371468045965892,0,9410.22152847257,0
1714,39.3908085363256,0.37166704796256,0,9415.70385728917,0
1715,39.4346413316606,0.371866044704965,0,9421.18619032617,0
1716,39.4784850211118,0.372065034035494,0,9426.66852758171,0
1717,39.5223395103669,0.372264013817853,0,9432.15086905391,0
1718,39.5662047056268,0.372462981936898,0,9437.63321474091,0
1719,39.6100805136009,0.372661936298477,0,9443.11556464086,0
1720,39.6539668415036,0.372860874829236,0,9448.59791875188,0
1721,39.6978635970499,0.373059795476453,0,9454.08027707211,0
1722,39.7417706884515,0.373258696207888,0,9459.56263959968,0
1723,39.7856880244133,0.373457575011586,0,9465.04500633275,0
1724,39.8296155141292,0.373656429895723,0,9470.52737726943,0
1725,39.8735530672779,0.373855258888452,0,9476.00975240788,0
1726,39.9175005940197,0.374054060037715,0,9481.49213174624,0
1727,39.9614580049921,0.374252831411092,0,9486.97451528263,0
1728,40.0054252113064,0.374451571095648,0,9492.45690301522,0
1729,40.0494021245439,0.374650277197755,0,9497.93929494212,0
1730,40.0933886567519,0.374848947842938,0,9503.42169106149,0
1731,40.1373847204403,0.375047581175731,0,9508.90409137148,0
1732,40.1813902285777,0.375246175359495,0,9514.38649587022,0
1733,40.2254050945881,0.375444728576282,0,9519.86890455586,0
1734,40.2694292323466,0.375643239026678,0,9525.35131742655,0
1735,40.3134625561769,0.375841704929635,0,9530.83373448042,0
1736,40.3575049808465,0.376040124522339,0,9536.31615571563,0
1737,40.401556421564,0.376238496060049,0,9541.79858113032,0
1738,40.4456167939757,0.376436817815941,0,9547.28101072263,0
1739,40.4896860141612,0.376635088080975,0,9552.76344449073,0
1740,40.533763998631,0.376833305163739,0,9558.24588243275,0
1741,40.5778506643225,0.377031467390294,0,9563.72832454684,0
1742,40.6219459285968,0.377229573104049,0,9569.21077083116,0
1743,40.6660497092353,0.377427620665606,0,9574.69322128385,0
1744,40.7101619244364,0.377625608452606,0,9580.17567590306,0
1745,40.7542824928119,0.377823534859614,0,9585.65813468696,0
1746,40.7984113333845,0.378021398297958,0,9591.14059763368,0
1747,40.8425483655837,0.37821919719559,0,9596.62306474138,0
1748,40.886693509243,0.378416929996965,0,9602.10553600822,0
1749,40.9308466845966,0.378614595162886,0,9607.58801143234,0
1750,40.9750078122767,0.378812191170369,0,9613.07049101191,0
1751,41.0191768133093,0.379009716512527,0,9618.55297474508,0
1752,41.0633536091122,0.379207169698413,0,9624.03546263,0
1753,41.1075381214915,0.379404549252897,0,9629.51795466483,0
1754,41.1517302726382,0.379601853716544,0,9635.00045084773,0
1755,41.1959299851259,0.379799081645464,0,9640.48295117686,0
1756,41.2401371819072,0.379996231611196,0,9645.96545565036,0
1757,41.2843517863108,0.38019330220058,0,9651.44796426641,0
1758,41.3285737220391,0.380390292015618,0,9656.93047702316,0
1759,41.3728029131645,0.380587199673362,0,9662.41299391877,0
1760,41.4170392841272,0.380784023805781,0,9667.8955149514,0
1761,41.461282759732,0.380980763059635,0,9673.37804011922,0
1762,41.5055332651454,0.381177416096355,0,9678.86056942037,0
1763,41.5497907258928,0.381373981591925,0,9684.34310285304,0
1764,41.5940550678564,0.381570458236746,0,9689.82564041537,0
1765,41.6383262172711,0.381766844735534,0,9695.30818210553,0
1766,41.6826041007229,0.381963139807192,0,9700.79072792169,0
1767,41.7268886451464,0.382159342184682,0,9706.27327786201,0
1768,41.7711797778205,0.38235545061493,0,9711.75583192466,0
1769,41.8154774263677,0.382551463858688,0,9717.2383901078,0
1770,41.8597815187503,0.382747380690429,0,9722.7209524096,0
1771,41.9040919832679,0.382943199898234,0,9728.20351882822,0
1772,41.9484087485554,0.383138920283672,0,9733.68608936184,0
1773,41.9927317435801,0.383334540661688,0,9739.16866400861,0
1774,42.0370608976386,0.383530059860501,0,9744.65124276672,0
1775,42.0813961403555,0.383725476721477,0,9750.13382563432,0
1776,42.1257374016801,0.383920790099033,0,9755.61641260958,0
1777,42.1700846118839,0.384115998860523,0,9761.0990036907,0
1778,42.214437701559,0.384311101886126,0,9766.58159887581,0
1779,42.2587966016143,0.384506098068743,0,9772.0641981631,0
1780,42.3031612432745,0.384700986313894,0,9777.54680155075,0
1781,42.3475315580774,0.384895765539602,0,9783.02940903692,0
1782,42.3919074778707,0.385090434676298,0,9788.51202061979,0
1783,42.4362889348107,0.385284992666715,0,9793.99463629754,0
1784,42.48067586136,0.385479438465779,0,9799.47725606832,0
1785,42.5250681902844,0.385673771040516,0,9804.95987993033,0
1786,42.5694658546513,0.385867989369946,0,9810.44250788174,0
1787,42.6138687878278,0.386062092444979,0,9815.92513992071,0
1788,42.6582769234773,0.386256079268324,0,9821.40777604543,0
1789,42.702690195559,0.386449948854384,0,9826.89041625408,0
1790,42.7471085383244,0.386643700229157,0,9832.37306054483,0
1791,42.7915318863153,0.386837332430146,0,9837.85570891586,0
1792,42.8359601743629,0.387030844506252,0,9843.33836136535,0
1793,42.8803933375843,0.387224235517689,0,9848.82101789148,0
1794,42.9248313113809,0.387417504535883,0,9854.30367849243,0
1795,42.9692740314371,0.387610650643378,0,9859.78634316638,0
1796,43.0137214337171,0.387803672933745,0,9865.2690119115,0
1797,43.0581734544635,0.387996570511491,0,9870.75168472599,0
1798,43.1026300301957,0.38818934249196,0,9876.23436160802,0
1799,43.1470910977072,0.38838198800125,0,9881.71704255577,0
1800,43.191556594064,0.388574506176121,0,9887.19972756743,0
1801,43.2360264566032,0.388766896163897,0,9892.68241664119,0
1802,43.2805006229299,0.388959157122394,0,9898.16510977522,0
1803,43.3249790309164,0.389151288219815,0,9903.64780696772,0
1804,43.3694616187002,0.389343288634671,0,9909.13050821685,0
1805,43.4139483246815,0.389535157555697,0,9914.61321352082,0
1806,43.4584390875222,0.389726894181757,0,9920.09592287781,0
1807,43.5029338461437,0.389918497721767,0,9925.578636286,0
1808,43.547432539725,0.390109967394608,0,9931.06135374358,0
1809,43.5919351077015,0.39030130242904,0,9936.54407524874,0
1810,43.6364414897625,0.39049250206362,0,9942.02680079967,0
1811,43.6809516258499,0.390683565546623,0,9947.50953039457,0
1812,43.725465456157,0.390874492135953,0,9952.9922640316,0
1813,43.7699829211256,0.391065281099071,0,9958.47500170897,0
1814,43.8145039614456,0.391255931712906,0,9963.95774342487,0
1815,43.8590285180524,0.391446443263779,0,9969.44048917749,0
1816,43.9035565321258,0.391636815047327,0,9974.92323896502,0
1817,43.9480879450883,0.391827046368416,0,9980.40599278565,0
1818,43.9926226986035,0.392017136541071,0,9985.88875063757,0
1819,44.0371607345742,0.392207084888398,0,9991.37151251898,0
1820,44.0817019951415,0.392396890742501,0,9996.85427842807,0
1821,44.1262464226828,0.392586553444412,0,10002.337048363,0
1822,44.17079395981,0.392776072344016,0,10007.8198223221,0
1823,44.215344549369,0.39296544679997,0,10013.3026003034,0
1824,44.2598981344368,0.393154676179637,0,10018.7853823051,0
1825,44.3044546583213,0.393343759859007,0,10024.2681683256,0
1826,44.3490140645594,0.393532697222624,0,10029.7509583628,0
1827,44.3935762969149,0.393721487663515,0,10035.2337524152,0
1828,44.438141299378,0.393910130583121,0,10040.7165504808,0
1829,44.4827090161639,0.39409862539122,0,10046.1993525578,0
1830,44.5272793917103,0.39428697150586,0,10051.6821586445,0
1831,44.5718523706771,0.394475168353289,0,10057.164968739,0
1832,44.6164278979449,0.394663215367883,0,10062.6477828395,0
1833,44.6610059186127,0.394851111992081,0,10068.1306009444,0
1834,44.7055863779982,0.395038857676312,0,10073.6134230516,0
1835,44.7501692216348,0.39522645187893,0,10079.0962491595,0
1836,44.7947543952714,0.395413894066146,0,10084.5790792663,0
1837,44.8393418448708,0.395601183711963,0,10090.0619133701,0
1838,44.8839315166079,0.395788320298105,0,10095.5447514692,0
1839,44.9285233568694,0.395975303313956,0,10101.0275935617,0
1840,44.9731173122519,0.396162132256493,0,10106.5104396459,0
1841,45.0177133295603,0.396348806630222,0,10111.9932897199,0
1842,45.0623113558077,0.396535325947111,0,10117.4761437821,0
1843,45.1069113382133,0.39672168972653,0,10122.9590018305,0
1844,45.1515132242009,0.396907897495187,0,10128.4418638634,0
1845,45.1961169613993,0.397093948787064,0,10133.924729879,0
1846,45.240722497639,0.397279843143356,0,10139.4075998755,0
1847,45.2853297809525,0.397465580112408,0,10144.8904738511,0
1848,45.329938759573,0.397651159249655,0,10150.373351804,0
1849,45.3745493819324,0.397836580117563,0,10155.8562337324,0
1850,45.4191615966609,0.398021842285564,0,10161.3391196345,0
1851,45.4637753525863,0.398206945330002,0,10166.8220095086,0
1852,45.5083905987313,0.398391888834068,0,10172.3049033529,0
1853,45.5530072843142,0.398576672387746,0,10177.7878011655,0
1854,45.5976253587468,0.398761295587753,0,10183.2707029447,0
1855,45.6422447716333,0.39894575803748,0,10188.7536086887,0
1856,45.6868654727699,0.399130059346935,0,10194.2365183956,0
1857,45.731487412143,0.399314199132689,0,10199.7194320638,0
1858,45.7761105399284,0.399498177017813,0,10205.2023496914,0
1859,45.8207348064908,0.39968199263183,0,10210.6852712766,0
1860,45.8653601623818,0.399865645610653,0,10216.1681968177,0
1861,45.9099865583398,0.400049135596531,0,10221.6511263128,0
1862,45.9546139452885,0.400232462238,0,10227.1340597602,0
1863,45.9992422743356,0.400415625189818,0,10232.6169971581,0
1864,46.0438714967729,0.40059862411292,0,10238.0999385048,0
1865,46.0885015640743,0.400781458674363,0,10243.5828837983,0
1866,46.133132427895,0.400964128547269,0,10249.065833037,0
1867,46.1777640400713,0.401146633410775,0,10254.548786219,0
1868,46.2223963526184,0.401328972949982,0,10260.0317433427,0
1869,46.2670293177307,0.4015111468559,0,10265.5147044061,0
1870,46.3116628877801,0.401693154825399,0,10270.9976694075,0
1871,46.3562970153152,0.401874996561157,0,10276.4806383452,0
1872,46.4009316530607,0.402056671771609,0,10281.9636112173,0
1873,46.4455667539162,0.402238180170898,0,10287.4465880221,0
1874,46.4902022709551,0.402419521478824,0,10292.9295687578,0
1875,46.5348381574248,0.402600695420794,0,10298.4125534226,0
1876,46.5794743667443,0.402781701727775,0,10303.8955420147,0
1877,46.6241108525041,0.402962540136242,0,10309.3785345324,0
1878,46.6687475684659,0.403143210388133,0,10314.8615309739,0
1879,46.7133844685605,0.403323712230799,0,10320.3445313374,0
1880,46.758021506888,0.403504045416957,0,10325.8275356212,0
1881,46.8026586377164,0.403684209704644,0,10331.3105438233,0
1882,46.8472958154809,0.403864204857164,0,10336.7935559422,0
1883,46.8919329947834,0.404044030643051,0,10342.2765719759,0
1884,46.9365701303911,0.404223686836017,0,10347.7595919228,0
1885,46.981207177236,0.404403173214905,0,10353.2426157811,0
1886,47.0258440904144,0.404582489563648,0,10358.7256435489,0
1887,47.0704808251855,0.404761635671219,0,10364.2086752245,0
1888,47.1151173369709,0.40494061133159,0,10369.6917108062,0
1889,47.1597535813542,0.405119416343688,0,10375.1747502921,0
1890,47.2043895140793,0.405298050511344,0,10380.6577936806,0
1891,47.2490250910507,0.405476513643259,0,10386.1408409697,0
1892,47.2936602683321,0.405654805552955,0,10391.6238921578,0
1893,47.3382950021453,0.405832926058729,0,10397.1069472431,0
1894,47.3829292488707,0.406010874983618,0,10402.5900062238,0
1895,47.4275629650452,0.406188652155351,0,10408.0730690981,0
1896,47.4721961073623,0.406366257406305,0,10413.5561358643,0
1897,47.5168286326713,0.406543690573473,0,10419.0392065206,0
1898,47.5614604979757,0.406720951498409,0,10424.5222810653,0
1899,47.606091660434,0.406898040027197,0,10430.0053594965,0
1900,47.6507220773578,0.407074956010407,0,10435.4884418125,0
1901,47.6953517062112,0.407251699303051,0,10440.9715280115,0
1902,47.7399805046109,0.407428269764548,0,10446.4546180919,0
1903,47.7846084303246,0.407604667258683,0,10451.9377120517,0
1904,47.8292354412704,0.40778089165356,0,10457.4208098893,0
1905,47.8738614955173,0.407956942821578,0,10462.9039116028,0
1906,47.9184865512825,0.408132820639374,0,10468.3870171905,0
1907,47.9631105669327,0.408308524987795,0,10473.8701266507,0
1908,48.0077335009821,0.408484055751861,0,10479.3532399816,0
1909,48.052355312092,0.408659412820717,0,10484.8363571814,0
1910,48.096975959071,0.408834596087605,0,10490.3194782484,0
1911,48.1415954008731,0.409009605449821,0,10495.8026031807,0
1912,48.1862135965977,0.409184440808677,0,10501.2857319767,0
1913,48.2308305054893,0.40935910206947,0,10506.7688646346,0
1914,48.2754460869357,0.409533589141436,0,10512.2520011526,0
1915,48.3200603004688,0.40970790193772,0,10517.7351415289,0
1916,48.3646731057629,0.409882040375342,0,10523.2182857618,0
1917,48.4092844626342,0.41005600437515,0,10528.7014338496,0
1918,48.4538943310412,0.410229793861797,0,10534.1845857904,0
1919,48.4985026710823,0.410403408763696,0,10539.6677415826,0
1920,48.5431094429969,0.410576849012989,0,10545.1509012243,0
1921,48.5877146071638,0.410750114545516,0,10550.6340647138,0
1922,48.6323181241006,0.410923205300768,0,10556.1172320494,0
1923,48.6769199544639,0.411096121221866,0,10561.6004032292,0
1924,48.7215200590478,0.411268862255522,0,10567.0835782516,0
1925,48.7661183987835,0.411441428351997,0,10572.5667571148,0
1926,48.8107149347392,0.411613819465083,0,10578.049939817,0
1927,48.8553096281188,0.411786035552056,0,10583.5331263564,0
1928,48.899902440262,0.411958076573648,0,10589.0163167314,0
1929,48.9444933326434,0.412129942494017,0,10594.4995109402,0
1930,48.9890822668715,0.412301633280708,0,10599.9827089809,0
1931,49.033669204689,0.412473148904623,0,10605.4659108519,0
1932,49.0782541079715,0.412644489339994,0,10610.9491165515,0
1933,49.1228369387273,0.41281565456434,0,10616.4323260777,0
1934,49.1674176590968,0.412986644558449,0,10621.915539429,0
1935,49.2119962313517,0.413157459306333,0,10627.3987566035,0
1936,49.2565726178946,0.413328098795203,0,10632.8819775995,0
1937,49.301146781259,0.413498563015445,0,10638.3652024153,0
1938,49.3457186841072,0.413668851960571,0,10643.848431049,0
1939,49.3902882892317,0.413838965627208,0,10649.3316634991,0
1940,49.4348555595532,0.414008904015057,0,10654.8148997636,0
1941,49.4794204581206,0.414178667126858,0,10660.2981398409,0
1942,49.5239829481107,0.414348254968379,0,10665.7813837291,0
1943,49.5685429928271,0.414517667548363,0,10671.2646314267,0
1944,49.6131005557,0.414686904878513,0,10676.7478829317,0
1945,49.6576556002858,0.414855966973464,0,10682.2311382425,0
1946,49.702208090266,0.415024853850742,0,10687.7143973574,0
1947,49.7467579894476,0.415193565530746,0,10693.1976602745,0
1948,49.7913052617616,0.415362102036717,0,10698.6809269921,0
1949,49.8358498712629,0.415530463394702,0,10704.1641975085,0
1950,49.8803917821304,0.415698649633542,0,10709.647471822,0
1951,49.9249309586648,0.415866660784824,0,10715.1307499307,0
1952,49.9694673652903,0.416034496882868,0,10720.6140318331,0
1953,50.0140009665522,0.416202157964695,0,10726.0973175272,0
1954,50.0585317271174,0.416369644069995,0,10731.5806070114,0
1955,50.1030596117737,0.416536955241111,0,10737.0639002839,0
1956,50.147584585429,0.416704091522998,0,10742.547197343,0
1957,50.1921066131113,0.416871052963204,0,10748.0304981869,0
1958,50.2366256599677,0.417037839611849,0,10753.513802814,0
1959,50.2811416912642,0.417204451521581,0,10758.9971112224,0
1960,50.3256546723853,0.417370888747571,0,10764.4804234104,0
1961,50.3701645688331,0.417537151347473,0,10769.9637393763,0
1962,50.414671346227,0.417703239381396,0,10775.4470591183,0
1963,50.4591749703037,0.417869152911896,0,10780.9303826348,0
1964,50.5036754069156,0.418034892003929,0,10786.4137099239,0
1965,50.5481726220315,0.418200456724838,0,10791.897040984,0
1966,50.5926665817356,0.418365847144331,0,10797.3803758132,0
1967,50.6371572522266,0.41853106333444,0,10802.8637144099,0
1968,50.6816445998182,0.418696105369516,0,10808.3470567724,0
1969,50.7261285909375,0.418860973326192,0,10813.8304028988,0
1970,50.7706091921255,0.419025667283358,0,10819.3137527874,0
1971,50.8150863700362,0.419190187322149,0,10824.7971064366,0
1972,50.8595600914357,0.419354533525905,0,10830.2804638445,0
1973,50.9040303232027,0.419518705980158,0,10835.7638250095,0
1974,50.9484970323274,0.419682704772607,0,10841.2471899298,0
1975,50.9929601859108,0.419846529993087,0,10846.7305586037,0
1976,51.037419751165,0.42001018173356,0,10852.2139310294,0
1977,51.081875695412,0.420173660088075,0,10857.6973072053,0
1978,51.1263279860838,0.420336965152757,0,10863.1806871295,0
1979,51.1707765907215,0.420500097025783,0,10868.6640708004,0
1980,51.2152214769751,0.42066305580735,0,10874.1474582162,0
1981,51.2596626126031,0.420825841599667,0,10879.6308493751,0
1982,51.3040999654718,0.420988454506922,0,10885.1142442756,0
1983,51.3485335035548,0.42115089463526,0,10890.5976429157,0
1984,51.3929631949332,0.421313162092771,0,10896.0810452939,0
1985,51.4373890077942,0.421475256989454,0,10901.5644514083,0
1986,51.4818109104314,0.421637179437209,0,10907.0478612573,0
1987,51.526228871244,0.421798929549806,0,10912.531274839,0
1988,51.5706428587363,0.421960507442864,0,10918.0146921519,0
1989,51.6150528415179,0.422121913233842,0,10923.4981131941,0
1990,51.659458788302,0.422283147041997,0,10928.981537964,0
1991,51.7038606679063,0.422444208988383,0,10934.4649664597,0
1992,51.7482584492518,0.422605099195823,0,10939.9483986797,0
1993,51.7926521013623,0.42276581778888,0,10945.4318346221,0
1994,51.8370415933647,0.422926364893854,0,10950.9152742852,0
1995,51.8814268944877,0.423086740638744,0,10956.3987176673,0
1996,51.9258079740618,0.42324694515324,0,10961.8821647667,0
1997,51.970184801519,0.423406978568702,0,10967.3656155817,0
1998,52.0145573463917,0.423566841018129,0,10972.8490701105,0
1999,52.0589255783134,0.423726532636157,0,10978.3325283514,0
2000,52.1032894670172,0.423886053559026,0,10983.8159903027,0
2001,52.1476489823358,0.424045403924562,0,10989.2994559626,0
2002,52.1920040942013,0.42420458387217,0,10994.7829253295,0
2003,52.2363547726443,0.424363593542795,0,11000.2663984016,0
2004,52.2807009877941,0.424522433078922,0,11005.7498751772,0
2005,52.3250427098775,0.424681102624547,0,11011.2333556546,0
2006,52.3693799092189,0.424839602325155,0,11016.7168398321,0
2007,52.4137125562401,0.424997932327719,0,11022.2003277079,0
2008,52.4580406214591,0.425156092780658,0,11027.6838192803,0
2009,52.5023640754906,0.425314083833835,0,11033.1673145477,0
2010,52.5466828890447,0.425471905638542,0,11038.6508135082,0
2011,52.5909970329271,0.425629558347459,0,11044.1343161602,0
2012,52.6353064780388,0.425787042114668,0,11049.6178225019,0
2013,52.679611195375,0.42594435709561,0,11055.1013325317,0
2014,52.7239111560253,0.426101503447077,0,11060.5848462478,0
2015,52.7682063311731,0.426258481327202,0,11066.0683636484,0
2016,52.8124966920949,0.426415290895423,0,11071.551884732,0
2017,52.8567822101608,0.426571932312487,0,11077.0354094968,0
2018,52.9010628568329,0.42672840574042,0,11082.518937941,0
2019,52.9453386036656,0.426884711342509,0,11088.0024700629,0
2020,52.9896094223055,0.4270408492833,0,11093.4860058609,0
2021,53.03387528449,0.427196819728557,0,11098.9695453332,0
2022,53.0781361620479,0.427352622845274,0,11104.453088478,0
2023,53.1223920268983,0.427508258801636,0,11109.9366352938,0
2024,53.1666428510508,0.42766372776701,0,11115.4201857788,0
2025,53.2108886066046,0.42781902991194,0,11120.9037399312,0
2026,53.2551292657483,0.427974165408109,0,11126.3872977493,0
2027,53.2993648007596,0.428129134428342,0,11131.8708592315,0
2028,53.3435951840049,0.428283937146587,0,11137.3544243761,0
2029,53.3878203879386,0.428438573737885,0,11142.8379931812,0
2030,53.4320403851035,0.428593044378381,0,11148.3215656453,0
2031,53.4762551481289,0.428747349245278,0,11153.8051417666,0
2032,53.5204646497322,0.428901488516848,0,11159.2887215433,0
2033,53.564668862717,0.429055462372405,0,11164.7723049739,0
2034,53.608867759973,0.429209270992283,0,11170.2558920565,0
2035,53.6530613144766,0.429362914557842,0,11175.7394827895,0
2036,53.697249499289,0.42951639325143,0,11181.2230771711,0
2037,53.741432287557,0.429669707256384,0,11186.7066751998,0
2038,53.7856096525119,0.429822856757012,0,11192.1902768736,0
2039,53.8297815674697,0.429975841938571,0,11197.673882191,0
2040,53.8739480058305,0.430128662987268,0,11203.1574911502,0
2041,53.9181089410778,0.430281320090229,0,11208.6411037496,0
2042,53.9622643467784,0.430433813435493,0,11214.1247199874,0
2043,54.0064141965825,0.430586143212009,0,11219.6083398619,0
2044,54.0505584642224,0.430738309609594,0,11225.0919633715,0
2045,54.0946971235127,0.430890312818952,0,11230.5755905143,0
2046,54.1388301483499,0.431042153031635,0,11236.0592212888,0
2047,54.1829575127118,0.431193830440041,0,11241.5428556931,0
2048,54.2270791906577,0.431345345237406,0,11247.0264937257,0
2049,54.2711951563272,0.431496697617772,0,11252.5101353848,0
2050,54.3153053839404,0.431647887775997,0,11257.9937806687,0
2051,54.3594098477976,0.431798915907725,0,11263.4774295757,0
2052,54.4035085222784,0.431949782209375,0,11268.9610821041,0
2053,54.4476013818421,0.432100486878144,0,11274.4447382522,0
2054,54.4916884010265,0.432251030111967,0,11279.9283980183,0
2055,54.5357695544484,0.432401412109532,0,11285.4120614007,0
2056,54.5798448168024,0.43255163307025,0,11290.8957283977,0
2057,54.6239141628614,0.432701693194242,0,11296.3793990076,0
2058,54.6679775674755,0.432851592682348,0,11301.8630732288,0
2059,54.712035005572,0.43300133173608,0,11307.3467510594,0
2060,54.7560864521551,0.433150910557644,0,11312.8304324979,0
2061,54.8001318823054,0.433300329349908,0,11318.3141175424,0
2062,54.8441712711797,0.433449588316389,0,11323.7978061914,0
2063,54.8882045940105,0.433598687661261,0,11329.2814984432,0
2064,54.9322318261057,0.433747627589315,0,11334.7651942959,0
2065,54.9762529428484,0.433896408305974,0,11340.248893748,0
2066,55.0202679196962,0.434045030017264,0,11345.7325967977,0
2067,55.0642767321812,0.434193492929803,0,11351.2163034434,0
2068,55.1082793559097,0.434341797250812,0,11356.7000136833,0
2069,55.1522757665614,0.434489943188064,0,11362.1837275158,0
2070,55.1962659398899,0.434637930949915,0,11367.6674449391,0
2071,55.2402498517211,0.434785760745265,0,11373.1511659516,0
2072,55.2842274779542,0.43493343278355,0,11378.6348905516,0
2073,55.3281987945606,0.435080947274754,0,11384.1186187374,0
2074,55.3721637775834,0.435228304429361,0,11389.6023505073,0
2075,55.416122403138,0.435375504458379,0,11395.0860858596,0
2076,55.4600746474107,0.435522547573312,0,11400.5698247926,0
2077,55.504020486659,0.435669433986142,0,11406.0535673046,0
2078,55.5479598972111,0.435816163909349,0,11411.537313394,0
2079,55.5918928554654,0.435962737555859,0,11417.021063059,0
2080,55.6358193378909,0.436109155139073,0,11422.504816298,0
2081,55.6797393210256,0.436255416872832,0,11427.9885731092,0
2082,55.7236527814774,0.43640152297141,0,11433.4723334911,0
2083,55.7675596959233,0.436547473649523,0,11438.9560974418,0
2084,55.8114600411086,0.436693269122286,0,11444.4398649597,0
2085,55.8553537938475,0.436838909605239,0,11449.9236360432,0
2086,55.8992409310223,0.436984395314311,0,11455.4074106905,0
2087,55.9431214295827,0.43712972646582,0,11460.8911888999,0
2088,55.9869952665465,0.437274903276471,0,11466.3749706698,0
2089,56.0308624189979,0.437419925963327,0,11471.8587559985,0
2090,56.0747228640888,0.437564794743822,0,11477.3425448842,0
2091,56.1185765790371,0.437709509835739,0,11482.8263373254,0
2092,56.162423541127,0.437854071457195,0,11488.3101333203,0
2093,56.206263727709,0.437998479826657,0,11493.7939328672,0
2094,56.2500971161986,0.438142735162896,0,11499.2777359645,0
2095,56.2939236840771,0.438286837685015,0,11504.7615426105,0
2096,56.3377434088907,0.438430787612417,0,11510.2453528035,0
2097,56.3815562682501,0.438574585164798,0,11515.7291665417,0
2098,56.4253622398307,0.438718230562155,0,11521.2129838236,0
2099,56.4691613013716,0.438861724024751,0,11526.6968046475,0
2100,56.5129534306762,0.439005065773134,0,11532.1806290116,0
2101,56.5567386056109,0.439148256028108,0,11537.6644569143,0
2102,56.6005168041056,0.439291295010732,0,11543.1482883539,0
2103,56.6442880041532,0.43943418294232,0,11548.6321233288,0
2104,56.6880521838085,0.439576920044412,0,11554.1159618372,0
2105,56.7318093211896,0.439719506538791,0,11559.5998038775,0
2106,56.7755593944757,0.439861942647456,0,11565.0836494479,0
2107,56.8193023819085,0.440004228592618,0,11570.5674985469,0
2108,56.8630382617906,0.440146364596707,0,11576.0513511727,0
2109,56.9067670124858,0.440288350882335,0,11581.5352073237,0
2110,56.950488612419,0.440430187672321,0,11587.0190669982,0
2111,56.9942030400754,0.440571875189657,0,11592.5029301945,0
2112,57.0379102740005,0.440713413657513,0,11597.9867969109,0
2113,57.0816102928001,0.440854803299236,0,11603.4706671457,0
2114,57.1253030751391,0.440996044338317,0,11608.9545408974,0
2115,57.1689885997426,0.441137136998421,0,11614.4384181642,0
2116,57.2126668453941,0.441278081503341,0,11619.9222989444,0
2117,57.2563377909364,0.44141887807702,0,11625.4061832363,0
2118,57.3000014152709,0.441559526943535,0,11630.8900710384,0
2119,57.343657697357,0.441700028327073,0,11636.3739623489,0
2120,57.3873066162124,0.44184038245196,0,11641.8578571661,0
2121,57.4309481509123,0.441980589542613,0,11647.3417554884,0
2122,57.4745822805897,0.442120649823565,0,11652.8256573141,0
2123,57.5182089844346,0.442260563519445,0,11658.3095626415,0
2124,57.561828241694,0.442400330854965,0,11663.7934714689,0
2125,57.6054400316715,0.442539952054935,0,11669.2773837948,0
2126,57.6490443337272,0.442679427344224,0,11674.7612996174,0
2127,57.6926411272772,0.442818756947787,0,11680.245218935,0
2128,57.7362303917936,0.442957941090636,0,11685.729141746,0
2129,57.7798121068039,0.443096979997837,0,11691.2130680488,0
2130,57.8233862518915,0.443235873894521,0,11696.6969978415,0
2131,57.8669528066939,0.443374623005847,0,11702.1809311227,0
2132,57.9105117509044,0.443513227557026,0,11707.6648678905,0
2133,57.9540630642702,0.443651687773296,0,11713.1488081434,0
2134,57.9976067265931,0.443790003879918,0,11718.6327518797,0
2135,58.0411427177288,0.443928176102186,0,11724.1166990977,0
2136,58.0846710175869,0.444066204665392,0,11729.6006497957,0
2137,58.1281916061305,0.444204089794852,0,11735.0846039721,0
2138,58.1717044633758,0.444341831715875,0,11740.5685616253,0
2139,58.2152095693922,0.444479430653767,0,11746.0525227534,0
2140,58.258706904302,0.444616886833837,0,11751.536487355,0
2141,58.3021964482797,0.44475420048136,0,11757.0204554282,0
2142,58.3456781815522,0.444891371821613,0,11762.5044269716,0
2143,58.3891520843987,0.445028401079829,0,11767.9884019833,0
2144,58.4326181371496,0.445165288481219,0,11773.4723804618,0
2145,58.4760763201875,0.445302034250961,0,11778.9563624053,0
2146,58.5195266139456,0.445438638614179,0,11784.4403478122,0
2147,58.5629689989089,0.445575101795965,0,11789.9243366809,0
2148,58.6064034556126,0.445711424021344,0,11795.4083290097,0
2149,58.6498299646428,0.445847605515295,0,11800.8923247969,0
2150,58.6932485066358,0.44598364650273,0,11806.3763240409,0
2151,58.736659062278,0.446119547208489,0,11811.86032674,0
2152,58.7800616123058,0.44625530785735,0,11817.3443328925,0
2153,58.8234561375049,0.446390928673999,0,11822.8283424968,0
2154,58.8668426187108,0.446526409883052,0,11828.3123555513,0
2155,58.9102210368079,0.446661751709031,0,11833.7963720542,0
2156,58.9535913727296,0.446796954376364,0,11839.2803920039,0
2157,58.996953607458,0.446932018109392,0,11844.7644153988,0
2158,59.0403077220236,0.447066943132338,0,11850.2484422372,0
2159,59.0836536975053,0.447201729669336,0,11855.7324725175,0
2160,59.1269915150298,0.447336377944395,0,11861.2165062379,0
2161,59.1703211557719,0.447470888181414,0,11866.7005433969,0
2162,59.2136426009537,0.447605260604177,0,11872.1845839928,0
2163,59.2569558318447,0.44773949543633,0,11877.6686280239,0
2164,59.3002608297617,0.447873592901408,0,11883.1526754885,0
2165,59.343557576068,0.448007553222795,0,11888.6367263851,0
2166,59.3868460521742,0.44814137662375,0,11894.1207807119,0
2167,59.4301262395368,0.448275063327386,0,11899.6048384674,0
2168,59.4733981196589,0.448408613556664,0,11905.0888996498,0
2169,59.5166616740896,0.448542027534411,0,11910.5729642575,0
2170,59.5599168844236,0.448675305483279,0,11916.0570322889,0
2171,59.6031637323016,0.44880844762578,0,11921.5411037423,0
2172,59.6464021994092,0.448941454184253,0,11927.025178616,0
2173,59.6896322674777,0.449074325380871,0,11932.5092569085,0
2174,59.7328539182831,0.449207061437647,0,11937.9933386179,0
2175,59.7760671336463,0.449339662576405,0,11943.4774237428,0
2176,59.8192718954326,0.449472129018806,0,11948.9615122815,0
2177,59.8624681855519,0.449604460986319,0,11954.4456042323,0
2178,59.9056559859581,0.44973665870023,0,11959.9296995935,0
2179,59.9488352786492,0.449868722381644,0,11965.4137983635,0
2180,59.9920060456667,0.450000652251458,0,11970.8979005407,0
2181,60.0351682690961,0.450132448530394,0,11976.3820061234,0
2182,60.0783219310657,0.45026411143895,0,11981.86611511,0
2183,60.1214670137474,0.450395641197443,0,11987.3502274988,0
2184,60.164603499356,0.45052703802597,0,11992.8343432881,0
2185,60.2077313701489,0.45065830214442,0,11998.3184624764,0
2186,60.2508506084263,0.450789433772479,0,12003.802585062,0
2187,60.2939611965305,0.450920433129598,0,12009.2867110433,0
2188,60.3370631168463,0.451051300435027,0,12014.7708404185,0
2189,60.3801563518002,0.45118203590778,0,12020.2549731861,0
2190,60.4232408838607,0.451312639766649,0,12025.7391093444,0
2191,60.4663166955381,0.451443112230202,0,12031.2232488917,0
2192,60.5093837693837,0.451573453516761,0,12036.7073918265,0
2193,60.5524420879905,0.45170366384443,0,12042.1915381471,0
2194,60.595491633992,0.451833743431059,0,12047.6756878518,0
2195,60.6385323900632,0.451963692494266,0,12053.159840939,0
2196,60.6815643389196,0.452093511251421,0,12058.643997407,0
2197,60.7245874633168,0.452223199919643,0,12064.1281572543,0
2198,60.7676017460516,0.452352758715814,0,12069.6123204792,0
2199,60.81060716996,0.452482187856544,0,12075.09648708,0
2200,60.8536037179187,0.452611487558204,0,12080.5806570551,0
2201,60.8965913728438,0.452740658036897,0,12086.0648304028,0
2202,60.9395701176912,0.452869699508465,0,12091.5490071216,0
2203,60.9825399354562,0.452998612188494,0,12097.0331872098,0
2204,61.0255008091734,0.453127396292289,0,12102.5173706657,0
2205,61.0684527219167,0.453256052034907,0,12108.0015574877,0
2206,61.1113956567985,0.453384579631109,0,12113.4857476742,0
2207,61.1543295969703,0.453512979295402,0,12118.9699412235,0
2208,61.1972545256222,0.453641251242006,0,12124.4541381341,0
2209,61.2401704259826,0.453769395684859,0,12129.9383384042,0
2210,61.2830772813183,0.453897412837633,0,12135.4225420322,0
2211,61.3259750749339,0.454025302913695,0,12140.9067490165,0
2212,61.3688637901724,0.454153066126145,0,12146.3909593555,0
2213,61.4117434104141,0.454280702687781,0,12151.8751730475,0
2214,61.4546139190773,0.454408212811115,0,12157.3593900909,0
2215,61.4974752996177,0.454535596708371,0,12162.8436104841,0
2216,61.5403275355279,0.454662854591466,0,12168.3278342254,0
2217,61.5831706103382,0.454789986672035,0,12173.8120613132,0
2218,61.6260045076153,0.454916993161396,0,12179.2962917458,0
2219,61.6688292109632,0.455043874270582,0,12184.7805255217,0
2220,61.7116447040223,0.455170630210313,0,12190.2647626392,0
2221,61.7544509704696,0.455297261191,0,12195.7490030967,0
2222,61.7972479940184,0.455423767422762,0,12201.2332468925,0
2223,61.8400357584181,0.455550149115386,0,12206.717494025,0
2224,61.8828142474546,0.455676406478369,0,12212.2017444926,0
2225,61.9255834449489,0.455802539720879,0,12217.6859982936,0
2226,61.9683433347587,0.455928549051777,0,12223.1702554265,0
2227,62.0110939007765,0.456054434679605,0,12228.6545158896,0
2228,62.0538351269306,0.45618019681258,0,12234.1387796812,0
2229,62.0965669971848,0.456305835658614,0,12239.6230467998,0
2230,62.1392894955376,0.456431351425274,0,12245.1073172437,0
2231,62.182002606023,0.456556744319824,0,12250.5915910113,0
2232,62.2247063127094,0.456682014549188,0,12256.075868101,0
2233,62.2674005997004,0.456807162319967,0,12261.5601485111,0
2234,62.3100854511338,0.456932187838439,0,12267.04443224,0
2235,62.3527608511821,0.457057091310535,0,12272.5287192861,0
2236,62.3954267840521,0.457181872941876,0,12278.0130096478,0
2237,62.4380832339845,0.457306532937727,0,12283.4973033234,0
2238,62.4807301852546,0.457431071503033,0,12288.9816003113,0
2239,62.523367622171,0.457555488842395,0,12294.4659006099,0
2240,62.5659955290763,0.457679785160075,0,12299.9502042176,0
2241,62.6086138903471,0.457803960660005,0,12305.4345111327,0
2242,62.6512226903928,0.457928015545757,0,12310.9188213537,0
2243,62.6938219136567,0.458051950020583,0,12316.4031348789,0
2244,62.7364115446152,0.458175764287372,0,12321.8874517067,0
2245,62.7789915677778,0.458299458548678,0,12327.3717718354,0
2246,62.8215619676869,0.458423033006708,0,12332.8560952635,0
2247,62.8641227289179,0.458546487863313,0,12338.3404219893,0
2248,62.9066738360789,0.458669823320011,0,12343.8247520112,0
2249,62.9492152738104,0.458793039577949,0,12349.3090853276,0
2250,62.9917470267857,0.458916136837942,0,12354.7934219368,0
2251,63.0342690797101,0.459039115300438,0,12360.2777618373,0
2252,63.0767814173214,0.459161975165539,0,12365.7621050275,0
2253,63.1192840243895,0.459284716632993,0,12371.2464515056,0
2254,63.1617768857161,0.459407339902181,0,12376.7308012702,0
2255,63.2042599861349,0.459529845172146,0,12382.2151543196,0
2256,63.2467333105113,0.45965223264155,0,12387.6995106521,0
2257,63.2891968437424,0.459774502508718,0,12393.1838702662,0
2258,63.3316505707567,0.459896654971598,0,12398.6682331602,0
2259,63.3740944765142,0.460018690227785,0,12404.1525993325,0
2260,63.416528546006,0.460140608474515,0,12409.6369687815,0
2261,63.4589527642545,0.460262409908647,0,12415.1213415057,0
2262,63.5013671163132,0.460384094726697,0,12420.6057175033,0
2263,63.5437715872665,0.460505663124794,0,12426.0900967728,0
2264,63.5861661622294,0.46062711529872,0,12431.5744793125,0
2265,63.6285508263481,0.46074845144388,0,12437.0588651209,0
2266,63.6709255647988,0.460869671755312,0,12442.5432541964,0
2267,63.7132903627887,0.460990776427695,0,12448.0276465372,0
2268,63.7556452055549,0.461111765655322,0,12453.5120421419,0
2269,63.7979900783656,0.461232639632139,0,12458.9964410087,0
2270,63.8403249665179,0.461353398551698,0,12464.4808431362,0
2271,63.8826498553403,0.4614740426072,0,12469.9652485226,0
2272,63.9249647301903,0.461594571991463,0,12475.4496571664,0
2273,63.9672695764558,0.461714986896932,0,12480.934069066,0
2274,64.0095643795541,0.461835287515689,0,12486.4184842197,0
2275,64.0518491249324,0.461955474039426,0,12491.902902626,0
2276,64.0941237980673,0.462075546659482,0,12497.3873242832,0
2277,64.1363883844648,0.462195505566799,0,12502.8717491897,0
2278,64.1786428696606,0.462315350951959,0,12508.356177344,0
2279,64.2208872392192,0.462435083005163,0,12513.8406087444,0
2280,64.2631214787344,0.462554701916231,0,12519.3250433893,0
2281,64.3053455738291,0.462674207874617,0,12524.8094812771,0
2282,64.3475595101552,0.462793601069382,0,12530.2939224062,0
2283,64.3897632733935,0.462912881689227,0,12535.778366775,0
2284,64.4319568492533,0.463032049922456,0,12541.2628143819,0
2285,64.4741402234727,0.46315110595701,0,12546.7472652253,0
2286,64.5163133818186,0.463270049980441,0,12552.2317193036,0
2287,64.558476310086,0.463388882179921,0,12557.7161766152,0
2288,64.6006289940987,0.463507602742253,0,12563.2006371585,0
2289,64.6427714197083,0.46362621185384,0,12568.6851009318,0
2290,65.0635690541661,0.463744709700725,0,12574.1617205011,0
2291,61.8679934733312,0.463863096468556,0,12581.1915004865,0
2292,58.7636459870936,0.463981372342603,0,12587.9522570377,0
2293,55.818281164001,0.464099537507755,0,12594.4644277149,0
2294,53.023710719668,0.464217592148523,0,12600.7763288955,0
2295,50.3727948573322,0.464335536449026,0,12606.9268719028,0
2296,47.8605625345254,0.464453370593003,0,12612.9473974288,0
2297,45.4855222407779,0.464571094763824,0,12618.8631503262,0
2298,43.2501949792744,0.464688709144453,0,12624.694466461,0
2299,41.1603037027699,0.46480621391748,0,12630.4577293655,0
2300,39.2228866251798,0.464923609265125,0,12636.166139277,0
2301,37.4441195176417,0.46504089536921,0,12641.8303323626,0
2302,35.8275773051134,0.465035265896404,0,12647.4588795888,0
2303,34.3732970719257,0.464130441957151,0,12653.0586884306,0
2304,33.0776393584226,0.463137422720728,0,12658.6353260708,0
2305,31.9336452965929,0.462059287549885,0,12664.1932798295,0
2306,30.9306717492503,0.460907835053212,0,12669.7361669434,0
2307,30.0519041884998,0.459692646293888,0,12675.2669035657,0
2308,29.2734603243368,0.458421660610883,0,12680.7878408491,0
2309,28.5698229539131,0.457101668623626,0,12686.3008744745,0
2310,27.9219383539936,0.455738758716965,0,12691.8075330807,0
2311,27.3214275369855,0.454338687994812,0,12697.309049441,0
2312,26.7689572848356,0.452907131771113,0,12702.8064177961,0
2313,26.2694814962078,0.451449791232329,0,12708.3004400681,0
2314,25.8277519796521,0.449972376574156,0,12713.7917631127,0
2315,25.4457875602069,0.448480508066223,0,12719.2809087606,0
2316,25.122313318587,0.446979583004007,0,12724.7682980125,0
2317,24.8533926477179,0.445474645609124,0,12730.2542705466,0
2318,24.6334742181176,0.44397025798966,0,12735.7391004479,0
2319,24.4563810365502,0.442470277175151,0,12741.2230088974,0
2320,24.3160282522442,0.440977496478677,0,12746.7061743977,0
2321,24.2068075778599,0.439493417743674,0,12752.1887410184,0
2322,24.1236967560477,0.438018454305946,0,12757.6708250465,0
2323,24.0622255719111,0.436552504724308,0,12763.1525203533,0
2324,24.01841599689,0.435095566535698,0,12768.6339027218,0
2325,23.9887504555643,0.43364811032628,0,12774.115033336,0
2326,23.9701666525501,0.432211146096417,0,12779.5959615975,0
2327,23.9600568627164,0.430786073404932,0,12785.0767273971,0
2328,23.9562543073528,0.429374450798166,0,12790.5573629497,0
2329,23.9570014401177,0.427977785703687,0,12796.0378942721,0
2330,23.9609041673571,0.426597391108175,0,12801.5183423777,0
2331,23.9668794235453,0.425234314710015,0,12806.9987242397,0
2332,23.9741027712604,0.42388932553176,0,12812.4790535691,0
2333,23.9819604769584,0.422562935560357,0,12817.9593414425,0
2334,23.9900080606222,0.421255434979606,0,12823.4395968088,0
2335,23.9979356367323,0.419966927043389,0,12828.9198268984,0
2336,24.0055393735588,0.418697357733472,0,12834.4000375537,0
2337,24.012698013437,0.417446541301271,0,12839.8802334957,0
2338,24.019353285466,0.416214184146316,0,12845.3604185395,0
2339,24.0254932876233,0.414999908323435,0,12850.8405957682,0
2340,24.0311383438111,0.41380327439333,0,12856.3207676739,0
2341,24.0363292996988,0.412623802599545,0,12861.8009362703,0
2342,24.041118459524,0.411460991329273,0,12867.2811031851,0
2343,24.04556331065,0.410314332271501,0,12872.7612697341,0
2344,24.0497228901788,0.409183322162593,0,12878.2414369804,0
2345,24.0536562964766,0.408067471425358,0,12883.7216057835,0
2346,24.0574225951517,0.406966310184283,0,12889.2017768379,0
2347,24.0610813284263,0.405879392184905,0,12894.6819507049,0
2348,24.0646929903849,0.404806297089919,0,12900.1621278379,0
2349,24.0683190869423,0.403746631550819,0,12905.6423086032,0
2350,24.07202165892,0.402700029353817,0,12911.1224932968,0
2351,24.0758623459395,0.401666150847859,0,12916.6026821576,0
2352,24.0799011733675,0.400644681806554,0,12922.0828753784,0
2353,24.0841952651214,0.399635331858579,0,12927.5630731148,0
2354,24.088797654475,0.398637832631407,0,12933.0432754921,0
2355,24.0937563048407,0.397651935761532,0,12938.5234826114,0
2356,24.0991133953641,0.396677410926181,0,12944.0036945539,0
2357,24.1049048827731,0.395714044026079,0,12949.4839113849,0
2358,24.1111603242645,0.394761635603604,0,12954.9641331569,0
2359,24.1179029288839,0.393819999521357,0,12960.4443599117,0
2360,24.1251497983957,0.392888961878561,0,12965.9245916828,0
2361,24.1329123172114,0.391968360110776,0,12971.4048284969,0
2362,24.1411966517075,0.391058042208152,0,12976.885070375,0
2363,24.1500043209967,0.390157865992199,0,12982.3653173338,0
2364,24.1593328050955,0.389267698407555,0,12987.8455693863,0
2365,24.1691761613835,0.388387414804211,0,12993.3258265423,0
2366,24.1795256255686,0.387516898203405,0,12998.8060888097,0
2367,24.1903701790009,0.38665603855197,0,13004.2863561941,0
2368,24.2016970698933,0.385804731976822,0,13009.7666286998,0
2369,24.2134922806605,0.384962880053844,0,13015.2469063296,0
2370,24.2257409376757,0.384130389105704,0,13020.7271890854,0
2371,24.2384276627891,0.383307169540906,0,13026.2074769682,0
2372,24.2515368684842,0.382493135243565,0,13031.6877699785,0
2373,24.2650529998362,0.381688203020438,0,13037.1680681162,0
2374,24.2789607278768,0.380892292109578,0,13042.6483713806,0
2375,24.2932450995334,0.380105323752206,0,13048.1286797708,0
2376,24.3078916498911,0.37932722082692,0,13053.6089932855,0
2377,24.322886482317,0.378557907543195,0,13059.0893119233,0
2378,24.3382163222964,0.377797309190398,0,13064.5696356826,0
2379,24.3538685502005,0.377045351937375,0,13070.0499645615,0
2380,24.369831217692,0.376301962676841,0,13075.5302985582,0
2381,24.3860930514503,0.375567068908101,0,13081.0106376706,0
2382,24.4026434476105,0.374840598652591,0,13086.4909818965,0
2383,24.4194724592943,0.374122480396803,0,13091.971331234,0
2384,24.4365707790024,0.373412643057388,0,13097.4516856806,0
2385,24.4539297168698,0.372711015963207,0,13102.9320452342,0
2386,24.4715411759004,0.372017528850634,0,13108.4124098925,0
2387,24.4893976247862,0.371332111868689,0,13113.8927796532,0
2388,24.5074920688084,0.370654695591106,0,13119.3731545139,0
2389,24.5258180190339,0.369985211032345,0,13124.8535344723,0
2390,24.5443694604662,0.369323589666058,0,13130.333919526,0
2391,24.5631408195578,0.368669763444718,0,13135.8143096726,0
2392,24.5821269315087,0.368023664819379,0,13141.2947049098,0
2393,24.6013230075727,0.36738522675836,0,13146.7751052352,0
2394,24.620724603015,0.366754382764779,0,13152.2555106463,0
2395,24.64032758608,0.366131066892744,0,13157.7359211409,0
2396,24.6601281082978,0.365515213762092,0,13163.2163367164,0
2397,24.6801225762148,0.364906758571102,0,13168.6967573704,0
2398,24.7003076249989,0.364305637107542,0,13174.1771831007,0
2399,24.7206800940471,0.363711785758096,0,13179.6576139048,0
2400,24.7412370046795,0.363125141516169,0,13185.1380497802,0
2401,24.7619755397837,0.362545641987685,0,13190.6184907247,0
2402,24.7828930256162,0.361973225395218,0,13196.0989367358,0
2403,24.803986915669,0.361407830580563,0,13201.579387811,0
2404,24.8252547764859,0.360849397005764,0,13207.0598439481,0
2405,24.8466942751682,0.360297864752299,0,13212.5403051446,0
2406,24.8683031686271,0.359753174518862,0,13218.0207713981,0
2407,24.8900792943994,0.359215267617843,0,13223.5012427063,0
2408,24.9120205628338,0.358684085970623,0,13228.9817190667,0
2409,24.9341249503839,0.358159572101476,0,13234.462200477,0
2410,24.9563904940303,0.357641669130558,0,13239.9426869348,0
2411,24.9788152866592,0.35713032076614,0,13245.4231784378,0
2412,25.0013974732068,0.356625471296172,0,13250.9036749835,0
2413,25.0241352473859,0.356127065579055,0,13256.3841765695,0
2414,25.0470268490262,0.355635049034089,0,13261.8646831936,0
2415,25.070070561913,0.355149367631712,0,13267.3451948533,0
2416,25.0932647119644,0.354669967883558,0,13272.8257115462,0
2417,25.116607665653,0.354196796832252,0,13278.3062332701,0
2418,25.1400978287235,0.353729802041328,0,13283.7867600225,0
2419,25.1637336451411,0.353268931585326,0,13289.2672918011,0
2420,25.1875135961307,0.352814134040025,0,13294.7478286035,0
2421,25.2114361992945,0.352365358472726,0,13300.2283704273,0
2422,25.2355000078555,0.351922554432912,0,13305.7089172703,0
2423,25.2597036099985,0.351485671943276,0,13311.18946913,0
2424,25.2840456281726,0.351054661490981,0,13316.6700260042,0
2425,25.3085247184075,0.350629474019142,0,13322.1505878904,0
2426,25.3331395696731,0.350210060918733,0,13327.6311547863,0
2427,25.3578889032748,0.349796374020919,0,13333.1117266897,0
2428,25.3827714721507,0.349388365589583,0,13338.592303598,0
2429,25.4077860601707,0.348985988314131,0,13344.0728855091,0
2430,25.4329314814472,0.348589195302691,0,13349.5534724205,0
2431,25.458206579654,0.34819794007569,0,13355.03406433,0
2432,25.4836102272343,0.34781217655956,0,13360.5146612352,0
2433,25.5091413246228,0.347431859080708,0,13365.9952631338,0
2434,25.5347987994792,0.34705694235983,0,13371.4758700234,0
2435,25.5605816059172,0.346687381506518,0,13376.9564819017,0
2436,25.5864887236395,0.346323132013918,0,13382.4370987665,0
2437,25.6125191571095,0.34596414975364,0,13387.9177206153,0
2438,25.6386719347478,0.345610390970942,0,13393.3983474459,0
2439,25.6649461081116,0.345261812280118,0,13398.878979256,0
2440,25.6913407510215,0.344918370659883,0,13404.3596160432,0
2441,25.7178549587365,0.344580023448989,0,13409.8402578052,0
2442,25.7444878471733,0.344246728342061,0,13415.3209045398,0
2443,25.7712385520938,0.343918443385533,0,13420.8015562445,0
2444,25.798106228284,0.343595126973574,0,13426.2822129172,0
2445,25.8250900487879,0.343276737844212,0,13431.7628745555,0
2446,25.8521892041941,0.342963235075645,0,13437.2435411571,0
2447,25.8794029018788,0.342654578082539,0,13442.7242127197,0
2448,25.9067303652782,0.342350726612365,0,13448.204889241,0
2449,25.9341708332157,0.34205164074188,0,13453.6855707187,0
2450,25.9617235592775,0.341757280873769,0,13459.1662571506,0
2451,25.9893878111399,0.341467607733206,0,13464.6469485343,0
2452,26.0171628699518,0.341182582364481,0,13470.1276448675,0
2453,26.0450480297703,0.340902166127763,0,13475.608346148,0
2454,26.0730425970233,0.340626320695967,0,13481.0890523735,0
2455,26.1011458899359,0.340355008051515,0,13486.5697635417,0
2456,26.1293572380201,0.340088190483192,0,13492.0504796503,0
2457,26.1576759816179,0.339825830583141,0,13497.531200697,0
2458,26.1861014714363,0.339567891243881,0,13503.0119266796,0
2459,26.2146330680774,0.339314335655247,0,13508.4926575958,0
2460,26.243270141622,0.339065127301449,0,13513.9733934433,0
2461,26.2720120712651,0.338820229958251,0,13519.4541342199,0
2462,26.3008582449139,0.33857960769011,0,13524.9348799232,0
2463,26.32980805881,0.338343224847292,0,13530.415630551,0
2464,26.3588609171958,0.338111046063109,0,13535.8963861011,0
2465,26.3880162320191,0.337883036251263,0,13541.3771465712,0
2466,26.4172734225877,0.337659160603087,0,13546.857911959,0
2467,26.4466319152682,0.33743938458484,0,13552.3386822623,0
2468,26.4760911432258,0.337223673935112,0,13557.8194574788,0
2469,26.5056505461691,0.337011994662297,0,13563.3002376063,0
2470,26.535309570063,0.336804313041956,0,13568.7810226425,0
2471,26.565067666888,0.336600595614274,0,13574.2618125851,0
2472,26.5949242944378,0.336400809181635,0,13579.7426074319,0
2473,26.6248789160885,0.336204920806191,0,13585.2234071807,0
2474,26.6549310005675,0.336012897807358,0,13590.7042118292,0
2475,26.6850800217601,0.335824707759439,0,13596.1850213752,0
2476,26.7153254585482,0.335640318489346,0,13601.6658358164,0
2477,26.7456667945986,0.335459698074244,0,13607.1466551507,0
2478,26.7761035181807,0.335282814839205,0,13612.6274793756,0
2479,26.8066351220152,0.335109637354981,0,13618.1083084892,0
2480,26.8372611031303,0.334940134435844,0,13623.5891424889,0
2481,26.8679809626785,0.334774275137311,0,13629.0699813728,0
2482,26.8987942057904,0.334612028753958,0,13634.5508251385,0
2483,26.929700341461,0.334453364817335,0,13640.0316737838,0
2484,26.960698882408,0.334298253093882,0,13645.5125273064,0
2485,26.9917893449234,0.334146663582768,0,13650.9933857042,0
2486,27.0229712487578,0.333998566513842,0,13656.4742489749,0
2487,27.05424411703,0.333853932345685,0,13661.9551171164,0
2488,27.0856074760885,0.333712731763568,0,13667.4359901263,0
2489,27.1170608553966,0.333574935677432,0,13672.9168680025,0
2490,27.148603787446,0.333440515219967,0,13678.3977507428,0
2491,27.1802358076693,0.333309441744757,0,13683.8786383449,0
2492,27.2119564543197,0.333181686824302,0,13689.3595308066,0
2493,27.2437652683811,0.333057222248125,0,13694.8404281258,0
2494,27.2756617935073,0.332936020020988,0,13700.3213303001,0
2495,27.3076455759279,0.332818052361069,0,13705.8022373275,0
2496,27.3397161643537,0.332703291698092,0,13711.2831492057,0
2497,27.3718731099103,0.332591710671549,0,13716.7640659324,0
2498,27.4041159660879,0.332483282129025,0,13722.2449875056,0
2499,27.4364442886474,0.332377979124397,0,13727.725913923,0
2500,27.4688576355509,0.332275774916085,0,13733.2068451823,0
2501,27.5013555669178,0.332176642965396,0,13738.6877812815,0
2502,27.5339376449681,0.332080556934891,0,13744.1687222183,0
2503,27.5666034339444,0.331987490686656,0,13749.6496679905,0
2504,27.5993525000615,0.331897418280655,0,13755.1306185959,0
2505,27.632184411479,0.331810313973188,0,13760.6115740324,0
2506,27.6650987382337,0.331726152215271,0,13766.0925342977,0
2507,27.6980950521848,0.331644907650998,0,13771.5734993897,0
2508,27.7311729269815,0.331566555116007,0,13777.0544693061,0
2509,27.7643319380347,0.331491069636004,0,13782.5354440449,0
2510,27.7975716624531,0.331418426425164,0,13788.0164236038,0
2511,27.8308916790064,0.331348600884602,0,13793.4974079806,0
2512,27.8642915681108,0.331281568600947,0,13798.9783971731,0
2513,27.8977709117857,0.331217305344869,0,13804.4593911793,0
2514,27.9313292936082,0.33115578706956,0,13809.9403899969,0
2515,27.9649662986918,0.331096989909301,0,13815.4213936236,0
2516,27.998681513675,0.331040890178111,0,13820.9024020575,0
2517,28.032474526672,0.33098746436828,0,13826.3834152963,0
2518,28.0663449272461,0.330936689148941,0,13831.8644333378,0
2519,28.1002923064031,0.330888541364743,0,13837.3454561798,0
2520,28.1343162565662,0.330842998034512,0,13842.8264838203,0
2521,28.16841637154,0.330800036349832,0,13848.3075162569,0
2522,28.2025922464954,0.330759633673712,0,13853.7885534877,0
2523,28.2368434779708,0.330721767539341,0,13859.2695955104,0
2524,28.2711696638345,0.330686415648734,0,13864.7506423228,0
2525,28.3055704032655,0.3306535558714,0,13870.2316939228,0
2526,28.3400452967532,0.330623166243105,0,13875.7127503083,0
2527,28.3745939460848,0.330595224964647,0,13881.193811477,0
2528,28.409215954316,0.330569710400528,0,13886.6748774269,0
2529,28.4439109257631,0.330546601077713,0,13892.1559481558,0
2530,28.4786784660104,0.330525875684477,0,13897.6370236615,0
2531,28.5135181818826,0.330507513069153,0,13903.1181039419,0
2532,28.5484296814312,0.330491492238885,0,13908.5991889949,0
2533,28.5834125739386,0.330477792358476,0,13914.0802788183,0
2534,28.6184664699139,0.330466392749257,0,13919.5613734099,0
2535,28.6535909810697,0.330457272887845,0,13925.0424727676,0
2536,28.6887857203188,0.330450412404987,0,13930.5235768893,0
2537,28.7240503017861,0.330445791084486,0,13936.0046857729,0
2538,28.7593843407879,0.330443388862039,0,13941.4857994161,0
2539,28.7947874538226,0.330443185824067,0,13946.9669178169,0
2540,28.8302592585794,0.330445162206645,0,13952.4480409732,0
2541,28.8657993739377,0.330449298394448,0,13957.9291688827,0
2542,28.9014074199488,0.330455574919587,0,13963.4103015435,0
2543,28.9370830178376,0.330463972460531,0,13968.8914389532,0
2544,28.9728257900164,0.330474471841109,0,13974.3725811099,0
2545,29.0086353600687,0.330487054029416,0,13979.8537280113,0
2546,29.0445113527437,0.330501700136723,0,13985.3348796555,0
2547,29.0804533939683,0.33051839141648,0,13990.8160360401,0
2548,29.116461110848,0.330537109263323,0,13996.2971971632,0
2549,29.1525341316535,0.330557835211987,0,14001.7783630226,0
2550,29.1886720858248,0.330580550936298,0,14007.2595336161,0
2551,29.2248746039867,0.33060523824824,0,14012.7407089417,0
2552,29.261141317935,0.330631879096926,0,14018.2218889973,0
2553,29.2974718606347,0.330660455567574,0,14023.7030737807,0
2554,29.3338658662343,0.330690949880579,0,14029.1842632897,0
2555,29.3703229700661,0.33072334439058,0,14034.6654575224,0
2556,29.406842808637,0.330757621585435,0,14040.1466564766,0
2557,29.4434250196353,0.330793764085274,0,14045.6278601502,0
2558,29.4800692419457,0.330831754641638,0,14051.109068541,0
2559,29.5167751156374,0.330871576136488,0,14056.590281647,0
2560,29.553542281965,0.330913211581259,0,14062.0714994661,0
2561,29.5903703833851,0.330956644115989,0,14067.5527219961,0
2562,29.6272590635538,0.331001857008433,0,14073.033949235,0
2563,29.6642079673222,0.331048833653095,0,14078.5151811807,0
2564,29.701216740745,0.331097557570352,0,14083.996417831,0
2565,29.7382850310937,0.331148012405635,0,14089.4776591838,0
2566,29.7754124868458,0.331200181928488,0,14094.9589052372,0
2567,29.8125987576892,0.331254050031684,0,14100.4401559888,0
2568,29.8498434945388,0.331309600730416,0,14105.9214114368,0
2569,29.8871463495318,0.331366818161436,0,14111.4026715789,0
2570,29.924506976026,0.331425686582156,0,14116.8839364132,0
2571,29.961925028612,0.331486190369828,0,14122.3652059374,0
2572,29.9994001631207,0.331548314020763,0,14127.8464801495,0
2573,30.0369320366161,0.331612042149436,0,14133.3277590475,0
2574,30.0745203074018,0.331677359487658,0,14138.8090426292,0
2575,30.112164635036,0.331744250883824,0,14144.2903308925,0
2576,30.1498646803252,0.331812701302076,0,14149.7716238354,0
2577,30.1876201053254,0.331882695821457,0,14155.2529214558,0
2578,30.2254305733559,0.331954219635161,0,14160.7342237516,0
2579,30.2632957490022,0.332027258049766,0,14166.2155307207,0
2580,30.3012152981108,0.332101796484387,0,14171.6968423611,0
2581,30.3391888877989,0.332177820469911,0,14177.1781586706,0
2582,30.3772161864654,0.332255315648283,0,14182.6594796473,0
2583,30.4152968637843,0.332334267771688,0,14188.1408052889,0
2584,30.4534305907085,0.332414662701769,0,14193.6221355935,0
2585,30.4916170394843,0.33249648640893,0,14199.103470559,0
2586,30.5298558836478,0.332579724971576,0,14204.5848101833,0
2587,30.5681467980253,0.332664364575325,0,14210.0661544643,0
2588,30.606489458743,0.332750391512291,0,14215.5475033999,0
2589,30.6448835432336,0.332837792180402,0,14221.0288569882,0
2590,30.6833287302306,0.332926553082604,0,14226.510215227,0
2591,30.7218246997745,0.333016660826141,0,14231.9915781143,0
2592,30.7603711332253,0.333108102121899,0,14237.472945648,0
2593,30.7989677132561,0.333200863783653,0,14242.954317826,0
2594,30.837614123855,0.333294932727334,0,14248.4356946463,0
2595,30.8763100503381,0.333390295970372,0,14253.9170761069,0
2596,30.9150551793477,0.333486940631005,0,14259.3984622056,0
2597,30.9538491988507,0.333584853927539,0,14264.8798529404,0
2598,30.9926917981468,0.333684023177677,0,14270.3612483093,0
2599,31.0315826678753,0.333784435797887,0,14275.8426483102,0
2600,31.0705215000088,0.333886079302662,0,14281.324052941,0
2601,31.1095079878583,0.333988941303849,0,14286.8054621997,0
2602,31.1485418260836,0.334093009510031,0,14292.2868760843,0
2603,31.1876227106879,0.334198271725836,0,14297.7682945926,0
2604,31.2267503390187,0.334304715851243,0,14303.2497177227,0
2605,31.2659244097778,0.334412329880972,0,14308.7311454725,0
2606,31.3051446230208,0.334521101903844,0,14314.21257784,0
2607,31.3444106801534,0.334631020102081,0,14319.694014823,0
2608,31.3837222839396,0.334742072750685,0,14325.1754564196,0
2609,31.4230791385054,0.334854248216849,0,14330.6569026278,0
2610,31.462480949334,0.33496753495926,0,14336.1383534454,0
2611,31.5019274232687,0.335081921527472,0,14341.6198088705,0
2612,31.5414182685218,0.335197396561337,0,14347.1012689009,0
2613,31.5809531946687,0.335313948790342,0,14352.5827335347,0
2614,31.6205319126481,0.335431567032975,0,14358.0642027699,0
2615,31.6601541347704,0.335550240196148,0,14363.5456766043,0
2616,31.6998195747155,0.335669957274596,0,14369.027155036,0
2617,31.7395279475296,0.335790707350221,0,14374.508638063,0
2618,31.779278969631,0.335912479591516,0,14379.9901256831,0
2619,31.8190723588131,0.336035263253006,0,14385.4716178943,0
2620,31.8589078342381,0.336159047674598,0,14390.9531146947,0
2621,31.89878511644,0.336283822280993,0,14396.4346160822,0
2622,31.9387039273308,0.336409576581154,0,14401.9161220548,0
2623,31.978663990194,0.33653630016768,0,14407.3976326104,0
2624,32.0186650296843,0.336663982716209,0,14412.8791477471,0
2625,32.0587067718348,0.33679261398489,0,14418.3606674627,0
2626,32.0987889440519,0.336922183813803,0,14423.8421917553,0
2627,32.1389112751131,0.337052682124345,0,14429.3237206229,0
2628,32.1790734951718,0.337184098918706,0,14434.8052540634,0
2629,32.2192753357564,0.337316424279323,0,14440.2867920748,0
2630,32.2595165297652,0.337449648368274,0,14445.7683346551,0
2631,32.299796811469,0.337583761426736,0,14451.2498818022,0
2632,32.3401159165138,0.337718753774479,0,14456.7314335143,0
2633,32.3804735819136,0.33785461580927,0,14462.2129897891,0
2634,32.4208695460513,0.337991338006318,0,14467.6945506248,0
2635,32.4613035486823,0.338128910917792,0,14473.1761160193,0
2636,32.5017753309285,0.338267325172241,0,14478.6576859706,0
2637,32.5422846352762,0.338406571474046,0,14484.1392604768,0
2638,32.5828312055797,0.338546640602923,0,14489.6208395356,0
2639,32.6234147870576,0.338687523413398,0,14495.1024231453,0
2640,32.6640351262879,0.338829210834236,0,14500.5840113037,0
2641,32.7046919712108,0.338971693867952,0,14506.0656040089,0
2642,32.7453850711271,0.339114963590314,0,14511.5472012588,0
2643,32.786114176692,0.339259011149778,0,14517.0288030515,0
2644,32.8268790399155,0.339403827766989,0,14522.5104093849,0
2645,32.867679414164,0.339549404734312,0,14527.9920202571,0
2646,32.9085150541516,0.33969573341528,0,14533.473635666,0
2647,32.9493857159405,0.339842805244087,0,14538.9552556096,0
2648,32.9902911569416,0.33999061172513,0,14544.4368800859,0
2649,33.0312311359085,0.340139144432488,0,14549.918509093,0
2650,33.0722054129337,0.340288395009398,0,14555.4001426289,0
2651,33.1132137494508,0.340438355167812,0,14560.8817806915,0
2652,33.154255908229,0.340589016687897,0,14566.3634232788,0
2653,33.1953316533677,0.340740371417515,0,14571.8450703889,0
2654,33.2364407502982,0.34089241127177,0,14577.3267220198,0
2655,33.2775829657792,0.341045128232542,0,14582.8083781694,0
2656,33.3187580678909,0.341198514347971,0,14588.2900388358,0
2657,33.3599658260345,0.341352561731991,0,14593.7717040169,0
2658,33.4012060109302,0.341507262563899,0,14599.2533737109,0
2659,33.44247839461,0.341662609087838,0,14604.7350479157,0
2660,33.4837827504154,0.341818593612331,0,14610.2167266293,0
2661,33.5251188529973,0.341975208509866,0,14615.6984098498,0
2662,33.5664864783079,0.342132446216393,0,14621.180097575,0
2663,33.6078854035975,0.342290299230858,0,14626.6617898032,0
2664,33.6493154074144,0.342448760114788,0,14632.1434865322,0
2665,33.6907762695975,0.342607821491818,0,14637.6251877601,0
2666,33.7322677712718,0.342767476047219,0,14643.106893485,0
2667,33.7737896948477,0.342927716527483,0,14648.5886037048,0
2668,33.8153418240152,0.343088535739881,0,14654.0703184175,0
2669,33.8569239437377,0.343249926551982,0,14659.5520376212,0
2670,33.8985358402507,0.343411881891243,0,14665.0337613139,0
2671,33.9401773010574,0.343574394744588,0,14670.5154894936,0
2672,33.9818481149212,0.343737458157932,0,14675.9972221584,0
2673,34.0235480718638,0.343901065235766,0,14681.4789593063,0
2674,34.0652769631618,0.344065209140756,0,14686.9607009352,0
2675,34.1070345813385,0.34422988309328,0,14692.4424470433,0
2676,34.1488207201612,0.344395080371001,0,14697.9241976285,0
2677,34.1906351746381,0.344560794308489,0,14703.4059526889,0
2678,34.2324777410104,0.344727018296763,0,14708.8877122225,0
2679,34.2743482167484,0.344893745782872,0,14714.3694762274,0
2680,34.3162464005489,0.345060970269514,0,14719.8512447015,0
2681,34.3581720923273,0.345228685314605,0,14725.3330176429,0
2682,34.4001250932129,0.345396884530849,0,14730.8147950497,0
2683,34.4421052055462,0.345565561585373,0,14736.2965769198,0
2684,34.4841122328717,0.345734710199305,0,14741.7783632514,0
2685,34.5261459799319,0.345904324147351,0,14747.2601540424,0
2686,34.5682062526648,0.346074397257422,0,14752.7419492909,0
2687,34.6102928581974,0.346244923410247,0,14758.2237489949,0
2688,34.6524056048386,0.346415896538938,0,14763.7055531524,0
2689,34.6945443020764,0.346587310628625,0,14769.1873617616,0
2690,34.736708760572,0.34675915971608,0,14774.6691748204,0
2691,34.7788987921523,0.346931437889297,0,14780.1509923269,0
2692,34.8211142098068,0.347104139287115,0,14785.6328142791,0
2693,34.8633548276818,0.347277258098869,0,14791.1146406751,0
2694,34.9056204610728,0.347450788563963,0,14796.5964715129,0
2695,34.9479109264207,0.34762472497151,0,14802.0783067905,0
2696,34.9902260413065,0.347799061659978,0,14807.5601465061,0
2697,35.0325656244439,0.347973793016787,0,14813.0419906576,0
2698,35.0749294956744,0.34814891347794,0,14818.5238392431,0
2699,35.1173174759624,0.34832441752768,0,14824.0056922606,0
2700,35.1597293873884,0.348500299698106,0,14829.4875497083,0
2701,35.2021650531424,0.348676554568789,0,14834.9694115841,0
2702,35.2446242975205,0.348853176766457,0,14840.4512778861,0
2703,35.287106945917,0.349030160964602,0,14845.9331486124,0
2704,35.3296128248184,0.349207501883119,0,14851.4150237609,0
2705,35.3721417617993,0.349385194287973,0,14856.8969033298,0
2706,35.4146935855148,0.349563232990844,0,14862.3787873172,0
2707,35.4572681256946,0.349741612848747,0,14867.860675721,0
2708,35.4998652131381,0.349920328763718,0,14873.3425685393,0
2709,35.5424846797076,0.350099375682461,0,14878.8244657702,0
2710,35.5851263583218,0.350278748595984,0,14884.3063674118,0
2711,35.6277900829509,0.350458442539273,0,14889.7882734621,0
2712,35.6704756886101,0.350638452590967,0,14895.2701839191,0
2713,35.7131830113528,0.350818773872984,0,14900.7520987809,0
2714,35.7559118882653,0.350999401550211,0,14906.2340180457,0
2715,35.798662157461,0.35118033083018,0,14911.7159417114,0
2716,35.8414336580727,0.351361556962709,0,14917.1978697761,0
2717,35.8842262302482,0.351543075239584,0,14922.6798022378,0
2718,35.9270397151437,0.351724880994255,0,14928.1617390948,0
2719,35.9698739549167,0.351906969601479,0,14933.6436803449,0
2720,36.0127287927209,0.352089336477004,0,14939.1256259863,0
2721,36.0556040726998,0.352271977077277,0,14944.607576017,0
2722,36.0984996399804,0.352454886899092,0,14950.0895304352,0
2723,36.1414153406663,0.352638061479281,0,14955.5714892388,0
2724,36.1843510218335,0.352821496394423,0,14961.053452426,0
2725,36.227306531522,0.353005187260505,0,14966.5354199948,0
2726,36.2702817187307,0.353189129732615,0,14972.0173919433,0
2727,36.3132764334116,0.35337331950466,0,14977.4993682695,0
2728,36.3562905264626,0.353557752309032,0,14982.9813489716,0
2729,36.3993238497216,0.353742423916309,0,14988.4633340476,0
2730,36.4423762559613,0.35392733013497,0,14993.9453234956,0
2731,36.4854475988818,0.354112466811084,0,14999.4273173137,0
2732,36.5285377331045,0.354297829828,0,15004.9093154999,0
2733,36.5716465141672,0.354483415106079,0,15010.3913180523,0
2734,36.6147737985162,0.354669218602385,0,15015.873324969,0
2735,36.6579194435012,0.354855236310382,0,15021.3553362481,0
2736,36.7010833073693,0.35504146425967,0,15026.8373518876,0
2737,36.7442652492581,0.355227898515686,0,15032.3193718856,0
2738,36.7874651291897,0.355414535179403,0,15037.8013962403,0
2739,36.8306828080656,0.355601370387074,0,15043.2834249497,0
2740,36.8739181476593,0.355788400309937,0,15048.7654580119,0
2741,36.9171710106104,0.355975621153924,0,15054.2474954249,0
2742,36.9604412604194,0.356163029159406,0,15059.7295371868,0
2743,37.0037287614409,0.356350620600906,0,15065.2115832958,0
2744,37.0470333788774,0.356538391786816,0,15070.69363375,0
2745,37.0903549787737,0.356726339059141,0,15076.1756885473,0
2746,37.1336934280109,0.356914458793228,0,15081.6577476859,0
2747,37.1770485942998,0.357102747397479,0,15087.1398111639,0
2748,37.2204203461754,0.357291201313106,0,15092.6218789794,0
2749,37.2638085529909,0.357479817013864,0,15098.1039511304,0
2750,37.3072130849116,0.357668591005771,0,15103.5860276151,0
2751,37.3506338129088,0.357857519826867,0,15109.0681084315,0
2752,37.3940706087542,0.358046600046954,0,15114.5501935778,0
2753,37.4375233450138,0.35823582826732,0,15120.0322830519,0
2754,37.4809918950422,0.358425201120505,0,15125.5143768521,0
2755,37.5244761329763,0.358614715270045,0,15130.9964749765,0
2756,37.5679759337298,0.358804367410204,0,15136.478577423,0
2757,37.6114911729876,0.358994154265743,0,15141.9606841898,0
2758,37.6550217271993,0.359184072591672,0,15147.4427952751,0
2759,37.6985674735742,0.359374119172983,0,15152.9249106768,0
2760,37.7421282900749,0.35956429082443,0,15158.4070303931,0
2761,37.785704055412,0.359754584390282,0,15163.8891544222,0
2762,37.8292946490381,0.359944996744064,0,15169.371282762,0
2763,37.8728999511426,0.360135524788342,0,15174.8534154107,0
2764,37.9165198426453,0.360326165454476,0,15180.3355523664,0
2765,37.9601542051914,0.360516915702379,0,15185.8176936272,0
2766,38.0038029211456,0.360707772520291,0,15191.2998391913,0
2767,38.0474658735867,0.360898732924552,0,15196.7819890566,0
2768,38.0911429463018,0.361089793959355,0,15202.2641432213,0
2769,38.134834023781,0.361280952696531,0,15207.7463016836,0
2770,38.178538991212,0.361472206235327,0,15213.2284644414,0
2771,38.2222577344741,0.361663551702162,0,15218.710631493,0
2772,38.2659901401335,0.36185498625042,0,15224.1928028364,0
2773,38.3097360954374,0.362046507060228,0,15229.6749784698,0
2774,38.3534954883086,0.362238111338222,0,15235.1571583912,0
2775,38.3972682073407,0.362429796317344,0,15240.6393425988,0
2776,38.441054141792,0.362621559256623,0,15246.1215310906,0
2777,38.4848531815807,0.362813397440948,0,15251.6037238648,0
2778,38.5286652172797,0.363005308180868,0,15257.0859209195,0
2779,38.572490140111,0.363197288812379,0,15262.5681222527,0
2780,38.616327841941,0.363389336696704,0,15268.0503278627,0
2781,38.6601782152749,0.363581449220094,0,15273.5325377476,0
2782,38.7040411532516,0.363773623793624,0,15279.0147519053,0
2783,38.747916549639,0.363965857852971,0,15284.4969703341,0
2784,38.7918042988286,0.364158148858228,0,15289.9791930321,0
2785,38.8357042958305,0.364350494293697,0,15295.4614199974,0
2786,38.8796164362684,0.364542891667682,0,15300.943651228,0
2787,38.9235406163748,0.364735338512295,0,15306.4258867222,0
2788,38.9674767329856,0.364927832383265,0,15311.908126478,0
2789,39.0114246835361,0.365120370859725,0,15317.3903704936,0
2790,39.0553843660551,0.365312951544035,0,15322.872618767,0
2791,39.0993556791606,0.365505572061583,0,15328.3548712964,0
2792,39.1433385220551,0.365698230060586,0,15333.83712808,0
2793,39.1873327945205,0.365890923211913,0,15339.3193891158,0
2794,39.2313383969136,0.366083649208889,0,15344.8016544019,0
2795,39.2753552301613,0.366276405767108,0,15350.2839239365,0
2796,39.319383195756,0.36646919062425,0,15355.7661977177,0
2797,39.3634221957507,0.3666620015399,0,15361.2484757437,0
2798,39.4074721327551,0.366854836295354,0,15366.7307580125,0
2799,39.4515329099301,0.367047692693453,0,15372.2130445223,0
2800,39.4956044309838,0.367240568558396,0,15377.6953352711,0
2801,39.5396866001672,0.367433461735556,0,15383.1776302573,0
2802,39.5837793222695,0.367626370091315,0,15388.6599294787,0
2803,39.627882502613,0.367819291512883,0,15394.1422329337,0
2804,39.6719960470503,0.368012223908118,0,15399.6245406203,0
2805,39.7161198619584,0.368205165205367,0,15405.1068525366,0
2806,39.7602538542351,0.368398113353286,0,15410.5891686808,0
2807,39.8043979312948,0.368591066320665,0,15416.071489051,0
2808,39.8485520010637,0.368784022096276,0,15421.5538136453,0
2809,39.8927159719762,0.368976978688689,0,15427.0361424619,0
2810,39.9368897529704,0.369169934126115,0,15432.5184754989,0
2811,39.981073253484,0.369362886456244,0,15438.0008127544,0
2812,40.0252663834499,0.369555833746073,0,15443.4831542266,0
2813,40.069469053293,0.36974877408175,0,15448.9654999136,0
2814,40.113681173925,0.369941705568417,0,15454.4478498136,0
2815,40.1579026567411,0.370134626330043,0,15459.9302039246,0
2816,40.2021334136163,0.37032753450927,0,15465.4125622448,0
2817,40.2463733569002,0.37052042826726,0,15470.8949247724,0
2818,40.2906223994146,0.370713305783533,0,15476.3772915055,0
2819,40.3348804544489,0.370906165255816,0,15481.8596624422,0
2820,40.3791474357559,0.371099004899894,0,15487.3420375806,0
2821,40.4234232575487,0.371291822949451,0,15492.824416919,0
2822,40.4677078344967,0.371484617655926,0,15498.3068004554,0
2823,40.5120010817217,0.371677387288363,0,15503.7891881879,0
2824,40.5563029147942,0.37187013013326,0,15509.2715801148,0
2825,40.6006132497299,0.372062844494424,0,15514.7539762342,0
2826,40.644932002986,0.372255528692829,0,15520.2363765442,0
2827,40.6892590914577,0.372448181066468,0,15525.7187810429,0
2828,40.7335944324744,0.372640799970208,0,15531.2011897286,0
2829,40.777937943796,0.372833383775655,0,15536.6836025993,0
2830,40.8222895436104,0.373025930871009,0,15542.1660196531,0
2831,40.8666491505285,0.373218439660924,0,15547.6484408883,0
2832,40.911016683582,0.373410908566372,0,15553.130866303,0
2833,40.9553920622197,0.373603336024502,0,15558.6132958954,0
2834,40.9997752063036,0.37379572048851,0,15564.0957296634,0
2835,41.0441660361061,0.3739880604275,0,15569.5781676055,0
2836,41.0885644723068,0.37418035432635,0,15575.0606097196,0
2837,41.1329704359885,0.37437260068558,0,15580.5430560039,0
2838,41.1773838486347,0.374564798021223,0,15586.0255064566,0
2839,41.2218046321263,0.37475694486469,0,15591.5079610758,0
2840,41.2662327087377,0.374949039762642,0,15596.9904198597,0
2841,41.3106680011345,0.375141081276867,0,15602.4728828064,0
2842,41.3551104323703,0.375333067984143,0,15607.9553499141,0
2843,41.3995599258829,0.375524998476122,0,15613.4378211809,0
2844,41.4440164054919,0.375716871359196,0,15618.9202966051,0
2845,41.4884797953957,0.375908685254378,0,15624.4027761846,0
2846,41.5329500201679,0.376100438797179,0,15629.8852599178,0
2847,41.5774270047549,0.376292130637485,0,15635.3677478027,0
2848,41.6219106744732,0.376483759439434,0,15640.8502398375,0
2849,41.6664009550052,0.376675323881299,0,15646.3327360205,0
2850,41.710897772398,0.376866822655367,0,15651.8152363496,0
2851,41.7554010530596,0.377058254467823,0,15657.2977408231,0
2852,41.7999107237557,0.377249618038631,0,15662.7802494391,0
2853,41.8444267116083,0.377440912101419,0,15668.2627621959,0
2854,41.8889489440914,0.377632135403363,0,15673.7452790915,0
2855,41.9334773490293,0.377823286705074,0,15679.2278001241,0
2856,41.9780118545937,0.378014364780485,0,15684.7103252919,0
2857,42.0225523893005,0.378205368416737,0,15690.1928545931,0
2858,42.0670988820077,0.378396296414071,0,15695.6753880258,0
2859,42.1116512619129,0.378587147585713,0,15701.1579255881,0
2860,42.1562094585499,0.378777920757769,0,15706.6404672783,0
2861,42.200773401787,0.378968614769113,0,15712.1230130944,0
2862,42.2453430218243,0.379159228471284,0,15717.6055630347,0
2863,42.2899182491906,0.379349760728374,0,15723.0881170974,0
2864,42.3344990147415,0.379540210416924,0,15728.5706752805,0
2865,42.3790852496572,0.379730576425824,0,15734.0532375823,0
2866,42.4236768854388,0.3799208576562,0,15739.5358040009,0
2867,42.4682738539074,0.380111053021317,0,15745.0183745346,0
2868,42.5128760872011,0.380301161446477,0,15750.5009491813,0
2869,42.557483517772,0.380491181868913,0,15755.9835279394,0
2870,42.6020960783852,0.380681113237693,0,15761.466110807,0
2871,42.6467137021153,0.380870954513619,0,15766.9486977823,0
2872,42.6913363223447,0.381060704669126,0,15772.4312888634,0
2873,42.7359638727614,0.381250362688186,0,15777.9138840485,0
2874,42.7805962873566,0.381439927566211,0,15783.3964833358,0
2875,42.8252335004221,0.381629398309955,0,15788.8790867235,0
2876,42.8698754465492,0.38181877393742,0,15794.3616942096,0
2877,42.9145220606254,0.382008053477759,0,15799.8443057925,0
2878,42.9591732778328,0.382197235971182,0,15805.3269214702,0
2879,43.0038290336462,0.382386320468869,0,15810.809541241,0
2880,43.0484892638303,0.382575306032868,0,15816.292165103,0
2881,43.0931539044382,0.382764191736007,0,15821.7747930544,0
2882,43.1378228918099,0.382952976661809,0,15827.2574250934,0
2883,43.1824961625683,0.383141659904391,0,15832.7400612181,0
2884,43.2271736536198,0.383330240568384,0,15838.2227014268,0
2885,43.2718553021503,0.383518717768839,0,15843.7053457175,0
2886,43.316541045624,0.383707090631138,0,15849.1879940886,0
2887,43.3612308217817,0.383895358290914,0,15854.6706465381,0
2888,43.4059245686386,0.384083519893957,0,15860.1533030642,0
2889,43.4506222244822,0.384271574596131,0,15865.6359636651,0
2890,43.4953237278711,0.384459521563289,0,15871.1186283391,0
2891,43.5400290176322,0.38464735997119,0,15876.6012970842,0
2892,43.5847380328596,0.384835089005411,0,15882.0839698987,0
2893,43.6294507129128,0.38502270786127,0,15887.5666467807,0
2894,43.6741669974143,0.385210215743738,0,15893.0493277285,0
2895,43.7188868262484,0.38539761186736,0,15898.5320127401,0
2896,43.7636101395594,0.385584895456179,0,15904.0147018139,0
2897,43.8083368777494,0.385772065743643,0,15909.4973949479,0
2898,43.853066981477,0.385959121972539,0,15914.9800921404,0
2899,43.8978003916559,0.386146063394907,0,15920.4627933896,0
2900,43.9425370494523,0.38633288927196,0,15925.9454986935,0
2901,43.9872768962841,0.386519598874013,0,15931.4282080505,0
2902,44.0320198738188,0.386706191480402,0,15936.9109214587,0
2903,44.076765923972,0.386892666379405,0,15942.3936389163,0
2904,44.1215149889061,0.387079022868172,0,15947.8763604214,0
2905,44.1662670110281,0.387265260252648,0,15953.3590859724,0
2906,44.2110219329882,0.387451377847492,0,15958.8418155673,0
2907,44.2557796976789,0.387637374976017,0,15964.3245492043,0
2908,44.3005402482327,0.387823250970101,0,15969.8072868817,0
2909,44.3453035280207,0.388009005170124,0,15975.2900285976,0
2910,44.3900694806515,0.388194636924898,0,15980.7727743502,0
2911,44.4348380499692,0.388380145591584,0,15986.2555241377,0
2912,44.4796091800522,0.388565530535632,0,15991.7382779584,0
2913,44.5243828152121,0.388750791130709,0,15997.2210358103,0
2914,44.5691588999912,0.388935926758622,0,16002.7037976917,0
2915,44.6139373791623,0.389120936809258,0,16008.1865636008,0
2916,44.6587181977265,0.389305820680511,0,16013.6693335357,0
2917,44.703501300912,0.38949057777821,0,16019.1521074948,0
2918,44.7482866341731,0.389675207516061,0,16024.6348854761,0
2919,44.793074143188,0.389859709315573,0,16030.1176674779,0
2920,44.837863773858,0.39004408260599,0,16035.6004534983,0
2921,44.8826554723068,0.390228326824235,0,16041.0832435356,0
2922,44.9274491848774,0.390412441414832,0,16046.5660375879,0
2923,44.9722448581325,0.390596425829849,0,16052.0488356535,0
2924,45.0170424388527,0.390780279528834,0,16057.5316377305,0
2925,45.0618418740345,0.390964001978747,0,16063.0144438172,0
2926,45.1066431108901,0.391147592653897,0,16068.4972539117,0
2927,45.1514460968455,0.391331051035888,0,16073.9800680122,0
2928,45.1962507795393,0.39151437661354,0,16079.4628861171,0
2929,45.2410571068218,0.391697568882846,0,16084.9457082243,0
2930,45.2858650267533,0.391880627346898,0,16090.4285343322,0
2931,45.3306744876031,0.392063551515826,0,16095.911364439,0
2932,45.3754854378488,0.39224634090675,0,16101.3941985428,0
2933,45.4202978261743,0.392428995043707,0,16106.8770366419,0
2934,45.4651116014688,0.392611513457593,0,16112.3598787344,0
2935,45.5099267128264,0.392793895686119,0,16117.8427248186,0
2936,45.5547431095438,0.392976141273729,0,16123.3255748927,0
2937,45.5995607411201,0.393158249771561,0,16128.8084289548,0
2938,45.6443795572552,0.393340220737384,0,16134.2912870032,0
2939,45.6891995078487,0.393522053735532,0,16139.7741490361,0
2940,45.7340205429993,0.393703748336867,0,16145.2570150517,0
2941,45.7788426130028,0.393885304118704,0,16150.7398850482,0
2942,45.8236656683516,0.39406672066476,0,16156.2227590238,0
2943,45.868489659734,0.394247997565111,0,16161.7056369767,0
2944,45.9133145380319,0.394429134416119,0,16167.1885189051,0
2945,45.9581402543212,0.394610130820389,0,16172.6714048073,0
2946,46.0029667598699,0.394790986386716,0,16178.1542946814,0
2947,46.0477940061369,0.394971700730021,0,16183.6371885256,0
2948,46.0926219447718,0.395152273471309,0,16189.1200863382,0
2949,46.1374505276133,0.395332704237615,0,16194.6029881174,0
2950,46.1822797066878,0.395512992661941,0,16200.0858938614,0
2951,46.2271094342097,0.39569313838322,0,16205.5688035683,0
2952,46.271939662579,0.395873141046252,0,16211.0517172365,0
2953,46.3167703443811,0.396053000301658,0,16216.5346348641,0
2954,46.3616014323859,0.396232715805832,0,16222.0175564493,0
2955,46.4064328795462,0.396412287220884,0,16227.5004819904,0
2956,46.4512646389972,0.396591714214595,0,16232.9834114855,0
2957,46.4960966640562,0.396770996460371,0,16238.4663449329,0
2958,46.5409289082199,0.39695013363718,0,16243.9492823309,0
2959,46.5857613251652,0.397129125429521,0,16249.4322236775,0
2960,46.6305938687475,0.397307971527366,0,16254.915168971,0
2961,46.6754264929997,0.397486671626108,0,16260.3981182097,0
2962,46.720259152132,0.397665225426527,0,16265.8810713917,0
2963,46.7650918005299,0.397843632634729,0,16271.3640285154,0
2964,46.809924392754,0.398021892962105,0,16276.8469895788,0
2965,46.8547568835396,0.39820000612529,0,16282.3299545802,0
2966,46.8995892277945,0.398377971846104,0,16287.8129235179,0
2967,46.9444213805992,0.398555789851517,0,16293.29589639,0
2968,46.9892532972061,0.398733459873604,0,16298.7788731948,0
2969,47.0340849330374,0.398910981649486,0,16304.2618539305,0
2970,47.0789162436859,0.399088354921306,0,16309.7448385953,0
2971,47.1237471849129,0.39926557943617,0,16315.2278271874,0
2972,47.1685777126479,0.399442654946102,0,16320.7108197052,0
2973,47.2134077829883,0.399619581208016,0,16326.1938161466,0
2974,47.2582373521969,0.399796357983653,0,16331.6768165101,0
2975,47.303066376703,0.399972985039548,0,16337.1598207939,0
2976,47.3478948131007,0.400149462146995,0,16342.642828996,0
2977,47.3927226181476,0.400325789081982,0,16348.1258411149,0
2978,47.4375497487651,0.400501965625173,0,16353.6088571487,0
2979,47.4823761620369,0.400677991561857,0,16359.0918770956,0
2980,47.5272018152082,0.400853866681894,0,16364.5749009538,0
2981,47.5720266656855,0.401029590779702,0,16370.0579287216,0
2982,47.616850671035,0.401205163654189,0,16375.5409603973,0
2983,47.6616737889822,0.401380585108722,0,16381.0239959789,0
2984,47.7064959774119,0.4015558549511,0,16386.5070354649,0
2985,47.7513171943658,0.401730972993488,0,16391.9900788533,0
2986,47.7961373980432,0.401905939052403,0,16397.4731261424,0
2987,47.8409565467998,0.40208075294866,0,16402.9561773305,0
2988,47.8857745991463,0.402255414507332,0,16408.4392324158,0
2989,47.9305915137492,0.402429923557726,0,16413.9222913965,0
2990,47.975407249428,0.402604279933325,0,16419.4053542708,0
2991,48.0202217651563,0.402778483471762,0,16424.888421037,0
2992,48.0650350200604,0.402952534014788,0,16430.3714916933,0
2993,48.1098469734178,0.403126431408213,0,16435.854566238,0
2994,48.154657584658,0.403300175501891,0,16441.3376446692,0
2995,48.1994668133609,0.403473766149675,0,16446.8207269852,0
2996,48.2442746192556,0.403647203209369,0,16452.3038131843,0
2997,48.289080962221,0.403820486542716,0,16457.7869032646,0
2998,48.333885802284,0.403993616015341,0,16463.2699972244,0
2999,48.3786890996192,0.404166591496717,0,16468.753095062,0
3000,48.4234908145486,0.404339412860148,0,16474.2361967755,0
3001,48.46829090754,0.404512079982707,0,16479.7193023632,0
3002,48.5130893392073,0.404684592745218,0,16485.2024118234,0
3003,48.5578860703092,0.404856951032227,0,16490.6855251543,0
3004,48.6026810617483,0.40502915473194,0,16496.1686423541,0
3005,48.6474742745717,0.405201203736223,0,16501.6517634211,0
3006,48.6922656699688,0.405373097940545,0,16507.1348883534,0
3007,48.7370552092712,0.405544837243945,0,16512.6180171494,0
3008,48.781842853953,0.40571642154902,0,16518.1011498073,0
3009,48.8266285656281,0.405887850761859,0,16523.5842863253,0
3010,48.8714123060518,0.406059124792036,0,16529.0674267016,0
3011,48.9161940371185,0.406230243552573,0,16534.5505709345,0
3012,48.9609737208616,0.406401206959887,0,16540.0337190223,0
3013,49.0057513194535,0.406572014933792,0,16545.5168709631,0
3014,49.0505267952036,0.406742667397438,0,16551.0000267553,0
3015,49.0953001105589,0.406913164277289,0,16556.483186397,0
3016,49.1400712281029,0.407083505503101,0,16561.9663498865,0
3017,49.1848401105547,0.407253691007871,0,16567.4495172221,0
3018,49.229606720769,0.407423720727822,0,16572.9326884019,0
3019,49.274371021735,0.407593594602374,0,16578.4158634243,0
3020,49.3191329765757,0.407763312574091,0,16583.8990422875,0
3021,49.3638925485479,0.40793287458868,0,16589.3822249897,0
3022,49.4086497010407,0.408102280594941,0,16594.8654115292,0
3023,49.4534043975758,0.408271530544739,0,16600.3486019042,0
3024,49.4981566018064,0.40844062439299,0,16605.8317961129,0
3025,49.5429062775164,0.408609562097604,0,16611.3149941536,0
3026,49.5876533886202,0.408778343619484,0,16616.7981960247,0
3027,49.6323978991623,0.408946968922482,0,16622.2814017242,0
3028,49.6771397733158,0.409115437973364,0,16627.7646112504,0
3029,49.7218789753829,0.409283750741804,0,16633.2478246017,0
3030,49.7666154697934,0.409451907200329,0,16638.7310417762,0
3031,49.8113492211047,0.409619907324306,0,16644.2142627722,0
3032,49.8560801940012,0.409787751091921,0,16649.697487588,0
3033,49.9008083532929,0.409955438484127,0,16655.1807162218,0
3034,49.9455336639161,0.410122969484639,0,16660.6639486718,0
3035,49.9902560909322,0.410290344079903,0,16666.1471849363,0
3036,50.0349755995265,0.410457562259049,0,16671.6304250136,0
3037,50.079692155009,0.410624624013898,0,16677.1136689018,0
3038,50.1244057228124,0.410791529338903,0,16682.5969165994,0
3039,50.1691162684926,0.410958278231139,0,16688.0801681044,0
3040,50.2138237577276,0.411124870690284,0,16693.5634234152,0
3041,50.2585281563171,0.411291306718564,0,16699.0466825301,0
3042,50.303229430182,0.411457586320761,0,16704.5299454472,0
3043,50.3479275453635,0.411623709504168,0,16710.0132121648,0
3044,50.3926224680231,0.411789676278559,0,16715.4964826812,0
3045,50.4373141644417,0.411955486656186,0,16720.9797569947,0
3046,50.4820026010188,0.412121140651726,0,16726.4630351035,0
3047,50.5266877442726,0.412286638282278,0,16731.9463170058,0
3048,50.5713695608391,0.41245197956733,0,16737.4296026999,0
3049,50.6160480174711,0.412617164528725,0,16742.9128921841,0
3050,50.6607230810389,0.412782193190658,0,16748.3961854566,0
3051,50.7053947185283,0.412947065579631,0,16753.8794825157,0
3052,50.7500628970408,0.413111781724435,0,16759.3627833596,0
3053,50.7947275837935,0.413276341656142,0,16764.8460879867,0
3054,50.8393887461175,0.41344074540805,0,16770.3293963951,0
3055,50.8840463514582,0.413604993015689,0,16775.8127085831,0
3056,50.9287003673748,0.413769084516785,0,16781.296024549,0
3057,50.9733507615387,0.413933019951226,0,16786.7793442911,0
3058,51.0179975017346,0.414096799361068,0,16792.2626678075,0
3059,51.0626405558586,0.41426042279048,0,16797.7459950966,0
3060,51.1072798919184,0.41442389028574,0,16803.2293261567,0
3061,51.1519154780327,0.414587201895217,0,16808.7126609859,0
3062,51.1965472824301,0.414750357669323,0,16814.1959995826,0
3063,51.2411752734496,0.414913357660523,0,16819.6793419451,0
3064,51.2857994195394,0.415076201923292,0,16825.1626880715,0
3065,51.3304196892564,0.415238890514093,0,16830.6460379601,0
3066,51.3750360512658,0.415401423491376,0,16836.1293916093,0
3067,51.4196484743407,0.415563800915526,0,16841.6127490173,0
3068,51.4642569273616,0.415726022848865,0,16847.0961101822,0
3069,51.5088613793157,0.415888089355628,0,16852.5794751025,0
3070,51.5534617992963,0.416050000501922,0,16858.0628437764,0
3071,51.598058156503,0.416211756355739,0,16863.5462162022,0
3072,51.6426504202402,0.416373356986902,0,16869.029592378,0
3073,51.6872385599172,0.416534802467063,0,16874.5129723022,0
3074,51.7318225450479,0.416696092869687,0,16879.9963559731,0
3075,51.7764023452497,0.416857228270007,0,16885.4797433889,0
3076,51.8209779302434,0.417018208745036,0,16890.9631345478,0
3077,51.8655492698527,0.417179034373523,0,16896.4465294483,0
3078,51.9101163340034,0.417339705235938,0,16901.9299280884,0
3079,51.9546790927237,0.417500221414472,0,16907.4133304666,0
3080,51.9992375161425,0.41766058299298,0,16912.896736581,0
3081,52.04379157449,0.417820790056998,0,16918.38014643,0
3082,52.0883412380967,0.417980842693706,0,16923.8635600118,0
3083,52.1328864773929,0.418140740991904,0,16929.3469773246,0
3084,52.1774272629088,0.418300485042017,0,16934.8303983668,0
3085,52.2219635652728,0.418460074936041,0,16940.3138231367,0
3086,52.2664953552123,0.418619510767555,0,16945.7972516325,0
3087,52.3110226035528,0.418778792631695,0,16951.2806838524,0
3088,52.3555452812171,0.418937920625116,0,16956.7641197948,0
3089,52.4000633592252,0.419096894846008,0,16962.2475594579,0
3090,52.4445768086935,0.419255715394047,0,16967.73100284,0
3091,52.4890856008349,0.419414382370391,0,16973.2144499394,0
3092,52.5335897069577,0.419572895877673,0,16978.6979007544,0
3093,52.5780890984655,0.41973125601995,0,16984.1813552832,0
3094,52.6225837468567,0.419889462902727,0,16989.6648135241,0
3095,52.6670736237239,0.42004751663291,0,16995.1482754754,0
3096,52.7115587007535,0.420205417318793,0,17000.6317411353,0
3097,52.7560389497257,0.420363165070064,0,17006.1152105022,0
3098,52.8005143425129,0.420520759997748,0,17011.5986835743,0
3099,52.8449848510805,0.420678202214228,0,17017.0821603499,0
3100,52.8894505132577,0.42083549183321,-3.86737745941215e-12,17022.5656407878,-6.58326866605463e-08
3101,51.8063818458376,0.420992628969705,6.2937183760622e-05,17028.657287886,1.07173573292434
3102,49.076328775211,0.42114961374002,0.000208592313854946,17035.4256573646,3.55345885537361
3103,45.3994745511852,0.421306446261737,0.000394044749681103,17042.3636684656,6.71545392571486
3104,41.2451011201127,0.421463126653699,0.000595651328208637,17049.2239943575,10.1553929171656
3105,36.8969070436713,0.421619655035993,0.000801001145834547,17055.9030747918,13.6617979061512
3106,32.5161685215589,0.421776031529936,0.00100408034382028,17062.3733735386,17.1319937232927
3107,28.2205668098824,0.421932256258055,0.00120240538261558,17068.6446586056,20.52343021146
3108,24.1324436053102,0.422088329344076,0.00139535182566249,17074.7425254239,23.8252731555671
3109,20.3772158258291,0.422244250912905,0.00158320139025542,17080.6970018769,27.042183239903
3110,17.0559595073254,0.422400021090616,0.00176661499077639,17086.5369244322,30.1853322711562
3111,14.2233636433934,0.422555640004432,0.00194635433510518,17092.2875221271,33.2676479155563
3112,11.8840507613052,0.422711107782664,0.00212314544566162,17097.9697080812,36.3014765157728
3113,10.0034640805467,0.422836372651592,0.00229762082441968,17103.6002184528,39.2975880344662
3114,8.52407898007037,0.422811557415467,0.00247030330180701,17109.1921197774,42.2648937847365
3115,7.37995563555881,0.422555023245467,0.00264161043412181,17114.7554288743,45.2105165183573
3116,6.50674224412771,0.422034279972218,0.00281186771362732,17120.2977176823,48.1400124000384
3117,5.84711965567587,0.421244912481446,0.00298132435091987,17125.8246469135,51.0576380494269
3118,5.35288989622336,0.420196066549108,0.00315016853674155,17131.3404107319,53.9666095540966
3119,4.9850406623534,0.418903252226135,0.00331854084162346,17136.8480938798,56.8693302962372
3120,4.71280416900401,0.417387116887166,0.00348654534580719,17142.3499512133,59.7675804386007
3121,4.51235060505925,0.415674269351636,0.00365425855731273,17147.8476224067,62.6626689136744
3122,4.36546196917507,0.413796882235171,0.00382173644218881,17153.3422951405,65.555553354677
3123,4.28779693153829,0.411790325965562,0.00395763848887276,17158.5276493648,67.9072494375133
3124,4.30158588160548,0.409689866592309,0.00404556990663525,17163.3064265415,69.4353559775756
3125,4.40763304197737,0.407527725630065,0.00410232653483095,17167.9014056338,70.4283374836931
3126,4.62495605566457,0.405331221986001,0.00413881694070763,17172.4446680513,71.0736049054952
3127,5.01411305675632,0.403122073446835,0.00416212875459198,17177.0113807851,71.4929329859194
3128,5.68401878363847,0.400916573649385,0.004176867770351,17181.6414045789,71.7654442245139
3129,6.75727263263236,0.398726273443029,0.00418602766777065,17186.3530755597,71.9425494823682
3130,8.31605193641837,0.396558860892663,0.00419155466266521,17191.1519346034,72.057653048073
3131,10.169891281588,0.394419042251209,0.00424915894522635,17196.570299188,73.0709605140084
3132,11.9625409202572,0.392309321895203,0.00437862369939101,17202.6807614327,75.3240656750671
3133,13.4831693263083,0.390230643490661,0.00454450215510963,17209.0387564952,78.2065137162576
3134,14.568076830603,0.388182891283073,0.00472687038352818,17215.4166344905,81.3750430296714
3135,15.1101299800358,0.386166226692516,0.00491494951289638,17221.7091472805,84.6438309846693
3136,15.066963036083,0.384184329281767,0.00510324506020175,17227.8776563432,87.9180815474936
3137,14.479959049047,0.382242040555024,0.00528923774354053,17233.9177965087,91.1542884783685
3138,13.4728755055284,0.380345500019586,0.00547202231193174,17239.8411934111,94.3367956645056
3139,12.2163928357492,0.378505063915811,0.00565152011582246,17245.665485667,97.4642254029923
3140,10.8795250336354,0.376740056091722,0.00582803497365799,17251.4091670391,100.541815970388
3141,9.59404515030235,0.375082001648536,0.00600201155958013,17257.0891589499,103.577248616722
3142,8.44173422534495,0.373572773908567,0.00617391109791407,17262.7198772844,106.578497830548
3143,7.45936794781648,0.372250975340287,0.00634415334465464,17268.3130750979,109.552826151926
3144,6.65165114545927,0.371118638574834,0.00651309472972745,17273.8780535329,112.50640411242
3145,6.00458160376458,0.370150053483653,0.0066810251863219,17279.4220172094,115.444253702061
3146,5.49570934233722,0.369301227066741,0.00684817377513669,17284.9504574093,118.370344426967
3147,5.10065975483234,0.368516602173146,0.0070147176925127,17290.4675072483,121.287748334911
3148,4.79663903248086,0.367735969174329,0.00718079185400019,17295.9762465178,124.198805337976
3149,4.5639421807781,0.366902458696156,0.00734649772103186,17301.4789514198,127.105275687086
3150,4.38631644206515,0.365971112489369,0.00751191084795447,17306.97729287,130.008470471612
3151,4.25075500055569,0.364914853104459,0.0076770870486269,17312.4724904845,132.909358336408
3152,4.14705949279252,0.363725485639662,0.00784206722728851,17317.9654295761,135.808649138594
3153,4.09548847166883,0.362410240455396,0.00797576587160509,17323.1477651167,138.16537073379
3154,4.12145376004146,0.360986182634101,0.00806203061443113,17327.9223418573,139.698240404538
3155,4.22872801197421,0.359474754460734,0.00811742088086328,17332.51199894,140.695294818009
3156,4.43709559171928,0.357897699891255,0.00815270482103436,17337.0490764436,141.343843588031
3157,4.80467633895302,0.356274631738487,0.00817488832840099,17341.609054613,141.765717456248
3158,5.43458230261438,0.354621946403791,0.00818853056763803,17346.2320850125,142.040151661468
3159,6.44243047480147,0.3529526267223,0.00819659958613812,17350.9367450548,142.218680943625
3160,7.90555139861288,0.351276529041657,0.00820102841937559,17355.7287616397,142.334824813181
3161,9.64280677849614,0.349600873585639,0.00825715454844508,17361.1446421626,143.353654448246
3162,11.3191277311795,0.347930773227607,0.00838442305120112,17367.2560595577,145.614422041868
3163,12.7377620151887,0.346269718714433,0.00854780778589198,17373.6173541151,148.506341688613
3164,13.7464660969952,0.344619988280286,0.00872759161461373,17379.9998449888,151.685540909112
3165,14.2461149277782,0.342984092357262,0.00891308870067131,17386.2974845419,154.96561165598
3166,14.1979951257442,0.341368474954312,0.00909883964682882,17392.4710874793,158.251305487081
3167,13.6413183971142,0.339780728720561,0.00928233259428296,17398.5159566768,161.498811756814
3168,12.691987275399,0.338229657655277,0.00946265794124632,17404.4435467985,164.692295941086
3169,11.5096502170442,0.336728516552114,0.00963972885049404,17410.2714357337,167.830295853974
3170,10.2524253243773,0.335300288267802,0.00981384077684067,17416.0181258306,170.918028853473
3171,9.04367281566363,0.333981210874844,0.00998543130481723,17421.7005863283,173.963194417875
3172,7.9600304321678,0.332818605724824,0.0101549562116606,17427.3332995352,176.973806542795
3173,7.03602296023856,0.331855623801361,0.0103228313398092,17432.928090321,179.957176435406
3174,6.27612682365257,0.331094421743403,0.0104894104580777,17438.4943291836,182.919524789668
3175,5.66726309771281,0.330506519536177,0.0106549817845225,17444.0392834717,185.865920813886
3176,5.18840360976049,0.330043516235496,0.0108197733404071,17449.5684987962,188.800376044883
3177,4.81668826780914,0.329644613162913,0.0109839617431071,17455.0861538885,191.725998536949
3178,4.5307187060943,0.32924422542174,0.0111476816291143,17460.5953659527,194.645158194429
3179,4.31197995726429,0.328780648499185,0.0113110343665114,17466.0984413174,197.559639718613
3180,4.14518769257409,0.328205266600204,0.0114740955240352,17471.5970748008,200.470773793718
3181,4.01809955435512,0.327488909758677,0.0116369209864847,17477.0925047526,203.379544551291
3182,3.92110821189399,0.326622850291986,0.011799551809436,17482.5856316106,206.28667492309
3183,3.87323065649105,0.325615018173604,0.0119313992872343,17487.76862978,208.653550164677
3184,3.89865381490296,0.324483950046815,0.0120162357272898,17492.5411412405,210.194497822461
3185,4.00097951341214,0.323252904918014,0.0120704253684895,17497.1266530301,211.197761428409
3186,4.19887823277657,0.321945479028303,0.012104622945146,17501.6581441665,211.850972749979
3187,4.54719709358919,0.320582990112285,0.0121257692344235,17506.2116378138,212.27628248911
3188,5.14350248796999,0.319183309724891,0.0121383875815536,17510.8277238185,212.553213785522
3189,6.09771668727379,0.3177606477524,0.0121454272559583,17515.5253119772,212.733538526515
3190,7.4841174901611,0.316325855779377,0.0121488122513008,17520.3103683944,212.850961250143
3191,9.31097655626202,0.31488694864622,0.0121497986371017,17525.1814221772,212.927425358128
3192,11.5216438113822,0.313449667682976,0.0121492072997485,17530.1329970565,212.9772197734
3193,14.0174819397951,0.312017998113209,0.0121475752297459,17535.1577109998,213.00964745983
3194,16.6857290950917,0.310594603528273,0.0121452542474259,17540.2475361187,213.030765888948
3195,19.4208764421649,0.309182358417342,0.0121424753065173,17545.3945258464,213.044519773194
3196,22.1361201468442,0.307788239311331,0.0121393903508747,17550.5912095593,213.05347758147
3197,24.7666305469411,0.306420422768049,0.0121360996519477,17555.8307840882,213.059311868426
3198,27.2678934761607,0.305088323319579,0.0121326696392079,17561.1071826102,213.063111945331
3199,29.6119715328223,0.303805981179957,0.0121291445209979,17566.4150723968,213.065587128937
3200,31.7834649799052,0.302597594171983,0.0121255538945522,17571.7498137741,213.067199388504
3201,33.7760108812926,0.301501243277636,0.0121219177172281,17577.1073998811,213.068249608239
3202,35.5895655338611,0.300566678646192,0.0121182495609331,17582.4843892206,213.068933729785
3203,37.2284111730701,0.299847386871525,0.0121145587520095,17587.8778378181,213.069379389413
3204,38.6997382672365,0.299390825937119,0.0121108517749999,17593.2852349716,213.069669716036
3205,40.0126367762099,0.299230831588854,0.0121071331999521,17598.7044443821,213.069858854723
3206,41.1773690899573,0.29938412109842,0.0121034062963002,17604.1336514488,213.069982077856
3207,42.2048354445047,0.299850646894972,0.0120996734403521,17609.5713168793,213.070062358831
3208,43.1061718718947,0.300616441567945,0.0120959363884266,17615.0161361928,213.070114664496
3209,43.8924465724028,0.30165747976001,0.0120921964603439,17620.4670047518,213.070148744466
3210,44.5744318139269,0.302943494387065,0.0120884546641211,17625.9229876827,213.070170949891
3211,45.1624372820239,0.304441178636298,0.0120847117815169,17631.3832941167,213.070185418853
3212,45.6661957407652,0.306116598046377,0.0120809684272586,17636.8472552414,213.070194846954
3213,46.0947941071572,0.307936856758447,0.0120772250907648,17642.3143055881,213.070200990608
3214,46.456644967182,0.309871155780232,0.0120734821658446,17647.7839671563,213.070204994139
3215,46.7594927315429,0.311891398539948,0.0120697399722355,17653.2558359373,213.070207603112
3216,47.0104495545479,0.313972477319691,0.0120659987714777,17658.7295704881,213.070209303366
3217,47.216059120338,0.316092344061861,0.0120622587787874,17664.2048822679,213.070210411435
3218,47.382389501468,0.318231940493738,0.0120585201721172,17669.6815274462,213.070211133598
3219,47.5151544265352,0.320375039181027,0.0120547830991521,17675.1592999841,213.070211604269
3220,47.6198535323988,0.322508031181036,0.0120510476828032,17680.6380257783,213.070211911037
3221,47.7019089198234,0.32461968536262,0.012047314025576,17686.11755771,213.070212110987
3222,47.76676559699,0.326700895785425,0.0120435822130762,17691.597771465,213.070212241315
3223,47.8199249550413,0.328744429966375,0.0120398523168589,17697.0785619947,213.070212326267
3224,47.8668935348558,0.330744685934679,0.0120361243967557,17702.559840531,213.070212381643
3225,47.9130510962622,0.332697464102189,0.0120323985027915,17708.041532061,213.07021241774
3226,47.9634627107604,0.334599758294099,0.0120286746767715,17713.5235731939,213.070212441272
3227,48.022672705112,0.336449567908229,0.0120249529535985,17719.0059103599,213.070212456613
3228,48.0945193645277,0.338245733206441,0.0120212333623739,17724.4884982865,213.070212466614
3229,48.1820016644511,0.33998779378246,0.0120175159273158,17729.9712987129,213.070212473134
3230,48.2872141532924,0.341675870777952,0.0120138006685306,17735.4542793031,213.070212477384
3231,48.4113518881829,0.343310573122693,0.0120100876026596,17740.9374127273,213.070212480156
3232,48.5547753085069,0.3448929271926,0.0120063767434227,17746.4206758868,213.070212481963
3233,48.7171182665296,0.346424328307278,0.0120026681020763,17751.9040492574,213.070212483141
3234,48.8974204527817,0.347906509133924,0.0119989616877982,17757.3875163367,213.070212483909
3235,49.0942676093421,0.349341518078388,0.0119952575080125,17762.8710631752,213.07021248441
3236,49.3059263586114,0.350731698821644,0.0119915555686635,17768.3546779815,213.070212484737
3237,49.5304651926289,0.352079662680382,0.0119878558744462,17773.8383507879,213.07021248495
3238,49.7658572358252,0.353388248132651,0.0119841584290015,17779.322073168,213.070212485089
3239,50.0100631501232,0.354660465310619,0.0119804632350804,17784.8058379981,213.07021248518
3240,50.261095210824,0.355899427508633,0.0119767702946827,17790.2896392557,213.070212485239
3241,50.5170642788217,0.357108274678353,0.0119730796091741,17795.773471849,213.070212485277
3242,50.7762122861358,0.358290095439038,0.0119693911793853,17801.2573314731,213.070212485302
3243,51.0369328125892,0.359447854275525,0.0119657050056954,17806.7412144878,213.070212485319
3244,51.2977821365759,0.360584329218471,0.0119620210881021,17812.2251178153,213.070212485329
3245,51.5574829664643,0.361702063499496,0.0119583394262819,17817.709038853,213.070212485336
3246,51.8149226261433,0.362803332630414,0.0119546600196399,17823.1929754,213.070212485341
3247,52.0691472257417,0.363890126555622,0.0119509828673522,17828.676925595,213.070212485344
3248,52.3193530385956,0.364964145294697,0.0119473079684023,17834.1608878639,213.070212485346
3249,52.5648760792353,0.36602680575138,0.011943635321611,17839.6448608754,213.070212485347
3250,52.8051806568651,0.36707925703732,0.011939964925662,17845.1288435032,213.070212485348
3251,53.0398475466545,0.368122401796012,0.0119362967791238,17850.6128347949,213.070212485348
3252,53.2685622314832,0.369156921243685,0.0119326308804677,17856.0968339446,213.070212485349
3253,53.4911035815366,0.370183302025147,0.0119289672280833,17861.5808402706,213.070212485349
3254,53.7073332060149,0.371201863449685,0.0119253058202918,17867.064853196,213.070212485349
3255,53.9171855967059,0.372212783961427,0.0119216466553566,17872.5488722326,213.070212485349
3256,54.1206591269859,0.373216126122784,0.0119179897314929,17878.0328969674,213.070212485349
3257,54.3178078447619,0.374211859597786,0.0119143350468755,17883.5169270506,213.070212485349
3258,54.5087339890101,0.375199881854003,0.0119106825996453,17889.0009621862,213.070212485349
3259,54.6935810995091,0.376180036485458,0.0119070323879152,17894.4850021237,213.070212485349
3260,54.8725275942892,0.377152129134231,0.0119033844097747,17899.9690466506,213.070212485349
3261,55.0457807188874,0.378115941115204,0.0118997386632936,17905.4530955872,213.070212485349
3262,55.2135707788771,0.379071240881796,0.0118960951465262,17910.937148781,213.070212485349
3263,55.3761456384418,0.380017793509368,0.0118924538575131,17916.421206103,213.070212485349
3264,55.5337654797084,0.380955368406751,0.0118888147942845,17921.9052674436,213.070212485349
3265,55.6866978647473,0.381883745460909,0.0118851779548619,17927.3893327099,213.070212485349
3266,55.8352131605388,0.38280271981809,0.0118815433372596,17932.873401823,213.070212485349
3267,55.9795803814142,0.383712105514782,0.0118779109394866,17938.3574747159,213.070212485349
3268,56.1200635198306,0.384611738119537,0.0118742807595476,17943.8415513318,213.070212485349
3269,56.25691839988,0.38550147656451,0.0118706527954439,17949.3256316222,213.070212485349
3270,56.3903900860661,0.386381204295919,0.0118670270451747,17954.8097155459,213.070212485349
3271,56.5207108501176,0.387250829849309,0.0118634035067375,17960.2938030677,213.070212485349
3272,56.6480986774757,0.38811028696148,0.0118597821781286,17965.7778941578,213.070212485349
3273,56.7727562841507,0.388959534260647,0.0118561630573442,17971.2619887903,213.070212485349
3274,56.8948705923818,0.389798554621171,0.0118525461423801,17976.7460869435,213.070212485349
3275,57.0146126113101,0.390627354209925,0.0118489314312329,17982.2301885985,213.070212485349
3276,57.1321376600336,0.391445961270416,0.0118453189218995,17987.7142937391,213.070212485349
3277,57.2475858707342,0.392254424696979,0.011841708612378,17993.1984023514,213.070212485349
3278,57.3610829106686,0.393052812413656,0.0118381005006675,17998.6825144232,213.070212485349
3279,57.4727408676163,0.393841209630343,0.0118344945847687,18004.1666299443,213.070212485349
3280,57.5826592457185,0.394619716991398,0.0118308908626837,18009.6507489054,213.070212485349
3281,57.6909260292838,0.39538844867579,0.0118272893324162,18015.1348712987,213.070212485349
3282,57.7976187753361,0.396147530489198,0.0118236899919718,18020.618997117,213.070212485349
3283,57.902805703773,0.396897097974095,0.011820092839358,18026.1031263543,213.070212485349
3284,58.0065467621213,0.397637294595178,0.0118164978725842,18031.5872590051,213.070212485349
3285,58.1088946430607,0.398368270004559,0.0118129050896618,18037.0713950645,213.070212485349
3286,58.2098957442587,0.39909017843159,0.0118093144886043,18042.5555345281,213.070212485349
3287,58.3095910585216,0.399803177203393,0.0118057260674274,18048.0396773919,213.070212485349
3288,58.4080169902047,0.400507425408162,0.0118021398241489,18053.5238236524,213.070212485349
3289,58.5052060954334,0.401203082717593,0.0117985557567889,18059.0079733062,213.070212485349
3290,58.6011877446918,0.401890308353015,0.0117949738633697,18064.4921263503,213.070212485349
3291,58.6959887116502,0.402569260210999,0.0117913941419157,18069.9762827819,213.070212485349
3292,58.7896336890421,0.403240094126838,0.0117878165904537,18075.4604425983,213.070212485349
3293,58.8821457372768,0.403902963275822,0.0117842412070129,18080.944605797,213.070212485349
3294,58.9735466693688,0.404558017701228,0.0117806679896245,18086.4287723756,213.070212485349
3295,59.0638573769481,0.405205403950431,0.0117770969363224,18091.9129423319,213.070212485349
3296,59.153098102956,0.405845264818581,0.0117735280451426,18097.3971156637,213.070212485349
3297,59.2412886647492,0.40647773917418,0.0117699613141233,18102.881292369,213.070212485349
3298,59.328448633465,0.407102961865637,0.0117663967413052,18108.3654724458,213.070212485349
3299,59.4145974733763,0.407721063690486,0.0117628343247313,18113.849655892,213.070212485349
3300,59.4997546460762,0.408332171417374,0.011759274062447,18119.3338427058,213.070212485349
3301,59.5839396836867,0.408936407855372,0.0117557159524999,18124.8180328854,213.070212485349
3302,59.6671722348455,0.409533891953223,0.0117521599929401,18130.3022264288,213.070212485349
3303,59.7494720877397,0.410124738930499,0.0117486061818198,18135.7864233344,213.070212485349
3304,59.8308591734034,0.410709060424773,0.0117450545171937,18141.2706236003,213.070212485349
3305,59.9113535530181,0.411286964654442,0.0117415049971188,18146.7548272247,213.070212485349
3306,59.9909753922488,0.411858556590721,0.0117379576196546,18152.239034206,213.070212485349
3307,60.0697449255938,0.412423938131354,0.0117344123828625,18157.7232445424,213.070212485349
3308,60.1476824134973,0.412983208278864,0.0117308692848067,18163.2074582323,213.070212485349
3309,60.2248080945304,0.413536463312368,0.0117273283235535,18168.6916752738,213.070212485349
3310,60.3011421348741,0.414083796957984,0.0117237894971715,18174.1758956654,213.070212485349
3311,60.3767045768589,0.414625300550839,0.0117202528037317,18179.6601194054,213.070212485349
3312,60.4515152881661,0.415161063188839,0.0117167182413073,18185.144346492,213.070212485349
3313,60.5255939129498,0.415691171879187,0.011713185807974,18190.6285769238,213.070212485349
3314,60.5989598258899,0.416215711671825,0.0117096555018097,18196.1128106988,213.070212485349
3315,60.6716320899811,0.416734765786086,0.0117061273208946,18201.5970478156,213.070212485349
3316,60.7436294185638,0.417248415723738,0.0117026012633113,18207.0812882725,213.070212485349
3317,60.8149701420074,0.417756741373304,0.0116990773271446,18212.5655320678,213.070212485349
3318,60.8856721791865,0.418259821103855,0.0116955555104816,18218.0497791999,213.070212485349
3319,60.9557530138098,0.418757731847451,0.0116920358114118,18223.5340296672,213.070212485349
3320,61.0252296755361,0.419250549174667,0.0116885182280268,18229.0182834679,213.070212485349
3321,61.0941187256429,0.419738347358145,0.0116850027584208,18234.5025406006,213.070212485349
3322,61.1624362470833,0.420221199430713,0.0116814894006901,18239.9868010634,213.070212485349
3323,61.2301978385195,0.420699177234081,0.0116779781529332,18245.4710648549,213.070212485349
3324,61.2974186120744,0.421172351461261,0.0116744690132509,18250.9553319733,213.070212485349
3325,61.3641131943846,0.421640791693771,0.0116709619797466,18256.4396024171,213.070212485349
3326,61.4302957305628,0.422104566431491,0.0116674570505255,18261.9238761846,213.070212485349
3327,61.4959798907664,0.422563743120498,0.0116639542236954,18267.4081532741,213.070212485349
3328,61.5611788788781,0.423018388174377,0.0116604534973662,18272.8924336842,213.070212485349
3329,61.6259054430877,0.423468566994113,0.0116569548696503,18278.376717413,213.070212485349
3330,61.6901718879114,0.42391434398438,0.011653458338662,18283.861004459,213.070212485349
3331,61.7539900874201,0.42435578256729,0.0116499639025181,18289.3452948207,213.070212485349
3332,61.8173714993767,0.424792945195796,0.0116464715593376,18294.8295884962,213.070212485349
3333,61.8803271799654,0.425225893363698,0.0116429813072418,18300.3138854841,213.070212485349
3334,61.9428677989998,0.425654687616975,0.0116394931443542,18305.7981857827,213.070212485349
3335,62.0050036552572,0.426079387562583,0.0116360070688005,18311.2824893904,213.070212485349
3336,62.0667446919027,0.426500051878004,0.0116325230787087,18316.7667963055,213.070212485349
3337,62.1281005117472,0.426916738320518,0.0116290411722091,18322.2511065264,213.070212485349
3338,62.1890803922514,0.42732950373567,0.011625561347434,18327.7354200516,213.070212485349
3339,62.2496933001961,0.427738404067447,0.0116220836025182,18333.2197368794,213.070212485349
3340,62.3099479058447,0.428143494366835,0.0116186079355987,18338.7040570081,213.070212485349
3341,62.369852596655,0.428544828802495,0.0116151343448144,18344.1883804361,213.070212485349
3342,62.4294154903577,0.428942460670537,0.0116116628283069,18349.6727071619,213.070212485349
3343,62.4886444474747,0.429336442405215,0.0116081933842196,18355.1570371838,213.070212485349
3344,62.5475470831931,0.429726825590353,0.0116047260106984,18360.6413705002,213.070212485349
3345,62.6061307785886,0.430113660970116,0.0116012607058913,18366.1257071095,213.070212485349
3346,62.6644026912508,0.430496998461678,0.0115977974679485,18371.61004701,213.070212485349
3347,62.7223697652255,0.430876887166617,0.0115943362950224,18377.0943902001,213.070212485349
3348,62.7800387404003,0.431253375383968,0.0115908771852676,18382.5787366783,213.070212485349
3349,62.8374161612538,0.431626510622738,0.0115874201368409,18388.0630864429,213.070212485349
3350,62.8945083850641,0.43199633961475,0.0115839651479014,18393.5474394922,213.070212485349
3351,62.9513215895805,0.432362908328223,0.0115805122166103,18399.0317958247,213.070212485349
3352,63.0078617801682,0.432726261980375,0.0115770613411309,18404.5161554388,213.070212485349
3353,63.0641347965204,0.433086445051471,0.0115736125196288,18410.0005183328,213.070212485349
3354,63.1201463188868,0.433443501297575,0.0115701657502718,18415.4848845051,213.070212485349
3355,63.1759018739397,0.433797473764284,0.0115667210312298,18420.9692539542,213.070212485349
3356,63.2314068402376,0.434148404799929,0.0115632783606749,18426.4536266783,213.070212485349
3357,63.2866664533633,0.434496336068571,0.0115598377367815,18431.9380026759,213.070212485349
3358,63.3416858107574,0.434841308563528,0.0115563991577258,18437.4223819454,213.070212485349
3359,63.3964698762481,0.43518336261971,0.0115529626216867,18442.9067644852,213.070212485349
3360,63.4510234843622,0.435522537926954,0.0115495281268448,18448.3911502936,213.070212485349
3361,63.5053513443685,0.435858873542101,0.011546095671383,18453.875539369,213.070212485349
3362,63.5594580441479,0.436192407901561,0.0115426652534866,18459.3599317098,213.070212485349
3363,63.6133480538561,0.436523178833416,0.0115392368713426,18464.8443273145,213.070212485349
3364,63.6670257294253,0.436851223568991,0.0115358105231406,18470.3287261813,213.070212485349
3365,63.7204953159251,0.43717657875488,0.0115323862070721,18475.8131283088,213.070212485349
3366,63.773760950764,0.437499280463734,0.0115289639213307,18481.2975336952,213.070212485349
3367,63.8268266667996,0.437819364205812,0.0115255436641122,18486.781942339,213.070212485349
3368,63.8796963953047,0.438136864939401,0.0115221254336147,18492.2663542386,213.070212485349
3369,63.9323739688581,0.438451817081493,0.0115187092280382,18497.7507693923,213.070212485349
3370,63.9848631241249,0.4387642545181,0.0115152950455849,18503.2351877986,213.070212485349
3371,64.037167504556,0.439074210613982,0.0115118828844592,18508.7196094558,213.070212485349
3372,64.0892906630139,0.43938171822278,0.0115084727428677,18514.2040343623,213.070212485349
3373,64.1412360643053,0.439686809696049,0.0115050646190187,18519.6884625166,213.070212485349
3374,64.1930070876679,0.439989516892905,0.0115016585111232,18525.172893917,213.070212485349
3375,64.2446070291631,0.440289871188746,0.0114982544173939,18530.6573285619,213.070212485349
3376,64.2960391040255,0.440587903484133,0.0114948523360457,18536.1417664497,213.070212485349
3377,64.3473064489383,0.440883644213422,0.0114914522652958,18541.6262075788,213.070212485349
3378,64.3984121242483,0.441177123352853,0.0114880542033632,18547.1106519476,213.070212485349
3379,64.4493591161324,0.441468370429048,0.0114846581484692,18552.5950995546,213.070212485349
3380,64.5001503386881,0.441757414526538,0.0114812640988372,18558.079550398,213.070212485349
3381,64.5507886359904,0.442044284295868,0.0114778720526927,18563.5640044763,213.070212485349
3382,64.6012767840706,0.442329007960917,0.0114744820082631,18569.0484617878,213.070212485349
3383,64.6516174928574,0.442611613326365,0.0114710939637781,18574.5329223311,213.070212485349
3384,64.7018134080555,0.442892127784995,0.0114677079174694,18580.0173861045,213.070212485349
3385,65.125568934193,0.443170578324517,0.0114643269968185,18585.496780097,213.070212485349
3386,61.9192978578194,0.443446991534772,0.0114599886127946,18592.5326529091,213.070212485349
3387,58.8192841983913,0.443721393614207,0.0114558240187369,18599.2916910085,213.070212485349
3388,55.8775769917526,0.443993810376632,0.0114518152469723,18605.8024767456,213.070212485349
3389,53.0860556441469,0.444264267257696,0.0114479322949303,18612.1132616854,213.070212485349
3390,50.4376493174811,0.444532789321063,0.0114441510238154,18618.2629049502,213.070212485349
3391,47.9274645813596,0.444799401264758,0.0114404520087271,18624.2827051601,213.070212485349
3392,45.5540991228808,0.445064127427293,0.0114368196158868,18630.1978733122,213.070212485349
3393,43.3201699865074,0.445326991793359,0.0114332412612999,18636.028717995,213.070212485349
3394,41.2314934224455,0.4455880179999,0.0114297068140579,18641.7916007509,213.070212485349
3395,39.2951891345514,0.445847229341842,0.0114262081172404,18647.4997041109,213.070212485349
3396,37.5174973954867,0.446104648777554,0.011422738602607,18653.163649978,213.070212485349
3397,35.9020397891638,0.446236083184521,0.0114192929805051,18658.7919978147,213.070212485349
3398,34.4488842354662,0.445389255235489,0.0114158669903919,18664.3916458276,213.070212485349
3399,33.1544096085571,0.444457430360484,0.0114124572002944,18669.9681537341,213.070212485349
3400,32.0116665656679,0.443443380655763,0.0114090608453551,18675.5260028344,213.070212485349
3401,31.0100091465601,0.442358908096271,0.0114056756978756,18681.0688055102,213.070212485349
3402,30.1325734751759,0.441213514955262,0.0114022999626994,18686.5994739984,213.070212485349
3403,29.355329776517,0.440015014738937,0.0113989321930236,18692.1203563043,213.070212485349
3404,28.6525536331773,0.438770052925522,0.0113955712227024,18697.633345564,213.070212485349
3405,28.0050323448717,0.437484576199483,0.0113922161116129,18703.1399683642,213.070212485349
3406,27.4043606199265,0.43616421988399,0.0113888661017137,18708.641455824,213.070212485349
3407,26.8513138562131,0.434814565721094,0.011385520581672,18714.1388008504,213.070212485349
3408,26.3510305457903,0.433441249488513,0.0113821790583689,18719.6328042904,213.070212485349
3409,25.9084540149793,0.432049937702102,0.0113788411339451,18725.1241121316,213.070212485349
3410,25.5257549108675,0.430646218844742,0.0113755064873004,18730.6132455043,213.070212485349
3411,25.2017536145735,0.429235460025825,0.0113721748592029,18736.1006248442,213.070212485349
3412,24.932556813568,0.427822668123371,0.0113688460402895,18741.5865893741,213.070212485349
3413,24.7126182751237,0.426412353062894,0.0113655198613977,18747.0714128115,213.070212485349
3414,24.5357423681582,0.425008291866628,0.0113621961857697,18752.5553160403,213.070212485349
3415,24.3958132596838,0.423613148041851,0.0113588749027744,18758.0384773237,213.070212485349
3416,24.287186378706,0.422228230400175,0.0113555559228472,18763.521040538,213.070212485349
3417,24.2048014533453,0.420853711818673,0.0113522391734118,18769.0031218143,213.070212485349
3418,24.1441504416324,0.419489243350398,0.0113489245955912,18774.4848148979,213.070212485349
3419,24.1012193612852,0.418134609322327,0.0113456121415568,18779.96619547,213.070212485349
3420,24.0724584239794,0.416790124044199,0.0113423017723916,18785.4473246327,213.070212485349
3421,24.0547785666881,0.415456698246195,0.0113389934563682,18790.9282517211,213.070212485349
3422,24.0455517931871,0.414135674320521,0.0113356871675588,18796.4090165727,213.070212485349
3423,24.0425977411948,0.412828576202705,0.0113323828847144,18801.889651359,213.070212485349
3424,24.0441514081738,0.411536882496879,0.0113290805903618,18807.3701820621,213.070212485349
3425,24.0488163417146,0.410261872224118,0.0113257802700749,18812.8506296671,213.070212485349
3426,24.0555110116386,0.409004548857735,0.0113224819118866,18818.3310111243,213.070212485349
3427,24.0634152498407,0.407765626145493,0.0113191855058147,18823.8113401264,213.070212485349
3428,24.071921331347,0.406545551423308,0.0113158910434794,18829.2916277352,213.070212485349
3429,24.080591739732,0.405344543359715,0.0113125985177944,18834.7718828875,213.070212485349
3430,24.0891239239483,0.404162629218878,0.0113093079227185,18840.2521128041,213.070212485349
3431,24.0973213395783,0.402999676495064,0.0113060192530539,18845.7323233195,213.070212485349
3432,24.1050696726902,0.401855420140862,0.0113027325042844,18851.2125191482,213.070212485349
3433,24.1123170390241,0.400729488007805,0.0112994476724445,18856.6927041005,213.070212485349
3434,24.1190572029847,0.399621425847838,0.0112961647540138,18862.1728812552,213.070212485349
3435,24.1253153094957,0.398530721525904,0.0112928837458314,18867.6530531009,213.070212485349
3436,24.1311360960521,0.397456827332036,0.0112896046450275,18873.1332216488,213.070212485349
3437,24.1365748035653,0.396399179277659,0.0112863274489675,18878.6133885244,213.070212485349
3438,24.1416909438922,0.395357212767222,0.0112830521552073,18884.0935550416,213.070212485349
3439,24.1465447768331,0.394330374556737,0.0112797787614569,18889.5737222623,213.070212485349
3440,24.151195981366,0.393318131356706,0.0112765072655514,18895.0538910446,213.070212485349
3441,24.155703742601,0.392319975625986,0.0112732376654269,18900.5340620822,213.070212485349
3442,24.1601274329146,0.391335429142529,0.0112699699591021,18906.0142359355,213.070212485349
3443,24.1645272263301,0.390364044872562,0.0112667041446621,18911.4944130575,213.070212485349
3444,24.1689642529906,0.389405407572975,0.0112634402202468,18916.9745938139,213.070212485349
3445,24.1735001713896,0.388459133452652,0.0112601781840399,18922.4547785003,213.070212485349
3446,24.1781962438717,0.387524869115835,0.0112569180342615,18927.9349673552,213.070212485349
3447,24.183112109575,0.386602289949669,0.0112536597691613,18933.4151605713,213.070212485349
3448,24.1883044695437,0.385691098097967,0.0112504033870132,18938.8953583038,213.070212485349
3449,24.1938258662796,0.384791020175191,0.0112471488861111,18944.375560678,213.070212485349
3450,24.1997236767294,0.383901804882782,0.0112438962647653,18949.8557677948,213.070212485349
3451,24.20603937763,0.383023220691446,0.0112406455213001,18955.3359797352,213.070212485349
3452,24.2128080962066,0.382155053724811,0.0112373966540509,18960.8161965646,213.070212485349
3453,24.2200584313139,0.381297105930385,0.0112341496613629,18966.2964183352,213.070212485349
3454,24.2278125116104,0.380449193559226,0.0112309045415894,18971.7766450889,213.070212485349
3455,24.2360862504107,0.379611145924176,0.0112276612930906,18977.2568768592,213.070212485349
3456,24.2448897549606,0.378782804372751,0.0112244199142326,18982.7371136726,213.070212485349
3457,24.2542278487441,0.377964021400561,0.0112211804033869,18988.2173555502,213.070212485349
3458,24.2641006670165,0.37715465983741,0.0112179427589291,18993.6976025085,213.070212485349
3459,24.2745042899595,0.376354592056928,0.0112147069792393,18999.1778545605,213.070212485349
3460,24.2854313829098,0.375563699181962,0.011211473062701,19004.6581117163,213.070212485349
3461,24.2968718189204,0.374781870277572,0.0112082410077009,19010.1383739834,213.070212485349
3462,24.3088132647125,0.37400900153645,0.0112050108126288,19015.6186413676,213.070212485349
3463,24.3212417172564,0.37324499546902,0.0112017824758771,19021.0989138731,213.070212485349
3464,24.3341419830308,0.372489760113345,0.0111985559958411,19026.5791915028,213.070212485349
3465,24.3474980963823,0.37174320828017,0.0111953313709184,19032.0594742584,213.070212485349
3466,24.3612936765067,0.371005256846125,0.0111921085995087,19037.5397621412,213.070212485349
3467,24.3755122252992,0.370275826104865,0.0111888876800143,19043.0200551515,213.070212485349
3468,24.3901373695903,0.369554839182738,0.0111856686108394,19048.5003532891,213.070212485349
3469,24.4051530527816,0.368842221523129,0.0111824513903905,19053.9806565534,213.070212485349
3470,24.4205436814381,0.368137900440758,0.0111792360170759,19059.4609649435,213.070212485349
3471,24.4362942330057,0.367441804744431,0.0111760224893061,19064.9412784582,213.070212485349
3472,24.4523903305555,0.366753864424418,0.0111728108054934,19070.421597096,213.070212485349
3473,24.4688182907353,0.366074010399876,0.0111696009640521,19075.9019208553,213.070212485349
3474,24.4855651504413,0.365402174320614,0.0111663929633985,19081.3822497342,213.070212485349
3475,24.5026186771575,0.36473828841661,0.0111631868019506,19086.8625837309,213.070212485349
3476,24.519967366817,0.364082285388001,0.0111599824781284,19092.3429228432,213.070212485349
3477,24.5376004326769,0.363434098329331,0.0111567799903537,19097.8232670692,213.070212485349
3478,24.5555077876628,0.362793660682083,0.0111535793370502,19103.3036164066,213.070212485349
3479,24.5736800219755,0.362160906209815,0.0111503805166434,19108.7839708533,213.070212485349
3480,24.5921083769554,0.361535768990201,0.0111471835275605,19114.2643304069,213.070212485349
3481,24.6107847162757,0.360918183419929,0.0111439883682308,19119.7446950652,213.070212485349
3482,24.6297014950522,0.360308084228903,0.0111407950370852,19125.2250648259,213.070212485349
3483,24.6488517273338,0.359705406500664,0.0111376035325564,19130.7054396866,213.070212485349
3484,24.6682289521598,0.359110085695912,0.011134413853079,19136.1858196449,213.070212485349
3485,24.6878271987995,0.35852205767758,0.0111312259970894,19141.6662046986,213.070212485349
3486,24.7076409515818,0.357941258736221,0.0111280399630257,19147.1465948453,213.070212485349
3487,24.7276651147317,0.357367625614731,0.0111248557493278,19152.6269900825,213.070212485349
3488,24.7478949774302,0.356801095531204,0.0111216733544374,19158.1073904078,213.070212485349
3489,24.7683261797202,0.356241606199899,0.0111184927767981,19163.587795819,213.070212485349
3490,24.7889546796359,0.355689095850285,0.0111153140148551,19169.0682063135,213.070212485349
3491,24.809776721879,0.355143503244091,0.0111121370670554,19174.548621889,213.070212485349
3492,24.8307888081289,0.354604767689857,0.011108961931848,19180.0290425431,213.070212485349
3493,24.8519876694143,0.35407282905539,0.0111057886076832,19185.5094682734,213.070212485349
3494,24.8733702406818,0.353547627778253,0.0111026170930137,19190.9898990774,213.070212485349
3495,24.8949336376362,0.353029104874378,0.0110994473862933,19196.4703349529,213.070212485349
3496,24.9166751357052,0.352517201944368,0.011096279485978,19201.9507758973,213.070212485349
3497,24.9385921513051,0.352011861177922,0.0110931133905255,19207.4312219084,213.070212485349
3498,24.9606822253126,0.351513025356506,0.0110899490983951,19212.9116729836,213.070212485349
3499,24.9829430086168,0.351020637854348,0.0110867866080479,19218.3921291207,213.070212485349
3500,25.0053722494651,0.350534642637437,0.0110836259179469,19223.8725903172,213.070212485349
3501,25.02796778264,0.350054984261,0.0110804670265567,19229.3530565707,213.070212485349
3502,25.0507275202712,0.349581607865612,0.0110773099323436,19234.8335278789,213.070212485349
3503,25.0736494440873,0.349114459172063,0.0110741546337759,19240.3140042393,213.070212485349
3504,25.0967315988139,0.34865348447478,0.0110710011293232,19245.7944856497,213.070212485349
3505,25.1199720867319,0.348198630634316,0.0110678494174573,19251.2749721075,213.070212485349
3506,25.1433690632121,0.347749845069076,0.0110646994966514,19256.7554636104,213.070212485349
3507,25.1669207330396,0.347307075746414,0.0110615513653807,19262.2359601561,213.070212485349
3508,25.1906253473202,0.346870271172932,0.0110584050221219,19267.7164617422,213.070212485349
3509,25.2144812009987,0.346439380384513,0.0110552604653535,19273.1969683662,213.070212485349
3510,25.2384866308704,0.346014352936175,0.0110521176935558,19278.6774800259,213.070212485349
3511,25.2626400139317,0.345595138891832,0.0110489767052107,19284.1579967189,213.070212485349
3512,25.2869397659585,0.345181688813826,0.011045837498802,19289.6385184427,213.070212485349
3513,25.3113843403679,0.344773953752643,0.011042700072815,19295.1190451951,213.070212485349
3514,25.3359722272951,0.344371885236886,0.0110395644257368,19300.5995769737,213.070212485349
3515,25.3607019527594,0.343975435263453,0.0110364305560563,19306.0801137761,213.070212485349
3516,25.385572077885,0.343584556287819,0.011033298462264,19311.5606555999,213.070212485349
3517,25.4105811982365,0.343199201214743,0.0110301681428522,19317.0412024429,213.070212485349
3518,25.435727943237,0.342819323389419,0.0110270395963148,19322.5217543027,213.070212485349
3519,25.4610109755467,0.342444876588918,0.0110239128211474,19328.0023111768,213.070212485349
3520,25.4864289904324,0.342075815013873,0.0110207878158475,19333.482873063,213.070212485349
3521,25.5119807151747,0.34171209328065,0.011017664578914,19338.963439959,213.070212485349
3522,25.5376649084984,0.341353666413977,0.0110145431088478,19344.4440118623,213.070212485349
3523,25.5634803599055,0.341000489839814,0.0110114234041512,19349.9245887706,213.070212485349
3524,25.5894258889929,0.340652519378513,0.0110083054633283,19355.4051706817,213.070212485349
3525,25.6155003447766,0.340309711238392,0.0110051892848851,19360.8857575932,213.070212485349
3526,25.6417026050207,0.339972022009733,0.011002074867329,19366.3663495026,213.070212485349
3527,25.6680315754531,0.339639408658904,0.0109989622091692,19371.8469464078,213.070212485349
3528,25.6944861889864,0.339311828522766,0.0109958513089165,19377.3275483064,213.070212485349
3529,25.7210654049454,0.338989239303417,0.0109927421650836,19382.808155196,213.070212485349
3530,25.7477682082935,0.338671599063263,0.0109896347761846,19388.2887670743,213.070212485349
3531,25.7745936087622,0.338358866220129,0.0109865291407354,19393.7693839391,213.070212485349
3532,25.8015406400118,0.338050999542619,0.0109834252572537,19399.2500057879,213.070212485349
3533,25.8286083588168,0.33774795814575,0.0109803231242585,19404.7306326185,213.070212485349
3534,25.8557958442397,0.337449701486801,0.010977222740271,19410.2112644286,213.070212485349
3535,25.8831021967482,0.337156189361147,0.0109741241038135,19415.6919012158,213.070212485349
3536,25.910526537381,0.336867381898311,0.0109710272134104,19421.1725429778,213.070212485349
3537,25.9380680069569,0.336583239558236,0.0109679320675876,19426.6531897124,213.070212485349
3538,25.965725765261,0.33630372312766,0.0109648386648726,19432.1338414172,213.070212485349
3539,25.9934989902177,0.336028793716463,0.0109617470037945,19437.6144980898,213.070212485349
3540,26.0213868771195,0.335758412754199,0.0109586570828844,19443.0951597281,213.070212485349
3541,26.0493886379112,0.335492541986808,0.0109555689006746,19448.5758263297,213.070212485349
3542,26.0775035004372,0.33523114347333,0.0109524824556994,19454.0564978923,213.070212485349
3543,26.105730707714,0.33497417958261,0.0109493977464944,19459.5371744136,213.070212485349
3544,26.1340695172588,0.334721612990162,0.0109463147715973,19465.0178558913,213.070212485349
3545,26.1625192004714,0.33447340667518,0.0109432335295471,19470.4985423232,213.070212485349
3546,26.1910790419706,0.334229523917464,0.0109401540188845,19475.9792337069,213.070212485349
3547,26.2197483389835,0.33398992829439,0.0109370762381518,19481.4599300401,213.070212485349
3548,26.2485264007879,0.333754583678011,0.0109340001858932,19486.9406313206,213.070212485349
3549,26.277412548189,0.333523454232268,0.0109309258606541,19492.4213375461,213.070212485349
3550,26.3064061129582,0.333296504410064,0.010927853260982,19497.9020487143,213.070212485349
3551,26.3355064373343,0.333073698950447,0.0109247823854255,19503.3827648229,213.070212485349
3552,26.3647128735782,0.332855002875896,0.0109217132325354,19508.8634858696,213.070212485349
3553,26.3940247835274,0.332640381489659,0.0109186458008637,19514.3442118522,213.070212485349
3554,26.4234415381394,0.332429800372975,0.0109155800889642,19519.8249427684,213.070212485349
3555,26.4529625170911,0.332223225382416,0.0109125160953922,19525.3056786159,213.070212485349
3556,26.4825871084282,0.332020622647348,0.0109094538187048,19530.7864193925,213.070212485349
3557,26.5123147081854,0.331821958567352,0.0109063932574606,19536.2671650958,213.070212485349
3558,26.5421447200225,0.331627199809594,0.0109033344102197,19541.7479157237,213.070212485349
3559,26.5720765549081,0.331436313306324,0.0109002772755441,19547.2286712738,213.070212485349
3560,26.602109630841,0.331249266252474,0.0108972218519971,19552.7094317438,213.070212485349
3561,26.6322433725253,0.331066026103158,0.0108941681381439,19558.1901971317,213.070212485349
3562,26.6624772110854,0.330886560571199,0.0108911161325509,19563.670967435,213.070212485349
3563,26.6928105838205,0.330710837624771,0.0108880658337866,19569.1517426514,213.070212485349
3564,26.7232429339707,0.330538825485113,0.0108850172404208,19574.6325227789,213.070212485349
3565,26.7537737104466,0.330370492624115,0.0108819703510248,19580.1133078151,213.070212485349
3566,26.7844023676048,0.330205807762004,0.0108789251641717,19585.5940977577,213.070212485349
3567,26.8151283650607,0.330044739865126,0.0108758816784362,19591.0748926045,213.070212485349
3568,26.8459511674782,0.329887258143739,0.0108728398923945,19596.5556923533,213.070212485349
3569,26.8768702443538,0.329733332049721,0.0108697998046243,19602.0364970019,213.070212485349
3570,26.9078850698386,0.329582931274387,0.0108667614137051,19607.5173065478,213.070212485349
3571,26.9389951225918,0.329436025746422,0.0108637247182179,19612.9981209891,213.070212485349
3572,26.9701998855886,0.329292585629718,0.0108606897167451,19618.4789403233,213.070212485349
3573,27.0014988459512,0.329152581321227,0.010857656407871,19623.9597645483,213.070212485349
3574,27.0328914948108,0.329015983448912,0.0108546247901812,19629.4405936618,213.070212485349
3575,27.0643773271813,0.328882762869781,0.010851594862263,19634.9214276616,213.070212485349
3576,27.0959558417909,0.328752890667799,0.0108485666227053,19640.4022665454,213.070212485349
3577,27.127626540949,0.328626338151866,0.0108455400700984,19645.8831103111,213.070212485349
3578,27.1593889304449,0.328503076853915,0.0108425152030345,19651.3639589564,213.070212485349
3579,27.1912425194231,0.328383078526998,0.0108394920201071,19656.844812479,213.070212485349
3580,27.2231868202476,0.328266315143296,0.0108364705199112,19662.3256708768,213.070212485349
3581,27.2552213483981,0.328152758892226,0.0108334507010435,19667.8065341476,213.070212485349
3582,27.2873456223914,0.328042382178656,0.0108304325621024,19673.287402289,213.070212485349
3583,27.3195591636595,0.327935157621029,0.0108274161016875,19678.7682752989,213.070212485349
3584,27.351861496445,0.327831058049487,0.0108244013184003,19684.2491531751,213.070212485349
3585,27.3842521477247,0.327730056504105,0.0108213882108437,19689.7300359154,213.070212485349
3586,27.416730647137,0.327632126233183,0.010818376777622,19695.2109235175,213.070212485349
3587,27.4492965268728,0.327537240691415,0.0108153670173414,19700.6918159792,213.070212485349
3588,27.4819493215966,0.327445373538138,0.0108123589286093,19706.1727132984,213.070212485349
3589,27.5146885683945,0.327356498635681,0.0108093525100349,19711.6536154727,213.070212485349
3590,27.5475138066952,0.327270590047688,0.0108063477602288,19717.1345225001,213.070212485349
3591,27.5804245781845,0.327187622037375,0.0108033446778032,19722.6154343783,213.070212485349
3592,27.613420426748,0.327107569065884,0.0108003432613717,19728.0963511051,213.070212485349
3593,27.6465008984318,0.32703040579073,0.0107973435095497,19733.5772726782,213.070212485349
3594,27.6796655413602,0.326956107064143,0.0107943454209539,19739.0581990956,213.070212485349
3595,27.7129139056752,0.326884647931423,0.0107913489942026,19744.539130355,213.070212485349
3596,27.7462455435005,0.326816003629411,0.0107883542279156,19750.0200664541,213.070212485349
3597,27.7796600088967,0.326750149584975,0.0107853611207145,19755.5010073909,213.070212485349
3598,27.813156857792,0.326687061413399,0.0107823696712219,19760.9819531631,213.070212485349
3599,27.8467356479403,0.326626714916844,0.0107793798780624,19766.4629037686,213.070212485349
3600,27.8803959389015,0.326569086082915,0.0107763917398619,19771.943859205,213.070212485349
3601,27.9141372919852,0.326514151083158,0.0107734052552478,19777.4248194703,213.070212485349
3602,27.9479592702033,0.326461886271523,0.0107704204228491,19782.9057845623,213.070212485349
3603,27.9818614382448,0.326412268182933,0.0107674372412963,19788.3867544788,213.070212485349
3604,28.015843362456,0.326365273531912,0.0107644557092214,19793.8677292175,213.070212485349
3605,28.0499046107862,0.326320879211088,0.010761475825258,19799.3487087764,213.070212485349
3606,28.0840447527574,0.326279062289763,0.0107584975880409,19804.8296931532,213.070212485349
3607,28.1182633594556,0.32623980001257,0.0107555209962068,19810.3106823458,213.070212485349
3608,28.152560003498,0.326203069798117,0.0107525460483936,19815.7916763519,213.070212485349
3609,28.1869342589939,0.326168849237543,0.010749572743241,19821.2726751695,213.070212485349
3610,28.2213857015286,0.32613711609318,0.0107466010793899,19826.7536787963,213.070212485349
3611,28.25591390816,0.326107848297293,0.0107436310554828,19832.2346872301,213.070212485349
3612,28.2905184573774,0.326081023950698,0.0107406626701638,19837.7157004689,213.070212485349
3613,28.3251989290797,0.326056621321425,0.0107376959220784,19843.1967185104,213.070212485349
3614,28.3599549045747,0.326034618843463,0.0107347308098736,19848.6777413524,213.070212485349
3615,28.3947859665621,0.326014995115517,0.010731767332198,19854.1587689929,213.070212485349
3616,28.4296916991026,0.32599772889966,0.0107288054877013,19859.6398014296,213.070212485349
3617,28.4646716876087,0.325982799120084,0.0107258452750353,19865.1208386603,213.070212485349
3618,28.4997255188504,0.325970184861929,0.0107228866928527,19870.601880683,213.070212485349
3619,28.534852780926,0.325959865370007,0.0107199297398081,19876.0829274954,213.070212485349
3620,28.5700530632465,0.325951820047551,0.0107169744145573,19881.5639790955,213.070212485349
3621,28.60532595654,0.325946028455038,0.0107140207157577,19887.0450354809,213.070212485349
3622,28.6406710528455,0.325942470309046,0.0107110686420683,19892.5260966497,213.070212485349
3623,28.6760879454888,0.325941125480996,0.0107081181921493,19898.0071625996,213.070212485349
3624,28.7115762290785,0.325941973995978,0.0107051693646626,19903.4882333284,213.070212485349
3625,28.7471354995177,0.325944996031664,0.0107022221582714,19908.9693088342,213.070212485349
3626,28.7827653539828,0.325950171917127,0.0106992765716404,19914.4503891146,213.070212485349
3627,28.8184653909135,0.325957482131663,0.010696332603436,19919.9314741675,213.070212485349
3628,28.85423521002,0.325966907303691,0.0106933902523258,19925.4125639909,213.070212485349
3629,28.8900744122848,0.325978428209697,0.0106904495169788,19930.8936585825,213.070212485349
3630,28.9259825999429,0.325992025773051,0.0106875103960658,19936.3747579402,213.070212485349
3631,28.9619593764826,0.326007681062914,0.0106845728882587,19941.8558620619,213.070212485349
3632,28.9980043466597,0.326025375293214,0.0106816369922311,19947.3369709455,213.070212485349
3633,29.0341171164832,0.326045089821558,0.0106787027066578,19952.8180845887,213.070212485349
3634,29.0702972932084,0.32606680614811,0.0106757700302155,19958.2992029896,213.070212485349
3635,29.1065444853476,0.326090505914581,0.0106728389615818,19963.7803261458,213.070212485349
3636,29.1428583026745,0.326116170903228,0.0106699094994362,19969.2614540554,213.070212485349
3637,29.1792383562098,0.326143783035752,0.0106669816424592,19974.7425867161,213.070212485349
3638,29.2156842582244,0.326173324372269,0.0106640553893333,19980.2237241258,213.070212485349
3639,29.2521956222559,0.326204777110363,0.010661130738742,19985.7048662825,213.070212485349
3640,29.2887720630974,0.326238123584049,0.0106582076893703,19991.186013184,213.070212485349
3641,29.3254131967942,0.326273346262736,0.0106552862399048,19996.6671648281,213.070212485349
3642,29.3621186406564,0.326310427750271,0.0106523663890335,20002.1483212128,213.070212485349
3643,29.398888013265,0.326349350784006,0.0106494481354457,20007.6294823358,213.070212485349
3644,29.43572093446,0.326390098233755,0.0106465314778322,20013.1106481952,213.070212485349
3645,29.4726170253472,0.326432653100839,0.0106436164148853,20018.5918187888,213.070212485349
3646,29.5095759083148,0.32647699851719,0.0106407029452987,20024.0729941144,213.070212485349
3647,29.5465972070238,0.326523117744376,0.0106377910677675,20029.5541741699,213.070212485349
3648,29.5836805464076,0.326570994172628,0.0106348807809881,20035.0353589533,213.070212485349
3649,29.620825552687,0.326620611319946,0.0106319720836586,20040.5165484624,213.070212485349
3650,29.6580318533746,0.326671952831224,0.0106290649744782,20045.9977426951,213.070212485349
