"t","EIR_tot","slide_prev0to5","prop_killed_ivm","mv_dead","mvx_dead"
1,139.064941546028,0.624000884168645,NA,0,0
2,155.301922069117,0.624000884168645,0,5.48980117367367,0
3,165.396932374327,0.624000884168645,0,10.9796023473473,0
4,170.628680375287,0.624000884168645,0,16.469403521021,0
5,172.107017999068,0.624000884168645,0,21.9592046946947,0
6,170.88464781686,0.624000884168645,0,27.4490058683683,0
7,168.001822410892,0.624000884168645,0,32.938807042042,0
8,164.410457339635,0.624000884168645,0,38.4286082157157,0
9,160.849731937589,0.624000884168645,0,43.9184093893894,0
10,157.774868919952,0.624000884168645,0,49.408210563063,0
11,155.372639733286,0.624000884168645,0,54.8980117367367,0
12,153.638646732434,0.624000884168645,0,60.3878129104104,0
13,152.46636125674,0.6239998285345,0,65.877614084084,0
14,151.716437928387,0.624317235509937,0,71.3674152577577,0
15,151.258954743891,0.625066412841597,0,76.8572164314314,0
16,150.991169717605,0.626000019248187,0,82.347017605105,0
17,150.840011449094,0.626946097531891,0,87.8368187787787,0
18,150.757386470864,0.627793275661552,0,93.3266199524524,0
19,150.713499641233,0.628481067987851,0,98.8164211261261,0
20,150.69078172331,0.628990773407949,0,104.3062222998,0
21,150.679291723356,0.629334263118206,0,109.796023473473,0
22,150.673601812898,0.629541256939527,0,115.285824647147,0
23,150.670837708104,0.629647725265636,0,120.775625820821,0
24,150.669518308436,0.629687619907302,0,126.265426994494,0
25,150.668898620706,0.6296884925428,0,131.755228168168,0
26,150.668611848197,0.629670287787318,0,137.245029341842,0
27,150.668480958912,0.629646052480298,0,142.734830515515,0
28,150.668422100664,0.629623480726238,0,148.224631689189,0
29,150.668400156989,0.629606549174977,0,153.714432862863,0
30,150.668436130287,0.629596880960484,0,159.204234036536,0
31,150.668697469813,0.629594737471763,0,164.69403521021,0
32,150.669652918341,0.629599671139815,0,170.183836383884,0
33,150.672174728436,0.62961092123429,0,175.673637557557,0
34,150.677464701157,0.629627635799902,0,181.163438731231,0
35,150.686792631228,0.629648985365806,0,186.653239904905,0
36,150.701153951656,0.629674214024153,0,192.143041078578,0
37,150.720989071071,0.629702656647617,0,197.632842252252,0
38,150.746058653072,0.629733739170989,0,203.122643425926,0
39,150.77549237186,0.629766971340593,0,208.612444599599,0
40,150.807967037173,0.629801936820921,0,214.102245773273,0
41,150.841944140095,0.629838283059948,0,219.592046946947,0
42,150.875900611203,0.629875712414894,0,225.08184812062,0
43,150.908508200116,0.629913976550282,0,230.571649294294,0
44,150.938741966691,0.629952876445185,0,236.061450467968,0
45,150.965919390884,0.629992267678187,0,241.551251641641,0
46,150.989684787505,0.630032066174674,0,247.041052815315,0
47,151.009958613307,0.630072247677668,0,252.530853988989,0
48,151.026870606012,0.630112836790054,0,258.020655162662,0
49,151.040691367144,0.630153886451521,0,263.510456336336,0
50,151.051771888919,0.630195452824977,0,269.00025751001,0
51,151.060495522579,0.630237571867371,0,274.490058683683,0
52,151.067243444388,0.630280242610924,0,279.979859857357,0
53,151.07237230006,0.63032341956615,0,285.469661031031,0
54,151.076201683755,0.63036701401927,0,290.959462204704,0
55,151.079008859772,0.630410902149536,0,296.449263378378,0
56,151.081028345222,0.630454937052954,0,301.939064552052,0
57,151.082454463948,0.630498961843243,0,307.428865725726,0
58,151.083445462142,0.630542821609568,0,312.918666899399,0
59,151.084128241784,0.630586372882783,0,318.408468073073,0
60,151.08460311218,0.630629490059579,0,323.898269246746,0
61,151.084948233652,0.630672068870118,0,329.38807042042,0
62,151.0852235963,0.63071402735549,0,334.877871594094,0
63,151.085474493422,0.630755304994319,0,340.367672767767,0
64,151.085734513898,0.630795860628213,0,345.857473941441,0
65,151.086028094659,0.63083566974435,0,351.347275115115,0
66,151.086372680635,0.630874721549136,0,356.837076288789,0
67,151.086780519048,0.630913016125402,0,362.326877462462,0
68,151.087260102115,0.630950561853863,0,367.816678636136,0
69,151.087817267879,0.630987373186484,0,373.30647980981,0
70,151.088455971982,0.631023468795429,0,378.796280983483,0
71,151.089178763127,0.631058870084421,0,384.286082157157,0
72,151.089987012425,0.63109360002407,0,389.775883330831,0
73,151.090880964176,0.631127682265915,0,395.265684504504,0
74,151.091859682654,0.631161140487917,0,400.755485678178,0
75,151.092920965676,0.631193997926893,0,406.245286851851,0
76,151.094061282664,0.631226277060394,0,411.735088025525,0
77,151.095275775731,0.631257999405467,0,417.224889199199,0
78,151.096558341523,0.631289185407933,0,422.714690372873,0
79,151.097901792925,0.631319854400337,0,428.204491546546,0
80,151.099298085885,0.631350024609619,0,433.69429272022,0
81,151.100738588377,0.631379713198499,0,439.184093893894,0
82,151.10221436617,0.631408936326452,0,444.673895067567,0
83,151.103716461286,0.63143770921848,0,450.163696241241,0
84,151.105236144333,0.631466046232577,0,455.653497414915,0
85,151.106765127193,0.63149396091967,0,461.143298588588,0
86,151.108295729034,0.631521466072821,0,466.633099762262,0
87,151.10982099389,0.631548573765262,0,472.122900935936,0
88,151.111334762019,0.63157529537893,0,477.612702109609,0
89,151.112831700427,0.631601641626519,0,483.102503283283,0
90,151.114307299186,0.63162762257064,0,488.592304456957,0
91,151.115757841037,0.631653247643438,0,494.08210563063,0
92,151.117180351381,0.631678525669342,0,499.571906804304,0
93,151.118572535237,0.631703464892667,0,505.061707977978,0
94,151.119932706665,0.631728073010677,0,510.551509151651,0
95,151.121259715196,0.631752357211891,0,516.041310325325,0
96,151.122552872774,0.631776324218629,0,521.531111498999,0
97,151.123811883683,0.631799980332378,0,527.020912672672,0
98,151.125036779295,0.631823331480402,0,532.510713846346,0
99,151.126227858636,0.631846383261963,0,538.00051502002,0
100,146.844731364367,0.631869140992792,0,543.501178817417,0
101,145.221284777727,0.631891609746625,0,549.421312660214,0
102,143.600887727472,0.63191379439302,0,555.287604430339,0
103,141.999821756502,0.631935699630904,0,561.103312920166,0
104,140.41788231194,0.631957330017642,0,566.875193854389,0
105,138.855090598599,0.631978689993618,0,572.609100386533,0
106,137.312170490585,0.631999783902518,0,578.310103694867,0
107,135.79123534259,0.632020616007643,0,583.982597537446,0
108,134.296337516637,0.632041190504626,0,589.630388739367,0
109,132.833543717832,0.632061511531033,0,595.25677564986,0
110,131.410456188129,0.63208158317328,0,600.864616080158,0
111,130.03536557077,0.632101409471319,0,606.45638615748,0
112,128.716322244085,0.632125418020602,0,612.034231337511,0
113,127.460363827372,0.631720931775581,0,617.600010561422,0
114,126.273013422535,0.63127293237633,0,623.155334551608,0
115,125.157866153026,0.630808277942689,0,628.701598955781,0
116,124.113926317342,0.630328021826167,0,634.240013068872,0
117,123.127061971344,0.629833034915221,0,639.771624756207,0
118,122.163235985071,0.62932411393029,0,645.29734197771,0
119,121.177190850748,0.628802042341412,0,650.817951490788,0
120,120.132803487034,0.628267649025218,0,656.334135030169,0
121,119.019082732517,0.62772186907153,0,661.84648333786,0
122,117.852200327746,0.627165793322176,0,667.355508306474,0
123,116.666149777923,0.626600693265226,0,672.86165351327,0
124,115.499986374598,0.62602801611426,0,678.36530333579,0
125,114.387860802198,0.62544935373167,0,683.866790859942,0
126,113.354049478729,0.624866394456973,0,689.366404723388,0
127,112.412214760628,0.624280866274458,0,694.864395051743,0
128,111.567119625991,0.623694443885543,0,700.36097859737,0
129,110.817182826708,0.623108469173443,0,705.856343194727,0
130,110.156888560907,0.62252338354213,0,711.350651619709,0
131,109.578640656046,0.621938219016922,0,716.844044933571,0
132,109.074024512079,0.621350671227236,0,722.336645381424,0
133,108.634595549856,0.620757835313549,0,727.828558902182,0
134,108.252337192276,0.620157195270189,0,733.319877305398,0
135,107.919899391396,0.619547380059144,0,738.81068015545,0
136,107.630696769177,0.618928451491537,0,744.301036406246,0
137,107.378919221749,0.618301766600208,0,749.791005815916,0
138,107.159492235443,0.617669597967623,0,755.280640174289,0
139,106.968011891047,0.617034696998289,0,760.769984365236,0
140,106.800670748872,0.616399919776145,0,766.259077288277,0
141,106.654184214436,0.615767963611673,0,771.747952656487,0
142,106.525722253179,0.615141213405548,0,777.236639688374,0
143,106.412848488155,0.614521673783103,0,782.725163707255,0
144,106.313466978376,0.613910958517498,0,788.213546660661,0
145,106.225776096746,0.613310313611749,0,793.701807570598,0
146,106.148228568773,0.612720657488365,0,799.189962923499,0
147,106.079496412085,0.612142627760285,0,804.678027008462,0
148,106.018439585417,0.611576628295501,0,810.166012210048,0
149,105.964077232075,0.611022872972999,0,815.653929262346,0
150,105.91556111617,0.610481424459111,0,821.141787468859,0
151,105.872151505127,0.609952227324905,0,826.629594893323,0
152,105.833196509389,0.609435135724414,0,832.11735852487,0
153,105.798115915027,0.608929936040311,0,837.605084421325,0
154,105.766390167269,0.608436365248844,0,843.09277783329,0
155,105.737554251777,0.607954125617917,0,848.580443311744,0
156,105.711195417796,0.607482896431287,0,854.068084801274,0
157,105.68695313734,0.607022343250431,0,859.555705720877,0
158,105.664519642844,0.606572125194742,0,865.043309034003,0
159,105.643639708853,0.606131900598202,0,870.530897309241,0
160,105.624108890056,0.605701331317029,0,876.018472772943,0
161,105.60576999364,0.605280085910139,0,881.506037354804,0
162,105.588508002054,0.604867841826212,0,886.993592727395,0
163,105.572243936593,0.604464286763217,0,892.481140340407,0
164,105.556928223897,0.604069119325574,0,897.968681450343,0
165,105.542534107138,0.60368204918864,0,903.456217146248,0
166,105.529051505755,0.603302796949748,0,908.943748372016,0
167,105.51648160792,0.602931093882379,0,914.431275945719,0
168,105.504832329662,0.602566681734415,0,919.918800576363,0
169,105.494114678008,0.602209312674097,0,925.406322878412,0
170,105.484339973259,0.601858749400079,0,930.893843384379,0
171,105.475517838853,0.601514765383115,0,936.381362555738,0
172,105.467654846486,0.601177145168265,0,941.868880792379,0
173,105.460753694033,0.600845684652262,0,947.356398440811,0
174,105.454812803941,0.600520191267035,0,952.843915801267,0
175,105.449826237915,0.600200484011799,0,958.331433133864,0
176,105.445783841652,0.599886393314299,0,963.818950663944,0
177,105.442671547248,0.599577760713534,0,969.306468586703,0
178,105.440471776089,0.59927443838741,0,974.793987071203,0
179,105.439163898048,0.59897628854996,0,980.28150626385,0
180,105.438724713057,0.598683182757484,0,985.76902629141,0
181,105.43912893052,0.598395001156767,0,991.256547263623,0
182,105.440349628778,0.598111631709869,0,996.744069275466,0
183,105.442358682393,0.597832969422919,0,1002.23159240912,0
184,105.44512715,0.597558915600324,0,1007.71911673568,0
185,105.448625618287,0.597289377141811,0,1013.20664231661,0
186,105.452824501689,0.597024265890981,0,1018.69416920505,0
187,105.457694298514,0.596763498043969,0,1024.18169744689,0
188,105.463205807144,0.596506993617924,0,1029.66922708178,0
189,105.469330305928,0.596254675981906,0,1035.15675814391,0
190,105.476039701894,0.596006471445019,0,1040.64429066279,0
191,105.483306652552,0.595762308900837,0,1046.13182466383,0
192,105.491104665257,0.595522119521283,0,1051.61936016888,0
193,105.499408177479,0.595285836496943,0,1057.10689719675,0
194,105.508192620768,0.595053394817457,0,1062.59443576358,0
195,105.517434470338,0.594824731087726,0,1068.0819758832,0
196,105.527111281551,0.594599783375051,0,1073.56951756744,0
197,105.537201714234,0.594378491082366,0,1079.05706082639,0
198,105.547685545378,0.594160794844404,0,1084.54460566865,0
199,105.558543670831,0.593946636441887,0,1090.03215210151,0
200,105.569758096563,0.593735958732194,0,1095.51970013112,0
201,105.58131192024,0.593528705591976,0,1101.00724976267,0
202,105.593189304067,0.593324821871327,0,1106.49480100048,0
203,105.605375439897,0.593124253355782,0,1111.98235384815,0
204,105.617856507882,0.592926946736249,0,1117.46990830863,0
205,105.630619629861,0.592732849584198,0,1122.95746438432,0
206,105.643652818813,0.592541910332128,0,1128.44502207714,0
207,105.656944925619,0.592354078257732,0,1133.93258138861,0
208,105.670485584268,0.592169303471297,0,1139.42014231986,0
209,105.684265156639,0.591987536905756,0,1144.90770487173,0
210,105.69827467769,0.59180873030838,0,1150.39526904478,0
211,105.712505801959,0.591632836234266,0,1155.88283483933,0
212,105.726950751875,0.591459808040231,0,1161.37040225552,0
213,105.741602268523,0.591289599879734,0,1166.85797129328,0
214,105.756453565086,0.591122166697345,0,1172.34554195242,0
215,105.771498283337,0.590957464223531,0,1177.83311423259,0
216,105.786730453218,0.590795448968529,0,1183.32068813334,0
217,105.802144455633,0.590636078215934,0,1188.80826365412,0
218,105.817734988403,0.590479310015243,0,1194.29584079429,0
219,105.833497035296,0.590325103173685,0,1199.78341955314,0
220,105.849425838054,0.590173417247112,0,1205.2709999299,0
221,105.865516871198,0.590024212529939,0,1210.75858192373,0
222,105.881765819511,0.589877450044395,0,1216.24616553375,0
223,105.898168557931,0.589733091528756,0,1221.73375075904,0
224,105.914721133729,0.589591099425172,0,1227.22133759865,0
225,105.931419750725,0.589451436866587,0,1232.70892605157,0
226,105.948260755386,0.589314067663486,0,1238.1965161168,0
227,105.965240624602,0.589178956289965,0,1243.68410779329,0
228,105.982355954976,0.589046067869783,0,1249.17170107999,0
229,105.999603453464,0.588915368162051,0,1254.65929597583,0
230,106.016979929217,0.588786823546966,0,1260.1468924797,0
231,106.034482286475,0.588660401011509,0,1265.6344905905,0
232,106.052107518395,0.588536068135216,0,1271.12209030712,0
233,106.069852701699,0.588413793076183,0,1276.60969162844,0
234,106.087714992012,0.588293544557158,0,1282.09729455332,0
235,106.105691619832,0.588175291852067,0,1287.58489908063,0
236,106.123779887,0.588059004772647,0,1293.07250520921,0
237,106.141977163634,0.587944653655627,0,1298.56011293793,0
238,106.160280885419,0.587832209350047,0,1304.04772226561,0
239,106.178688551226,0.587721643205164,0,1309.53533319112,0
240,106.197197720978,0.587612927058558,0,1315.02294571328,0
241,106.215806013728,0.587506033224771,0,1320.51055983094,0
242,106.234511105914,0.587400934484247,0,1325.99817554292,0
243,106.25331072974,0.587297604072701,0,1331.48579284807,0
244,106.272202671677,0.58719601567088,0,1336.97341174522,0
245,106.291184771029,0.587096143394646,0,1342.46103223319,0
246,106.310254918582,0.586997961785516,0,1347.94865431082,0
247,106.329411055288,0.586901445801436,0,1353.43627797695,0
248,106.348651170991,0.586806570808028,0,1358.92390323039,0
249,106.367973303183,0.58671331257002,0,1364.41153006998,0
250,106.387375535774,0.586621647243135,0,1369.89915849455,0
251,106.406855997892,0.586531551366133,0,1375.38678850293,0
252,106.426412862685,0.586443001853256,0,1380.87442009395,0
253,106.446044346147,0.586355975986847,0,1386.36205326645,0
254,106.465748705952,0.586270451410272,0,1391.84968801924,0
255,106.485524240308,0.586186406121066,0,1397.33732435117,0
256,106.505369286826,0.586103818464274,0,1402.82496226106,0
257,106.5252822214,0.586022667126061,0,1408.31260174775,0
258,106.54526145712,0.585942931127427,0,1413.80024281007,0
259,106.565305443194,0.585864589818215,0,1419.28788544686,0
260,106.585412663901,0.585787622871174,0,1424.77552965695,0
261,106.605581637565,0.585712010276297,0,1430.26317543917,0
262,106.625810915563,0.585637732335204,0,1435.75082279236,0
263,106.646099081346,0.585564769655763,0,1441.23847171537,0
264,106.666444749508,0.585493103146765,0,1446.72612220701,0
265,106.686846564869,0.585422714012779,0,1452.21377426614,0
266,106.707303201597,0.585353583749109,0,1457.70142789159,0
267,106.727813362359,0.585285694136845,0,1463.1890830822,0
268,106.748375777499,0.585219027238067,0,1468.67673983682,0
269,106.768989204255,0.585153565391089,0,1474.16439815428,0
270,106.789652425994,0.585089291205876,0,1479.65205803343,0
271,106.81036425149,0.58502618755947,0,1485.13971947311,0
272,106.831123514223,0.584964237591594,0,1490.62738247216,0
273,106.851929071705,0.584903424700253,0,1496.11504702943,0
274,106.872779804844,0.584843732537508,0,1501.60271314377,0
275,106.893674617319,0.584785145005248,0,1507.09038081402,0
276,106.914612434997,0.584727646251107,0,1512.57805003903,0
277,106.935592205362,0.584671220664412,0,1518.06572081764,0
278,106.95661289697,0.584615852872223,0,1523.55339314871,0
279,106.977673498935,0.584561527735457,0,1529.04106703109,0
280,106.998773020421,0.584508230345045,0,1534.52874246363,0
281,107.019910490168,0.58445594601821,0,1540.01641944518,0
282,107.041084956028,0.584404660294752,0,1545.50409797459,0
283,107.062295484522,0.584354358933463,0,1550.99177805072,0
284,107.083541160414,0.584305027908541,0,1556.47945967242,0
285,107.104821086298,0.584256653406127,0,1561.96714283854,0
286,107.126134382207,0.584209221820857,0,1567.45482754795,0
287,107.147480185221,0.584162719752505,0,1572.94251379949,0
288,107.168857649109,0.584117134002668,0,1578.43020159204,0
289,107.190265943962,0.584072451571513,0,1583.91789092444,0
290,107.211704255853,0.5840286596546,0,1589.40558179556,0
291,107.233171786499,0.583985745639714,0,1594.89327420425,0
292,107.254667752938,0.583943697103819,0,1600.38096814939,0
293,107.276191387209,0.583902501809993,0,1605.86866362982,0
294,107.29774193605,0.583862147704487,0,1611.35636064442,0
295,107.319318660596,0.583822622913767,0,1616.84405919205,0
296,107.340920836092,0.583783915741672,0,1622.33175927157,0
297,107.362547751606,0.583746014666568,0,1627.81946088184,0
298,107.384198709753,0.583708908338587,0,1633.30716402175,0
299,107.405873026431,0.583672585576896,0,1638.79486869015,0
300,107.42757003055,0.583637035367014,0,1644.28257488591,0
301,107.449289063785,0.583602246858191,0,1649.7702826079,0
302,107.471029480314,0.583568209360801,0,1655.25799185499,0
303,107.492790646582,0.583534912343823,0,1660.74570262606,0
304,107.514571941058,0.583502345432316,0,1666.23341491997,0
305,107.536372753998,0.583470498404983,0,1671.7211287356,0
306,107.558192487219,0.583439361191737,0,1677.20884407182,0
307,107.580030553871,0.583408923871341,0,1682.69656092751,0
308,107.601886378221,0.583379176669063,0,1688.18427930153,0
309,107.623759395433,0.583350109954387,0,1693.67199919278,0
310,107.645649051362,0.583321714238756,0,1699.15972060012,0
311,107.667554802341,0.583293980173346,0,1704.64744352243,0
312,107.689476114984,0.583266898546897,0,1710.13516795859,0
313,107.711412465987,0.583240460283552,0,1715.62289390749,0
314,107.73336334193,0.583214656440765,0,1721.11062136799,0
315,107.755328239089,0.583189478207208,0,1726.59835033899,0
316,107.777306663252,0.583164916900749,0,1732.08608081937,0
317,107.799298129529,0.583140963966429,0,1737.573812808,0
318,107.821302162181,0.583117610974503,0,1743.06154630378,0
319,107.843318294439,0.583094849618489,0,1748.54928130558,0
320,107.865346068332,0.583072671713262,0,1754.0370178123,0
321,107.887385034521,0.583051069193181,0,1759.52475582282,0
322,107.909434752132,0.583030034110233,0,1765.01249533602,0
323,107.931494788594,0.583009558632226,0,1770.50023635081,0
324,107.95356471948,0.582989635040993,0,1775.98797886605,0
325,107.975644128351,0.582970255730645,0,1781.47572288065,0
326,107.997732606604,0.582951413205826,0,1786.9634683935,0
327,108.019829753322,0.582933100080029,0,1792.45121540348,0
328,108.041935175127,0.582915309073909,0,1797.9389639095,0
329,108.064048486038,0.582898033013645,0,1803.42671391043,0
330,108.086169307328,0.582881264829312,0,1808.91446540519,0
331,108.108297267384,0.582864997553297,0,1814.40221839266,0
332,108.130432001578,0.582849224318722,0,1819.88997287174,0
333,108.152573152127,0.582833938357904,0,1825.37772884132,0
334,108.174720367967,0.582819133000843,0,1830.8654863003,0
335,108.196873304625,0.582804801673717,0,1836.35324524759,0
336,108.219031624092,0.582790937897425,0,1841.84100568208,0
337,108.241194994701,0.582777535286126,0,1847.32876760267,0
338,108.263363091009,0.582764587545836,0,1852.81653100826,0
339,108.285535593676,0.582752088473007,0,1858.30429589776,0
340,108.30771218935,0.582740031953166,0,1863.79206227006,0
341,108.329892570554,0.582728411959548,0,1869.27983012408,0
342,108.352076435576,0.582717222551771,0,1874.7675994587,0
343,108.374263488358,0.582706457874515,0,1880.25537027285,0
344,108.396453438389,0.582696112156237,0,1885.74314256543,0
345,108.418646000603,0.582686179707897,0,1891.23091633533,0
346,108.440840895272,0.582676654921704,0,1896.71869158148,0
347,108.463037847909,0.582667532269894,0,1902.20646830278,0
348,108.485236589165,0.582658806303508,0,1907.69424649814,0
349,108.507436854738,0.582650471651207,0,1913.18202616646,0
350,108.529638385271,0.582642523018095,0,1918.66980730667,0
351,108.551840926263,0.582634955184567,0,1924.15758991767,0
352,108.574044227978,0.582627763005169,0,1929.64537399837,0
353,108.596248045352,0.582620941407484,0,1935.13315954769,0
354,108.618452137906,0.582614485391028,0,1940.62094656454,0
355,108.640656269664,0.582608390026166,0,1946.10873504785,0
356,108.662860209061,0.582602650453053,0,1951.59652499651,0
357,108.685063728866,0.582597261880572,0,1957.08431640946,0
358,108.707266606099,0.582592219585314,0,1962.5721092856,0
359,108.729468621948,0.582587518910551,0,1968.05990362387,0
360,108.751669561695,0.582583155265244,0,1973.54769942317,0
361,108.773869214639,0.582579124123053,0,1979.03549668242,0
362,108.796067374015,0.582575421021367,0,1984.52329540056,0
363,108.818263836929,0.582572041560355,0,1990.01109557649,0
364,108.840458404276,0.582568981402022,0,1995.49889720915,0
365,108.862650880678,0.582566236269287,0,2000.98670029745,0
366,108.884841074406,0.582563801945071,0,2006.47450484033,0
367,108.907028797319,0.582561674271406,0,2011.9623108367,0
368,108.92921386479,0.582559849148548,0,2017.45011828549,0
369,108.951396095648,0.582558322534111,0,2022.93792718563,0
370,108.973575312105,0.582557090442214,0,2028.42573753605,0
371,108.995751339698,0.58255614894264,0,2033.91354933567,0
372,109.017924007227,0.582555494160007,0,2039.40136258342,0
373,109.040093146692,0.582555122272954,0,2044.88917727824,0
374,109.062258593234,0.582555029513337,0,2050.37699341905,0
375,109.084420185077,0.582555212165443,0,2055.86481100479,0
376,109.106577763468,0.58255566656521,0,2061.35263003439,0
377,109.128731172627,0.582556389099462,0,2066.84045050678,0
378,109.150880259682,0.582557376205155,0,2072.3282724209,0
379,109.173024874624,0.582558624368638,0,2077.81609577568,0
380,109.195164870249,0.582560130124922,0,2083.30392057006,0
381,109.217300102106,0.582561890056957,0,2088.79174680297,0
382,109.239430428448,0.58256390079493,0,2094.27957447336,0
383,109.261555710178,0.582566159015567,0,2099.76740358015,0
384,109.283675810804,0.582568661441445,0,2105.25523412229,0
385,109.305790596389,0.582571404840317,0,2110.74306609873,0
386,109.327899935502,0.58257438602445,0,2116.23089950839,0
387,109.350003699174,0.582577601849967,0,2121.71873435022,0
388,109.372101760851,0.582581049216207,0,2127.20657062316,0
389,109.394193996348,0.582584725065084,0,2132.69440832617,0
390,109.41628028381,0.582588626380468,0,2138.18224745817,0
391,109.438360503663,0.582592750187569,0,2143.67008801812,0
392,109.460434538576,0.582597093552327,0,2149.15793000495,0
393,109.482502273415,0.582601653580822,0,2154.64577341763,0
394,109.50456359521,0.582606427418685,0,2160.13361825509,0
395,109.526618393107,0.582611412250515,0,2165.62146451628,0
396,109.548666558333,0.582616605299316,0,2171.10931220015,0
397,109.570707984157,0.582622003825936,0,2176.59716130565,0
398,109.592742565854,0.582627605128512,0,2182.08501183173,0
399,109.614770200665,0.582633406541928,0,2187.57286377735,0
400,109.636790787762,0.582639405437281,0,2193.06071714145,0
401,109.658804228213,0.582645599221353,0,2198.54857192298,0
402,109.680810424947,0.582651985336093,0,2204.03642812091,0
403,109.70280928272,0.582658561258106,0,2209.52428573418,0
404,109.72480070808,0.582665324498149,0,2215.01214476174,0
405,109.746784609337,0.582672272600638,0,2220.50000520257,0
406,109.768760896527,0.582679403143157,0,2225.98786705561,0
407,109.790729481383,0.582686713735982,0,2231.47573031981,0
408,109.812690277302,0.582694202021603,0,2236.96359499415,0
409,109.834643199318,0.582701865674263,0,2242.45146107757,0
410,109.856588164067,0.582709702399494,0,2247.93932856904,0
411,109.878525089762,0.582717709933673,0,2253.42719746752,0
412,109.900453896162,0.582725886043568,0,2258.91506777196,0
413,109.922374504544,0.582734228525908,0,2264.40293948134,0
414,109.944286837677,0.582742735206946,0,2269.89081259462,0
415,109.96619081979,0.582751403942038,0,2275.37868711075,0
416,109.988086376551,0.582760232615222,0,2280.86656302871,0
417,110.00997343504,0.582769219138807,0,2286.35444034745,0
418,110.031851923717,0.582778361452967,0,2291.84231906595,0
419,110.053721772406,0.582787657525343,0,2297.33019918318,0
420,110.075582912263,0.582797105350645,0,2302.81808069809,0
421,110.097435275756,0.58280670295027,0,2308.30596360966,0
422,110.119278796639,0.582816448371916,0,2313.79384791686,0
423,110.141113409929,0.582826339689208,0,2319.28173361866,0
424,110.162939051883,0.582836375001328,0,2324.76962071403,0
425,110.184755659977,0.582846552432646,0,2330.25750920194,0
426,110.206563172882,0.582856870132369,0,2335.74539908136,0
427,110.228361530442,0.58286732627418,0,2341.23329035127,0
428,110.250150673657,0.58287791905589,0,2346.72118301064,0
429,110.271930544655,0.582888646699099,0,2352.20907705845,0
430,110.293701086677,0.582899507448856,0,2357.69697249367,0
431,110.315462244057,0.582910499573324,0,2363.18486931527,0
432,110.337213962198,0.582921621363453,0,2368.67276752224,0
433,110.358956187555,0.582932871132659,0,2374.16066711356,0
434,110.380688867619,0.582944247216505,0,2379.6485680882,0
435,110.402411950894,0.582955747972384,0,2385.13647044514,0
436,110.42412538688,0.582967371779215,0,2390.62437418336,0
437,110.445829126055,0.582979117037137,0,2396.11227930185,0
438,110.467523119858,0.582990982167207,0,2401.60018579958,0
439,110.489207320673,0.583002965611112,0,2407.08809367553,0
440,110.510881681808,0.583015065830868,0,2412.5760029287,0
441,110.532546157482,0.583027281308543,0,2418.06391355807,0
442,110.554200702808,0.58303961054597,0,2423.55182556261,0
443,110.575845273775,0.583052052064471,0,2429.03973894133,0
444,110.597479827234,0.58306460440458,0,2434.52765369319,0
445,110.619104320882,0.58307726612578,0,2440.0155698172,0
446,110.640718713248,0.583090035806232,0,2445.50348731233,0
447,110.662322963677,0.583102912042511,0,2450.99140617758,0
448,110.683917032314,0.583115893449357,0,2456.47932641194,0
449,110.705500880093,0.583128978659414,0,2461.96724801439,0
450,110.727074468719,0.583142166322982,0,2467.45517098394,0
451,110.748637760658,0.58315545510777,0,2472.94309531956,0
452,110.770190719121,0.583168843698652,0,2478.43102102026,0
453,110.791733308051,0.583182330797434,0,2483.91894808502,0
454,110.81326549211,0.583195915122609,0,2489.40687651284,0
455,110.834787236669,0.583209595409133,0,2494.89480630272,0
456,110.856298507789,0.583223370408189,0,2500.38273745366,0
457,110.877799272215,0.583237238886969,0,2505.87066996464,0
458,110.89928949736,0.583251199628448,0,2511.35860383466,0
459,110.920769151297,0.583265251431163,0,2516.84653906273,0
460,110.942238202741,0.583279393109003,0,2522.33447564784,0
461,110.963696621044,0.583293623490993,0,2527.82241358899,0
462,110.985144376179,0.583307941421084,0,2533.31035288519,0
463,111.006581438733,0.583322345757952,0,2538.79829353542,0
464,111.028007779893,0.583336835374789,0,2544.28623553871,0
465,111.049423371437,0.583351409159105,0,2549.77417889404,0
466,111.070828185721,0.583366066012533,0,2555.26212360042,0
467,111.092222195672,0.583380804850629,0,2560.75006965686,0
468,111.113605374778,0.58339562460269,0,2566.23801706236,0
469,111.134977697074,0.583410524211557,0,2571.72596581592,0
470,111.156339137137,0.58342550263343,0,2577.21391591656,0
471,111.177689670072,0.58344055883769,0,2582.70186736327,0
472,111.199029271508,0.583455691806713,0,2588.18982015507,0
473,111.220357917584,0.583470900535698,0,2593.67777429097,0
474,111.241675584942,0.583486184032484,0,2599.16572976998,0
475,111.262982250718,0.583501541317385,0,2604.6536865911,0
476,111.284277892533,0.583516971423015,0,2610.14164475334,0
477,111.305562488486,0.583532473394122,0,2615.62960425573,0
478,111.326836017141,0.583548046287423,0,2621.11756509727,0
479,111.348098457525,0.583563689171442,0,2626.60552727697,0
480,111.369349789116,0.583579401126346,0,2632.09349079384,0
481,111.390589991836,0.583595181243793,0,2637.58145564691,0
482,111.411819046043,0.583611028626768,0,2643.06942183519,0
483,111.433036932523,0.583626942389436,0,2648.55738935769,0
484,111.454243632485,0.583642921656992,0,2654.04535821344,0
485,111.475439127548,0.583658965565504,0,2659.53332840144,0
486,111.496623399741,0.583675073261772,0,2665.02129992072,0
487,111.51779643149,0.583691243903182,0,2670.5092727703,0
488,111.538958205613,0.583707476657565,0,2675.99724694919,0
489,111.560108705316,0.58372377070305,0,2681.48522245642,0
490,111.581247914179,0.583740125227933,0,2686.97319929101,0
491,111.602375816159,0.583756539430538,0,2692.46117745197,0
492,111.623492395575,0.583773012519078,0,2697.94915693835,0
493,111.644597637106,0.583789543711529,0,2703.43713774914,0
494,111.665691525784,0.583806132235492,0,2708.92511988339,0
495,111.686774046988,0.583822777328073,0,2714.41310334012,0
496,111.707845186436,0.583839478235747,0,2719.90108811835,0
497,111.728904930183,0.583856234214237,0,2725.38907421711,0
498,111.74995326461,0.583873044528393,0,2730.87706163542,0
499,111.770990176424,0.583889908452063,0,2736.36505037232,0
500,111.792015652647,0.583906825267983,0,2741.85304042684,0
501,111.813029680615,0.583923794267647,0,2747.34103179799,0
502,111.834032247968,0.583940814751203,0,2752.82902448482,0
503,111.855023342649,0.583957886027327,0,2758.31701848635,0
504,111.876002952896,0.583975007413118,0,2763.80501380162,0
505,111.896971067239,0.583992178233981,0,2769.29301042966,0
506,111.917927674493,0.584009397823521,0,2774.7810083695,0
507,111.938872763752,0.58402666552343,0,2780.26900762017,0
508,111.959806324389,0.584043980683386,0,2785.75700818071,0
509,111.980728346046,0.584061342660942,0,2791.24501005016,0
510,112.001638818632,0.584078750821425,0,2796.73301322755,0
511,112.022537732317,0.584096204537834,0,2802.22101771192,0
512,112.04342507753,0.584113703190736,0,2807.70902350231,0
513,112.064300844951,0.584131246168172,0,2813.19703059775,0
514,112.085165025509,0.584148832865553,0,2818.68503899729,0
515,112.106017610378,0.584166462685566,0,2824.17304869996,0
516,112.126858590969,0.584184135038081,0,2829.6610597048,0
517,112.147687958933,0.58420184934005,0,2835.14907201086,0
518,112.168505706149,0.584219605015423,0,2840.63708561717,0
519,112.189311824725,0.58423740149505,0,2846.12510052279,0
520,112.210106306994,0.584255238216596,0,2851.61311672675,0
521,112.230889145506,0.584273114624446,0,2857.10113422809,0
522,112.251660333029,0.584291030169624,0,2862.58915302587,0
523,112.272419862543,0.584308984309702,0,2868.07717311913,0
524,112.293167727236,0.584326976508719,0,2873.56519450691,0
525,112.313903920503,0.584345006237092,0,2879.05321718826,0
526,112.334628435938,0.584363072971537,0,2884.54124116223,0
527,112.355341267334,0.584381176194988,0,2890.02926642787,0
528,112.376042408679,0.584399315396513,0,2895.51729298423,0
529,112.396731854153,0.584417490071238,0,2901.00532083036,0
530,112.417409598122,0.584435699720266,0,2906.4933499653,0
531,112.438075635139,0.584453943850604,0,2911.98138038811,0
532,112.458729959936,0.584472221975081,0,2917.46941209784,0
533,112.479372567425,0.584490533612282,0,2922.95744509355,0
534,112.500003452694,0.584508878286463,0,2928.44547937428,0
535,112.520622611002,0.584527255527485,0,2933.9335149391,0
536,112.541230037779,0.584545664870744,0,2939.42155178705,0
537,112.56182572862,0.584564105857092,0,2944.90958991719,0
538,112.582409679283,0.584582578032779,0,2950.39762932859,0
539,112.60298188569,0.584601080949369,0,2955.88567002029,0
540,112.623542343918,0.584619614163686,0,2961.37371199135,0
541,112.6440910502,0.584638177237739,0,2966.86175524084,0
542,112.664628000922,0.58465676973866,0,2972.3497997678,0
543,112.685153192622,0.584675391238635,0,2977.83784557131,0
544,112.705666621982,0.584694041314842,0,2983.32589265042,0
545,112.726168285831,0.584712719549388,0,2988.8139410042,0
546,112.74665818114,0.584731425529245,0,2994.3019906317,0
547,112.76713630502,0.584750158846191,0,2999.79004153199,0
548,112.787602654721,0.584768919096745,0,3005.27809370413,0
549,112.808057227626,0.584787705882111,0,3010.76614714719,0
550,112.828500021252,0.584806518808117,0,3016.25420186023,0
551,112.848931033248,0.584825357485156,0,3021.74225784232,0
552,112.869350261389,0.584844221528132,0,3027.23031509252,0
553,112.889757703578,0.584863110556397,0,3032.7183736099,0
554,112.910153357841,0.584882024193702,0,3038.20643339353,0
555,112.930537222327,0.584900962068136,0,3043.69449444247,0
556,112.950909295305,0.584919923812077,0,3049.18255675581,0
557,112.97126957516,0.584938909062132,0,3054.67062033259,0
558,112.991618060395,0.584957917459091,0,3060.15868517191,0
559,113.011954749626,0.584976948647868,0,3065.64675127282,0
560,113.032279641581,0.584996002277456,0,3071.1348186344,0
561,113.052592735097,0.58501507800087,0,3076.62288725572,0
562,113.07289402912,0.585034175475102,0,3082.11095713586,0
563,113.093183522702,0.585053294361066,0,3087.59902827389,0
564,113.113461215001,0.585072434323556,0,3093.08710066888,0
565,113.133727105275,0.585091595031194,0,3098.57517431992,0
566,113.153981192884,0.58511077615638,0,3104.06324922607,0
567,113.174223477288,0.585129977375252,0,3109.55132538641,0
568,113.194453958044,0.585149198367633,0,3115.03940280003,0
569,113.214672634804,0.585168438816989,0,3120.52748146599,0
570,113.234879507314,0.585187698410386,0,3126.01556138338,0
571,113.255074575415,0.585206976838437,0,3131.50364255128,0
572,113.275257839036,0.585226273795272,0,3136.99172496877,0
573,113.295429298198,0.58524558897848,0,3142.47980863493,0
574,113.315588953008,0.58526492208908,0,3147.96789354884,0
575,113.335736803659,0.585284272831466,0,3153.45597970958,0
576,113.355872850432,0.585303640913377,0,3158.94406711624,0
577,113.375997093688,0.585323026045849,0,3164.4321557679,0
578,113.396109533872,0.585342427943177,0,3169.92024566364,0
579,113.416210171508,0.585361846322877,0,3175.40833680256,0
580,113.436299007203,0.585381280905641,0,3180.89642918373,0
581,113.456376041636,0.585400731415306,0,3186.38452280625,0
582,113.476441275569,0.585420197578809,0,3191.87261766919,0
583,113.496494709834,0.585439679126153,0,3197.36071377166,0
584,113.516536345339,0.585459175790369,0,3202.84881111273,0
585,113.536566183067,0.58547868730748,0,3208.33690969149,0
586,113.556584224068,0.58549821341646,0,3213.82500950705,0
587,113.576590469466,0.585517753859208,0,3219.31311055848,0
588,113.596584920451,0.585537308380502,0,3224.80121284488,0
589,113.616567578284,0.585556876727971,0,3230.28931636534,0
590,113.636538444291,0.585576458652059,0,3235.77742111895,0
591,113.656497519862,0.58559605390599,0,3241.26552710482,0
592,113.676444806455,0.585615662245735,0,3246.75363432202,0
593,113.696380305589,0.58563528342998,0,3252.24174276966,0
594,113.716304018846,0.585654917220092,0,3257.72985244683,0
595,113.736215947868,0.585674563380089,0,3263.21796335263,0
596,113.756116094358,0.585694221676606,0,3268.70607548615,0
597,113.776004460079,0.585713891878864,0,3274.1941888465,0
598,113.79588104685,0.585733573758638,0,3279.68230343276,0
599,113.81574585655,0.585753267090234,0,3285.17041924405,0
600,113.835598891111,0.585772971650446,0,3290.65853627946,0
601,113.855440152522,0.585792687218538,0,3296.14665453808,0
602,113.875269642825,0.585812413576207,0,3301.63477401903,0
603,113.895087364118,0.585832150507561,0,3307.1228947214,0
604,113.914893318547,0.585851897799082,0,3312.61101664429,0
605,113.934687508314,0.585871655239604,0,3318.09913978681,0
606,113.954469935667,0.585891422620287,0,3323.58726414807,0
607,113.974240602908,0.58591119973458,0,3329.07538972716,0
608,113.993999512385,0.585930986378204,0,3334.56351652319,0
609,114.013746666495,0.58595078234912,0,3340.05164453527,0
610,114.033482067683,0.585970587447505,0,3345.5397737625,0
611,114.053205718438,0.585990401475723,0,3351.02790420399,0
612,114.072917621296,0.586010224238302,0,3356.51603585885,0
613,114.092617778839,0.586030055541908,0,3362.00416872619,0
614,114.112306193691,0.586049895195318,0,3367.49230280511,0
615,114.13198286852,0.586069743009399,0,3372.98043809473,0
616,114.151647806037,0.58608959879708,0,3378.46857459415,0
617,114.171301008994,0.58610946237333,0,3383.95671230249,0
618,114.190942480183,0.586129333555132,0,3389.44485121886,0
619,114.21057222244,0.586149212161466,0,3394.93299134237,0
620,114.230190238636,0.586169098013272,0,3400.42113267214,0
621,114.249796531684,0.586188990933445,0,3405.90927520727,0
622,114.269391104535,0.586208890746798,0,3411.39741894689,0
623,114.288973960176,0.586228797280046,0,3416.8855638901,0
624,114.308545101633,0.586248710361785,0,3422.37371003603,0
625,114.328104531966,0.586268629822466,0,3427.86185738379,0
626,114.347652254273,0.586288555494377,0,3433.35000593249,0
627,114.367188271686,0.586308487211618,0,3438.83815568126,0
628,114.386712587371,0.586328424810088,0,3444.32630662922,0
629,114.406225204528,0.586348368127455,0,3449.81445877548,0
630,114.42572612639,0.586368317003139,0,3455.30261211916,0
631,114.445215356224,0.586388271278296,0,3460.79076665938,0
632,114.464692897329,0.58640823079579,0,3466.27892239527,0
633,114.484158753033,0.586428195400184,0,3471.76707932594,0
634,114.503612926699,0.586448164937708,0,3477.25523745053,0
635,114.523055421716,0.586468139256251,0,3482.74339676814,0
636,114.542486241505,0.586488118205336,0,3488.23155727791,0
637,114.561905389519,0.586508101636102,0,3493.71971897896,0
638,114.581312869235,0.586528089401288,0,3499.20788187041,0
639,114.600708684162,0.586548081355212,0,3504.6960459514,0
640,114.620092837835,0.586568077353756,0,3510.18421122104,0
641,114.639465333817,0.586588077254343,0,3515.67237767847,0
642,114.658826175698,0.586608080915927,0,3521.16054532281,0
643,114.678175367094,0.586628088198969,0,3526.64871415318,0
644,114.697512911648,0.586648098965426,0,3532.13688416873,0
645,114.716838813026,0.586668113078725,0,3537.62505536858,0
646,114.736153074922,0.586688130403756,0,3543.11322775186,0
647,114.755455701053,0.586708150806853,0,3548.6014013177,0
648,114.77474669516,0.586728174155771,0,3554.08957606523,0
649,114.794026061008,0.586748200319682,0,3559.57775199358,0
650,114.813293802387,0.586768229169146,0,3565.06592910189,0
651,114.832549923107,0.586788260576107,0,3570.5541073893,0
652,114.851794427001,0.586808294413869,0,3576.04228685492,0
653,114.871027317927,0.586828330557086,0,3581.53046749791,0
654,114.890248599761,0.586848368881742,0,3587.0186493174,0
655,114.909458276403,0.586868409265143,0,3592.50683231252,0
656,114.928656351772,0.586888451585898,0,3597.9950164824,0
657,114.947842829808,0.586908495723899,0,3603.4832018262,0
658,114.967017714473,0.586928541560322,0,3608.97138834303,0
659,114.986181009745,0.586948588977594,0,3614.45957603206,0
660,115.005332719626,0.586968637859395,0,3619.9477648924,0
661,115.024472848134,0.586988688090633,0,3625.43595492321,0
662,115.043601399306,0.587008739557439,0,3630.92414612362,0
663,115.062718377199,0.587028792147146,0,3636.41233849278,0
664,115.081823785886,0.587048845748279,0,3641.90053202983,0
665,115.10091762946,0.587068900250544,0,3647.3887267339,0
666,115.119999912029,0.587088955544811,0,3652.87692260415,0
667,115.139070637721,0.587109011523105,0,3658.36511963972,0
668,115.158129810678,0.587129068078588,0,3663.85331783975,0
669,115.17717743506,0.587149125105553,0,3669.34151720339,0
670,115.196213515044,0.587169182499406,0,3674.82971772978,0
671,115.21523805482,0.587189240156657,0,3680.31791941807,0
672,115.234251058596,0.587209297974907,0,3685.80612226741,0
673,115.253252530595,0.587229355852837,0,3691.29432627695,0
674,115.272242475055,0.587249413690193,0,3696.78253144583,0
675,115.291220896228,0.587269471387778,0,3702.2707377732,0
676,115.310187798381,0.58728952884744,0,3707.75894525822,0
677,115.329143185796,0.587309585972058,0,3713.24715390002,0
678,115.348087062768,0.587329642665534,0,3718.73536369778,0
679,115.367019433605,0.587349698832778,0,3724.22357465063,0
680,115.385940302631,0.587369754379702,0,3729.71178675772,0
681,115.40484967418,0.587389809213206,0,3735.20000001822,0
682,115.423747552601,0.587409863241166,0,3740.68821443128,0
683,115.442633942255,0.587429916372427,0,3746.17642999604,0
684,115.461508847517,0.587449968516791,0,3751.66464671167,0
685,115.480372272771,0.587470019585005,0,3757.15286457732,0
686,115.499224222416,0.587490069488753,0,3762.64108359214,0
687,115.518064700862,0.587510118140647,0,3768.1293037553,0
688,115.53689371253,0.587530165454211,0,3773.61752506594,0
689,115.555711261853,0.587550211343879,0,3779.10574752324,0
690,115.574517353274,0.58757025572498,0,3784.59397112634,0
691,115.593311991248,0.587590298513731,0,3790.08219587441,0
692,115.61209518024,0.587610339627226,0,3795.5704217666,0
693,115.630866924727,0.587630378983425,0,3801.05864880208,0
694,115.649627229195,0.587650416501151,0,3806.54687698001,0
695,115.668376098139,0.587670452100073,0,3812.03510629955,0
696,115.687113536066,0.587690485700702,0,3817.52333675986,0
697,115.705839547493,0.587710517224382,0,3823.01156836011,0
698,115.724554136944,0.587730546593277,0,3828.49980109946,0
699,115.743257308955,0.587750573730366,0,3833.98803497707,0
700,115.761949068069,0.587770598559434,0,3839.47626999211,0
701,115.78062941884,0.587790621005065,0,3844.96450614374,0
702,115.79929836583,0.587810640992625,0,3850.45274343114,0
703,115.817955913608,0.587830658448266,0,3855.94098185346,0
704,115.836602066755,0.58785067329891,0,3861.42922140988,0
705,115.855236829856,0.587870685472241,0,3866.91746209956,0
706,115.873860207509,0.587890694896701,0,3872.40570392167,0
707,115.892472204316,0.587910701501478,0,3877.89394687539,0
708,115.911072824889,0.587930705216501,0,3883.38219095987,0
709,115.929662073846,0.587950705972428,0,3888.8704361743,0
710,115.948239955814,0.587970703700647,0,3894.35868251784,0
711,115.966806475428,0.587990698333256,0,3899.84692998967,0
712,115.985361637328,0.588010689803067,0,3905.33517858895,0
713,116.003905446162,0.588030678043591,0,3910.82342831487,0
714,116.022437906586,0.588050662989034,0,3916.31167916659,0
715,116.040959023262,0.588070644574291,0,3921.79993114328,0
716,116.059468800858,0.588090622734934,0,3927.28818424414,0
717,116.07796724405,0.588110597407211,0,3932.77643846832,0
718,116.09645435752,0.588130568528031,0,3938.26469381501,0
719,116.114930145955,0.588150536034968,0,3943.75295028338,0
720,116.133394614049,0.588170499866244,0,3949.24120787261,0
721,116.151847766503,0.588190459960727,0,3954.72946658188,0
722,116.170289608022,0.588210416257925,0,3960.21772641037,0
723,116.188720143318,0.588230368697975,0,3965.70598735725,0
724,116.20713937711,0.588250317221644,0,3971.19424942171,0
725,116.225547314119,0.588270261770312,0,3976.68251260292,0
726,116.243943959075,0.588290202285979,0,3982.17077690008,0
727,116.262329316711,0.588310138711244,0,3987.65904231235,0
728,116.280703391766,0.58833007098931,0,3993.14730883892,0
729,116.299066188985,0.588349999063974,0,3998.63557647898,0
730,116.317417713116,0.588369922879618,0,4004.12384523171,0
731,116.335757968913,0.588389842381209,0,4009.6121150963,0
732,116.354086961136,0.588409757514287,0,4015.10038607192,0
733,116.372404694548,0.588429668224964,0,4020.58865815776,0
734,116.390711173917,0.588449574459914,0,4026.07693135301,0
735,116.409006404015,0.58846947616637,0,4031.56520565686,0
736,116.42729038962,0.588489373292118,0,4037.0534810685,0
737,116.445563135512,0.58850926578549,0,4042.5417575871,0
738,116.463824646478,0.588529153595361,0,4048.03003521186,0
739,116.482074927307,0.588549036671137,0,4053.51831394198,0
740,116.500313982793,0.588568914962762,0,4059.00659377663,0
741,116.518541817734,0.588588788420697,0,4064.49487471501,0
742,116.53675843693,0.588608656995928,0,4069.98315675631,0
743,116.554963845188,0.588628520639952,0,4075.47143989972,0
744,116.573158047316,0.588648379304779,0,4080.95972414444,0
745,116.591341048127,0.588668232942918,0,4086.44800948965,0
746,116.609512852437,0.588688081507379,0,4091.93629593455,0
747,116.627673465066,0.588707924951668,0,4097.42458347834,0
748,116.645822890837,0.588727763229776,0,4102.9128721202,0
749,116.663961134575,0.58874759629618,0,4108.40116185934,0
750,116.682088201112,0.588767424105836,0,4113.88945269494,0
751,116.700204095279,0.588787246614173,0,4119.37774462622,0
752,116.718308821912,0.58880706377709,0,4124.86603765235,0
753,116.73640238585,0.588826875550952,0,4130.35433177255,0
754,116.754484791936,0.588846681892581,0,4135.842626986,0
755,116.772556045013,0.588866482759256,0,4141.33092329191,0
756,116.790616149929,0.588886278108709,0,4146.81922068948,0
757,116.808665111535,0.588906067899113,0,4152.30751917791,0
758,116.826702934684,0.588925852089089,0,4157.79581875639,0
759,116.844729624231,0.58894563063769,0,4163.28411942413,0
760,116.862745185034,0.588965403504406,0,4168.77242118033,0
761,116.880749621955,0.588985170649153,0,4174.2607240242,0
762,116.898742939857,0.589004932032273,0,4179.74902795493,0
763,116.916725143604,0.589024687614529,0,4185.23733297172,0
764,116.934696238066,0.589044437357097,0,4190.7256390738,0
765,116.952656228113,0.589064181221568,0,4196.21394626035,0
766,116.970605118616,0.589083919169939,0,4201.70225453058,0
767,116.988542914451,0.589103651164611,0,4207.19056388371,0
768,117.006469620494,0.589123377168386,0,4212.67887431893,0
769,117.024385241625,0.589143097144461,0,4218.16718583545,0
770,117.042289782725,0.589162811056424,0,4223.65549843249,0
771,117.060183248675,0.589182518868252,0,4229.14381210924,0
772,117.078065644362,0.589202220544307,0,4234.63212686493,0
773,117.095936974673,0.58922191604933,0,4240.12044269875,0
774,117.113797244495,0.589241605348439,0,4245.60875960992,0
775,117.131646458719,0.589261288407125,0,4251.09707759764,0
776,117.149484622237,0.589280965191249,0,4256.58539666114,0
777,117.167311739944,0.589300635667036,0,4262.07371679963,0
778,117.185127816735,0.589320299801074,0,4267.5620380123,0
779,117.202932857507,0.589339957560312,0,4273.05036029839,0
780,117.220726867158,0.589359608912049,0,4278.53868365709,0
781,117.238509850591,0.589379253823939,0,4284.02700808763,0
782,117.256281812705,0.589398892263983,0,4289.51533358922,0
783,117.274042758406,0.589418524200528,0,4295.00366016108,0
784,117.291792692596,0.589438149602259,0,4300.49198780242,0
785,117.309531620184,0.589457768438204,0,4305.98031651246,0
786,117.327259546076,0.58947738067772,0,4311.46864629041,0
787,117.344976475181,0.5894969862905,0,4316.9569771355,0
788,117.362682412409,0.589516585246563,0,4322.44530904694,0
789,117.380377362673,0.589536177516253,0,4327.93364202395,0
790,117.398061330884,0.589555763070238,0,4333.42197606575,0
791,117.415734321957,0.589575341879501,0,4338.91031117156,0
792,117.433396340807,0.589594913915344,0,4344.39864734061,0
793,117.45104739235,0.589614479149379,0,4349.8869845721,0
794,117.468687481503,0.589634037553531,0,4355.37532286527,0
795,117.486316613186,0.589653589100027,0,4360.86366221934,0
796,117.503934792317,0.589673133761401,0,4366.35200263353,0
797,117.521542023816,0.589692671510487,0,4371.84034410706,0
798,117.539138312607,0.589712202320415,0,4377.32868663916,0
799,117.55672366361,0.589731726164613,0,4382.81703022906,0
800,117.57429808175,0.589751243016798,0,4388.30537487597,0
801,117.591861571951,0.589770752850977,0,4393.79372057912,0
802,117.609414139139,0.589790255641446,0,4399.28206733775,0
803,117.626955788238,0.58980975136278,0,4404.77041515107,0
804,117.644486524177,0.58982923998984,0,4410.25876401832,0
805,117.662006351884,0.589848721497762,0,4415.74711393872,0
806,117.679515276286,0.589868195861959,0,4421.23546491151,0
807,117.697013302314,0.589887663058114,0,4426.72381693591,0
808,117.714500434898,0.589907123062186,0,4432.21217001115,0
809,117.731976678968,0.589926575850397,0,4437.70052413646,0
810,117.749442039456,0.589946021399235,0,4443.18887931107,0
811,117.766896521296,0.589965459685454,0,4448.67723553422,0
812,117.784340129418,0.589984890686062,0,4454.16559280514,0
813,117.801772868759,0.590004314378332,0,4459.65395112306,0
814,117.819194744251,0.590023730739786,0,4465.14231048722,0
815,117.83660576083,0.590043139748202,0,4470.63067089684,0
816,117.854005923431,0.590062541381608,0,4476.11903235116,0
817,117.871395236991,0.590081935618279,0,4481.60739484943,0
818,117.888773706447,0.590101322436737,0,4487.09575839086,0
819,117.906141336735,0.590120701815746,0,4492.58412297471,0
820,117.923498132794,0.590140073734313,0,4498.0724886002,0
821,117.940844099562,0.59015943817168,0,4503.56085526658,0
822,117.958179241978,0.59017879510733,0,4509.04922297308,0
823,117.975503564982,0.590198144520978,0,4514.53759171894,0
824,117.992817073513,0.59021748639257,0,4520.0259615034,0
825,118.010119772512,0.590236820702284,0,4525.5143323257,0
826,118.027411666919,0.590256147430524,0,4531.00270418508,0
827,118.044692761677,0.59027546655792,0,4536.49107708078,0
828,118.061963061726,0.590294778065325,0,4541.97945101205,0
829,118.079222572009,0.590314081933815,0,4547.46782597812,0
830,118.096471297469,0.590333378144683,0,4552.95620197823,0
831,118.113709243048,0.590352666679439,0,4558.44457901164,0
832,118.130936413689,0.590371947519812,0,4563.93295707758,0
833,118.148152814338,0.590391220647738,0,4569.4213361753,0
834,118.165358449937,0.59041048604537,0,4574.90971630404,0
835,118.182553325431,0.590429743695064,0,4580.39809746305,0
836,118.199737445765,0.590448993579389,0,4585.88647965157,0
837,118.216910815884,0.590468235681115,0,4591.37486286886,0
838,118.234073440734,0.590487469983217,0,4596.86324711415,0
839,118.25122532526,0.590506696468872,0,4602.3516323867,0
840,118.268366474408,0.590525915121454,0,4607.84001868575,0
841,118.285496893125,0.590545125924538,0,4613.32840601056,0
842,118.302616586358,0.590564328861891,0,4618.81679436036,0
843,118.319725559053,0.590583523917477,0,4624.30518373442,0
844,118.336823816158,0.59060271107545,0,4629.79357413199,0
845,118.35391136262,0.590621890320156,0,4635.2819655523,0
846,118.370988203387,0.590641061636128,0,4640.77035799462,0
847,118.388054343407,0.590660225008086,0,4646.2587514582,0
848,118.405109787629,0.590679380420938,0,4651.74714594228,0
849,118.422154541,0.590698527859769,0,4657.23554144613,0
850,118.43918860847,0.590717667309853,0,4662.723937969,0
851,118.456211994988,0.590736798756638,0,4668.21233551014,0
852,118.473224705503,0.590755922185753,0,4673.7007340688,0
853,118.490226744964,0.590775037583004,0,4679.18913364425,0
854,118.507218118321,0.59079414493437,0,4684.67753423573,0
855,118.524198830524,0.590813244226007,0,4690.16593584251,0
856,118.541168886523,0.590832335444236,0,4695.65433846384,0
857,118.558128291269,0.590851418575555,0,4701.14274209898,0
858,118.575077049711,0.590870493606627,0,4706.63114674719,0
859,118.5920151668,0.590889560524284,0,4712.11955240772,0
860,118.608942647487,0.59090861931552,0,4717.60795907984,0
861,118.625859496724,0.590927669967498,0,4723.0963667628,0
862,118.642765719461,0.590946712467538,0,4728.58477545587,0
863,118.65966132065,0.590965746803125,0,4734.07318515831,0
864,118.676546305242,0.590984772961902,0,4739.56159586937,0
865,118.693420678189,0.591003790931668,0,4745.05000758833,0
866,118.710284444443,0.591022800700382,0,4750.53842031444,0
867,118.727137608956,0.591041802256156,0,4756.02683404697,0
868,118.74398017668,0.591060795587256,0,4761.51524878518,0
869,118.760812152568,0.5910797806821,0,4767.00366452833,0
870,118.777633541572,0.591098757529256,0,4772.49208127569,0
871,118.794444348644,0.591117726117444,0,4777.98049902653,0
872,118.811244578738,0.591136686435528,0,4783.4689177801,0
873,118.828034236807,0.591155638472524,0,4788.95733753569,0
874,118.844813327803,0.591174582217588,0,4794.44575829255,0
875,118.86158185668,0.591193517660023,0,4799.93418004996,0
876,118.878339828391,0.591212444789275,0,4805.42260280717,0
877,118.895087247889,0.591231363594928,0,4810.91102656346,0
878,118.911824120129,0.59125027406671,0,4816.39945131811,0
879,118.928550450064,0.591269176194485,0,4821.88787707036,0
880,118.945266242649,0.591288069968258,0,4827.37630381951,0
881,118.961971502836,0.591306955378164,0,4832.86473156482,0
882,118.978666235581,0.59132583241448,0,4838.35316030556,0
883,118.995350445838,0.591344701067612,0,4843.84159004101,0
884,119.01202413856,0.5913635613281,0,4849.33002077042,0
885,119.028687318704,0.591382413186616,0,4854.81845249309,0
886,119.045339991223,0.591401256633961,0,4860.30688520828,0
887,119.061982161072,0.591420091661065,0,4865.79531891527,0
888,119.078613833206,0.591438918258987,0,4871.28375361333,0
889,119.095235012581,0.591457736418911,0,4876.77218930173,0
890,119.111845704151,0.591476546132147,0,4882.26062597976,0
891,119.128445912873,0.591495347390128,0,4887.74906364668,0
892,119.145035643701,0.591514140184414,0,4893.23750230178,0
893,119.161614901591,0.591532924506682,0,4898.72594194433,0
894,119.178183691499,0.591551700348735,0,4904.21438257362,0
895,119.19474201838,0.591570467702489,0,4909.70282418891,0
896,119.211289887191,0.591589226559986,0,4915.19126678949,0
897,119.227827302888,0.591607976913381,0,4920.67971037464,0
898,119.244354270426,0.591626718754946,0,4926.16815494363,0
899,119.260870794764,0.591645452077071,0,4931.65660049576,0
900,119.277376880856,0.591664176872257,0,4937.14504703029,0
901,119.293872533659,0.591682893133121,0,4942.63349454652,0
902,119.310357758131,0.591701600852391,0,4948.12194304372,0
903,119.326832559227,0.591720300022906,0,4953.61039252117,0
904,119.343296941906,0.591738990637617,0,4959.09884297817,0
905,119.359750911124,0.591757672689583,0,4964.58729441399,0
906,119.376194471838,0.59177634617197,0,4970.07574682791,0
907,119.392627629006,0.591795011078054,0,4975.56420021923,0
908,119.409050387586,0.591813667401217,0,4981.05265458723,0
909,119.425462752534,0.591832315134942,0,4986.54110993119,0
910,119.44186472881,0.591850954272824,0,4992.02956625041,0
911,119.458256321369,0.591869584808554,0,4997.51802354416,0
912,119.474637535172,0.59188820673593,0,5003.00648181173,0
913,119.491008375175,0.59190682004885,0,5008.49494105242,0
914,119.507368846338,0.591925424741312,0,5013.98340126552,0
915,119.523718953618,0.591944020807417,0,5019.4718624503,0
916,119.540058701974,0.59196260824136,0,5024.96032460606,0
917,119.556388096366,0.591981187037437,0,5030.4487877321,0
918,119.57270714175,0.591999757190041,0,5035.9372518277,0
919,119.589015843088,0.59201831869366,0,5041.42571689215,0
920,119.605314205338,0.592036871542877,0,5046.91418292474,0
921,119.621602233458,0.59205541573237,0,5052.40264992477,0
922,119.637879932409,0.592073951256913,0,5057.89111789154,0
923,119.65414730715,0.592092478111367,0,5063.37958682432,0
924,119.670404362641,0.592110996290691,0,5068.86805672243,0
925,119.686651103841,0.592129505789929,0,5074.35652758514,0
926,119.702887535711,0.592148006604221,0,5079.84499941177,0
927,119.71911366321,0.592166498728791,0,5085.33347220159,0
928,119.7353294913,0.592184982158957,0,5090.82194595392,0
929,119.751535024939,0.59220345689012,0,5096.31042066804,0
930,119.767730269089,0.59222192291777,0,5101.79889634325,0
931,119.783915228711,0.592240380237483,0,5107.28737297885,0
932,119.800089908766,0.592258828844921,0,5112.77585057414,0
933,119.816254314213,0.592277268735828,0,5118.26432912841,0
934,119.832408450016,0.592295699906034,0,5123.75280864097,0
935,119.848552321134,0.592314122351453,0,5129.24128911112,0
936,119.864685932529,0.592332536068079,0,5134.72977053815,0
937,119.880809289164,0.592350941051987,0,5140.21825292137,0
938,119.896922395999,0.592369337299337,0,5145.70673626007,0
939,119.913025257996,0.592387724806364,0,5151.19522055357,0
940,119.929117880118,0.592406103569385,0,5156.68370580116,0
941,119.945200267328,0.592424473584795,0,5162.17219200214,0
942,119.961272424586,0.592442834849068,0,5167.66067915582,0
943,119.977334356857,0.592461187358752,0,5173.1491672615,0
944,119.993386069101,0.592479531110475,0,5178.63765631848,0
945,120.009427566284,0.592497866100939,0,5184.12614632608,0
946,120.025458853367,0.592516192326921,0,5189.61463728359,0
947,120.041479935313,0.592534509785273,0,5195.10312919033,0
948,120.057490817086,0.59255281847292,0,5200.59162204559,0
949,120.07349150365,0.592571118386861,0,5206.08011584869,0
950,120.089481999969,0.592589409524166,0,5211.56861059893,0
951,120.105462311005,0.592607691881978,0,5217.05710629563,0
952,120.121432441723,0.59262596545751,0,5222.54560293808,0
953,120.137392397088,0.592644230248046,0,5228.0341005256,0
954,120.153342182063,0.59266248625094,0,5233.5225990575,0
955,120.169281801613,0.592680733463613,0,5239.01109853309,0
956,120.185211260703,0.592698971883558,0,5244.49959895167,0
957,120.201130564298,0.592717201508333,0,5249.98810031257,0
958,120.217039717362,0.592735422335564,0,5255.47660261508,0
959,120.232938724861,0.592753634362943,0,5260.96510585853,0
960,120.24882759176,0.59277183758823,0,5266.45361004223,0
961,120.264706323025,0.592790032009248,0,5271.94211516548,0
962,120.280574923621,0.592808217623886,0,5277.43062122761,0
963,120.296433398514,0.592826394430098,0,5282.91912822793,0
964,120.312281752671,0.592844562425899,0,5288.40763616574,0
965,120.328119991057,0.592862721609368,0,5293.89614504037,0
966,120.343948118639,0.592880871978649,0,5299.38465485114,0
967,120.359766140384,0.592899013531943,0,5304.87316559735,0
968,120.375574061257,0.592917146267518,0,5310.36167727833,0
969,120.391371886227,0.592935270183698,0,5315.85018989339,0
970,120.407159620259,0.592953385278868,0,5321.33870344185,0
971,120.422937268322,0.592971491551475,0,5326.82721792303,0
972,120.438704835383,0.592989589000023,0,5332.31573333625,0
973,120.454462326409,0.593007677623074,0,5337.80424968082,0
974,120.470209746367,0.593025757419249,0,5343.29276695607,0
975,120.485947100227,0.593043828387228,0,5348.78128516132,0
976,120.501674392956,0.593061890525743,0,5354.26980429588,0
977,120.517391629522,0.593079943833588,0,5359.75832435908,0
978,120.533098814893,0.593097988309609,0,5365.24684535024,0
979,120.548795954039,0.593116023952708,0,5370.73536726868,0
980,120.564483051928,0.593134050761844,0,5376.22389011373,0
981,120.58016011353,0.593152068736027,0,5381.7124138847,0
982,120.595827143812,0.593170077874323,0,5387.20093858093,0
983,120.611484147744,0.59318807817585,0,5392.68946420174,0
984,120.627131130297,0.59320606963978,0,5398.17799074644,0
985,120.642768096439,0.593224052265336,0,5403.66651821437,0
986,120.65839505114,0.593242026051794,0,5409.15504660486,0
987,120.674011999371,0.593259990998481,0,5414.64357591722,0
988,120.689618946101,0.593277947104773,0,5420.13210615079,0
989,120.705215896301,0.593295894370099,0,5425.62063730489,0
990,120.720802854941,0.593313832793936,0,5431.10916937885,0
991,120.736379826991,0.593331762375812,0,5436.597702372,0
992,120.751946817423,0.593349683115302,0,5442.08623628367,0
993,120.767503831208,0.593367595012031,0,5447.57477111318,0
994,120.783050873316,0.593385498065672,0,5453.06330685987,0
995,120.798587948719,0.593403392275944,0,5458.55184352307,0
996,120.814115062389,0.593421277642615,0,5464.0403811021,0
997,120.829632219296,0.593439154165499,0,5469.5289195963,0
998,120.845139424413,0.593457021844455,0,5475.01745900501,0
999,120.860636682712,0.59347488067939,0,5480.50599932754,0
1000,120.876123999164,0.593492730670255,0,5485.99454056325,0
1001,120.891601378742,0.593510571817046,0,5491.48308271145,0
1002,120.907068826419,0.593528404119802,0,5496.97162577148,0
1003,120.922526347166,0.593546227578611,0,5502.46016974268,0
1004,120.937973945957,0.593564042193599,0,5507.94871462438,0
1005,120.953411627764,0.593581847964939,0,5513.43726041592,0
1006,120.968839397561,0.593599644892844,0,5518.92580711663,0
1007,120.98425726032,0.593617432977572,0,5524.41435472586,0
1008,120.999665221015,0.593635212219422,0,5529.90290324292,0
1009,121.015063284619,0.593652982618733,0,5535.39145266717,0
1010,121.030451456106,0.593670744175888,0,5540.88000299794,0
1011,121.045829740449,0.593688496891309,0,5546.36855423457,0
1012,121.061198142623,0.59370624076546,0,5551.85710637639,0
1013,121.076556667601,0.593723975798842,0,5557.34565942275,0
1014,121.091905320357,0.593741701991998,0,5562.83421337299,0
1015,121.107244105867,0.593759419345512,0,5568.32276822645,0
1016,121.122573029103,0.593777127860002,0,5573.81132398246,0
1017,121.137892095041,0.59379482753613,0,5579.29988064037,0
1018,121.153201308656,0.593812518374591,0,5584.78843819952,0
1019,121.168500674922,0.593830200376121,0,5590.27699665925,0
1020,121.183790198814,0.593847873541493,0,5595.76555601891,0
1021,121.199069885307,0.593865537871516,0,5601.25411627784,0
1022,121.214339739376,0.593883193367037,0,5606.74267743537,0
1023,121.229599765997,0.593900840028936,0,5612.23123949086,0
1024,121.244849970145,0.593918477858136,0,5617.71980244365,0
1025,121.260090356795,0.593936106855588,0,5623.20836629309,0
1026,121.275320930924,0.593953727022282,0,5628.69693103851,0
1027,121.290541697507,0.593971338359242,0,5634.18549667928,0
1028,121.305752661519,0.593988940867528,0,5639.67406321472,0
1029,121.320953827937,0.594006534548233,0,5645.1626306442,0
1030,121.336145201737,0.594024119402482,0,5650.65119896706,0
1031,121.351326787895,0.594041695431439,0,5656.13976818263,0
1032,121.366498591388,0.594059262636295,0,5661.62833829029,0
1033,121.381660617191,0.594076821018278,0,5667.11690928936,0
1034,121.396812870281,0.594094370578646,0,5672.60548117921,0
1035,121.411955355635,0.594111911318691,0,5678.09405395918,0
1036,121.427088078229,0.594129443239738,0,5683.58262762863,0
1037,121.44221104304,0.594146966343139,0,5689.0712021869,0
1038,121.457324255045,0.594164480630284,0,5694.55977763334,0
1039,121.472427719221,0.594181986102587,0,5700.04835396731,0
1040,121.487521440545,0.594199482761498,0,5705.53693118816,0
1041,121.502605423994,0.594216970608494,0,5711.02550929524,0
1042,121.517679674544,0.594234449645085,0,5716.5140882879,0
1043,121.532744197174,0.594251919872808,0,5722.00266816551,0
1044,121.54779899686,0.59426938129323,0,5727.4912489274,0
1045,121.562844078581,0.594286833907949,0,5732.97983057295,0
1046,121.577879447312,0.594304277718589,0,5738.46841310149,0
1047,121.592905108032,0.594321712726806,0,5743.9569965124,0
1048,121.607921065718,0.59433913893428,0,5749.44558080502,0
1049,121.622927325348,0.594356556342723,0,5754.93416597871,0
1050,121.637923891899,0.594373964953874,0,5760.42275203284,0
1051,121.652910770349,0.594391364769496,0,5765.91133896674,0
1052,121.667887965676,0.594408755791383,0,5771.3999267798,0
1053,121.682855482857,0.594426138021354,0,5776.88851547135,0
1054,121.697813326871,0.594443511461256,0,5782.37710504076,0
1055,121.712761502694,0.59446087611296,0,5787.8656954874,0
1056,121.727700015306,0.594478231978365,0,5793.35428681062,0
1057,121.742628869683,0.594495579059395,0,5798.84287900978,0
1058,121.757548070804,0.594512917357998,0,5804.33147208424,0
1059,121.772457623646,0.594530246876152,0,5809.82006603337,0
1060,121.787357533188,0.594547567615853,0,5815.30866085652,0
1061,121.802247804407,0.594564879579128,0,5820.79725655306,0
1062,121.817128442282,0.594582182768025,0,5826.28585312235,0
1063,121.831999451789,0.594599477184617,0,5831.77445056375,0
1064,121.846860837909,0.594616762831002,0,5837.26304887664,0
1065,121.861712605617,0.594634039709298,0,5842.75164806036,0
1066,121.876554759892,0.594651307821652,0,5848.2402481143,0
1067,121.891387305713,0.59466856717023,0,5853.7288490378,0
1068,121.906210248056,0.594685817757221,0,5859.21745083024,0
1069,121.921023591901,0.594703059584839,0,5864.70605349099,0
1070,121.935827342224,0.594720292655318,0,5870.1946570194,0
1071,121.950621504003,0.594737516970918,0,5875.68326141486,0
1072,121.965406082218,0.594754732533915,0,5881.17186667671,0
1073,121.980181081844,0.594771939346613,0,5886.66047280434,0
1074,121.99494650786,0.594789137411333,0,5892.14907979712,0
1075,122.009702365244,0.594806326730419,0,5897.6376876544,0
1076,122.024448658973,0.594823507306235,0,5903.12629637556,0
1077,122.039185394026,0.594840679141168,0,5908.61490595998,0
1078,122.053912575378,0.594857842237624,0,5914.10351640701,0
1079,122.068630208009,0.594874996598029,0,5919.59212771603,0
1080,122.083338296896,0.59489214222483,0,5925.08073988641,0
1081,122.098036847015,0.594909279120492,0,5930.56935291753,0
1082,122.112725863344,0.594926407287503,0,5936.05796680876,0
1083,122.127405350861,0.594943526728368,0,5941.54658155946,0
1084,122.142075314542,0.594960637445611,0,5947.03519716901,0
1085,122.156735759364,0.594977739441777,0,5952.52381363679,0
1086,122.171386690306,0.594994832719427,0,5958.01243096217,0
1087,122.186028112343,0.595011917281145,0,5963.50104914453,0
1088,122.200660030452,0.595028993129528,0,5968.98966818323,0
1089,122.215282449609,0.595046060267195,0,5974.47828807765,0
1090,122.229895374793,0.595063118696781,0,5979.96690882718,0
1091,122.244498810978,0.59508016842094,0,5985.45553043118,0
1092,122.259092763142,0.595097209442343,0,5990.94415288904,0
1093,122.27367723626,0.595114241763679,0,5996.43277620012,0
1094,122.288252235309,0.595131265387653,0,6001.92140036382,0
1095,122.302817765265,0.595148280316987,0,6007.4100253795,0
1096,122.317373831103,0.595165286554421,0,6012.89865124655,0
1097,122.3319204378,0.59518228410271,0,6018.38727796434,0
1098,122.34645759033,0.595199272964627,0,6023.87590553225,0
1099,122.360985293669,0.595216253142962,0,6029.36453394967,0
1100,122.375503552793,0.595233224640516,0,6034.85316321597,0
1101,122.390012372677,0.595250187460111,0,6040.34179333054,0
1102,122.404511758295,0.595267141604584,0,6045.83042429276,0
1103,122.419001714623,0.595284087076784,0,6051.31905610201,0
1104,122.433482246634,0.595301023879579,0,6056.80768875766,0
1105,122.447953359304,0.595317952015849,0,6062.29632225911,0
1106,122.462415057607,0.595334871488493,0,6067.78495660574,0
1107,122.476867346516,0.59535178230042,0,6073.27359179693,0
1108,122.491310231006,0.595368684454557,0,6078.76222783207,0
1109,122.505743716051,0.595385577953843,0,6084.25086471053,0
1110,122.520167806623,0.595402462801232,0,6089.73950243171,0
1111,122.534582507696,0.595419338999694,0,6095.22814099499,0
1112,122.548987824244,0.595436206552209,0,6100.71678039976,0
1113,122.563383761238,0.595453065461775,0,6106.2054206454,0
1114,122.577770323652,0.595469915731399,0,6111.6940617313,0
1115,122.592147516458,0.595486757364104,0,6117.18270365685,0
1116,122.606515344629,0.595503590362926,0,6122.67134642143,0
1117,122.620873813136,0.595520414730914,0,6128.15999002444,0
1118,122.63522292695,0.59553723047113,0,6133.64863446526,0
1119,122.649562691044,0.595554037586645,0,6139.13727974328,0
1120,122.663893110389,0.59557083608055,0,6144.62592585789,0
1121,122.678214189955,0.59558762595594,0,6150.11457280848,0
1122,122.692525934713,0.59560440721593,0,6155.60322059444,0
1123,122.706828349633,0.59562117986364,0,6161.09186921517,0
1124,122.721121439687,0.595637943902206,0,6166.58051867005,0
1125,122.735405209843,0.595654699334776,0,6172.06916895848,0
1126,122.749679665071,0.595671446164506,0,6177.55782007984,0
1127,122.763944810341,0.595688184394568,0,6183.04647203354,0
1128,122.778200650621,0.595704914028142,0,6188.53512481896,0
1129,122.792447190881,0.595721635068419,0,6194.0237784355,0
1130,122.806684436088,0.595738347518604,0,6199.51243288255,0
1131,122.82091239121,0.59575505138191,0,6205.0010881595,0
1132,122.835131061217,0.595771746661562,0,6210.48974426576,0
1133,122.849340451074,0.595788433360794,0,6215.97840120072,0
1134,122.863540565749,0.595805111482852,0,6221.46705896377,0
1135,122.877731410209,0.595821781030992,0,6226.95571755431,0
1136,122.89191298942,0.595838442008479,0,6232.44437697174,0
1137,122.906085308349,0.595855094418589,0,6237.93303721545,0
1138,122.920248371961,0.595871738264608,0,6243.42169828484,0
1139,122.934402185221,0.595888373549831,0,6248.91036017931,0
1140,122.948546753096,0.595905000277561,0,6254.39902289826,0
1141,122.962682080548,0.595921618451115,0,6259.88768644108,0
1142,122.976808172544,0.595938228073815,0,6265.37635080719,0
1143,122.990925034046,0.595954829148993,0,6270.86501599597,0
1144,123.005032670018,0.595971421679991,0,6276.35368200682,0
1145,123.019131085424,0.59598800567016,0,6281.84234883916,0
1146,123.033220285226,0.596004581122859,0,6287.33101649237,0
1147,123.047300274386,0.596021148041455,0,6292.81968496587,0
1148,123.061371057868,0.596037706429325,0,6298.30835425905,0
1149,123.075432640631,0.596054256289852,0,6303.79702437132,0
1150,123.089485027638,0.596070797626432,0,6309.28569530207,0
1151,123.10352822385,0.596087330442463,0,6314.77436705072,0
1152,123.117562234225,0.596103854741355,0,6320.26303961666,0
1153,123.131587063725,0.596120370526526,0,6325.7517129993,0
1154,123.145602717309,0.596136877801397,0,6331.24038719805,0
1155,123.159609199936,0.596153376569405,0,6336.72906221231,0
1156,123.173606516564,0.596169866833986,0,6342.21773804149,0
1157,123.187594672153,0.596186348598589,0,6347.70641468499,0
1158,123.201573671658,0.596202821866667,0,6353.19509214221,0
1159,123.215543520038,0.596219286641682,0,6358.68377041258,0
1160,123.229504222249,0.596235742927103,0,6364.17244949548,0
1161,123.243455783247,0.596252190726405,0,6369.66112939034,0
1162,123.257398207989,0.59626863004307,0,6375.14981009656,0
1163,123.271331501429,0.596285060880587,0,6380.63849161355,0
1164,123.285255668523,0.596301483242452,0,6386.12717394072,0
1165,123.299170714224,0.596317897132167,0,6391.61585707747,0
1166,123.313076643487,0.596334302553239,0,6397.10454102322,0
1167,123.326973461264,0.596350699509184,0,6402.59322577738,0
1168,123.340861172509,0.596367088003522,0,6408.08191133936,0
1169,123.354739782174,0.596383468039781,0,6413.57059770857,0
1170,123.368609295211,0.596399839621492,0,6419.05928488442,0
1171,123.38246971657,0.596416202752195,0,6424.54797286632,0
1172,123.396321051202,0.596432557435433,0,6430.03666165369,0
1173,123.410163304058,0.596448903674757,0,6435.52535124595,0
1174,123.423996480086,0.596465241473722,0,6441.01404164249,0
1175,123.437820584237,0.596481570835888,0,6446.50273284275,0
1176,123.451635621459,0.596497891764822,0,6451.99142484613,0
1177,123.465441596698,0.596514204264095,0,6457.48011765204,0
1178,123.479238514903,0.596530508337284,0,6462.96881125991,0
1179,123.493026381021,0.59654680398797,0,6468.45750566915,0
1180,123.506805199997,0.59656309121974,0,6473.94620087917,0
1181,123.520574976777,0.596579370036184,0,6479.43489688939,0
1182,123.534335716307,0.596595640440899,0,6484.92359369923,0
1183,123.548087423529,0.596611902437486,0,6490.4122913081,0
1184,123.561830103389,0.596628156029549,0,6495.90098971543,0
1185,123.575563760829,0.596644401220698,0,6501.38968892063,0
1186,123.589288400792,0.596660638014547,0,6506.87838892312,0
1187,123.60300402822,0.596676866414714,0,6512.36708972232,0
1188,123.616710648053,0.596693086424822,0,6517.85579131765,0
1189,123.630408265233,0.596709298048497,0,6523.34449370853,0
1190,123.6440968847,0.59672550128937,0,6528.83319689438,0
1191,123.657776511392,0.596741696151074,0,6534.32190087461,0
1192,123.67144715025,0.596757882637249,0,6539.81060564867,0
1193,123.685108806209,0.596774060751536,0,6545.29931121595,0
1194,123.698761484209,0.59679023049758,0,6550.78801757589,0
1195,122.94329403833,0.596806391879031,0,6556.28968369658,0
1196,122.161513689769,0.596822544899542,0,6562.01958347216,0
1197,121.385596277101,0.596838689562767,0,6567.71692892592,0
1198,120.615237170537,0.596854825872368,0,6573.38624561277,0
1199,119.850415388693,0.596870953832006,0,6579.03127705665,0
1200,119.091236838189,0.596887073445347,0,6584.65526665036,0
1201,118.338198571169,0.59690318471606,0,6590.26102446926,0
1202,117.592563055118,0.596919287647816,0,6595.85098521261,0
1203,116.856652297288,0.596935382244291,0,6601.4272583423,0
1204,116.133882769337,0.596951468509161,0,6606.9916715646,0
1205,115.428502483687,0.596967546446107,0,6612.54580846631,0
1206,114.745132901998,0.596983616058812,0,6618.09104113761,0
1207,114.088270054777,0.597003314311298,0,6623.6285584311,0
1208,113.461870765759,0.596852139716114,0,6629.15939043639,0
1209,112.869084352306,0.596665172311287,0,6634.68442969748,0
1210,112.31206345548,0.596465122655892,0,6640.2044495765,0
1211,111.79114616435,0.596252751126404,0,6645.72012018429,0
1212,111.302543627597,0.596028731632617,0,6651.23202216247,0
1213,110.836915510093,0.595793687880958,0,6656.74065863857,0
1214,110.382118920014,0.595548226244158,0,6662.24646557381,0
1215,109.92867145227,0.595292974507776,0,6667.74982073749,0
1216,109.473692244075,0.595028622424662,0,6673.25105147325,0
1217,109.021141453963,0.594755954103777,0,6678.75044143509,0
1218,108.579248873897,0.594475863804747,0,6684.24823641973,0
1219,108.157234000225,0.594189352318516,0,6689.74464942116,0
1220,107.762847106073,0.593897506688372,0,6695.23986501028,0
1221,107.401210701621,0.593601469259052,0,6700.73404312852,0
1222,107.07472282493,0.593302401812858,0,6706.22732237673,0
1223,106.783550255978,0.593001437080848,0,6711.71982286242,0
1224,106.526304027789,0.5926995714766,0,6717.21164866945,0
1225,106.300651344779,0.592397479478807,0,6722.70288999541,0
1226,106.103774911992,0.59209536619509,0,6728.1936250059,0
1227,105.932685192169,0.591793006759115,0,6733.68392143932,0
1228,105.784425075587,0.591489977976324,0,6739.17383799901,0
1229,105.656198778394,0.591185950667913,0,6744.66342555827,0
1230,105.545445807835,0.590880902151511,0,6750.15272820549,0
1231,105.449873564963,0.590575187962414,0,6755.64178414917,0
1232,105.367460799136,0.590269492197855,0,6761.13062650242,0
1233,105.296442829825,0.589964712709715,0,6766.61928396276,0
1234,105.235287577586,0.589661834882214,0,6772.10778140099,0
1235,105.182668664785,0.589361826981548,0,6777.59614037182,0
1236,105.137439341039,0.589065569346294,0,6783.08437955596,0
1237,105.09860893282,0.588773815529982,0,6788.57251514367,0
1238,105.065322375764,0.588487177576743,0,6794.06056116665,0
1239,105.036842634808,0.588206126945112,0,6799.54852978609,0
1240,105.012535640899,0.587931004713051,0,6805.03643154199,0
1241,104.9918572098,0.587662036686999,0,6810.5242755694,0
1242,104.974341482387,0.587399350620122,0,6816.01206978568,0
1243,104.959590417243,0.587142993529298,0,6821.49982105292,0
1244,104.947264026269,0.586892947884055,0,6826.98753531857,0
1245,104.937071230303,0.586649145896965,0,6832.47521773741,0
1246,104.928761475521,0.586411481673677,0,6837.96287277718,0
1247,104.922117436107,0.586179821232858,0,6843.45050431021,0
1248,104.916949140408,0.585954010619437,0,6848.93811569272,0
1249,104.913089713212,0.585733882392279,0,6854.42570983364,0
1250,104.910392646188,0.58551926076554,0,6859.91328925425,0
1251,104.908730272655,0.585309965673871,0,6865.40085613976,0
1252,104.907992960843,0.585105815955355,0,6870.88841238418,0
1253,104.908088540621,0.584906631842276,0,6876.37595962908,0
1254,104.908941577064,0.584712236868165,0,6881.8634992972,0
1255,104.910492271378,0.584522459307148,0,6887.35103262168,0
1256,104.912694931642,0.584337133198376,0,6892.83856067125,0
1257,104.915516082424,0.584156099022842,0,6898.32608437216,0
1258,104.91893235327,0.583979204071401,0,6903.81360452716,0
1259,104.922928306617,0.58380630256502,0,6909.30112183196,0
1260,104.927494352682,0.583637255588324,0,6914.78863688946,0
1261,104.932624860389,0.583471930907006,0,6920.27615022214,0
1262,104.938316537275,0.583310202737838,0,6925.76366228277,0
1263,104.944567106879,0.58315195152022,0,6931.25117346365,0
1264,104.951374287623,0.582997063725551,0,6936.73868410473,0
1265,104.958735049244,0.58284543170801,0,6942.22619450051,0
1266,104.966645114965,0.582696953593077,0,6947.71370490617,0
1267,104.975098667123,0.58255153317847,0,6953.20121554274,0
1268,104.984088216305,0.582409079829069,0,6958.68872660166,0
1269,104.993604594512,0.582269508341989,0,6964.17623824876,0
1270,105.003637038778,0.582132738771609,0,6969.6637506276,0
1271,105.014173336407,0.581998696207268,0,6975.15126386251,0
1272,105.025200008906,0.581867310506612,0,6980.63877806109,0
1273,105.036702516424,0.581738515991547,0,6986.12629331647,0
1274,105.04866546933,0.581612251116787,0,6991.61380970923,0
1275,105.061072836602,0.581488458123773,0,6997.10132730905,0
1276,105.073908144353,0.581367082689877,0,7002.58884617619,0
1277,105.087154659254,0.581248073584839,0,7008.07636636273,0
1278,105.100795554285,0.581131382340692,0,7013.56388791365,0
1279,105.114814054788,0.581016962943313,0,7019.05141086781,0
1280,105.129193564667,0.58090477154781,0,7024.53893525869,0
1281,105.143917772844,0.580794766221725,0,7030.02646111521,0
1282,105.158970741231,0.58068690671549,0,7035.51398846224,0
1283,105.17433697566,0.5805811542608,0,7041.0015173212,0
1284,105.190001481668,0.580477471395067,0,7046.48904771049,0
1285,105.205949807129,0.580375821810457,0,7051.97657964591,0
1286,105.222168073607,0.580276170225502,0,7057.46411314099,0
1287,105.238642998239,0.580178482276571,0,7062.95164820729,0
1288,105.255361907602,0.580082724427622,0,7068.43918485468,0
1289,105.272312744841,0.579988863894986,0,7073.92672309157,0
1290,105.289484070983,0.579896868586191,0,7079.41426292506,0
1291,105.306865061207,0.579806707049564,0,7084.90180436117,0
1292,105.324445496648,0.579718348434059,0,7090.38934740495,0
1293,105.342215752203,0.579631762456467,0,7095.8768920606,0
1294,105.360166780789,0.579546919375634,0,7101.36443833163,0
1295,105.37829009445,0.579463789971585,0,7106.8519862209,0
1296,105.396577742752,0.579382345529102,0,7112.33953573073,0
1297,105.415022288923,0.579302557824542,0,7117.82708686299,0
1298,105.433616784185,0.579224399115239,0,7123.31463961912,0
1299,105.452354740788,0.579147842131072,0,7128.80219400021,0
1300,105.471230104184,0.579072860067353,0,7134.28975000705,0
1301,105.490237224831,0.578999426579182,0,7139.77730764016,0
1302,105.509370830007,0.578927515776311,0,7145.26486689984,0
1303,105.528625996066,0.578857102218967,0,7150.75242778618,0
1304,105.547998121388,0.578788160913706,0,7156.23999029909,0
1305,105.567482900379,0.578720667309784,0,7161.72755443835,0
1306,105.587076298654,0.578654597295298,0,7167.21512020361,0
1307,105.606774529626,0.578589927193457,0,7172.70268759438,0
1308,105.626574032574,0.578526633758515,0,7178.1902566101,0
1309,105.646471452261,0.578464694171498,0,7183.67782725011,0
1310,105.666463620151,0.578404086035589,0,7189.1653995137,0
1311,105.686547537173,0.578344787371068,0,7194.65297340007,0
1312,105.706720358039,0.578286776609965,0,7200.14054890837,0
1313,105.726979377022,0.578230032590145,0,7205.62812603773,0
1314,105.747322015154,0.578174534549187,0,7211.1157047872,0
1315,105.767745808727,0.57812026211768,0,7216.60328515582,0
1316,105.788248399028,0.578067195312394,0,7222.09086714259,0
1317,105.808827523198,0.578015314528969,0,7227.57845074649,0
1318,105.829481006128,0.57796460053451,0,7233.06603596646,0
1319,105.850206753281,0.577915034459877,0,7238.55362280146,0
1320,105.871002744364,0.57786659779191,0,7244.04121125038,0
1321,105.89186702776,0.577819272365526,0,7249.52880131214,0
1322,105.912797715618,0.577773040355772,0,7255.01639298563,0
1323,105.933792979553,0.577727884269929,0,7260.50398626972,0
1324,105.954851046862,0.577683786939583,0,7265.99158116329,0
1325,105.975970197208,0.577640731512879,0,7271.4791776652,0
1326,105.997148759698,0.577598701446784,0,7276.9667757743,0
1327,106.018385110317,0.577557680499608,0,7282.45437548945,0
1328,106.039677669659,0.577517652723568,0,7287.94197680948,0
1329,106.06102490092,0.577478602457658,0,7293.42957973325,0
1330,106.082425308108,0.57744051432061,0,7298.91718425959,0
1331,106.103877434445,0.577403373204145,0,7304.40479038734,0
1332,106.125379860921,0.577367164266383,0,7309.89239811533,0
1333,106.146931204989,0.577331872925497,0,7315.38000744239,0
1334,106.168530119361,0.57729748485359,0,7320.86761836735,0
1335,106.190175290896,0.577263985970754,0,7326.35523088903,0
1336,106.211865439574,0.577231362439401,0,7331.84284500628,0
1337,106.233599317508,0.577199600658731,0,7337.33046071791,0
1338,106.255375708031,0.577168687259487,0,7342.81807802275,0
1339,106.277193424804,0.577138609098814,0,7348.30569691963,0
1340,106.299051310966,0.577109353255399,0,7353.79331740737,0
1341,106.320948238309,0.577080907024712,0,7359.2809394848,0
1342,106.342883106476,0.577053257914483,0,7364.76856315075,0
1343,106.364854842175,0.577026393640299,0,7370.25618840404,0
1344,106.386862398419,0.577000302121379,0,7375.7438152435,0
1345,106.408904753771,0.576974971476498,0,7381.23144366795,0
1346,106.43098091161,0.576950390020028,0,7386.71907367623,0
1347,106.453089899416,0.576926546258149,0,7392.20670526717,0
1348,106.475230768059,0.576903428885129,0,7397.69433843959,0
1349,106.49740259111,0.576881026779787,0,7403.18197319232,0
1350,106.519604464169,0.576859329001995,0,7408.66960952419,0
1351,106.541835504206,0.576838324789342,0,7414.15724743403,0
1352,106.564094848919,0.576818003553849,0,7419.64488692068,0
1353,106.586381656109,0.576798354878806,0,7425.13252798297,0
1354,106.608695103079,0.576779368515672,0,7430.62017061972,0
1355,106.631034386037,0.576761034381067,0,7436.10781482978,0
1356,106.653398719538,0.576743342553836,0,7441.59546061198,0
1357,106.675787335926,0.576726283272177,0,7447.08310796515,0
1358,106.698199484807,0.57670984693085,0,7452.57075688814,0
1359,106.720634432534,0.576694024078432,0,7458.05840737977,0
1360,106.743091461717,0.576678805414654,0,7463.54605943888,0
1361,106.76556987075,0.576664181787764,0,7469.03371306432,0
1362,106.788068973349,0.576650144191989,0,7474.52136825492,0
1363,106.810588098122,0.576636683764996,0,7480.00902500953,0
1364,106.833126588145,0.576623791785459,0,7485.49668332698,0
1365,106.855683800559,0.576611459670626,0,7490.98434320612,0
1366,106.878259106186,0.576599678973965,0,7496.4720046458,0
1367,106.900851889157,0.576588441382846,0,7501.95966764484,0
1368,106.923461546557,0.576577738716257,0,7507.44733220211,0
1369,106.946087488087,0.576567562922582,0,7512.93499831645,0
1370,106.968729135734,0.576557906077396,0,7518.42266598669,0
1371,106.991385923463,0.576548760381334,0,7523.9103352117,0
1372,107.014057296911,0.576540118157957,0,7529.39800599031,0
1373,107.036742713104,0.5765319718517,0,7534.88567832138,0
1374,107.059441640177,0.576524314025822,0,7540.37335220376,0
1375,107.082153557108,0.576517137360419,0,7545.86102763629,0
1376,107.104877953463,0.576510434650453,0,7551.34870461784,0
1377,107.127614329147,0.576504198803834,0,7556.83638314725,0
1378,107.150362194171,0.576498422839523,0,7562.32406322337,0
1379,107.173121068416,0.576493099885677,0,7567.81174484507,0
1380,107.195890481416,0.576488223177825,0,7573.29942801119,0
1381,107.218669972145,0.576483786057075,0,7578.7871127206,0
1382,107.241459088805,0.576479781968357,0,7584.27479897215,0
1383,107.264257388629,0.576476204458694,0,7589.76248676469,0
1384,107.287064437684,0.576473047175508,0,7595.25017609709,0
1385,107.309879810687,0.576470303864949,0,7600.73786696821,0
1386,107.332703090817,0.576467968370265,0,7606.2255593769,0
1387,107.355533869538,0.576466034630187,0,7611.71325332204,0
1388,107.378371746426,0.576464496677359,0,7617.20094880247,0
1389,107.401216329005,0.576463348636782,0,7622.68864581707,0
1390,107.424067232572,0.57646258472429,0,7628.1763443647,0
1391,107.44692408005,0.57646219924506,0,7633.66404444422,0
1392,107.469786501821,0.576462186592138,0,7639.1517460545,0
1393,107.492654135582,0.576462541244997,0,7644.6394491944,0
1394,107.515526626188,0.576463257768117,0,7650.1271538628,0
1395,107.538403625516,0.5764643308096,0,7655.61486005856,0
1396,107.561284792316,0.576465755099787,0,7661.10256778055,0
1397,107.584169792076,0.576467525449928,0,7666.59027702765,0
1398,107.607058296885,0.576469636750855,0,7672.07798779871,0
1399,107.6299499853,0.57647208397168,0,7677.56570009263,0
1400,107.652844542219,0.576474862158529,0,7683.05341390825,0
1401,107.675741658752,0.576477966433281,0,7688.54112924447,0
1402,107.698641032095,0.576481391992338,0,7694.02884610016,0
1403,107.721542365413,0.576485134105419,0,7699.51656447419,0
1404,107.744445367718,0.576489188114368,0,7705.00428436543,0
1405,107.767349753754,0.576493549431983,0,7710.49200577277,0
1406,107.790255243881,0.576498213540871,0,7715.97972869508,0
1407,107.813161563966,0.576503175992319,0,7721.46745313124,0
1408,107.836068445271,0.576508432405182,0,7726.95517908014,0
1409,107.85897562435,0.576513978464793,0,7732.44290654064,0
1410,107.881882842939,0.576519809921893,0,7737.93063551164,0
1411,107.904789847856,0.576525922591577,0,7743.41836599202,0
1412,107.927696390903,0.576532312352254,0,7748.90609798065,0
1413,107.950602228762,0.576538975144635,0,7754.39383147643,0
1414,107.973507122903,0.576545906970729,0,7759.88156647823,0
1415,107.996410839487,0.576553103892857,0,7765.36930298495,0
1416,108.019313149276,0.576560562032689,0,7770.85704099547,0
1417,108.042213827539,0.576568277570291,0,7776.34478050868,0
1418,108.065112653964,0.576576246743187,0,7781.83252152346,0
1419,108.088009412575,0.576584465845448,0,7787.3202640387,0
1420,108.110903891641,0.576592931226778,0,7792.80800805331,0
1421,108.133795883596,0.576601639291633,0,7798.29575356615,0
1422,108.156685184956,0.576610586498344,0,7803.78350057614,0
1423,108.179571596238,0.576619769358261,0,7809.27124908215,0
1424,108.202454921885,0.576629184434904,0,7814.75899908309,0
1425,108.225334970184,0.576638828343136,0,7820.24675057784,0
1426,108.248211553193,0.576648697748346,0,7825.73450356531,0
1427,108.271084486669,0.576658789365644,0,7831.22225804439,0
1428,108.293953589992,0.576669099959076,0,7836.71001401397,0
1429,108.316818686098,0.576679626340843,0,7842.19777147296,0
1430,108.339679601404,0.57669036537054,0,7847.68553042025,0
1431,108.362536165746,0.576701313954404,0,7853.17329085474,0
1432,108.385388212307,0.576712469044578,0,7858.66105277533,0
1433,108.408235577555,0.576723827638384,0,7864.14881618092,0
1434,108.431078101177,0.576735386777609,0,7869.63658107041,0
1435,108.453915626018,0.576747143547802,0,7875.12434744272,0
1436,108.476747998018,0.576759095077589,0,7880.61211529673,0
1437,108.49957506615,0.576771238537985,0,7886.09988463136,0
1438,108.522396682364,0.576783571141736,0,7891.58765544551,0
1439,108.545212701528,0.576796090142654,0,7897.07542773808,0
1440,108.56802298137,0.576808792834979,0,7902.56320150799,0
1441,108.590827382424,0.57682167655274,0,7908.05097675414,0
1442,108.613625767973,0.576834738669128,0,7913.53875347544,0
1443,108.636418003998,0.57684797659589,0,7919.02653167079,0
1444,108.659203959125,0.576861387782715,0,7924.51431133912,0
1445,108.68198350457,0.576874969716649,0,7930.00209247932,0
1446,108.704756514095,0.576888719921502,0,7935.48987509032,0
1447,108.727522863954,0.576902635957282,0,7940.97765917103,0
1448,108.750282432845,0.576916715419623,0,7946.46544472034,0
1449,108.773035101864,0.576930955939235,0,7951.9532317372,0
1450,108.795780754457,0.576945355181351,0,7957.4410202205,0
1451,108.818519276376,0.576959910845193,0,7962.92881016916,0
1452,108.841250555632,0.576974620663444,0,7968.41660158211,0
1453,108.863974482455,0.576989482401724,0,7973.90439445826,0
1454,108.886690949245,0.577004493858083,0,7979.39218879652,0
1455,108.909399850536,0.577019652862492,0,7984.87998459582,0
1456,108.932101082952,0.577034957276354,0,7990.36778185508,0
1457,108.954794545165,0.57705040499201,0,7995.85558057321,0
1458,108.977480137858,0.577065993932271,0,8001.34338074915,0
1459,109.000157763686,0.57708172204993,0,8006.83118238181,0
1460,109.022827327234,0.577097587327317,0,8012.31898547011,0
1461,109.045488734986,0.577113587775829,0,8017.80679001298,0
1462,109.068141895284,0.577129721435487,0,8023.29459600935,0
1463,109.090786718291,0.577145986374498,0,8028.78240345815,0
1464,109.113423115959,0.577162380688812,0,8034.27021235829,0
1465,109.136051001994,0.577178902501704,0,8039.7580227087,0
1466,109.158670291821,0.577195549963349,0,8045.24583450832,0
1467,109.181280902551,0.577212321250411,0,8050.73364775608,0
1468,109.203882752949,0.577229214565634,0,8056.2214624509,0
1469,109.226475763402,0.577246228137447,0,8061.70927859171,0
1470,109.249059855888,0.57726336021956,0,8067.19709617745,0
1471,109.271634953943,0.577280609090592,0,8072.68491520705,0
1472,109.294200982635,0.577297973053677,0,8078.17273567944,0
1473,109.316757868533,0.577315450436098,0,8083.66055759356,0
1474,109.339305539677,0.577333039588912,0,8089.14838094834,0
1475,109.361843925548,0.577350738886591,0,8094.63620574272,0
1476,109.384372957048,0.577368546726667,0,8100.12403197563,0
1477,109.406892566462,0.577386461529376,0,8105.61185964601,0
1478,109.429402687441,0.577404481737315,0,8111.09968875281,0
1479,109.45190325497,0.577422605815103,0,8116.58751929495,0
1480,109.474394205343,0.577440832249047,0,8122.07535127138,0
1481,109.496875476142,0.577459159546809,0,8127.56318468104,0
1482,109.519347006207,0.577477586237089,0,8133.05101952287,0
1483,109.541808735615,0.5774961108693,0,8138.53885579582,0
1484,109.564260605656,0.577514732013257,0,8144.02669349882,0
1485,109.586702558809,0.577533448258872,0,8149.51453263082,0
1486,109.609134538721,0.577552258215844,0,8155.00237319077,0
1487,109.631556490181,0.577571160513366,0,8160.49021517761,0
1488,109.653968359102,0.577590153799829,0,8165.97805859028,0
1489,109.676370092499,0.577609236742533,0,8171.46590342774,0
1490,109.698761638466,0.577628408027403,0,8176.95374968893,0
1491,109.721142946157,0.577647666358708,0,8182.4415973728,0
1492,109.743513965766,0.577667010458785,0,8187.92944647831,0
1493,109.765874648504,0.577686439067773,0,8193.41729700439,0
1494,109.788224946586,0.577705950943339,0,8198.90514895,0
1495,109.810564813205,0.577725544860418,0,8204.3930023141,0
1496,109.832894202519,0.57774521961096,0,8209.88085709563,0
1497,109.855213069627,0.577764974003667,0,8215.36871329356,0
1498,109.877521370559,0.577784806863751,0,8220.85657090683,0
1499,109.899819062249,0.577804717032678,0,8226.3444299344,0
1500,109.922106102526,0.577824703367939,0,8231.83229037522,0
1501,109.944382450092,0.577844764742797,0,8237.32015222826,0
1502,109.966648064506,0.577864900046063,0,8242.80801549246,0
1503,109.988902906171,0.577885108181862,0,8248.2958801668,0
1504,110.011146936314,0.577905388069402,0,8253.78374625022,0
1505,110.033380116974,0.577925738642758,0,8259.27161374169,0
1506,110.055602410984,0.57794615885064,0,8264.75948264017,0
1507,110.077813781956,0.57796664765619,0,8270.24735294462,0
1508,110.100014194268,0.577987204036757,0,8275.73522465399,0
1509,110.12220361305,0.578007826983696,0,8281.22309776727,0
1510,110.144382004166,0.578028515502153,0,8286.7109722834,0
1511,110.166549334205,0.57804926861087,0,8292.19884820136,0
1512,110.188705570464,0.578070085341978,0,8297.68672552011,0
1513,110.210850680936,0.578090964740801,0,8303.17460423861,0
1514,110.232984634296,0.578111905865669,0,8308.66248435583,0
1515,110.25510739989,0.578132907787715,0,8314.15036587074,0
1516,110.27721894772,0.578153969590699,0,8319.63824878231,0
1517,110.299319248434,0.578175090370812,0,8325.12613308951,0
1518,110.321408273312,0.578196269236507,0,8330.61401879131,0
1519,110.343485994256,0.578217505308305,0,8336.10190588668,0
1520,110.365552383775,0.578238797718628,0,8341.58979437459,0
1521,110.387607414979,0.578260145611624,0,8347.07768425401,0
1522,110.409651061563,0.578281548142994,0,8352.56557552392,0
1523,110.431683297796,0.578303004479826,0,8358.05346818329,0
1524,110.453704098515,0.578324513800424,0,8363.5413622311,0
1525,110.47571343911,0.578346075294154,0,8369.02925766632,0
1526,110.497711295515,0.578367688161271,0,8374.51715448792,0
1527,110.519697644197,0.578389351612777,0,8380.0050526949,0
1528,110.54167246215,0.578411064870247,0,8385.49295228621,0
1529,110.563635726878,0.57843282716569,0,8390.98085326085,0
1530,110.585587416393,0.578454637741393,0,8396.46875561779,0
1531,110.6075275092,0.578476495849771,0,8401.95665935601,0
1532,110.629455984291,0.578498400753221,0,8407.4445644745,0
1533,110.651372821135,0.578520351723982,0,8412.93247097223,0
1534,110.673277999667,0.578542348043989,0,8418.42037884819,0
1535,110.695171500285,0.578564389004735,0,8423.90828810136,0
1536,110.717053303836,0.578586473907133,0,8429.39619873072,0
1537,110.738923391608,0.57860860206138,0,8434.88411073526,0
1538,110.760781745325,0.578630772786829,0,8440.37202411398,0
1539,110.782628347137,0.578652985411847,0,8445.85993886584,0
1540,110.804463179613,0.578675239273697,0,8451.34785498985,0
1541,110.826286225731,0.578697533718406,0,8456.83577248498,0
1542,110.848097468874,0.578719868100639,0,8462.32369135023,0
1543,110.869896892818,0.578742241783576,0,8467.81161158459,0
1544,110.891684481729,0.578764654138791,0,8473.29953318705,0
1545,110.913460220154,0.578787104546136,0,8478.78745615659,0
1546,110.935224093013,0.578809592393614,0,8484.27538049221,0
1547,110.956976085596,0.578832117077274,0,8489.76330619291,0
1548,110.978716183549,0.578854678001088,0,8495.25123325767,0
1549,111.000444372876,0.578877274576847,0,8500.7391616855,0
1550,111.022160639925,0.57889990622404,0,8506.22709147538,0
1551,111.043864971386,0.578922572369753,0,8511.71502262631,0
1552,111.065557354285,0.578945272448559,0,8517.20295513729,0
1553,111.087237775975,0.578968005902413,0,8522.69088900731,0
1554,111.108906224132,0.578990772180547,0,8528.17882423538,0
1555,111.130562686747,0.579013570739364,0,8533.6667608205,0
1556,111.152207152123,0.579036401042346,0,8539.15469876164,0
1557,111.17383960887,0.579059262559945,0,8544.64263805784,0
1558,111.195460045893,0.579082154769492,0,8550.13057870808,0
1559,111.217068452394,0.579105077155095,0,8555.61852071136,0
1560,111.238664817864,0.579128029207548,0,8561.10646406669,0
1561,111.260249132076,0.579151010424235,0,8566.59440877307,0
1562,111.281821385079,0.579174020309039,0,8572.08235482951,0
1563,111.3033815672,0.579197058372253,0,8577.57030223501,0
1564,111.324929669031,0.579220124130483,0,8583.05825098857,0
1565,111.346465681427,0.579243217106572,0,8588.54620108921,0
1566,111.367989595503,0.579266336829501,0,8594.03415253592,0
1567,111.389501402625,0.579289482834314,0,8599.52210532772,0
1568,111.411001094412,0.579312654662023,0,8605.01005946362,0
1569,111.432488662724,0.579335851859537,0,8610.49801494263,0
1570,111.453964099662,0.579359073979569,0,8615.98597176375,0
1571,111.475427397564,0.579382320580564,0,8621.47392992599,0
1572,111.496878548999,0.579405591226618,0,8626.96188942838,0
1573,111.518317546762,0.579428885487393,0,8632.44985026991,0
1574,111.539744383873,0.579452202938051,0,8637.93781244961,0
1575,111.561159053569,0.579475543159167,0,8643.42577596649,0
1576,111.582561549304,0.579498905736667,0,8648.91374081956,0
1577,111.603951864742,0.579522290261741,0,8654.40170700784,0
1578,111.625329993756,0.579545696330783,0,8659.88967453034,0
1579,111.64669593042,0.579569123545308,0,8665.37764338608,0
1580,111.66804966901,0.579592571511891,0,8670.86561357409,0
1581,111.689391203999,0.579616039842095,0,8676.35358509337,0
1582,111.71072053005,0.579639528152397,0,8681.84155794294,0
1583,111.732037642018,0.579663036064133,0,8687.32953212183,0
1584,111.753342534943,0.579686563203415,0,8692.81750762906,0
1585,111.774635204048,0.579710109201086,0,8698.30548446365,0
1586,111.795915644735,0.579733673692635,0,8703.79346262462,0
1587,111.81718385258,0.57975725631815,0,8709.28144211099,0
1588,111.838439823337,0.579780856722247,0,8714.76942292179,0
1589,111.859683552924,0.579804474554009,0,8720.25740505604,0
1590,111.88091503743,0.579828109466931,0,8725.74538851277,0
1591,111.902134273106,0.57985176111885,0,8731.233373291,0
1592,111.923341256363,0.579875429171901,0,8736.72135938976,0
1593,111.944535983772,0.579899113292442,0,8742.20934680807,0
1594,111.965718452059,0.579922813151011,0,8747.69733554497,0
1595,111.986888658099,0.579946528422261,0,8753.18532559948,0
1596,112.008046598921,0.579970258784911,0,8758.67331697064,0
1597,112.029192271698,0.579994003921683,0,8764.16130965747,0
1598,112.050325673749,0.580017763519257,0,8769.649303659,0
1599,112.071446802534,0.580041537268214,0,8775.13729897427,0
1600,112.092555655651,0.580065324862981,0,8780.62529560231,0
1601,112.113652230837,0.580089126001785,0,8786.11329354214,0
1602,112.134736525961,0.580112940386597,0,8791.60129279282,0
1603,112.155808539026,0.580136767723088,0,8797.08929335336,0
1604,112.176868268164,0.58016060772057,0,8802.57729522281,0
1605,112.197915711633,0.580184460091959,0,8808.0652984002,0
1606,112.218950867817,0.58020832455372,0,8813.55330288457,0
1607,112.239973735222,0.58023220082582,0,8819.04130867496,0
1608,112.260984312475,0.580256088631683,0,8824.5293157704,0
1609,112.281982598322,0.580279987698145,0,8830.01732416993,0
1610,112.302968591625,0.580303897755407,0,8835.5053338726,0
1611,112.323942291359,0.58032781853699,0,8840.99334487744,0
1612,112.344903696613,0.580351749779696,0,8846.4813571835,0
1613,112.365852806584,0.580375691223554,0,8851.96937078982,0
1614,112.38678962058,0.580399642611791,0,8857.45738569543,0
1615,112.407714138014,0.580423603690781,0,8862.94540189939,0
1616,112.428626358403,0.580447574210005,0,8868.43341940074,0
1617,112.449526281366,0.58047155392201,0,8873.92143819851,0
1618,112.470413906627,0.580495542582372,0,8879.40945829177,0
1619,112.491289234002,0.580519539949653,0,8884.89747967955,0
1620,112.512152263411,0.58054354578536,0,8890.3855023609,0
1621,112.533002994866,0.580567559853917,0,8895.87352633488,0
1622,112.553841428473,0.58059158192261,0,8901.36155160052,0
1623,112.574667564432,0.580615611761565,0,8906.84957815687,0
1624,112.59548140303,0.5806396491437,0,8912.337606003,0
1625,112.616282944648,0.580663693844697,0,8917.82563513794,0
1626,112.63707218975,0.580687745642963,0,8923.31366556075,0
1627,112.657849138889,0.58071180431959,0,8928.80169727048,0
1628,112.6786137927,0.580735869658329,0,8934.28973026619,0
1629,112.699366151902,0.580759941445545,0,8939.77776454693,0
1630,112.720106217295,0.580784019470196,0,8945.26580011174,0
1631,112.74083398976,0.580808103523785,0,8950.75383695969,0
1632,112.761549470256,0.580832193400341,0,8956.24187508984,0
1633,112.782252659818,0.580856288896374,0,8961.72991450123,0
1634,112.802943559558,0.580880389810853,0,8967.21795519293,0
1635,112.823622170664,0.580904495945169,0,8972.705997164,0
1636,112.844288494394,0.580928607103104,0,8978.19404041348,0
1637,112.864942532079,0.580952723090804,0,8983.68208494045,0
1638,112.885584285124,0.580976843716742,0,8989.17013074396,0
1639,112.906213754998,0.581000968791697,0,8994.65817782307,0
1640,112.926830943241,0.581025098128716,0,9000.14622617684,0
1641,112.947435851461,0.581049231543091,0,9005.63427580435,0
1642,112.96802848133,0.581073368852327,0,9011.12232670464,0
1643,112.988608834585,0.581097509876115,0,9016.61037887678,0
1644,113.009176913028,0.581121654436304,0,9022.09843231984,0
1645,113.029732718522,0.581145802356874,0,9027.58648703288,0
1646,113.05027625299,0.581169953463909,0,9033.07454301496,0
1647,113.070807518419,0.581194107585567,0,9038.56260026517,0
1648,113.091326516853,0.581218264552062,0,9044.05065878255,0
1649,113.111833250393,0.581242424195624,0,9049.53871856618,0
1650,113.132327721199,0.581266586350491,0,9055.02677961512,0
1651,113.152809931488,0.581290750852869,0,9060.51484192846,0
1652,113.173279883529,0.581314917540914,0,9066.00290550524,0
1653,113.193737579648,0.581339086254707,0,9071.49097034455,0
1654,113.214183022224,0.581363256836228,0,9076.97903644547,0
1655,113.234616213687,0.581387429129335,0,9082.46710380705,0
1656,113.255037156519,0.581411602979735,0,9087.95517242837,0
1657,113.275445853254,0.581435778234969,0,9093.44324230851,0
1658,113.295842306473,0.581459954744377,0,9098.93131344654,0
1659,113.316226518807,0.581484132359093,0,9104.41938584153,0
1660,113.336598492937,0.581508310932002,0,9109.90745949257,0
1661,113.356958231587,0.581532490317736,0,9115.39553439872,0
1662,113.377305737532,0.581556670372642,0,9120.88361055906,0
1663,113.397641013588,0.581580850954762,0,9126.37168797268,0
1664,113.417964062618,0.581605031923817,0,9131.85976663864,0
1665,113.43827488753,0.581629213141176,0,9137.34784655603,0
1666,113.458573491273,0.581653394469851,0,9142.83592772393,0
1667,113.478859876839,0.581677575774459,0,9148.32401014142,0
1668,113.499134047262,0.581701756921217,0,9153.81209380758,0
1669,113.519396005617,0.58172593777791,0,9159.30017872149,0
1670,113.539645755018,0.581750118213884,0,9164.78826488223,0
1671,113.559883298622,0.581774298100015,0,9170.27635228889,0
1672,113.58010863962,0.581798477308697,0,9175.76444094055,0
1673,113.600321781245,0.581822655713824,0,9181.25253083629,0
1674,113.620522726765,0.581846833190766,0,9186.74062197521,0
1675,113.640711479488,0.581871009616358,0,9192.22871435638,0
1676,113.660888042754,0.581895184868871,0,9197.7168079789,0
1677,113.681052419941,0.581919358828011,0,9203.20490284184,0
1678,113.701204614462,0.581943531374885,0,9208.69299894431,0
1679,113.721344629766,0.581967702391992,0,9214.18109628538,0
1680,113.74147246933,0.58199187176321,0,9219.66919486415,0
1681,113.761588136672,0.582016039373766,0,9225.1572946797,0
1682,113.781691635336,0.582040205110234,0,9230.64539573113,0
1683,113.801782968901,0.582064368860507,0,9236.13349801753,0
1684,113.821862140978,0.582088530513794,0,9241.62160153799,0
1685,113.841929155208,0.582112689960586,0,9247.10970629161,0
1686,113.861984015261,0.58213684709266,0,9252.59781227747,0
1687,113.88202672484,0.582161001803047,0,9258.08591949467,0
1688,113.902057287674,0.582185153986028,0,9263.57402794231,0
1689,113.922075707524,0.582209303537114,0,9269.06213761948,0
1690,113.942081988178,0.582233450353029,0,9274.55024852528,0
1691,113.96207613345,0.582257594331705,0,9280.0383606588,0
1692,113.982058147184,0.582281735372252,0,9285.52647401915,0
1693,114.00202803325,0.582305873374961,0,9291.01458860541,0
1694,114.021985795544,0.582330008241274,0,9296.5027044167,0
1695,114.041931437988,0.582354139873783,0,9301.99082145211,0
1696,114.061864964531,0.582378268176209,0,9307.47893971073,0
1697,114.081786379145,0.582402393053389,0,9312.96705919168,0
1698,114.101695685827,0.582426514411265,0,9318.45517989405,0
1699,114.121592888599,0.582450632156868,0,9323.94330181694,0
1700,114.141477991506,0.582474746198312,0,9329.43142495947,0
1701,114.161350998619,0.582498856444768,0,9334.91954932072,0
1702,114.181211914027,0.582522962806466,0,9340.40767489981,0
1703,114.201060741845,0.58254706519467,0,9345.89580169584,0
1704,114.220897486211,0.582571163521676,0,9351.38392970792,0
1705,114.240722151281,0.582595257700791,0,9356.87205893515,0
1706,114.260534741237,0.582619347646329,0,9362.36018937664,0
1707,114.280335260277,0.582643433273591,0,9367.8483210315,0
1708,114.300123712625,0.582667514498861,0,9373.33645389884,0
1709,114.319900102521,0.58269159123939,0,9378.82458797776,0
1710,114.339664434227,0.582715663413381,0,9384.31272326737,0
1711,114.359416712024,0.582739730939989,0,9389.8008597668,0
1712,114.379156940213,0.582763793739299,0,9395.28899747514,0
1713,114.398885123113,0.58278785173232,0,9400.77713639151,0
1714,114.418601265062,0.582811904840972,0,9406.26527651502,0
1715,114.438305370415,0.582835952988076,0,9411.75341784478,0
1716,114.457997443548,0.582859996097349,0,9417.24156037991,0
1717,114.477677488852,0.582884034093381,0,9422.72970411953,0
1718,114.497345510736,0.582908066901639,0,9428.21784906275,0
1719,114.517001513626,0.582932094448442,0,9433.70599520867,0
1720,114.536645501965,0.582956116660967,0,9439.19414255643,0
1721,114.556277480212,0.582980133467226,0,9444.68229110514,0
1722,114.575897452843,0.583004144796064,0,9450.17044085391,0
1723,114.595505424349,0.583028150577144,0,9455.65859180187,0
1724,114.615101399237,0.583052150740941,0,9461.14674394812,0
1725,114.634685382028,0.583076145218734,0,9466.6348972918,0
1726,114.65425737726,0.583100133942588,0,9472.12305183202,0
1727,114.673817389486,0.583124116845359,0,9477.61120756791,0
1728,114.69336542327,0.58314809386067,0,9483.09936449859,0
1729,114.712901483195,0.583172064922915,0,9488.58752262317,0
1730,114.732425573854,0.583196029967239,0,9494.07568194079,0
1731,114.751937699857,0.583219988929539,0,9499.56384245055,0
1732,114.771437865825,0.583243941746447,0,9505.0520041516,0
1733,114.790926076393,0.583267888355328,0,9510.54016704306,0
1734,114.81040233621,0.583291828694268,0,9516.02833112404,0
1735,114.829866649937,0.583315762702066,0,9521.51649639368,0
1736,114.849319022247,0.583339690318229,0,9527.00466285111,0
1737,114.868759457827,0.583363611482958,0,9532.49283049545,0
1738,114.888187961375,0.583387526137146,0,9537.98099932583,0
1739,114.9076045376,0.583411434222367,0,9543.46916934138,0
1740,114.927009191225,0.583435335680866,0,9548.95734054122,0
1741,114.946401926983,0.583459230455558,0,9554.4455129245,0
1742,114.965782749619,0.583483118490014,0,9559.93368649034,0
1743,114.985151663888,0.583506999728458,0,9565.42186123787,0
1744,115.004508674558,0.583530874115754,0,9570.91003716623,0
1745,115.023853786404,0.583554741597406,0,9576.39821427454,0
1746,115.043187004216,0.583578602119543,0,9581.88639256194,0
1747,115.062508332792,0.58360245562892,0,9587.37457202757,0
1748,115.081817776939,0.583626302072905,0,9592.86275267056,0
1749,115.101115341477,0.583650141399471,0,9598.35093449004,0
1750,115.120401031232,0.583673973557198,0,9603.83911748516,0
1751,115.139674851044,0.583697798495254,0,9609.32730165505,0
1752,115.158936805759,0.583721616163398,0,9614.81548699884,0
1753,115.178186900233,0.583745426511968,0,9620.30367351568,0
1754,115.197425139333,0.583769229491879,0,9625.7918612047,0
1755,115.216651527932,0.58379302505461,0,9631.28005006505,0
1756,115.235866070914,0.583816813152203,0,9636.76824009586,0
1757,115.25506877317,0.583840593737256,0,9642.25643129627,0
1758,115.274259639601,0.583864366762914,0,9647.74462366543,0
1759,115.293438675116,0.583888132182869,0,9653.23281720247,0
1760,115.312605884631,0.583911889951342,0,9658.72101190655,0
1761,115.331761273071,0.583935640023093,0,9664.2092077768,0
1762,115.350904845369,0.5839593823534,0,9669.69740481237,0
1763,115.370036606466,0.583983116898063,0,9675.1856030124,0
1764,115.389156561308,0.584006843613394,0,9680.67380237603,0
1765,115.408264714852,0.584030562456214,0,9686.16200290243,0
1766,115.42736107206,0.584054273383845,0,9691.65020459072,0
1767,115.446445637902,0.584077976354101,0,9697.13840744006,0
1768,115.465518417355,0.584101671325294,0,9702.62661144959,0
1769,115.484579415404,0.584125358256213,0,9708.11481661847,0
1770,115.503628637037,0.584149037106135,0,9713.60302294584,0
1771,115.522666087254,0.584172707834805,0,9719.09123043086,0
1772,115.541691771057,0.584196370402438,0,9724.57943907267,0
1773,115.560705693458,0.584220024769716,0,9730.06764887042,0
1774,115.579707859471,0.584243670897778,0,9735.55585982327,0
1775,115.598698274121,0.584267308748217,0,9741.04407193037,0
1776,115.617676942436,0.584290938283072,0,9746.53228519087,0
1777,115.636643869451,0.584314559464832,0,9752.02049960392,0
1778,115.655599060206,0.584338172256418,0,9757.50871516868,0
1779,115.674542519747,0.584361776621191,0,9762.99693188431,0
1780,115.693474253127,0.584385372522936,0,9768.48514974996,0
1781,115.712394265404,0.584408959925866,0,9773.97336876478,0
1782,115.731302561639,0.584432538794613,0,9779.46158892794,0
1783,115.750199146902,0.584456109094224,0,9784.94981023858,0
1784,115.769084026266,0.58447967079016,0,9790.43803269588,0
1785,115.787957204808,0.58450322384828,0,9795.92625629898,0
1786,115.806818687614,0.584526768234856,0,9801.41448104705,0
1787,115.825668479771,0.584550303916547,0,9806.90270693924,0
1788,115.844506586373,0.584573830860412,0,9812.39093397472,0
1789,115.863333012517,0.584597349033896,0,9817.87916215265,0
1790,115.882147763307,0.584620858404828,0,9823.36739147219,0
1791,115.90095084385,0.584644358941422,0,9828.85562193251,0
1792,115.919742259258,0.58466785061226,0,9834.34385353275,0
1793,115.938522014647,0.584691333386305,0,9839.8320862721,0
1794,115.957290115136,0.584714807232881,0,9845.32032014971,0
1795,115.976046565852,0.58473827212168,0,9850.80855516475,0
1796,115.994791371923,0.584761728022754,0,9856.29679131638,0
1797,116.013524538482,0.58478517490651,0,9861.78502860378,0
1798,116.032246070665,0.584808612743709,0,9867.2732670261,0
1799,116.050955973614,0.584832041505457,0,9872.76150658252,0
1800,116.069654252473,0.584855461163211,0,9878.2497472722,0
1801,116.088340912391,0.584878871688762,0,9883.73798909431,0
1802,116.107015958519,0.584902273054244,0,9889.22623204803,0
1803,116.125679396013,0.584925665232122,0,9894.71447613251,0
1804,116.144331230033,0.584949048195193,0,9900.20272134694,0
1805,116.162971465742,0.584972421916578,0,9905.69096769048,0
1806,116.181600108304,0.584995786369724,0,9911.17921516231,0
1807,116.20021716289,0.585019141528396,0,9916.66746376159,0
1808,116.218822634673,0.585042487366675,0,9922.15571348751,0
1809,116.237416528828,0.585065823858958,0,9927.64396433923,0
1810,116.255998850535,0.585089150979946,0,9933.13221631592,0
1811,116.274569604974,0.585112468704651,0,9938.62046941678,0
1812,116.293128797333,0.585135777008385,0,9944.10872364096,0
1813,116.311676432798,0.585159075866763,0,9949.59697898765,0
1814,116.330212516561,0.585182365255691,0,9955.08523545602,0
1815,116.348737053815,0.585205645151374,0,9960.57349304525,0
1816,116.367250049757,0.585228915530304,0,9966.06175175452,0
1817,116.385751509586,0.58525217636926,0,9971.550011583,0
1818,116.404241438505,0.585275427645308,0,9977.03827252989,0
1819,116.422719841717,0.58529866933579,0,9982.52653459435,0
1820,116.441186724431,0.585321901418332,0,9988.01479777556,0
1821,116.459642091855,0.585345123870829,0,9993.50306207271,0
1822,116.478085949201,0.585368336671453,0,9998.99132748499,0
1823,116.496518301685,0.585391539798643,0,10004.4795940116,0
1824,116.514939154523,0.585414733231104,0,10009.9678616516,0
1825,116.533348512933,0.585437916947807,0,10015.4561304044,0
1826,116.551746382139,0.58546109092798,0,10020.9444002689,0
1827,116.570132767362,0.585484255151113,0,10026.4326712446,0
1828,116.588507673829,0.585507409596949,0,10031.9209433304,0
1829,116.606871106767,0.585530554245483,0,10037.4092165257,0
1830,116.625223071407,0.585553689076963,0,10042.8974908295,0
1831,116.643563572981,0.58557681407188,0,10048.3857662411,0
1832,116.661892616722,0.585599929210975,0,10053.8740427597,0
1833,116.680210207866,0.585623034475226,0,10059.3623203845,0
1834,116.698516351651,0.585646129845854,0,10064.8505991146,0
1835,116.716811053316,0.585669215304315,0,10070.3388789493,0
1836,116.735094318104,0.585692290832301,0,10075.8271598876,0
1837,116.753366151256,0.585715356411736,0,10081.3154419289,0
1838,116.771626558019,0.585738412024772,0,10086.8037250724,0
1839,116.789875543638,0.585761457653791,0,10092.2920093171,0
1840,116.808113113362,0.585784493281397,0,10097.7802946623,0
1841,116.826339272441,0.585807518890419,0,10103.2685811072,0
1842,116.844554026126,0.585830534463905,0,10108.756868651,0
1843,116.86275737967,0.585853539985122,0,10114.2451572928,0
1844,116.880949338328,0.585876535437549,0,10119.733447032,0
1845,116.899129907356,0.585899520804884,0,10125.2217378676,0
1846,116.91729909201,0.585922496071031,0,10130.7100297989,0
1847,116.935456897551,0.585945461220107,0,10136.198322825,0
1848,116.953603329237,0.585968416236433,0,10141.6866169452,0
1849,116.971738392332,0.585991361104535,0,10147.1749121586,0
1850,116.989862092097,0.586014295809144,0,10152.6632084645,0
1851,117.007974433796,0.586037220335188,0,10158.1515058621,0
1852,117.026075422696,0.586060134667795,0,10163.6398043505,0
1853,117.044165064062,0.586083038792289,0,10169.128103929,0
1854,117.062243363163,0.586105932694188,0,10174.6164045968,0
1855,117.080310325267,0.586128816359204,0,10180.104706353,0
1856,117.098365955645,0.586151689773234,0,10185.5930091968,0
1857,117.116410259567,0.586174552922372,0,10191.0813131276,0
1858,117.134443242307,0.586197405792888,0,10196.5696181444,0
1859,117.152464909137,0.586220248371245,0,10202.0579242464,0
1860,117.170475265331,0.586243080644083,0,10207.546231433,0
1861,117.188474316165,0.586265902598226,0,10213.0345397032,0
1862,117.206462066916,0.586288714220674,0,10218.5228490563,0
1863,117.22443852286,0.586311515498605,0,10224.0111594916,0
1864,117.242403689276,0.586334306419373,0,10229.4994710081,0
1865,117.260357571443,0.586357086970503,0,10234.9877836051,0
1866,117.27830017464,0.586379857139694,0,10240.4760972819,0
1867,117.296231504149,0.586402616914812,0,10245.9644120376,0
1868,117.314151565251,0.586425366283894,0,10251.4527278714,0
1869,117.332060363229,0.58644810523514,0,10256.9410447826,0
1870,117.349957903366,0.586470833756917,0,10262.4293627703,0
1871,117.367844190946,0.586493551837754,0,10267.9176818338,0
1872,117.385719231253,0.586516259466338,0,10273.4060019723,0
1873,117.403583029573,0.586538956631523,0,10278.8943231849,0
1874,117.421435591192,0.586561643322313,0,10284.382645471,0
1875,117.439276921398,0.586584319527872,0,10289.8709688297,0
1876,117.457107025476,0.586606985237519,0,10295.3592932603,0
1877,117.474925908717,0.586629640440724,0,10300.8476187619,0
1878,117.492733576407,0.586652285127111,0,10306.3359453337,0
1879,117.510530033837,0.58667491928645,0,10311.8242729751,0
1880,117.528315286297,0.586697542908665,0,10317.3126016851,0
1881,117.546089339076,0.586720155983821,0,10322.800931463,0
1882,117.563852197467,0.586742758502133,0,10328.2892623081,0
1883,117.58160386676,0.586765350453957,0,10333.7775942196,0
1884,117.599344352248,0.586787931829793,0,10339.2659271966,0
1885,117.617073659224,0.586810502620281,0,10344.7542612384,0
1886,117.634791792979,0.5868330628162,0,10350.2425963442,0
1887,117.652498758808,0.58685561240847,0,10355.7309325132,0
1888,117.670194562005,0.586878151388144,0,10361.2192697447,0
1889,117.687879207865,0.586900679746413,0,10366.7076080379,0
1890,117.705552701681,0.586923197474601,0,10372.195947392,0
1891,117.723215048749,0.586945704564163,0,10377.6842878062,0
1892,117.740866254365,0.586968201006688,0,10383.1726292797,0
1893,117.758506323825,0.586990686793894,0,10388.6609718118,0
1894,117.776135262425,0.587013161917626,0,10394.1493154017,0
1895,117.793753075462,0.587035626369858,0,10399.6376600486,0
1896,117.811359768232,0.587058080142689,0,10405.1260057518,0
1897,117.828955346034,0.587080523228344,0,10410.6143525104,0
1898,117.846539814164,0.58710295561917,0,10416.1027003237,0
1899,117.86411317792,0.587125377307636,0,10421.591049191,0
1900,117.881675442602,0.587147788286333,0,10427.0793991114,0
1901,117.899226613506,0.587170188547972,0,10432.5677500841,0
1902,117.916766695933,0.58719257808538,0,10438.0561021085,0
1903,117.93429569518,0.587214956891507,0,10443.5444551838,0
1904,117.951813616548,0.587237324959411,0,10449.0328093091,0
1905,117.969320465335,0.587259682282271,0,10454.5211644837,0
1906,117.986816246841,0.587282028853377,0,10460.0095207069,0
1907,118.004300966366,0.587304364666135,0,10465.4978779778,0
1908,118.02177462921,0.587326689714058,0,10470.9862362957,0
1909,118.039237240673,0.587349003990771,0,10476.4745956598,0
1910,118.056688806055,0.587371307490011,0,10481.9629560695,0
1911,118.074129330657,0.587393600205618,0,10487.4513175238,0
1912,118.091558819779,0.587415882131545,0,10492.9396800221,0
1913,118.108977278723,0.587438153261845,0,10498.4280435635,0
1914,118.126384712788,0.58746041359068,0,10503.9164081473,0
1915,118.143781127277,0.587482663112315,0,10509.4047737728,0
1916,118.16116652749,0.587504901821117,0,10514.8931404392,0
1917,118.178540918728,0.587527129711556,0,10520.3815081457,0
1918,118.195904306293,0.587549346778201,0,10525.8698768916,0
1919,118.213256695485,0.587571553015722,0,10531.358246676,0
1920,118.230598091608,0.587593748418887,0,10536.8466174983,0
1921,118.247928499961,0.587615932982563,0,10542.3349893577,0
1922,118.265247925846,0.587638106701712,0,10547.8233622534,0
1923,118.282556374565,0.587660269571393,0,10553.3117361847,0
1924,118.29985385142,0.587682421586762,0,10558.8001111507,0
1925,118.317140361712,0.587704562743061,0,10564.2884871509,0
1926,118.334415910743,0.587726693035636,0,10569.7768641843,0
1927,118.351680503815,0.587748812459915,0,10575.2652422502,0
1928,118.368934146228,0.587770921011424,0,10580.7536213479,0
1929,118.386176843286,0.587793018685776,0,10586.2420014767,0
1930,118.403408600289,0.587815105478672,0,10591.7303826357,0
1931,118.420629422539,0.587837181385906,0,10597.2187648242,0
1932,118.437839315338,0.587859246403355,0,10602.7071480415,0
1933,118.455038283987,0.587881300526984,0,10608.1955322868,0
1934,118.472226333788,0.587903343752844,0,10613.6839175593,0
1935,118.489403470043,0.587925376077072,0,10619.1723038584,0
1936,118.506569698052,0.587947397495886,0,10624.6606911832,0
1937,118.523725023118,0.58796940800559,0,10630.149079533,0
1938,118.540869450541,0.587991407602569,0,10635.6374689071,0
1939,118.558002985623,0.588013396283289,0,10641.1258593046,0
1940,118.575125633665,0.5880353740443,0,10646.6142507249,0
1941,118.592237399967,0.588057340882226,0,10652.1026431672,0
1942,118.609338289832,0.588079296793777,0,10657.5910366308,0
1943,118.62642830856,0.588101241775735,0,10663.0794311149,0
1944,118.643507461452,0.588123175824964,0,10668.5678266188,0
1945,118.660575753808,0.588145098938402,0,10674.0562231416,0
1946,118.677633190929,0.588167011113063,0,10679.5446206828,0
1947,118.694679778116,0.58818891234604,0,10685.0330192414,0
1948,118.711715520668,0.588210802634496,0,10690.5214188169,0
1949,118.728740423887,0.58823268197567,0,10696.0098194084,0
1950,118.745754493072,0.588254550366872,0,10701.4982210151,0
1951,118.762757733523,0.588276407805488,0,10706.9866236365,0
1952,118.77975015054,0.588298254288971,0,10712.4750272716,0
1953,118.796731749422,0.588320089814847,0,10717.9634319198,0
1954,118.81370253547,0.588341914380714,0,10723.4518375803,0
1955,118.830662513982,0.588363727984235,0,10728.9402442525,0
1956,118.847611690258,0.588385530623147,0,10734.4286519354,0
1957,118.864550069597,0.588407322295248,0,10739.9170606285,0
1958,118.881477657297,0.588429102998412,0,10745.4054703309,0
1959,118.898394458658,0.588450872730573,0,10750.893881042,0
1960,118.915300478977,0.588472631489733,0,10756.382292761,0
1961,118.932195723554,0.58849437927396,0,10761.8707054871,0
1962,118.949080197685,0.588516116081386,0,10767.3591192196,0
1963,118.96595390667,0.588537841910208,0,10772.8475339578,0
1964,118.982816855806,0.588559556758685,0,10778.335949701,0
1965,118.999669050391,0.588581260625139,0,10783.8243664483,0
1966,119.016510495721,0.588602953507956,0,10789.3127841992,0
1967,119.033341197095,0.588624635405581,0,10794.8012029527,0
1968,119.050161159808,0.588646306316521,0,10800.2896227083,0
1969,119.066970389158,0.588667966239343,0,10805.7780434652,0
1970,119.083768890441,0.588689615172676,0,10811.2664652226,0
1971,119.100556668954,0.588711253115203,0,10816.7548879798,0
1972,119.117333729992,0.588732880065672,0,10822.2433117361,0
1973,119.134100078852,0.588754496022882,0,10827.7317364907,0
1974,119.150855720828,0.588776100985696,0,10833.220162243,0
1975,119.167600661217,0.588797694953029,0,10838.7085889921,0
1976,119.184334905313,0.588819277923854,0,10844.1970167375,0
1977,119.201058458411,0.588840849897201,0,10849.6854454782,0
1978,119.217771325807,0.58886241087215,0,10855.1738752136,0
1979,119.234473512793,0.588883960847843,0,10860.6623059431,0
1980,119.251165024665,0.58890549982347,0,10866.1507376657,0
1981,119.267845866716,0.588927027798277,0,10871.6391703809,0
1982,119.28451604424,0.588948544771562,0,10877.1276040879,0
1983,119.30117556253,0.588970050742677,0,10882.616038786,0
1984,119.317824426879,0.588991545711024,0,10888.1044744744,0
1985,119.33446264258,0.589013029676056,0,10893.5929111524,0
1986,119.351090214926,0.589034502637281,0,10899.0813488193,0
1987,119.367707149209,0.58905596459425,0,10904.5697874744,0
1988,119.384313450721,0.589077415546571,0,10910.058227117,0
1989,119.400909124753,0.589098855493898,0,10915.5466677463,0
1990,119.417494176597,0.589120284435932,0,10921.0351093615,0
1991,119.434068611544,0.589141702372427,0,10926.5235519621,0
1992,119.450632434885,0.589163109303181,0,10932.0119955473,0
1993,119.46718565191,0.589184505228042,0,10937.5004401163,0
1994,119.48372826791,0.589205890146902,0,10942.9888856684,0
1995,119.500260288175,0.589227264059701,0,10948.4773322029,0
1996,119.516781717994,0.589248626966426,0,10953.9657797192,0
1997,119.533292562657,0.589269978867108,0,10959.4542282164,0
1998,119.549792827453,0.589291319761823,0,10964.9426776938,0
1999,119.56628251767,0.589312649650692,0,10970.4311281508,0
2000,119.582761638597,0.589333968533882,0,10975.9195795866,0
2001,119.599230195522,0.5893552764116,0,10981.4080320005,0
2002,119.615688193732,0.589376573284099,0,10986.8964853919,0
2003,119.632135638516,0.589397859151672,0,10992.3849397599,0
2004,119.648572535161,0.58941913401466,0,10997.8733951038,0
2005,119.664998888952,0.589440397873439,0,11003.361851423,0
2006,119.681414705177,0.589461650728431,0,11008.8503087168,0
2007,119.697819989123,0.589482892580099,0,11014.3387669844,0
2008,119.714214746074,0.589504123428944,0,11019.8272262251,0
2009,119.730598981316,0.58952534327551,0,11025.3156864382,0
2010,119.746972700134,0.589546552120379,0,11030.8041476229,0
2011,119.763335907814,0.589567749964174,0,11036.2926097787,0
2012,119.77968860964,0.589588936807557,0,11041.7810729047,0
2013,119.796030810895,0.589610112651227,0,11047.2695370003,0
2014,119.812362516864,0.589631277495923,0,11052.7580020648,0
2015,119.82868373283,0.58965243134242,0,11058.2464680974,0
2016,119.844994464076,0.589673574191535,0,11063.7349350974,0
2017,119.861294715886,0.589694706044115,0,11069.2234030642,0
2018,119.87758449354,0.589715826901051,0,11074.711871997,0
2019,119.893863802322,0.589736936763266,0,11080.2003418951,0
2020,119.910132647513,0.58975803563172,0,11085.6888127578,0
2021,119.926391034394,0.589779123507409,0,11091.1772845844,0
2022,119.942638968246,0.589800200391364,0,11096.6657573742,0
2023,119.95887645435,0.589821266284653,0,11102.1542311265,0
2024,119.975103497986,0.589842321188374,0,11107.6427058407,0
2025,119.991320104434,0.589863365103664,0,11113.1311815159,0
2026,120.007526278973,0.58988439803169,0,11118.6196581515,0
2027,120.023722026882,0.589905419973656,0,11124.1081357468,0
2028,120.03990735344,0.589926430930798,0,11129.596614301,0
2029,120.056082263925,0.589947430904382,0,11135.0850938136,0
2030,120.072246763615,0.589968419895712,0,11140.5735742838,0
2031,120.088400857789,0.58998939790612,0,11146.0620557108,0
2032,120.104544551722,0.590010364936971,0,11151.550538094,0
2033,120.120677850691,0.590031320989661,0,11157.0390214327,0
2034,120.136800759973,0.590052266065619,0,11162.5275057262,0
2035,120.152913284844,0.590073200166305,0,11168.0159909738,0
2036,120.169015430579,0.590094123293204,0,11173.5044771748,0
2037,120.185107202454,0.590115035447841,0,11178.9929643284,0
2038,120.201188605743,0.590135936631762,0,11184.4814524341,0
2039,120.217259645721,0.590156826846548,0,11189.9699414911,0
2040,120.233320327661,0.590177706093807,0,11195.4584314987,0
2041,120.249370656837,0.590198574375176,0,11200.9469224562,0
2042,120.265410638522,0.590219431692324,0,11206.435414363,0
2043,120.281440277989,0.590240278046942,0,11211.9239072182,0
2044,120.29745958051,0.590261113440757,0,11217.4124010213,0
2045,120.313468551357,0.590281937875517,0,11222.9008957716,0
2046,120.329467195801,0.590302751353003,0,11228.3893914683,0
2047,120.345455519113,0.590323553875019,0,11233.8778881107,0
2048,120.361433526565,0.590344345443399,0,11239.3663856982,0
2049,120.377401223425,0.590365126060002,0,11244.8548842301,0
2050,120.393358614964,0.590385895726713,0,11250.3433837057,0
2051,120.409305706451,0.590406654445447,0,11255.8318841243,0
2052,120.425242503154,0.59042740221814,0,11261.3203854852,0
2053,120.441169010343,0.590448139046757,0,11266.8088877877,0
2054,120.457085233285,0.590468864933286,0,11272.2973910312,0
2055,120.472991177247,0.590489579879742,0,11277.7858952149,0
2056,120.488886847497,0.590510283888165,0,11283.2744003381,0
2057,120.504772249302,0.590530976960617,0,11288.7629064002,0
2058,120.520647387927,0.590551659099189,0,11294.2514134006,0
2059,120.536512268637,0.590572330305989,0,11299.7399213384,0
2060,120.552366896699,0.590592990583158,0,11305.228430213,0
2061,120.568211277378,0.590613639932851,0,11310.7169400238,0
2062,120.584045415936,0.590634278357254,0,11316.20545077,0
2063,120.599869317639,0.590654905858573,0,11321.693962451,0
2064,120.61568298775,0.590675522439035,0,11327.182475066,0
2065,120.631486431531,0.590696128100894,0,11332.6709886145,0
2066,120.647279654245,0.590716722846421,0,11338.1595030957,0
2067,120.663062661154,0.590737306677915,0,11343.6480185089,0
2068,120.678835457519,0.590757879597692,0,11349.1365348534,0
2069,120.694598048602,0.590778441608092,0,11354.6250521287,0
2070,120.710350439662,0.590798992711477,0,11360.1135703339,0
2071,120.726092635961,0.590819532910228,0,11365.6020894685,0
2072,120.741824642757,0.59084006220675,0,11371.0906095317,0
2073,120.75754646531,0.590860580603465,0,11376.5791305229,0
2074,120.773258108878,0.59088108810282,0,11382.0676524413,0
2075,120.788959578719,0.590901584707277,0,11387.5561752864,0
2076,120.804650880091,0.590922070419325,0,11393.0446990573,0
2077,120.820332018251,0.590942545241464,0,11398.5332237536,0
2078,120.836002998455,0.590963009176222,0,11404.0217493744,0
2079,120.85166382596,0.590983462226144,0,11409.5102759191,0
2080,120.86731450602,0.59100390439379,0,11414.998803387,0
2081,120.882955043892,0.591024335681745,0,11420.4873317775,0
2082,120.898585444829,0.59104475609261,0,11425.9758610899,0
2083,120.914205714086,0.591065165629004,0,11431.4643913234,0
2084,120.929815856917,0.591085564293567,0,11436.9529224775,0
2085,120.945415878573,0.591105952088953,0,11442.4414545515,0
2086,120.961005784307,0.59112632901784,0,11447.9299875446,0
2087,120.976585579373,0.591146695082918,0,11453.4185214563,0
2088,120.992155269019,0.591167050286899,0,11458.9070562858,0
2089,121.007714858499,0.591187394632508,0,11464.3955920325,0
2090,121.023264353061,0.591207728122494,0,11469.8841286957,0
2091,121.038803757957,0.591228050759616,0,11475.3726662747,0
2092,121.054333078434,0.591248362546655,0,11480.8612047689,0
2093,121.069852319742,0.591268663486406,0,11486.3497441776,0
2094,121.085361487129,0.59128895358168,0,11491.8382845002,0
2095,121.100860585842,0.591309232835308,0,11497.3268257359,0
2096,121.116349621129,0.591329501250133,0,11502.8153678841,0
2097,121.131828598235,0.591349758829017,0,11508.3039109441,0
2098,121.147297522408,0.591370005574836,0,11513.7924549153,0
2099,121.162756398892,0.591390241490482,0,11519.280999797,0
2100,121.178205232932,0.591410466578865,0,11524.7695455886,0
2101,121.193644029772,0.591430680842904,0,11530.2580922893,0
2102,121.209072794656,0.591450884285542,0,11535.7466398985,0
2103,121.224491532827,0.591471076909729,0,11541.2351884156,0
2104,121.239900249528,0.591491258718435,0,11546.7237378398,0
2105,121.25529895,0.591511429714641,0,11552.2122881706,0
2106,121.270687639485,0.591531589901344,0,11557.7008394072,0
2107,121.286066323224,0.591551739281558,0,11563.189391549,0
2108,121.301435006456,0.591571877858306,0,11568.6779445954,0
2109,121.316793694422,0.591592005634629,0,11574.1664985456,0
2110,121.332142392361,0.591612122613579,0,11579.6550533991,0
2111,121.34748110551,0.591632228798226,0,11585.1436091551,0
2112,121.362809839108,0.591652324191648,0,11590.632165813,0
2113,121.378128598391,0.591672408796939,0,11596.1207233722,0
2114,121.393437388598,0.591692482617209,0,11601.6092818319,0
2115,121.408736214962,0.591712545655574,0,11607.0978411915,0
2116,121.424025082721,0.591732597915172,0,11612.5864014505,0
2117,121.439303997108,0.591752639399146,0,11618.074962608,0
2118,121.454572963358,0.591772670110655,0,11623.5635246635,0
2119,121.469831986704,0.591792690052871,0,11629.0520876163,0
2120,121.485081072379,0.591812699228976,0,11634.5406514657,0
2121,121.500320225616,0.591832697642168,0,11640.0292162112,0
2122,121.515549451646,0.591852685295652,0,11645.5177818519,0
2123,121.5307687557,0.59187266219265,0,11651.0063483874,0
2124,121.545978143008,0.591892628336392,0,11656.4949158168,0
2125,121.561177618801,0.591912583730122,0,11661.9834841397,0
2126,121.576367188307,0.591932528377094,0,11667.4720533553,0
2127,121.591546856755,0.591952462280572,0,11672.9606234629,0
2128,121.606716629372,0.591972385443838,0,11678.449194462,0
2129,121.621876511386,0.591992297870175,0,11683.9377663519,0
2130,121.637026508024,0.592012199562887,0,11689.4263391318,0
2131,121.65216662451,0.59203209052528,0,11694.9149128013,0
2132,121.667296866071,0.592051970760677,0,11700.4034873595,0
2133,121.682417237931,0.592071840272409,0,11705.892062806,0
2134,121.697527745313,0.592091699063817,0,11711.3806391399,0
2135,121.712628393441,0.592111547138255,0,11716.8692163608,0
2136,121.727719187537,0.592131384499084,0,11722.3577944679,0
2137,121.742800132823,0.592151211149677,0,11727.8463734605,0
2138,121.757871234521,0.592171027093416,0,11733.3349533381,0
2139,121.77293249785,0.592190832333694,0,11738.8235341,0
2140,121.787983928031,0.592210626873913,0,11744.3121157456,0
2141,121.803025530283,0.592230410717483,0,11749.8006982741,0
2142,121.818057309823,0.592250183867828,0,11755.289281685,0
2143,121.83307927187,0.592269946328377,0,11760.7778659777,0
2144,121.848091421641,0.59228969810257,0,11766.2664511514,0
2145,121.863093764351,0.592309439193854,0,11771.7550372055,0
2146,121.878086305217,0.59232916960569,0,11777.2436241394,0
2147,121.893069049454,0.592348889341544,0,11782.7322119524,0
2148,121.908042002275,0.592368598404891,0,11788.220800644,0
2149,121.923005168893,0.592388296799217,0,11793.7093902134,0
2150,121.937958554523,0.592407984528012,0,11799.19798066,0
2151,121.952902164375,0.592427661594782,0,11804.6865719833,0
2152,121.967836003661,0.592447328003032,0,11810.1751641824,0
2153,121.982760077591,0.592466983756283,0,11815.6637572569,0
2154,121.997674391376,0.592486628858062,0,11821.152351206,0
2155,122.012578950224,0.592506263311901,0,11826.6409460292,0
2156,122.027473759344,0.592525887121344,0,11832.1295417257,0
2157,122.042358823942,0.592545500289941,0,11837.618138295,0
2158,122.057234149227,0.592565102821251,0,11843.1067357364,0
2159,122.072099740404,0.592584694718838,0,11848.5953340493,0
2160,122.086955602678,0.592604275986276,0,11854.083933233,0
2161,122.101801741254,0.592623846627145,0,11859.5725332869,0
2162,122.116638161336,0.592643406645034,0,11865.0611342104,0
2163,122.131464868127,0.592662956043539,0,11870.5497360029,0
2164,122.146281866829,0.592682494826261,0,11876.0383386636,0
2165,122.161089162643,0.59270202299681,0,11881.526942192,0
2166,122.175886760771,0.592721540558803,0,11887.0155465875,0
2167,122.190674666412,0.592741047515864,0,11892.5041518493,0
2168,122.205452884765,0.592760543871623,0,11897.992757977,0
2169,122.220221421029,0.592780029629716,0,11903.4813649697,0
2170,122.234980280401,0.592799504793788,0,11908.969972827,0
2171,122.249729468078,0.592818969367488,0,11914.4585815482,0
2172,122.264468989257,0.592838423354474,0,11919.9471911326,0
2173,122.279198849132,0.592857866758408,0,11925.4358015796,0
2174,122.293919052897,0.592877299582961,0,11930.9244128887,0
2175,122.308629605746,0.592896721831806,0,11936.413025059,0
2176,122.323330512873,0.592916133508625,0,11941.9016380902,0
2177,122.338021779468,0.592935534617108,0,11947.3902519814,0
2178,122.352703410724,0.592954925160945,0,11952.8788667321,0
2179,122.36737541183,0.592974305143839,0,11958.3674823416,0
2180,122.382037787976,0.592993674569492,0,11963.8560988094,0
2181,122.39669054435,0.593013033441618,0,11969.3447161348,0
2182,122.411333686141,0.593032381763931,0,11974.8333343172,0
2183,122.425967218535,0.593051719540153,0,11980.3219533559,0
2184,122.440591146719,0.593071046774013,0,11985.8105732503,0
2185,122.455205475877,0.593090363469243,0,11991.2991939998,0
2186,122.469810211195,0.593109669629581,0,11996.7878156038,0
2187,122.484405357856,0.593128965258769,0,12002.2764380617,0
2188,122.498990921042,0.593148250360559,0,12007.7650613728,0
2189,122.513566905936,0.593167524938702,0,12013.2536855365,0
2190,122.528133317718,0.593186788996956,0,12018.7423105521,0
2191,122.542690161569,0.593206042539087,0,12024.2309364192,0
2192,122.557237442668,0.59322528556886,0,12029.719563137,0
2193,122.571775166194,0.593244518090052,0,12035.2081907049,0
2194,122.586303337324,0.593263740106437,0,12040.6968191223,0
2195,122.600821961234,0.5932829516218,0,12046.1854483886,0
2196,122.615331043101,0.593302152639926,0,12051.6740785032,0
2197,122.629830588099,0.593321343164608,0,12057.1627094654,0
2198,122.644320601402,0.593340523199642,0,12062.6513412746,0
2199,122.658801088185,0.593359692748826,0,12068.1399739303,0
2200,122.673272053617,0.593378851815967,0,12073.6286074318,0
2201,122.687733502873,0.593398000404873,0,12079.1172417784,0
2202,122.70218544112,0.593417138519357,0,12084.6058769696,0
2203,122.716627873529,0.593436266163236,0,12090.0945130047,0
2204,122.73106080527,0.593455383340329,0,12095.5831498832,0
2205,122.745484241508,0.593474490054465,0,12101.0717876043,0
2206,122.759898187411,0.593493586309468,0,12106.5604261676,0
2207,122.774302648146,0.593512672109176,0,12112.0490655724,0
2208,122.788697628876,0.593531747457421,0,12117.537705818,0
2209,122.803083134765,0.593550812358045,0,12123.0263469039,0
2210,122.817459170978,0.593569866814893,0,12128.5149888295,0
2211,122.831825742676,0.593588910831809,0,12134.0036315941,0
2212,122.846182855019,0.593607944412648,0,12139.4922751971,0
2213,122.860530513169,0.59362696756126,0,12144.9809196379,0
2214,122.874868722284,0.593645980281507,0,12150.4695649159,0
2215,122.889197487524,0.593664982577248,0,12155.9582110305,0
2216,122.903516814044,0.593683974452347,0,12161.4468579811,0
2217,122.917826707002,0.593702955910673,0,12166.9355057671,0
2218,122.932127171553,0.593721926956095,0,12172.4241543878,0
2219,122.946418212852,0.593740887592489,0,12177.9128038427,0
2220,122.960699836052,0.59375983782373,0,12183.4014541311,0
2221,122.974972046305,0.593778777653701,0,12188.8901052525,0
2222,122.989234848763,0.593797707086281,0,12194.3787572062,0
2223,123.003488248577,0.593816626125359,0,12199.8674099916,0
2224,123.017732250897,0.593835534774822,0,12205.3560636081,0
2225,123.031966860869,0.593854433038561,0,12210.8447180552,0
2226,123.046192083644,0.593873320920473,0,12216.3333733321,0
2227,123.060407924366,0.593892198424452,0,12221.8220294384,0
2228,123.074614388182,0.593911065554399,0,12227.3106863734,0
2229,123.088811480236,0.593929922314216,0,12232.7993441364,0
2230,123.102999205672,0.593948768707807,0,12238.2880027269,0
2231,123.117177569632,0.593967604739079,0,12243.7766621444,0
2232,123.131346577258,0.593986430411943,0,12249.2653223881,0
2233,123.14550623369,0.59400524573031,0,12254.7539834575,0
2234,123.159656544068,0.594024050698093,0,12260.2426453519,0
2235,123.173797513531,0.594042845319212,0,12265.7313080709,0
2236,123.187929147215,0.594061629597582,0,12271.2199716137,0
2237,123.202051450257,0.594080403537126,0,12276.7086359798,0
2238,123.216164427793,0.594099167141768,0,12282.1973011686,0
2239,123.230268084957,0.594117920415431,0,12287.6859671795,0
2240,123.244362426882,0.594136663362044,0,12293.1746340118,0
2241,123.258447458701,0.594155395985535,0,12298.663301665,0
2242,123.272523185544,0.594174118289837,0,12304.1519701385,0
2243,123.286589612542,0.594192830278882,0,12309.6406394317,0
2244,123.300646744824,0.594211531956605,0,12315.1293095439,0
2245,123.314694587518,0.594230223326944,0,12320.6179804747,0
2246,123.32873314575,0.594248904393836,0,12326.1066522233,0
2247,123.342762424647,0.594267575161223,0,12331.5953247893,0
2248,123.356782429334,0.594286235633046,0,12337.0839981719,0
2249,123.370793164933,0.59430488581325,0,12342.5726723707,0
2250,123.384794636569,0.59432352570578,0,12348.0613473849,0
2251,123.398786849361,0.594342155314582,0,12353.5500232141,0
2252,123.412769808432,0.594360774643606,0,12359.0386998576,0
2253,123.426743518899,0.594379383696802,0,12364.5273773148,0
2254,123.440707985882,0.59439798247812,0,12370.0160555852,0
2255,123.454663214498,0.594416570991514,0,12375.5047346681,0
2256,123.468609209862,0.594435149240939,0,12380.993414563,0
2257,123.48254597709,0.594453717230349,0,12386.4820952692,0
2258,123.496473521295,0.594472274963702,0,12391.9707767862,0
2259,123.510391847591,0.594490822444957,0,12397.4594591133,0
2260,123.524300961088,0.594509359678072,0,12402.9481422501,0
2261,123.538200866897,0.594527886667008,0,12408.4368261958,0
2262,123.552091570128,0.594546403415728,0,12413.92551095,0
2263,123.565973075888,0.594564909928194,0,12419.414196512,0
2264,123.579845389286,0.59458340620837,0,12424.9028828812,0
2265,123.593708515426,0.594601892260221,0,12430.391570057,0
2266,123.607562459414,0.594620368087714,0,12435.8802580389,0
2267,123.621407226354,0.594638833694815,0,12441.3689468263,0
2268,123.635242821347,0.594657289085493,0,12446.8576364186,0
2269,123.649069249495,0.594675734263716,0,12452.3463268151,0
2270,123.662886515899,0.594694169233455,0,12457.8350180154,0
2271,123.676694625657,0.594712593998679,0,12463.3237100188,0
2272,123.690493583868,0.594731008563361,0,12468.8124028247,0
2273,123.704283395628,0.594749412931473,0,12474.3010964325,0
2274,123.718064066032,0.594767807106988,0,12479.7897908418,0
2275,123.731835600176,0.594786191093879,0,12485.2784860518,0
2276,123.745598003152,0.594804564896122,0,12490.767182062,0
2277,123.759351280052,0.59482292851769,0,12496.2558788718,0
2278,123.773095435967,0.594841281962561,0,12501.7445764807,0
2279,123.786830475987,0.594859625234709,0,12507.233274888,0
2280,123.8005564052,0.594877958338114,0,12512.7219740932,0
2281,123.814273228694,0.59489628127675,0,12518.2106740957,0
2282,123.827980951555,0.594914594054597,0,12523.6993748949,0
2283,123.841679578866,0.594932896675633,0,12529.1880764903,0
2284,123.855369115713,0.594951189143836,0,12534.6767788811,0
2285,123.869049567178,0.594969471463187,0,12540.165482067,0
2286,123.882720938341,0.594987743637663,0,12545.6541860472,0
2287,123.896383234283,0.595006005671247,0,12551.1428908213,0
2288,123.910036460083,0.595024257567917,0,12556.6315963886,0
2289,123.923680620818,0.595042499331656,0,12562.1203027485,0
2290,123.222268157817,0.595060730966443,0,12567.6040015889,0
2291,122.52357549583,0.59507895247626,0,12573.3118907763,0
2292,121.74532546634,0.595097163865088,0,12579.0145712983,0
2293,120.972649908862,0.595115365136909,0,12584.6885108066,0
2294,120.205520000964,0.595133556295706,0,12590.3375479649,0
2295,119.444005171849,0.595151737345458,0,12595.9650085629,0
2296,118.688508379254,0.59516990829015,0,12601.5737740882,0
2297,117.940132791604,0.595188069133763,0,12607.1663410986,0
2298,117.20100632611,0.595206219880279,0,12612.7448726579,0
2299,116.474369810079,0.595224360533681,0,12618.3112429142,0
2300,115.764361872713,0.595242491097951,0,12623.8670756887,0
2301,115.075583236858,0.595260611577071,0,12629.4137779407,0
2302,114.412593726835,0.595277952678995,0,12634.952568725,0
2303,113.779476044508,0.59511266475598,0,12640.48450431,0
2304,113.179539711177,0.594929528052071,0,12646.010499917,0
2305,112.615095120694,0.594733605061267,0,12651.5313485565,0
2306,112.086547949662,0.59452561900039,0,12657.0477373688,0
2307,111.590007495247,0.594306213292332,0,12662.5602617493,0
2308,111.115977260585,0.594075983999285,0,12668.0694376087,0
2309,110.652315685508,0.593835509309917,0,12673.5757119865,0
2310,110.189779411942,0.593585386103933,0,12679.0794722505,0
2311,109.725863128732,0.593326270362184,0,12684.5810540618,0
2312,109.264879049425,0.593058911434638,0,12690.0807482824,0
2313,108.815286019879,0.592784170766637,0,12695.5788069539,0
2314,108.386390377916,0.592503021108494,0,12701.0754484832,0
2315,107.98592419263,0.59221652815474,0,12706.5708621301,0
2316,107.618933680491,0.591925820280495,0,12712.0652119009,0
2317,107.287722316006,0.591632052188892,0,12717.5586399176,0
2318,106.992366233262,0.591336353604764,0,12723.0512693401,0
2319,106.731398280871,0.59103971510267,0,12728.5432068966,0
2320,106.502421506614,0.590742796146064,0,12734.0345450768,0
2321,106.302567163399,0.590445779733768,0,12739.5253640324,0
2322,106.128806012472,0.590148421737474,0,12745.015733223,0
2323,105.978150959279,0.589850292575986,0,12750.5057128436,0
2324,105.847783270838,0.589551073151445,0,12755.9953550602,0
2325,105.735123571785,0.589250764447771,0,12761.4847050816,0
2326,105.63786211321,0.588949752916441,0,12766.9738020869,0
2327,105.553960892992,0.588648754521466,0,12772.4626800309,0
2328,105.481638436636,0.58834869553638,0,12777.9513683401,0
2329,105.419345924796,0.588050584016851,0,12783.4398925175,0
2330,105.365740641169,0.587755404618275,0,12788.9282746654,0
2331,105.319660206715,0.587464048167463,0,12794.4165339393,0
2332,105.28009928493,0.587177273684976,0,12799.9046869407,0
2333,105.246189224508,0.586895694608008,0,12805.3927480581,0
2334,105.217180534126,0.586619780706681,0,12810.8807297615,0
2335,105.192427799004,0.586349869152695,0,12816.368642859,0
2336,105.17137656173,0.586086180385594,0,12821.8564967176,0
2337,105.15355170042,0.585828835870332,0,12827.3442994559,0
2338,105.138546846468,0.585577875806393,0,12832.8320581104,0
2339,105.126014542431,0.585333275561772,0,12838.3197787797,0
2340,105.115657012966,0.585094960129292,0,12843.8074667497,0
2341,105.107217719651,0.584862816399257,0,12849.2951266015,0
2342,105.100474010398,0.584636703264707,0,12854.782762306,0
2343,105.095231225899,0.584416459820956,0,12860.2703773047,0
2344,105.091318425087,0.584201911906388,0,12865.7579745804,0
2345,105.088585649915,0.583992877305537,0,12871.2455567186,0
2346,105.086902378573,0.583789169842867,0,12876.73312596,0
2347,105.086156684434,0.58359060260163,0,12882.2206842468,0
2348,105.086254608326,0.58339699042441,0,12887.7082332622,0
2349,105.087119363865,0.583208151833816,0,12893.1957744653,0
2350,105.088690162343,0.583023910469446,0,12898.6833091205,0
2351,105.090920605819,0.582844096108734,0,12904.1708383237,0
2352,105.0937767256,0.582668545333355,0,12909.6583630247,0
2353,105.097234806777,0.582497101881905,0,12915.1458840468,0
2354,105.10127916611,0.582329616755883,0,12920.6334021033,0
2355,105.105900025216,0.582165948133776,0,12926.1209178126,0
2356,105.111091593868,0.582005961175486,0,12931.6084317103,0
2357,105.116850427907,0.581849527775343,0,12937.0959442608,0
2358,105.123174094732,0.581696526324033,0,12942.5834558664,0
2359,105.130060143226,0.581546841504516,0,12948.0709668757,0
2360,105.137505356727,0.581400364134034,0,12953.5584775907,0
2361,105.145505253135,0.581256991039826,0,12959.0459882732,0
2362,105.154053790818,0.581116624948549,0,12964.5334991498,0
2363,105.163143238733,0.580979174366507,0,12970.0210104168,0
2364,105.172764171394,0.580844553429205,0,12975.5085222443,0
2365,105.182905554622,0.580712681709661,0,12980.9960347796,0
2366,105.193554893257,0.580583483977923,0,12986.4835481501,0
2367,105.204698417535,0.580456889917204,0,12991.9710624663,0
2368,105.216321290251,0.580332833801398,0,12997.4585778237,0
2369,105.228407820739,0.580211254147658,0,13002.9460943048,0
2370,105.240941675897,0.580092093353667,0,13008.4336119813,0
2371,105.253906080896,0.579975297333185,0,13013.9211309149,0
2372,105.26728400489,0.579860815158764,0,13019.4086511591,0
2373,105.281058328632,0.579748598720655,0,13024.89617276,0
2374,105.295211992322,0.57963860240782,0,13030.3836957575,0
2375,105.3097281233,0.579530782814767,0,13035.871220186,0
2376,105.324590143799,0.579425098477153,0,13041.3587460751,0
2377,105.339781860035,0.579321509635752,0,13046.8462734504,0
2378,105.355287534009,0.579219978029686,0,13052.3338023338,0
2379,105.371091940074,0.579120466716046,0,13057.8213327444,0
2380,105.387180408093,0.579022939915683,0,13063.3088646982,0
2381,105.403538855264,0.578927362881305,0,13068.7963982093,0
2382,105.420153808259,0.578833701787047,0,13074.2839332894,0
2383,105.437012417258,0.578741923635774,0,13079.7714699488,0
2384,105.454102463084,0.578651996182832,0,13085.2590081961,0
2385,105.471412358403,0.578563887873284,0,13090.7465480387,0
2386,105.488931143756,0.578477567790972,0,13096.2340894826,0
2387,105.50664847901,0.578393005617443,0,13101.7216325332,0
2388,105.5245546307,0.578310171598845,0,13107.2091771947,0
2389,105.542640455736,0.578229036519786,0,13112.6967234709,0
2390,105.560897381879,0.5781495716822,0,13118.1842713646,0
2391,105.579317385463,0.578071748888967,0,13123.6718208782,0
2392,105.59789296678,0.577995540430462,0,13129.1593720138,0
2393,105.616617123686,0.577920919074249,0,13134.6469247729,0
2394,105.635483323844,0.577847858056389,0,13140.1344791564,0
2395,105.654485476152,0.577776331074711,0,13145.6220351655,0
2396,105.673617901782,0.577706312282964,0,13151.1095928005,0
2397,105.692875305289,0.577637776286034,0,13156.5971520618,0
2398,105.712252746152,0.577570698135657,0,13162.0847129495,0
2399,105.731745611083,0.577505053326515,0,13167.5722754637,0
2400,105.751349587404,0.577440817792597,0,13173.059839604,0
2401,105.771060637661,0.57737796790344,0,13178.5474053702,0
2402,105.790874975689,0.577316480460481,0,13184.0349727618,0
2403,105.81078904419,0.577256332692942,0,13189.5225417782,0
2404,105.830799493934,0.577197502253693,0,13195.0101124188,0
2405,105.850903164558,0.577139967214486,0,13200.4976846829,0
2406,105.871097066999,0.577083706061038,0,13205.9852585697,0
2407,105.891378367486,0.577028697687478,0,13211.4728340784,0
2408,105.911744373053,0.57697492139054,0,13216.9604112081,0
2409,105.932192518486,0.576922356863233,0,13222.4479899579,0
2410,105.952720354618,0.576870984188182,0,13227.9355703268,0
2411,105.973325537884,0.576820783830629,0,13233.4231523138,0
2412,105.994005821019,0.57677173663108,0,13238.9107359178,0
2413,106.014759044823,0.576723823797802,0,13244.398321138,0
2414,106.035583130872,0.576677026898994,0,13249.8859079731,0
2415,106.0564760751,0.576631327854971,0,13255.3734964222,0
2416,106.077435942142,0.576586708930098,0,13260.8610864841,0
2417,106.098460860375,0.576543152724849,0,13266.3486781576,0
2418,106.119549017557,0.576500642167727,0,13271.8362714418,0
2419,106.140698657011,0.576459160507365,0,13277.3238663355,0
2420,106.161908074272,0.576418691304617,0,13282.8114628374,0
2421,106.183175614145,0.57637921842484,0,13288.2990609466,0
2422,106.204499668122,0.576340726030298,0,13293.7866606618,0
2423,106.225878672104,0.576303198572732,0,13299.2742619819,0
2424,106.247311104381,0.576266620786158,0,13304.7618649057,0
2425,106.268795483845,0.576230977679814,0,13310.249469432,0
2426,106.290330368389,0.576196254531397,0,13315.7370755598,0
2427,106.311914353464,0.57616243688043,0,13321.2246832878,0
2428,106.333546070771,0.576129510521955,0,13326.7122926149,0
2429,106.355224187069,0.57609746150035,0,13332.1999035399,0
2430,106.376947403065,0.576066276103465,0,13337.6875160616,0
2431,106.398714452384,0.576035940856891,0,13343.1751301788,0
2432,106.420524100603,0.576006442518511,0,13348.6627458905,0
2433,106.442375144327,0.57597776807322,0,13354.1503631953,0
2434,106.46426641031,0.575949904727857,0,13359.6379820922,0
2435,106.486196754608,0.575922839906344,0,13365.12560258,0
2436,106.508165061756,0.575896561244974,0,13370.6132246574,0
2437,106.53017024397,0.575871056587927,0,13376.1008483233,0
2438,106.552211240369,0.575846313982886,0,13381.5884735766,0
2439,106.574287016208,0.575822321676893,0,13387.0761004161,0
2440,106.596396562136,0.575799068112263,0,13392.5637288406,0
2441,106.618538893457,0.575776541922728,0,13398.0513588489,0
2442,106.64071304942,0.575754731929637,0,13403.5389904398,0
2443,106.662918092508,0.57573362713834,0,13409.0266236122,0
2444,106.685153107753,0.575713216734643,0,13414.5142583649,0
2445,106.707417202064,0.575693490081406,0,13420.0018946968,0
2446,106.729709503569,0.575674436715221,0,13425.4895326067,0
2447,106.752029160972,0.575656046343196,0,13430.9771720933,0
2448,106.774375342936,0.575638308839837,0,13436.4648131556,0
2449,106.796747237475,0.575621214243983,0,13441.9524557924,0
2450,106.819144051369,0.575604752755872,0,13447.4401000024,0
2451,106.841565009593,0.575588914734222,0,13452.9277457846,0
2452,106.864009354774,0.575573690693436,0,13458.4153931378,0
2453,106.886476346657,0.57555907130083,0,13463.9030420608,0
2454,106.908965261599,0.575545047373963,0,13469.3906925524,0
2455,106.931475392074,0.575531609877988,0,13474.8783446115,0
2456,106.954006046203,0.575518749923094,0,13480.365998237,0
2457,106.9765565473,0.575506458761977,0,13485.8536534276,0
2458,106.999126233436,0.575494727787376,0,13491.3413101822,0
2459,107.021714457025,0.575483548529661,0,13496.8289684996,0
2460,107.044320584415,0.575472912654452,0,13502.3166283788,0
2461,107.066943995516,0.575462811960312,0,13507.8042898184,0
2462,107.08958408342,0.57545323837645,0,13513.2919528175,0
2463,107.112240254059,0.575444183960503,0,13518.7796173748,0
2464,107.134911925861,0.575435640896328,0,13524.2672834891,0
2465,107.157598529428,0.575427601491864,0,13529.7549511593,0
2466,107.180299507226,0.575420058177008,0,13535.2426203843,0
2467,107.203014313287,0.575413003501548,0,13540.7302911629,0
2468,107.225742412924,0.575406430133127,0,13546.217963494,0
2469,107.248483282456,0.575400330855243,0,13551.7056373764,0
2470,107.271236408943,0.57539469856529,0,13557.1933128089,0
2471,107.294001289936,0.575389526272628,0,13562.6809897905,0
2472,107.316777433228,0.575384807096698,0,13568.1686683199,0
2473,107.339564356622,0.575380534265157,0,13573.656348396,0
2474,107.362361587702,0.575376701112064,0,13579.1440300177,0
2475,107.385168663616,0.575373301076083,0,13584.6317131838,0
2476,107.407985130861,0.575370327698728,0,13590.1193978932,0
2477,107.430810545082,0.575367774622635,0,13595.6070841448,0
2478,107.453644470867,0.575365635589871,0,13601.0947719373,0
2479,107.476486481564,0.575363904440264,0,13606.5824612697,0
2480,107.499336159084,0.575362575109772,0,13612.0701521409,0
2481,107.522193093727,0.57536164162888,0,13617.5578445495,0
2482,107.545056884001,0.575361098121015,0,13623.0455384947,0
2483,107.567927136456,0.575360938801011,0,13628.5332339751,0
2484,107.590803465509,0.575361157973576,0,13634.0209309897,0
2485,107.613685493288,0.575361750031808,0,13639.5086295373,0
2486,107.636572849473,0.575362709455724,0,13644.9963296169,0
2487,107.659465171135,0.575364030810822,0,13650.4840312271,0
2488,107.682362102593,0.575365708746664,0,13655.9717343671,0
2489,107.705263295262,0.575367737995489,0,13661.4594390355,0
2490,107.72816840751,0.575370113370849,0,13666.9471452312,0
2491,107.751077104516,0.575372829766263,0,13672.4348529532,0
2492,107.773989058134,0.575375882153907,0,13677.9225622003,0
2493,107.79690394676,0.575379265583315,0,13683.4102729714,0
2494,107.819821455195,0.575382975180112,0,13688.8979852653,0
2495,107.842741274523,0.575387006144759,0,13694.3856990809,0
2496,107.865663101977,0.575391353751337,0,13699.8734144171,0
2497,107.888586640825,0.575396013346327,0,13705.3611312728,0
2498,107.911511600242,0.575400980347441,0,13710.8488496468,0
2499,107.934437695192,0.575406250242447,0,13716.3365695381,0
2500,107.957364646318,0.575411818588029,0,13721.8242909454,0
2501,107.980292179824,0.575417681008666,0,13727.3120138677,0
2502,108.003220027363,0.575423833195522,0,13732.7997383039,0
2503,108.026147925931,0.575430270905367,0,13738.2874642528,0
2504,108.04907561776,0.575436989959506,0,13743.7751917133,0
2505,108.072002850215,0.575443986242733,0,13749.2629206843,0
2506,108.094929375687,0.5754512557023,0,13754.7506511647,0
2507,108.117854951497,0.575458794346905,0,13760.2383831533,0
2508,108.140779339798,0.575466598245695,0,13765.7261166491,0
2509,108.163702307476,0.575474663527292,0,13771.2138516509,0
2510,108.186623626061,0.575482986378828,0,13776.7015881576,0
2511,108.209543071627,0.575491563045,0,13782.1893261681,0
2512,108.232460424711,0.575500389827143,0,13787.6770656813,0
2513,108.255375470216,0.575509463082316,0,13793.1648066961,0
2514,108.27828799733,0.575518779222405,0,13798.6525492114,0
2515,108.301197799439,0.575528334713239,0,13804.140293226,0
2516,108.324104674043,0.575538126073724,0,13809.6280387388,0
2517,108.347008422675,0.575548149874992,0,13815.1157857488,0
2518,108.369908850824,0.575558402739556,0,13820.6035342548,0
2519,108.392805767852,0.575568881340495,0,13826.0912842557,0
2520,108.415698986919,0.575579582400639,0,13831.5790357505,0
2521,108.438588324911,0.575590502691771,0,13837.066788738,0
2522,108.461473602361,0.575601639033847,0,13842.554543217,0
2523,108.48435464338,0.575612988294226,0,13848.0422991866,0
2524,108.507231275588,0.575624547386911,0,13853.5300566456,0
2525,108.530103330039,0.575636313271807,0,13859.0178155929,0
2526,108.55297064116,0.575648282953989,0,13864.5055760274,0
2527,108.57583304668,0.575660453482979,0,13869.993337948,0
2528,108.598690387564,0.575672821952048,0,13875.4811013536,0
2529,108.621542507953,0.57568538549751,0,13880.9688662431,0
2530,108.644389255099,0.575698141298043,0,13886.4566326154,0
2531,108.667230479305,0.575711086574017,0,13891.9444004694,0
2532,108.690066033861,0.575724218586836,0,13897.432169804,0
2533,108.712895774991,0.575737534638278,0,13902.9199406182,0
2534,108.735719561791,0.57575103206987,0,13908.4077129107,0
2535,108.758537256172,0.575764708262247,0,13913.8954866806,0
2536,108.781348722808,0.575778560634541,0,13919.3832619268,0
2537,108.80415382908,0.575792586643772,0,13924.8710386481,0
2538,108.826952445021,0.575806783784249,0,13930.3588168434,0
2539,108.849744443266,0.575821149586987,0,13935.8465965118,0
2540,108.872529698999,0.575835681619121,0,13941.334377652,0
2541,108.895308089905,0.575850377483347,0,13946.822160263,0
2542,108.918079496119,0.575865234817358,0,13952.3099443437,0
2543,108.940843800178,0.575880251293295,0,13957.797729893,0
2544,108.963600886977,0.57589542461721,0,13963.2855169098,0
2545,108.986350643715,0.57591075252853,0,13968.7733053932,0
2546,109.009092959859,0.575926232799538,0,13974.2610953418,0
2547,109.031827727093,0.575941863234856,0,13979.7488867548,0
2548,109.054554839277,0.575957641670946,0,13985.2366796309,0
2549,109.077274192404,0.575973565975606,0,13990.7244739692,0
2550,109.099985684556,0.575989634047483,0,13996.2122697685,0
2551,109.122689215869,0.576005843815596,0,14001.7000670277,0
2552,109.145384688484,0.576022193238859,0,14007.1878657459,0
2553,109.168072006516,0.576038680305619,0,14012.6756659218,0
2554,109.19075107601,0.576055303033197,0,14018.1634675545,0
2555,109.213421804904,0.576072059467437,0,14023.6512706428,0
2556,109.236084102995,0.576088947682267,0,14029.1390751856,0
2557,109.258737881898,0.576105965779265,0,14034.626881182,0
2558,109.281383055014,0.576123111887223,0,14040.1146886308,0
2559,109.304019537493,0.576140384161736,0,14045.6024975309,0
2560,109.326647246203,0.576157780784782,0,14051.0903078813,0
2561,109.34926609969,0.576175299964315,0,14056.578119681,0
2562,109.371876018151,0.57619293993387,0,14062.0659329287,0
2563,109.394476923402,0.576210698952161,0,14067.5537476235,0
2564,109.417068738841,0.576228575302699,0,14073.0415637644,0
2565,109.439651389421,0.576246567293411,0,14078.5293813501,0
2566,109.462224801621,0.576264673256261,0,14084.0172003797,0
2567,109.484788903413,0.576282891546883,0,14089.5050208521,0
2568,109.507343624233,0.576301220544222,0,14094.9928427662,0
2569,109.529888894955,0.57631965865017,0,14100.480666121,0
2570,109.552424647861,0.576338204289225,0,14105.9684909154,0
2571,109.574950816616,0.576356855908131,0,14111.4563171483,0
2572,109.597467336235,0.576375611975553,0,14116.9441448187,0
2573,109.619974143066,0.576394470981734,0,14122.4319739255,0
2574,109.642471174755,0.576413431438169,0,14127.9198044676,0
2575,109.664958370227,0.576432491877283,0,14133.407636444,0
2576,109.687435669659,0.576451650852107,0,14138.8954698537,0
2577,109.709903014454,0.576470906935973,0,14144.3833046955,0
2578,109.732360347221,0.576490258722198,0,14149.8711409685,0
2579,109.754807611747,0.576509704823789,0,14155.3589786715,0
2580,109.777244752979,0.576529243873137,0,14160.8468178035,0
2581,109.799671716997,0.576548874521731,0,14166.3346583634,0
2582,109.822088450997,0.576568595439861,0,14171.8225003503,0
2583,109.844494903263,0.576588405316343,0,14177.3103437629,0
2584,109.866891023152,0.576608302858235,0,14182.7981886004,0
2585,109.889276761069,0.576628286790561,0,14188.2860348616,0
2586,109.911652068452,0.576648355856043,0,14193.7738825455,0
2587,109.934016897744,0.576668508814833,0,14199.261731651,0
2588,109.956371202381,0.576688744444256,0,14204.749582177,0
2589,109.978714936769,0.576709061538544,0,14210.2374341227,0
2590,110.001048056266,0.576729458908589,0,14215.7252874868,0
2591,110.023370517166,0.576749935381692,0,14221.2131422683,0
2592,110.045682276675,0.576770489801318,0,14226.7009984662,0
2593,110.067983292902,0.57679112102685,0,14232.1888560795,0
2594,110.090273524833,0.576811827933361,0,14237.6767151071,0
2595,110.11255293232,0.576832609411368,0,14243.1645755479,0
2596,110.134821476061,0.576853464366612,0,14248.6524374009,0
2597,110.157079117588,0.576874391719827,0,14254.1403006651,0
2598,110.179325819246,0.576895390406515,0,14259.6281653395,0
2599,110.201561544179,0.576916459376733,0,14265.1160314229,0
2600,110.223786256317,0.576937597594869,0,14270.6038989143,0
2601,110.245999920358,0.57695880403944,0,14276.0917678128,0
2602,110.268202501755,0.57698007770287,0,14281.5796381173,0
2603,110.290393966701,0.577001417591297,0,14287.0675098266,0
2604,110.312574282115,0.577022822724363,0,14292.5553829399,0
2605,110.334743415626,0.577044292135014,0,14298.0432574561,0
2606,110.356901335566,0.57706582486931,0,14303.531133374,0
2607,110.379048010947,0.577087419986224,0,14309.0190106928,0
2608,110.401183411455,0.577109076557463,0,14314.5068894113,0
2609,110.423307507437,0.577130793667267,0,14319.9947695285,0
2610,110.445420269884,0.577152570412237,0,14325.4826510434,0
2611,110.467521670423,0.577174405901147,0,14330.970533955,0
2612,110.489611681301,0.57719629925477,0,14336.4584182622,0
2613,110.511690275377,0.577218249605698,0,14341.946303964,0
2614,110.53375742611,0.577240256098172,0,14347.4341910593,0
2615,110.555813107544,0.577262317887914,0,14352.9220795472,0
2616,110.5778572943,0.577284434141954,0,14358.4099694267,0
2617,110.599889961565,0.577306604038472,0,14363.8978606966,0
2618,110.62191108508,0.577328826766628,0,14369.3857533559,0
2619,110.64392064113,0.577351101526412,0,14374.8736474038,0
2620,110.665918606535,0.577373427528476,0,14380.361542839,0
2621,110.687904958637,0.57739580399399,0,14385.8494396606,0
2622,110.709879675292,0.57741823015448,0,14391.3373378675,0
2623,110.731842734861,0.577440705251687,0,14396.8252374589,0
2624,110.753794116199,0.577463228537412,0,14402.3131384335,0
2625,110.775733798647,0.577485799273375,0,14407.8010407904,0
2626,110.797661762021,0.577508416731072,0,14413.2889445287,0
2627,110.819577986604,0.577531080191631,0,14418.7768496472,0
2628,110.841482453138,0.577553788945678,0,14424.2647561449,0
2629,110.863375142815,0.577576542293194,0,14429.7526640208,0
2630,110.885256037266,0.577599339543389,0,14435.240573274,0
2631,110.907125118559,0.577622180014563,0,14440.7284839034,0
2632,110.928982369182,0.577645063033978,0,14446.2163959079,0
2633,110.950827772044,0.577667987937733,0,14451.7043092866,0
2634,110.97266131046,0.577690954070627,0,14457.1922240385,0
2635,110.994482968148,0.577713960786052,0,14462.6801401625,0
2636,111.016292729219,0.577737007445854,0,14468.1680576576,0
2637,111.03809057817,0.577760093420223,0,14473.6559765229,0
2638,111.059876499879,0.577783218087568,0,14479.1438967572,0
2639,111.081650479595,0.577806380834407,0,14484.6318183597,0
2640,111.103412502931,0.577829581055244,0,14490.1197413292,0
2641,111.12516255586,0.577852818152461,0,14495.6076656649,0
2642,111.146900624706,0.577876091536205,0,14501.0955913656,0
2643,111.168626696138,0.577899400624279,0,14506.5835184303,0
2644,111.190340757165,0.577922744842032,0,14512.0714468581,0
2645,111.212042795126,0.577946123622254,0,14517.559376648,0
2646,111.233732797687,0.577969536405071,0,14523.047307799,0
2647,111.255410752836,0.57799298263784,0,14528.5352403099,0
2648,111.277076648873,0.578016461775052,0,14534.02317418,0
2649,111.298730474407,0.578039973278223,0,14539.511109408,0
2650,111.320372218348,0.578063516615807,0,14544.9990459931,0
2651,111.342001869907,0.578087091263087,0,14550.4869839343,0
2652,111.363619418583,0.578110696702089,0,14555.9749232305,0
2653,111.385224854161,0.578134332421483,0,14561.4628638807,0
2654,111.406818166709,0.578157997916489,0,14566.950805884,0
2655,111.42839934657,0.57818169268879,0,14572.4387492393,0
2656,111.449968384356,0.578205416246438,0,14577.9266939457,0
2657,111.471525270946,0.578229168103767,0,14583.4146400022,0
2658,111.493069997479,0.578252947781306,0,14588.9025874077,0
2659,111.51460255535,0.578276754805693,0,14594.3905361612,0
2660,111.536122936205,0.578300588709588,0,14599.8784862619,0
2661,111.557631131936,0.578324449031593,0,14605.3664377086,0
2662,111.579127134677,0.578348335316168,0,14610.8543905004,0
2663,111.600610936802,0.578372247113549,0,14616.3423446363,0
2664,111.622082530913,0.578396183979672,0,14621.8303001153,0
2665,111.643541909847,0.578420145476088,0,14627.3182569364,0
2666,111.664989066659,0.578444131169894,0,14632.8062150986,0
2667,111.686423994631,0.578468140633647,0,14638.294174601,0
2668,111.707846687256,0.578492173445301,0,14643.7821354426,0
2669,111.729257138243,0.57851622918812,0,14649.2700976223,0
2670,111.750655341509,0.578540307450614,0,14654.7580611391,0
2671,111.772041291174,0.578564407826465,0,14660.2460259922,0
2672,111.793414981562,0.578588529914455,0,14665.7339921805,0
2673,111.814776407191,0.578612673318398,0,14671.221959703,0
2674,111.836125562775,0.57863683764707,0,14676.7099285587,0
2675,111.857462443218,0.578661022514142,0,14682.1978987467,0
2676,111.87878704361,0.578685227538112,0,14687.685870266,0
2677,111.900099359225,0.578709452342246,0,14693.1738431156,0
2678,111.921399385518,0.5787336965545,0,14698.6618172945,0
2679,111.942687118118,0.578757959807472,0,14704.1497928017,0
2680,111.96396255283,0.578782241738327,0,14709.6377696363,0
2681,111.985225685628,0.57880654198874,0,14715.1257477973,0
2682,112.006476512655,0.578830860204839,0,14720.6137272837,0
2683,112.027715030215,0.578855196037135,0,14726.1017080945,0
2684,112.048941234777,0.578879549140473,0,14731.5896902287,0
2685,112.070155122966,0.578903919173966,0,14737.0776736854,0
2686,112.091356691564,0.578928305800946,0,14742.5656584637,0
2687,112.112545937504,0.578952708688895,0,14748.0536445624,0
2688,112.133722857869,0.578977127509405,0,14753.5416319807,0
2689,112.154887449892,0.579001561938108,0,14759.0296207176,0
2690,112.176039710946,0.57902601165463,0,14764.5176107721,0
2691,112.197179638551,0.579050476342541,0,14770.0056021433,0
2692,112.218307230361,0.579074955689289,0,14775.4935948301,0
2693,112.239422484172,0.579099449386165,0,14780.9815888317,0
2694,112.260525397911,0.579123957128238,0,14786.4695841469,0
2695,112.281615969638,0.579148478614315,0,14791.957580775,0
2696,112.302694197542,0.579173013546881,0,14797.4455787148,0
2697,112.32376007994,0.579197561632061,0,14802.9335779655,0
2698,112.344813615274,0.579222122579566,0,14808.421578526,0
2699,112.365854802109,0.579246696102643,0,14813.9095803955,0
2700,112.38688363913,0.579271281918036,0,14819.3975835729,0
2701,112.407900125139,0.579295879745932,0,14824.8855880572,0
2702,112.428904259057,0.579320489309922,0,14830.3735938476,0
2703,112.449896039917,0.579345110336947,0,14835.8616009431,0
2704,112.470875466865,0.57936974255727,0,14841.3496093426,0
2705,112.491842539157,0.579394385704412,0,14846.8376190453,0
2706,112.512797256157,0.579419039515127,0,14852.3256300501,0
2707,112.533739617336,0.57944370372935,0,14857.8136423562,0
2708,112.554669622268,0.579468378090155,0,14863.3016559625,0
2709,112.575587270631,0.579493062343723,0,14868.7896708681,0
2710,112.596492562201,0.579517756239288,0,14874.277687072,0
2711,112.617385496855,0.579542459529109,0,14879.7657045734,0
2712,112.638266074567,0.579567171968424,0,14885.2537233712,0
2713,112.659134295406,0.579591893315413,0,14890.7417434644,0
2714,112.679990159535,0.579616623331161,0,14896.2297648522,0
2715,112.700833667206,0.579641361779617,0,14901.7177875336,0
2716,112.721664818767,0.579666108427562,0,14907.2058115075,0
2717,112.742483614649,0.579690863044567,0,14912.6938367732,0
2718,112.763290055374,0.579715625402962,0,14918.1818633295,0
2719,112.784084141547,0.579740395277793,0,14923.6698911757,0
2720,112.80486587386,0.579765172446797,0,14929.1579203106,0
2721,112.825635253085,0.579789956690358,0,14934.6459507334,0
2722,112.846392280076,0.57981474779148,0,14940.1339824431,0
2723,112.867136955766,0.579839545535746,0,14945.6220154388,0
2724,112.887869281169,0.579864349711295,0,14951.1100497196,0
2725,112.908589257372,0.579889160108779,0,14956.5980852844,0
2726,112.929296885539,0.579913976521336,0,14962.0861221323,0
2727,112.949992166911,0.57993879874456,0,14967.5741602625,0
2728,112.970675102798,0.579963626576462,0,14973.0621996739,0
2729,112.991345694582,0.57998845981745,0,14978.5502403656,0
2730,113.012003943719,0.580013298270289,0,14984.0382823366,0
2731,113.032649851729,0.580038141740076,0,14989.5263255861,0
2732,113.053283420203,0.580062990034208,0,14995.0143701131,0
2733,113.073904650799,0.580087842962356,0,15000.5024159166,0
2734,113.094513545239,0.580112700336432,0,15005.9904629957,0
2735,113.115110105309,0.580137561970563,0,15011.4785113495,0
2736,113.13569433286,0.580162427681065,0,15016.966560977,0
2737,113.156266229804,0.580187297286409,0,15022.4546118773,0
2738,113.176825798114,0.580212170607202,0,15027.9426640494,0
2739,113.197373039823,0.580237047466151,0,15033.4307174925,0
2740,113.217907957023,0.580261927688048,0,15038.9187722055,0
2741,113.238430551864,0.580286811099731,0,15044.4068281876,0
2742,113.258940826552,0.580311697530069,0,15049.8948854378,0
2743,113.27943878335,0.58033658680993,0,15055.3829439552,0
2744,113.299924424575,0.580361478772157,0,15060.8710037388,0
2745,113.320397752599,0.580386373251549,0,15066.3590647878,0
2746,113.340858769845,0.580411270084826,0,15071.8471271011,0
2747,113.361307478789,0.580436169110617,0,15077.3351906779,0
2748,113.38174388196,0.580461070169424,0,15082.8232555172,0
2749,113.402167981933,0.580485973103611,0,15088.3113216181,0
2750,113.422579781337,0.580510877757369,0,15093.7993889797,0
2751,113.442979282845,0.580535783976705,0,15099.287457601,0
2752,113.463366489182,0.580560691609409,0,15104.7755274812,0
2753,113.483741403116,0.580585600505037,0,15110.2635986192,0
2754,113.504104027463,0.580610510514891,0,15115.7516710142,0
2755,113.524454365084,0.580635421491993,0,15121.2397446652,0
2756,113.544792418883,0.580660333291068,0,15126.7278195714,0
2757,113.565118191811,0.580685245768517,0,15132.2158957317,0
2758,113.585431686857,0.580710158782405,0,15137.7039731453,0
2759,113.605732907056,0.580735072192431,0,15143.1920518113,0
2760,113.626021855482,0.580759985859917,0,15148.6801317287,0
2761,113.646298535251,0.58078489964778,0,15154.1682128966,0
2762,113.666562949519,0.58080981342052,0,15159.6562953141,0
2763,113.68681510148,0.580834727044194,0,15165.1443789802,0
2764,113.707054994367,0.580859640386399,0,15170.6324638941,0
2765,113.727282631451,0.58088455331626,0,15176.1205500549,0
2766,113.747498016042,0.580909465704397,0,15181.6086374615,0
2767,113.767701151482,0.580934377422923,0,15187.0967261132,0
2768,113.787892041154,0.580959288345412,0,15192.5848160089,0
2769,113.808070688473,0.580984198346891,0,15198.0729071479,0
2770,113.828237096889,0.581009107303817,0,15203.560999529,0
2771,113.848391269888,0.581034015094062,0,15209.0490931515,0
2772,113.868533210988,0.581058921596895,0,15214.5371880145,0
2773,113.88866292374,0.581083826692966,0,15220.025284117,0
2774,113.908780411727,0.581108730264289,0,15225.513381458,0
2775,113.928885678564,0.581133632194222,0,15231.0014800368,0
2776,113.948978727898,0.581158532367458,0,15236.4895798523,0
2777,113.969059563406,0.581183430670003,0,15241.9776809038,0
2778,113.989128188795,0.581208326989163,0,15247.4657831902,0
2779,114.009184607801,0.581233221213527,0,15252.9538867106,0
2780,114.029228824191,0.581258113232951,0,15258.4419914643,0
2781,114.049260841758,0.581283002938548,0,15263.9300974501,0
2782,114.069280664326,0.581307890222664,0,15269.4182046673,0
2783,114.089288295745,0.581332774978872,0,15274.906313115,0
2784,114.109283739891,0.581357657101953,0,15280.3944227921,0
2785,114.129267000668,0.58138253648788,0,15285.8825336979,0
2786,114.149238082006,0.581407413033808,0,15291.3706458315,0
2787,114.169196987861,0.581432286638059,0,15296.8587591918,0
2788,114.189143722214,0.581457157200105,0,15302.3468737781,0
2789,114.209078289071,0.581482024620556,0,15307.8349895894,0
2790,114.229000692462,0.581506888801151,0,15313.3231066248,0
2791,114.24891093644,0.581531749644736,0,15318.8112248834,0
2792,114.268809025084,0.581556607055259,0,15324.2993443643,0
2793,114.288694962494,0.581581460937751,0,15329.7874650667,0
2794,114.308568752794,0.581606311198318,0,15335.2755869896,0
2795,114.32843040013,0.581631157744124,0,15340.7637101321,0
2796,114.348279908669,0.581656000483383,0,15346.2518344934,0
2797,114.368117282601,0.581680839325343,0,15351.7399600725,0
2798,114.387942526137,0.581705674180274,0,15357.2280868685,0
2799,114.407755643507,0.581730504959462,0,15362.7162148806,0
2800,114.427556638965,0.581755331575186,0,15368.2043441078,0
2801,114.447345516781,0.581780153940718,0,15373.6924745493,0
2802,114.467122281247,0.581804971970303,0,15379.1806062042,0
2803,114.486886936675,0.581829785579151,0,15384.6687390715,0
2804,114.506639487395,0.581854594683428,0,15390.1568731504,0
2805,114.526379937755,0.581879399200239,0,15395.64500844,0
2806,114.546108292123,0.581904199047624,0,15401.1331449395,0
2807,114.565824554884,0.581928994144539,0,15406.6212826478,0
2808,114.585528730441,0.581953784410857,0,15412.1094215642,0
2809,114.605220823215,0.581978569767342,0,15417.5975616877,0
2810,114.624900837644,0.582003350135656,0,15423.0857030174,0
2811,114.644568778181,0.582028125438331,0,15428.5738455526,0
2812,114.664224649299,0.582052895598773,0,15434.0619892922,0
2813,114.683868455485,0.582077660541246,0,15439.5501342354,0
2814,114.703500201242,0.582102420190861,0,15445.0382803813,0
2815,114.723119891088,0.58212717447357,0,15450.5264277291,0
2816,114.742727529559,0.58215192331615,0,15456.0145762778,0
2817,114.762323121204,0.582176666646206,0,15461.5027260266,0
2818,114.781906670588,0.582201404392144,0,15466.9908769745,0
2819,114.801478182289,0.582226136483177,0,15472.4790291208,0
2820,114.821037660902,0.582250862849308,0,15477.9671824645,0
2821,114.840585111032,0.582275583421323,0,15483.4553370047,0
2822,114.860120537304,0.582300298130782,0,15488.9434927406,0
2823,114.87964394435,0.582325006910009,0,15494.4316496712,0
2824,114.89915533682,0.582349709692088,0,15499.9198077958,0
2825,114.918654719375,0.582374406410844,0,15505.4079671134,0
2826,114.938142096689,0.58239909700085,0,15510.8961276232,0
2827,114.95761747345,0.582423781397402,0,15516.3842893243,0
2828,114.977080854358,0.582448459536524,0,15521.8724522157,0
2829,114.996532244124,0.582473131354951,0,15527.3606162967,0
2830,115.015971647471,0.582497796790125,0,15532.8487815663,0
2831,115.035399069137,0.582522455780188,0,15538.3369480238,0
2832,115.054814513867,0.58254710826397,0,15543.8251156681,0
2833,115.07421798642,0.582571754180987,0,15549.3132844985,0
2834,115.093609491567,0.582596393471425,0,15554.801454514,0
2835,115.112989034088,0.582621026076144,0,15560.2896257139,0
2836,115.132356618775,0.582645651936656,0,15565.7777980972,0
2837,115.15171225043,0.582670270995131,0,15571.265971663,0
2838,115.171055933864,0.582694883194383,0,15576.7541464105,0
2839,115.190387673903,0.582719488477864,0,15582.2423223389,0
2840,115.209707475377,0.582744086789656,0,15587.7304994472,0
2841,115.22901534313,0.582768678074464,0,15593.2186777346,0
2842,115.248311282015,0.582793262277611,0,15598.7068572002,0
2843,115.267595296892,0.582817839345029,0,15604.1950378432,0
2844,115.286867392634,0.582842409223256,0,15609.6832196627,0
2845,115.306127574121,0.58286697185942,0,15615.1714026578,0
2846,115.325375846242,0.582891527201246,0,15620.6595868277,0
2847,115.344612213895,0.582916075197037,0,15626.1477721715,0
2848,115.363836681988,0.582940615795674,0,15631.6359586883,0
2849,115.383049255436,0.58296514894661,0,15637.1241463774,0
2850,115.402249939162,0.58298967459986,0,15642.6123352377,0
2851,115.4214387381,0.583014192705997,0,15648.1005252685,0
2852,115.440615657188,0.583038703216146,0,15653.5887164689,0
2853,115.459780701376,0.583063206081978,0,15659.0769088381,0
2854,115.478933875619,0.583087701255702,0,15664.5651023751,0
2855,115.49807518488,0.583112188690062,0,15670.0532970792,0
2856,115.51720463413,0.583136668338328,0,15675.5414929495,0
2857,115.536322228349,0.583161140154293,0,15681.029689985,0
2858,115.555427972521,0.583185604092268,0,15686.5178881851,0
2859,115.574521871639,0.583210060107069,0,15692.0060875487,0
2860,115.593603930704,0.583234508154022,0,15697.4942880751,0
2861,115.61267415472,0.58325894818895,0,15702.9824897634,0
2862,115.631732548702,0.58328338016817,0,15708.4706926127,0
2863,115.65077911767,0.583307804048489,0,15713.9588966223,0
2864,115.66981386665,0.583332219787194,0,15719.4471017911,0
2865,115.688836800674,0.583356627342054,0,15724.9353081185,0
2866,115.707847924781,0.583381026671305,0,15730.4235156035,0
2867,115.726847244017,0.583405417733658,0,15735.9117242453,0
2868,115.745834763432,0.58342980048828,0,15741.3999340431,0
2869,115.764810488083,0.583454174894798,0,15746.8881449959,0
2870,115.783774423034,0.58347854091329,0,15752.376357103,0
2871,115.802726573352,0.583502898504285,0,15757.8645703635,0
2872,115.821666944111,0.583527247628751,0,15763.3527847766,0
2873,115.840595540391,0.583551588248094,0,15768.8410003414,0
2874,115.859512367276,0.583575920324157,0,15774.329217057,0
2875,115.878417429857,0.583600243819206,0,15779.8174349226,0
2876,115.897310733229,0.583624558695937,0,15785.3056539375,0
2877,115.916192282491,0.583648864917459,0,15790.7938741006,0
2878,115.935062082751,0.583673162447301,0,15796.2820954113,0
2879,115.953920139116,0.583697451249398,0,15801.7703178685,0
2880,115.972766456703,0.583721731288095,0,15807.2585414716,0
2881,115.991601040631,0.583746002528136,0,15812.7467662197,0
2882,116.010423896025,0.583770264934661,0,15818.2349921119,0
2883,116.029235028012,0.583794518473208,0,15823.7232191474,0
2884,116.048034441726,0.583818763109698,0,15829.2114473253,0
2885,116.066822142306,0.58384299881044,0,15834.6996766449,0
2886,116.085598134891,0.583867225542123,0,15840.1879071052,0
2887,116.104362424629,0.583891443271813,0,15845.6761387054,0
2888,116.12311501667,0.583915651966946,0,15851.1643714448,0
2889,116.141855916167,0.583939851595328,0,15856.6526053224,0
2890,116.16058512828,0.583964042125132,0,15862.1408403374,0
2891,116.179302658168,0.583988223524887,0,15867.629076489,0
2892,116.198008510999,0.584012395763483,0,15873.1173137764,0
2893,116.216702691942,0.584036558810158,0,15878.6055521988,0
2894,116.23538520617,0.584060712634507,0,15884.0937917552,0
2895,116.254056058859,0.584084857206464,0,15889.5820324449,0
2896,116.27271525519,0.584108992496307,0,15895.070274267,0
2897,116.291362800346,0.584133118474653,0,15900.5585172207,0
2898,116.309998699514,0.584157235112452,0,15906.0467613052,0
2899,116.328622957885,0.584181342380988,0,15911.5350065196,0
2900,116.347235580652,0.584205440251871,0,15917.0232528631,0
2901,116.365836573012,0.584229528697036,0,15922.511500335,0
2902,116.384425940164,0.584253607688738,0,15927.9997489343,0
2903,116.403003687312,0.58427767719955,0,15933.4879986602,0
2904,116.42156981966,0.584301737202358,0,15938.9762495119,0
2905,116.440124342419,0.584325787670361,0,15944.4645014886,0
2906,116.4586672608,0.584349828577067,0,15949.9527545894,0
2907,116.477198580016,0.584373859896281,0,15955.4410088136,0
2908,116.495718305285,0.584397881602119,0,15960.9292641603,0
2909,116.514226441828,0.584421893668988,0,15966.4175206287,0
2910,116.532722994866,0.584445896071593,0,15971.9057782179,0
2911,116.551207969625,0.584469888784928,0,15977.3940369272,0
2912,116.569681371332,0.584493871784282,0,15982.8822967557,0
2913,116.588143205218,0.584517845045222,0,15988.3705577026,0
2914,116.606593476515,0.584541808543603,0,15993.858819767,0
2915,116.625032190457,0.584565762255561,0,15999.3470829482,0
2916,116.643459352283,0.584589706157502,0,16004.8353472454,0
2917,116.661874967232,0.584613640226114,0,16010.3236126577,0
2918,116.680279040545,0.584637564438351,0,16015.8118791842,0
2919,116.698671577467,0.584661478771438,0,16021.3001468243,0
2920,116.717052583244,0.584685383202866,0,16026.788415577,0
2921,116.735422063123,0.584709277710386,0,16032.2766854416,0
2922,116.753780022356,0.584733162272014,0,16037.7649564172,0
2923,116.772126466194,0.584757036866017,0,16043.2532285031,0
2924,116.790461399892,0.584780901470924,0,16048.7415016983,0
2925,116.808784828705,0.584804756065511,0,16054.2297760022,0
2926,116.827096757892,0.584828600628806,0,16059.7180514138,0
2927,116.845397192713,0.584852435140083,0,16065.2063279324,0
2928,116.863686138429,0.584876259578862,0,16070.6946055572,0
2929,116.881963600304,0.584900073924903,0,16076.1828842873,0
2930,116.900229583603,0.584923878158207,0,16081.6711641219,0
2931,116.918484093593,0.584947672259013,0,16087.1594450603,0
2932,116.936727135542,0.58497145620779,0,16092.6477271016,0
2933,116.95495871472,0.584995229985246,0,16098.136010245,0
2934,116.9731788364,0.585018993572315,0,16103.6242944897,0
2935,116.991387505853,0.585042746950156,0,16109.112579835,0
2936,117.009584728356,0.58506649010016,0,16114.6008662799,0
2937,117.027770509183,0.585090223003934,0,16120.0891538236,0
2938,117.045944853613,0.585113945643311,0,16125.5774424655,0
2939,117.064107766925,0.585137658000338,0,16131.0657322046,0
2940,117.082259254399,0.585161360057281,0,16136.5540230402,0
2941,117.100399321316,0.585185051796619,0,16142.0423149715,0
2942,117.11852797296,0.585208733201044,0,16147.5306079977,0
2943,117.136645214616,0.585232404253455,0,16153.0189021179,0
2944,117.154751051568,0.58525606493696,0,16158.5071973313,0
2945,117.172845489103,0.585279715234873,0,16163.9954936372,0
2946,117.190928532509,0.58530335513071,0,16169.4837910348,0
2947,117.209000187076,0.585326984608191,0,16174.9720895232,0
2948,117.227060458093,0.58535060365123,0,16180.4603891017,0
2949,117.245109350853,0.585374212243944,0,16185.9486897694,0
2950,117.263146870646,0.58539781037064,0,16191.4369915256,0
2951,117.281173022768,0.585421398015823,0,16196.9252943695,0
2952,117.299187812511,0.585444975164186,0,16202.4135983002,0
2953,117.317191245172,0.585468541800612,0,16207.901903317,0
2954,117.335183326048,0.585492097910174,0,16213.3902094191,0
2955,117.353164060435,0.585515643478125,0,16218.8785166057,0
2956,117.371133453632,0.585539178489908,0,16224.3668248759,0
2957,117.389091510937,0.585562702931143,0,16229.855134229,0
2958,117.407038237652,0.585586216787634,0,16235.3434446642,0
2959,117.424973639077,0.585609720045359,0,16240.8317561808,0
2960,117.442897720514,0.585633212690476,0,16246.3200687778,0
2961,117.460810487265,0.585656694709316,0,16251.8083824545,0
2962,117.478711944634,0.585680166088383,0,16257.2966972102,0
2963,117.496602097925,0.585703626814353,0,16262.7850130441,0
2964,117.514480952442,0.585727076874069,0,16268.2733299552,0
2965,117.532348513492,0.585750516254545,0,16273.761647943,0
2966,117.550204786381,0.58577394494296,0,16279.2499670065,0
2967,117.568049776415,0.585797362926657,0,16284.7382871449,0
2968,117.585883488902,0.585820770193143,0,16290.2266083576,0
2969,117.603705929151,0.585844166730082,0,16295.7149306437,0
2970,117.62151710247,0.585867552525305,0,16301.2032540024,0
2971,117.63931701417,0.585890927566792,0,16306.6915784329,0
2972,117.657105669559,0.585914291842689,0,16312.1799039345,0
2973,117.674883073949,0.585937645341288,0,16317.6682305064,0
2974,117.692649232651,0.585960988051041,0,16323.1565581477,0
2975,117.710404150976,0.585984319960548,0,16328.6448868578,0
2976,117.728147834238,0.586007641058561,0,16334.1332166357,0
2977,117.745880287748,0.58603095133398,0,16339.6215474808,0
2978,117.76360151682,0.586054250775853,0,16345.1098793922,0
2979,117.781311526769,0.586077539373374,0,16350.5982123693,0
2980,117.799010322907,0.586100817115879,0,16356.0865464111,0
2981,117.81669791055,0.586124083992852,0,16361.5748815169,0
2982,117.834374295013,0.586147339993913,0,16367.0632176859,0
2983,117.852039481611,0.586170585108826,0,16372.5515549174,0
2984,117.86969347566,0.586193819327494,0,16378.0398932106,0
2985,117.887336282476,0.586217042639953,0,16383.5282325646,0
2986,117.904967907376,0.586240255036381,0,16389.0165729788,0
2987,117.922588355678,0.586263456507086,0,16394.5049144524,0
2988,117.940197632697,0.586286647042514,0,16399.9932569845,0
2989,117.957795743753,0.586309826633239,0,16405.4816005744,0
2990,117.975382694162,0.586332995269967,0,16410.9699452213,0
2991,117.992958489244,0.586356152943535,0,16416.4582909244,0
2992,118.010523134317,0.586379299644906,0,16421.9466376831,0
2993,118.028076634699,0.586402435365173,0,16427.4349854964,0
2994,118.045618995709,0.586425560095552,0,16432.9233343636,0
2995,118.063150222668,0.586448673827386,0,16438.411684284,0
2996,118.080670320895,0.586471776552138,0,16443.9000352568,0
2997,118.098179295709,0.586494868261396,0,16449.3883872812,0
2998,118.11567715243,0.586517948946869,0,16454.8767403565,0
2999,118.13316389638,0.586541018600383,0,16460.3650944818,0
3000,118.150639532878,0.586564077213886,0,16465.8534496564,0
3001,118.168104067244,0.58658712477944,0,16471.3418058795,0
3002,118.185557504801,0.586610161289227,0,16476.8301631505,0
3003,118.202999850868,0.586633186735541,0,16482.3185214684,0
3004,118.220431110767,0.586656201110793,0,16487.8068808325,0
3005,118.23785128982,0.586679204407503,0,16493.2952412421,0
3006,118.255260393347,0.586702196618305,0,16498.7836026965,0
3007,118.272658426671,0.586725177735947,0,16504.2719651947,0
3008,118.290045395112,0.586748147753279,0,16509.7603287362,0
3009,118.307421303994,0.586771106663268,0,16515.24869332,0
3010,118.324786158637,0.586794054458982,0,16520.7370589455,0
3011,118.342139964363,0.5868169911336,0,16526.2254256119,0
3012,118.359482726496,0.586839916680402,0,16531.7137933184,0
3013,118.376814450356,0.586862831092777,0,16537.2021620643,0
3014,118.394135141267,0.586885734364215,0,16542.6905318487,0
3015,118.411444804551,0.586908626488309,0,16548.178902671,0
3016,118.428743445529,0.586931507458754,0,16553.6672745304,0
3017,118.446031069524,0.586954377269343,0,16559.1556474261,0
3018,118.463307681859,0.586977235913972,0,16564.6440213574,0
3019,118.480573287857,0.587000083386632,0,16570.1323963234,0
3020,118.497827892839,0.587022919681416,0,16575.6207723235,0
3021,118.515071502128,0.587045744792509,0,16581.109149357,0
3022,118.532304121047,0.587068558714195,0,16586.5975274229,0
3023,118.549525754918,0.587091361440852,0,16592.0859065206,0
3024,118.566736409064,0.587114152966949,0,16597.5742866494,0
3025,118.583936088807,0.587136933287054,0,16603.0626678084,0
3026,118.60112479947,0.58715970239582,0,16608.5510499969,0
3027,118.618302546375,0.587182460287997,0,16614.0394332142,0
3028,118.635469334845,0.587205206958423,0,16619.5278174595,0
3029,118.652625170202,0.587227942402025,0,16625.016202732,0
3030,118.669770057768,0.58725066661382,0,16630.5045890311,0
3031,118.686904002865,0.58727337958891,0,16635.9929763559,0
3032,118.704027010817,0.587296081322489,0,16641.4813647057,0
3033,118.721139086945,0.58731877180983,0,16646.9697540797,0
3034,118.738240236571,0.587341451046299,0,16652.4581444773,0
3035,118.755330465017,0.587364119027339,0,16657.9465358976,0
3036,118.772409777606,0.587386775748483,0,16663.4349283399,0
3037,118.789478179659,0.587409421205343,0,16668.9233218035,0
3038,118.806535676497,0.587432055393613,0,16674.4117162876,0
3039,118.823582273444,0.587454678309073,0,16679.9001117915,0
3040,118.84061797582,0.587477289947575,0,16685.3885083143,0
3041,118.857642788946,0.587499890305059,0,16690.8769058555,0
3042,118.874656718145,0.58752247937754,0,16696.3653044141,0
3043,118.891659768737,0.58754505716111,0,16701.8537039896,0
3044,118.908651946044,0.587567623651942,0,16707.3421045811,0
3045,118.925633255387,0.587590178846282,0,16712.8305061878,0
3046,118.942603702086,0.587612722740457,0,16718.3189088092,0
3047,118.959563291463,0.587635255330862,0,16723.8073124443,0
3048,118.976512028838,0.587657776613974,0,16729.2957170925,0
3049,118.993449919531,0.587680286586339,0,16734.784122753,0
3050,119.010376968864,0.587702785244578,0,16740.2725294252,0
3051,119.027293182156,0.587725272585384,0,16745.7609371081,0
3052,119.044198564727,0.587747748605522,0,16751.2493458012,0
3053,119.061093121898,0.587770213301827,0,16756.7377555036,0
3054,119.077976858987,0.587792666671206,0,16762.2261662147,0
3055,119.094849781315,0.587815108710637,0,16767.7145779337,0
3056,119.111711894202,0.587837539417161,0,16773.2029906598,0
3057,119.128563202965,0.587859958787895,0,16778.6914043923,0
3058,119.145403712926,0.587882366820019,0,16784.1798191305,0
3059,119.162233429401,0.58790476351078,0,16789.6682348737,0
3060,119.17905235771,0.587927148857496,0,16795.156651621,0
3061,119.195860503173,0.587949522857545,0,16800.6450693719,0
3062,119.212657871106,0.587971885508375,0,16806.1334881254,0
3063,119.229444466828,0.587994236807494,0,16811.621907881,0
3064,119.246220295657,0.588016576752479,0,16817.1103286379,0
3065,119.262985362911,0.588038905340968,0,16822.5987503953,0
3066,119.279739673908,0.58806122257066,0,16828.0871731525,0
3067,119.296483233964,0.588083528439319,0,16833.5755969088,0
3068,119.313216048397,0.58810582294477,0,16839.0640216634,0
3069,119.329938122524,0.588128106084899,0,16844.5524474157,0
3070,119.346649461662,0.58815037785765,0,16850.0408741648,0
3071,119.363350071127,0.588172638261032,0,16855.5293019101,0
3072,119.380039956235,0.588194887293108,0,16861.0177306509,0
3073,119.396719122302,0.588217124952003,0,16866.5061603863,0
3074,119.413387574644,0.5882393512359,0,16871.9945911157,0
3075,119.430045318578,0.588261566143037,0,16877.4830228384,0
3076,119.446692359417,0.588283769671714,0,16882.9714555536,0
3077,119.463328702477,0.588305961820283,0,16888.4598892606,0
3078,119.479954353074,0.588328142587154,0,16893.9483239586,0
3079,119.496569316522,0.588350311970792,0,16899.436759647,0
3080,119.513173598134,0.588372469969718,0,16904.9251963251,0
3081,119.529767203226,0.588394616582507,0,16910.413633992,0
3082,119.546350137111,0.588416751807787,0,16915.9020726471,0
3083,119.562922405103,0.58843887564424,0,16921.3905122897,0
3084,119.579484012515,0.588460988090602,0,16926.8789529189,0
3085,119.59603496466,0.588483089145661,0,16932.3673945342,0
3086,119.612575266852,0.588505178808255,0,16937.8558371348,0
3087,119.629104924402,0.588527257077277,0,16943.34428072,0
3088,119.645623942623,0.588549323951668,0,16948.832725289,0
3089,119.662132326828,0.58857137943042,0,16954.3211708411,0
3090,119.678630082327,0.588593423512578,0,16959.8096173756,0
3091,119.695117214433,0.588615456197232,0,16965.2980648918,0
3092,119.711593728457,0.588637477483526,0,16970.786513389,0
3093,119.728059629709,0.588659487370646,0,16976.2749628665,0
3094,119.744514923501,0.588681485857834,0,16981.7634133235,0
3095,119.760959615142,0.588703472944375,0,16987.2518647593,0
3096,119.777393709943,0.588725448629601,0,16992.7403171732,0
3097,119.793817213214,0.588747412912893,0,16998.2287705646,0
3098,119.810230130264,0.588769365793678,0,17003.7172249326,0
3099,119.826632466402,0.588791307271429,0,17009.2056802765,0
3100,119.843000916531,0.588813237345661,5.20490186307217e-10,17014.6941443247,8.85598132513986e-06
3101,112.724315993644,0.588835156015941,0.0001535290187045,17022.3532809858,2.61342519527108
3102,98.5891303730019,0.588857063281875,0.000446917599437027,17031.6784978284,7.61175686863271
3103,83.4152779384439,0.588878959143116,0.000758457702669653,17040.7943901521,12.9247217648207
3104,70.8501707624677,0.588900843599358,0.001023353324889,17048.737560336,17.4468822675298
3105,60.6856814403137,0.588922716650344,0.00125189737001467,17055.7853917638,21.3520928754838
3106,51.9071296265619,0.588944578295853,0.0014625938554373,17062.3282466728,24.955256453038
3107,44.1732498216127,0.588966428535713,0.00166006126373847,17068.4995072982,28.334754862205
3108,37.37423768874,0.588988267369789,0.00184631044901525,17074.3732677244,31.5245937745862
3109,31.4823333955997,0.589010094797992,0.00202294458713235,17080.0058797124,34.551905442553
3110,26.4826808769855,0.589031910820273,0.00219140964875104,17085.4431558394,37.441204984894
3111,22.3408218407987,0.589053715436623,0.00235297309826849,17090.7221364013,40.214009416934
3112,18.9953386344914,0.58907550864625,0.00250875365102423,17095.8731514696,42.8893341861964
3113,16.3607860622074,0.588988565377616,0.00266024142041921,17100.9298707539,45.4926019698635
3114,14.3450668305557,0.588447379690348,0.00280904034404155,17105.9257281112,48.0512354924428
3115,12.8683510542886,0.587344696845444,0.00295610009461141,17110.8813481913,50.581477972273
3116,11.865769986789,0.585758607915665,0.00310199053732015,17115.8096748089,53.0930796498297
3117,11.2865186588415,0.583834165474546,0.00324708735640908,17120.719466919,55.5924717136596
3118,11.0909953938496,0.581655852378798,0.00339176946112568,17125.6189183025,58.0861512499746
3119,11.2477879079731,0.579273769703011,0.00353641993492045,17130.5158451463,60.5806977302461
3120,11.7323598255954,0.576724693022375,0.00368125679893571,17135.4149003444,63.0798626044771
3121,12.5249922307603,0.574040267783125,0.00382651265553943,17140.3207493601,65.5876542674316
3122,13.609077776885,0.571250141843769,0.00397247602029673,17145.2388483114,68.1090501871769
3123,14.9780094440817,0.568382562153134,0.00410474019253854,17150.1267199552,70.3968144545295
3124,16.6267012983047,0.565463862256421,0.00421230281431089,17154.9638951538,72.261902694958
3125,18.5422885245826,0.562517690877471,0.00429984640725539,17159.7825725645,73.7844294439251
3126,20.7148240852105,0.559564415188407,0.00437113573935454,17164.6054359183,75.0288202728619
3127,23.1451753498494,0.556621498432715,0.00442920546517047,17169.4480595331,76.0470131792443
3128,25.8519329360823,0.553704270844376,0.00447650753454056,17174.3207319351,76.8809761571238
3129,28.8656012961256,0.550826641169771,0.00451502699983542,17179.2298324328,77.5646865298125
3130,32.210485609138,0.548001696058894,0.00454637391723731,17184.1788767615,78.1257026344487
3131,34.9263695638822,0.545242065808612,0.00469608354417636,17190.9504107186,80.7301393325274
3132,36.1702929219974,0.542560186959114,0.00495949547225949,17199.2056565229,85.2993825799851
3133,36.1510887344982,0.539968450215258,0.00524049143931345,17207.4169045189,90.1753209808289
3134,35.4591987030412,0.537479224127847,0.00548427210657809,17214.7315229172,94.4102719133654
3135,34.2450350536186,0.535104955929041,0.00569882141254863,17221.3559920151,98.1414322804184
3136,32.4306453369013,0.532858564745552,0.00589928911898705,17227.6026197817,101.630608681111
3137,30.1045012826075,0.530752739767767,0.00608908772174953,17233.5671180706,104.93670194059
3138,27.4526029461094,0.528799624938151,0.00626947485414401,17239.2979518645,108.081345012311
3139,24.6904271112265,0.527011028074085,0.006441548127846,17244.8335668912,111.083425377824
3140,22.0104830603975,0.52539918777905,0.00660634735523595,17250.2061300692,113.960853644658
3141,19.5533812462242,0.523977600341295,0.00676484998916185,17255.4428858736,116.730482619485
3142,17.4035357747831,0.522760965988093,0.00691794850802159,17260.5668090876,119.407712404534
3143,15.5962807183541,0.52174188281468,0.00706699351155185,17265.6068093457,122.015931294651
3144,14.1359947531224,0.520832075661249,0.00721346699880821,17270.5926219133,124.580849928032
3145,13.0150568554511,0.519938377353933,0.00735825749337493,17275.5426029454,127.117890810241
3146,12.2223102151737,0.518998035274006,0.00750189552902136,17280.4681033203,129.636266403695
3147,11.7466294694988,0.517983402925312,0.00764474230288085,17285.3769575334,132.142252448498
3148,11.5775437729347,0.516863606133225,0.00778715339573149,17290.2764881367,134.64203526773
3149,11.7046661964195,0.515609167858265,0.00792950617917386,17295.1740983922,137.142189883089
3150,12.1182374915964,0.514200383019091,0.00807201693711391,17300.0741674389,139.646491692894
3151,12.8088110343406,0.512630817264459,0.00821491277074995,17304.9811049536,142.15891027667
3152,13.7667857942626,0.510906761041431,0.00835847981435345,17309.900237361,144.684451722454
3153,14.9893186743978,0.509044191576727,0.00848852342717085,17314.7892399576,146.976994099906
3154,16.4739169139594,0.507064963913735,0.00859409700450513,17319.6273740525,148.846557734489
3155,18.2101350225883,0.50499340072734,0.00867982656268323,17324.4468027621,150.373193542407
3156,20.1894499133358,0.502853771292728,0.00874943381190733,17329.2702034924,151.621302654115
3157,22.4130530597566,0.500669241107991,0.00880592056661978,17334.1131618241,152.642823595821
3158,24.8986340180382,0.49846171152927,0.00885171372380427,17338.985987104,153.479740218898
3159,27.6751468225714,0.496251971438662,0.00888877921223455,17343.8950835183,154.166054077555
3160,30.7659627017969,0.49405994293655,0.00891871266558793,17348.8439949007,154.72935467063
3161,33.2686878899032,0.491904814349826,0.00906567865220759,17355.6191567404,157.340466085106
3162,34.3929498050651,0.489805140744335,0.00932480499549807,17363.8767730772,161.914764874803
3163,34.334370195193,0.487778898795378,0.00960134855496514,17372.0903742873,166.795494811887
3164,33.6470590621132,0.485843461813431,0.00984130546402788,17379.408342331,171.036066280954
3165,32.4750977673542,0.484015696708137,0.0100523461754082,17386.033857983,174.770430957813
3166,30.743449150793,0.482312430809882,0.0102495214856801,17392.2813581916,178.262561465778
3167,28.5343873413995,0.480749726929274,0.0104361817741637,17398.2464333494,181.57126233013
3168,26.0216970767479,0.479342576954626,0.0106135828969334,17403.9779274069,184.718562468932
3169,23.407821371213,0.47810520302955,0.0107827762624157,17409.5138176495,187.722892333149
3170,20.8734453360244,0.477051997742222,0.0109447946560101,17414.8864570896,190.602356230577
3171,18.5506674611612,0.476198520997897,0.011100602985483,17420.1231492466,193.373871038009
3172,16.5188193786584,0.475561487633956,0.0112510863108732,17425.2469865948,196.052957834462
3173,14.8112656927387,0.475132555380175,0.0113975656187189,17430.2867082439,198.662836510294
3174,13.4322308429585,0.474812594416062,0.0115415040324693,17435.2720935858,201.229263175321
3175,12.3747378373478,0.474497353908582,0.0116837752309328,17440.2214651823,203.767627576879
3176,11.6284881678712,0.474116915024674,0.011824913834582,17445.1463840547,206.287352823116
3177,11.1833471214085,0.473640933044008,0.0119652694847464,17450.054575272,208.794605516661
3178,11.0297960209745,0.473035769179134,0.0121051974588077,17454.9534473653,211.295658114654
3179,11.1584102374324,0.472269492931606,0.0122450700486014,17459.8504091847,213.797091298568
3180,11.5603421260156,0.471321115969454,0.0123850988462777,17464.749812128,216.302652748716
3181,12.2270028461376,0.470184388654063,0.0125255082337126,17469.6560748379,218.816321005511
3182,13.1496260295404,0.468867106615499,0.0126665806352903,17474.5745322144,221.343107379684
3183,14.3259489422536,0.467387674263367,0.0127941230492548,17479.4623473935,223.634392107369
3184,15.7539042587077,0.465770869526384,0.0128974675427384,17484.299441584,225.503184555348
3185,17.4239397209039,0.464044075662472,0.0129811806369662,17489.1179275877,227.029398999219
3186,19.3283925995118,0.462234518353173,0.0130489374472632,17493.9404508795,228.277334649674
3187,21.4689970421525,0.460368111994014,0.0131037032522137,17498.7825773081,229.298854168054
3188,23.8633598448854,0.458469287348361,0.0131478762329464,17503.6546041146,230.135884359141
3189,26.539896242748,0.456561150754415,0.0131833998438693,17508.5629297236,230.822385794094
3190,29.5216367265065,0.454665764682216,0.0132118519872238,17513.5110941239,231.385916352167
3191,32.8097903565435,0.452804292791389,0.0132345159806242,17518.5005672367,231.848875713668
3192,36.3766515502399,0.450997115547221,0.0132524371317041,17523.531344111,232.229497463276
3193,40.1692895819703,0.449263896425835,0.0132664680975293,17528.6023940849,232.542644455403
3194,44.1195454154604,0.447623562642909,0.0132773052950731,17533.7119975703,232.800447147628
3195,48.1549010257601,0.446094424417118,0.0132855182168659,17538.8579970683,233.012817423075
3196,52.2068000569855,0.444694680763491,0.0132915730838256,17544.0379826347,233.187863031601
3197,56.2154434790326,0.443441656596527,0.0132958519677797,17549.2494273047,233.332222531085
3198,60.1316121175109,0.442351494000713,0.0132986682858094,17554.4897844905,233.451336570569
3199,63.916571786308,0.441439492272581,0.0133002793709536,17559.7565564702,233.549667886988
3200,67.5410271536157,0.440721126846938,0.013300896688475,17565.0473410851,233.630880011946
3201,70.9837663830876,0.440213119404941,0.0133006941529444,17570.3598620877,233.697982682799
3202,74.2303385756144,0.43993342169239,0.0132998149040746,17575.6919873186,233.753450242364
3203,77.2718944322007,0.43989963314114,0.0132983768395517,17581.0417379401,233.799318263015
3204,80.1042120718465,0.440126427397466,0.0132964771312645,17586.4072911716,233.837262368166
3205,82.7268810121074,0.440623055062198,0.0132941959231596,17591.7869784132,233.868662729513
3206,85.1426126050493,0.441391755172807,0.0132915993548731,17597.1792801778,233.894656767997
3207,87.3566479059482,0.442427350420096,0.0132887420428886,17602.5828189018,233.91618236897
3208,89.3762463817251,0.443717846666211,0.0132856691130539,17607.9963504486,233.934013255921
3209,91.2102431759663,0.445245651594554,0.013282417871022,17613.4187548879,233.948788039718
3210,92.8686683539083,0.446989037400544,0.0132790191735207,17618.8490269977,233.96103404487
3211,94.3624215999093,0.448923578689284,0.0132754985563289,17624.2862667958,233.971186891174
3212,95.7029965245037,0.451023420723814,0.0132718771624253,17629.7296703192,233.97960659124
3213,96.9022485774671,0.453262322600494,0.0132681725058329,17635.1785208077,233.986590785236
3214,97.9721998698694,0.455614476118453,0.0132643991015133,17640.632180373,233.992385643467
3215,98.9248748285321,0.458055123516125,0.013260568984103,17646.0900822248,233.997194835038
3216,99.7721604785359,0.460561005515362,0.0132566921363486,17651.5517234621,234.001186926771
3217,100.52568752357,0.463110668372293,0.0132527768423567,17657.0166584503,234.004501476216
3218,101.196730089221,0.465684655670217,0.0132488299795713,17662.4844927607,234.0072540614
3219,101.796123777532,0.468265606026698,0.0132448572599445,17667.9548776576,234.009540429715
3220,102.334200960445,0.470838275294453,0.0132408634293013,17673.4275051051,234.011439922753
3221,102.820739784859,0.473389499492986,0.013236852432338,17678.9021032565,234.013018306555
3222,103.26492077847,0.475908112501439,0.0132328275490414,17684.3784323991,234.014330107925
3223,103.675283918493,0.478384831390206,0.0132287915077613,17689.8562813118,234.015420547734
3224,104.059681243742,0.480812119600808,0.0132247465787655,17695.335464007,234.016327137734
3225,104.425224307983,0.483184037386608,0.0132206946518387,17700.8158168196,234.017081002608
3226,104.778230700019,0.485496086230839,0.0132166373005804,17706.2971958113,234.017707973322
3227,105.124177194049,0.487745053100901,0.0132125758357353,17711.7794744621,234.018229492151
3228,105.467667885129,0.489928858443678,0.0132085113494632,17717.2625416171,234.018663362368
3229,105.812424084734,0.492046410754219,0.0132044447520545,17722.7462996666,234.019024368626
3230,106.161299438854,0.494097469820381,0.0132003768024524,17728.230662932,234.019324791493
3231,106.516320228175,0.49608251962674,0.0131963081335794,17733.7155562376,234.019574833362
3232,106.87874776108,0.49800265199329,0.0131922392734044,17739.200913648,234.019782971838
3233,107.24915789127,0.499859460907718,0.0131881706624473,17744.6866773521,234.019956252575
3234,107.627531859919,0.501654947476817,0.0131841026683382,17750.1727966789,234.020100532158
3235,108.013352913771,0.503391434553186,0.0131800355979347,17755.6592272287,234.020220679672
3236,108.40570363676,0.50507148983377,0.0131759697073997,17761.1459301082,234.020320743811
3237,108.803360184006,0.506697856204636,0.0131719052105994,17766.6328712569,234.020404091715
3238,109.20488027256,0.508273388087429,0.0131678422860918,17772.1200208534,234.020473524091
3239,109.608683017486,0.509800993277874,0.0131637810829532,17777.6073527945,234.020531370886
3240,110.013119239141,0.511283579964551,0.0131597217256334,17783.0948442362,234.020579570694
3241,110.416531641841,0.512724009285549,0.0131556643180024,17788.5824751911,234.020619736715
3242,110.817304765736,0.514125053845897,0.0131516089467287,17794.0702281745,234.020653211578
3243,111.21390493106,0.515489362717558,0.0131475556840944,17799.5580878937,234.020681112856
3244,111.604910840322,0.516819433304054,0.0131435045903486,17805.0460409756,234.02070437093
3245,111.989035569969,0.518117590137207,0.0131394557156689,17810.5340757275,234.020723760433
3246,112.365140962564,0.519385970482837,0.0131354091018026,17816.0221819277,234.020739926411
3247,112.732245410499,0.520626516289243,0.0131313647834366,17821.5103506414,234.020753406064
3248,113.089526101588,0.521840971876973,0.0131273227893421,17826.9985740601,234.020764646829
3249,113.436316743087,0.523030886602392,0.0131232831433335,17832.48684536,234.02077402143
3250,113.772101731997,0.524197621665198,0.0131192458650683,17837.9751585791,234.020781840381
3251,114.096507644157,0.525342360231108,0.0131152109707184,17843.4635085083,234.020788362401
3252,114.409292825526,0.526466120044095,0.0131111784735303,17848.9518905974,234.020793803078
3253,114.710335744362,0.527569767780375,0.013107148384296,17854.4403008718,234.02079834208
3254,114.999622665833,0.528654034459575,0.0131031207117458,17859.92873586,234.02080212915
3255,115.277235101026,0.529719531311619,0.0130990954628786,17865.4171925304,234.020805289109
3256,115.543337372403,0.53076676560721,0.0130950726432386,17870.9056682356,234.020807926009
3257,115.798164576049,0.531796156022618,0.0130910522571466,17876.3941606639,234.020810126602
3258,116.042011108559,0.532808047234335,0.0130870343078954,17881.8826677969,234.020811963219
3259,116.275219905389,0.533802723486339,0.0130830187979126,17887.3711878725,234.020813496177
3260,116.498172451503,0.534780420980278,0.0130790057288978,17892.8597193523,234.020814775774
3261,116.711279615625,0.535741338983501,0.0130749951019381,17898.3482608932,234.020815843961
3262,116.914973321504,0.536685649613845,0.0130709869176045,17903.8368113231,234.02081673573
3263,117.109699048827,0.537613506316416,0.0130669811760336,17909.3253696186,234.020817480268
3264,117.295909160356,0.538525051057424,0.0130629778769961,17914.8139348866,234.020818101926
3265,117.474057021616,0.539420420328393,0.0130589770199541,17920.3025063476,234.020818621019
3266,117.644591898127,0.540299750024253,0.0130549786041096,17925.7910833212,234.020819054496
3267,117.807954589818,0.541163179320479,0.0130509826284456,17931.2796652136,234.020819416503
3268,117.964573772707,0.542010853639094,0.0130469890917603,17936.7682515067,234.020819718841
3269,118.114863007171,0.542842926819666,0.0130429979926963,17942.2568417482,234.020819971362
3270,118.259218368062,0.543659562604968,0.0130390093297644,17947.7454355434,234.020820182288
3271,118.398016653435,0.544460935527035,0.0130350231013652,17953.2340325479,234.020820358479
3272,118.531614118275,0.545247231309977,0.0130310393058058,17958.7226324612,234.020820505666
3273,118.660345684645,0.54601864684803,0.0130270579413144,17964.2112350209,234.020820628629
3274,118.784524572288,0.54677538986089,0.0130230790060534,17969.6998399981,234.020820731362
3275,118.904442297356,0.547517678275796,0.0130191024981293,17975.1884471931,234.020820817197
3276,119.020368984988,0.548245739405986,0.0130151284156017,17980.6770564315,234.020820888918
3277,119.132553944603,0.54895980898043,0.0130111567564908,17986.165667561,234.020820948849
3278,119.241226457596,0.549660130059043,0.0130071875187839,17991.654280449,234.020820998931
3279,119.34659673207,0.550346951892741,0.0130032207004406,17997.1428949794,234.020821040784
3280,119.448856980765,0.551020528740512,0.0129992562993975,18002.6315110511,234.020821075763
3281,119.548182584392,0.551681118693301,0.0129952943135718,18008.1201285757,234.020821104998
3282,119.644733305812,0.552328982514382,0.0129913347408649,18013.608747476,234.020821129433
3283,119.738654524668,0.552964382523305,0.0129873775791649,18019.0973676847,234.020821149858
3284,119.830078468457,0.55358758154146,0.0129834228263491,18024.5859891429,234.020821166931
3285,119.919125417029,0.554198841902496,0.012979470480286,18030.0746117994,234.020821181204
3286,120.005904865701,0.554798424551236,0.0129755205388368,18035.5632356091,234.020821193135
3287,120.090516631845,0.555386588221336,0.0129715729998572,18041.0518605327,234.020821203111
3288,120.173051896592,0.555963588709443,0.0129676278611984,18046.5404865362,234.020821211451
3289,120.253594174397,0.556529678237341,0.0129636851207079,18052.0291135893,234.020821218424
3290,120.332220206134,0.557085104905126,0.012959744776231,18057.5177416659,234.020821224254
3291,120.409000774959,0.557630112235064,0.0129558068256111,18063.0063707431,234.02082122913
3292,120.484001443635,0.558164938795132,0.0129518712666903,18068.4950008007,234.020821233207
3293,120.557283216428,0.558689817907372,0.0129479380973101,18073.9836318211,234.020821236616
3294,120.628903127151,0.559204977424537,0.0129440073153122,18079.4722637888,234.020821239467
3295,120.698914757878,0.559710639577706,0.0129400789185382,18084.9608966905,234.020821241852
3296,120.767368692403,0.560207020882475,0.0129361529048303,18090.449530514,234.020821243846
3297,120.834312909049,0.560694332098494,0.0129322292720319,18095.9381652491,234.020821245514
3298,120.899793118375,0.561172778237954,0.0129283080179872,18101.4268008865,234.020821246909
3299,120.963853050221,0.561642558610923,0.0129243891405418,18106.9154374182,234.020821248076
3300,121.026534695865,0.562103866908405,0.0129204726375429,18112.404074837,234.020821249053
3301,121.087878509718,0.562556891309969,0.0129165585068395,18117.8927131366,234.020821249869
3302,121.147923575676,0.563001814616193,0.012912646746282,18123.3813523114,234.020821250552
3303,121.206707742528,0.563438814397679,0.0129087373537232,18128.8699923565,234.020821251124
3304,121.264267732615,0.56386806315649,0.0129048303270174,18134.3586332676,234.020821251602
3305,121.320639227838,0.564289728498339,0.0129009256640215,18139.8472750407,234.020821252002
3306,121.375856936405,0.564703973307741,0.012897023362594,18145.3359176723,234.020821252337
3307,121.429954643788,0.565110955928386,0.0128931234205962,18150.8245611594,234.020821252617
3308,121.482965250689,0.565510830341143,0.0128892258358912,18156.3132054991,234.020821252851
3309,121.534920800703,0.565903746341375,0.0128853306063445,18161.801850689,234.020821253047
3310,121.585852499954,0.566289849711976,0.0128814377298241,18167.2904967268,234.020821253211
3311,121.635790730688,0.566669282390498,0.0128775472042003,18172.7791436104,234.020821253349
3312,121.684765060578,0.567042182631503,0.0128736590273456,18178.2677913379,234.020821253464
3313,121.732804249127,0.567408685159848,0.0128697731971353,18183.7564399076,234.02082125356
3314,121.779936252436,0.567768921318454,0.0128658897114467,18189.2450893181,234.02082125364
3315,121.826188227268,0.568123019206517,0.0128620085681598,18194.7337395678,234.020821253708
3316,121.871586535206,0.568471103810664,0.0128581297651571,18200.2223906554,234.020821253764
3317,121.91615674751,0.568813297127999,0.0128542533003233,18205.7110425796,234.020821253811
3318,121.95992365109,0.56914971828059,0.0128503791715459,18211.1996953393,234.020821253851
3319,122.002911255935,0.569480483623663,0.0128465073767146,18216.6883489335,234.020821253884
3320,122.045142804135,0.569805706844864,0.0128426379137217,18222.177003361,234.020821253911
3321,122.086640780636,0.570125499058189,0.0128387707804621,18227.6656586209,234.020821253935
3322,122.127426925702,0.570439968890185,0.012834905974833,18233.1543147123,234.020821253954
3323,122.167522249028,0.570749222560708,0.0128310434947343,18238.6429716343,234.02082125397
3324,122.206947045427,0.571053363958128,0.0128271833380682,18244.1316293861,234.020821253984
3325,122.245720911891,0.571352494708693,0.0128233255027394,18249.6202879668,234.020821253995
3326,122.283862765923,0.57164671424233,0.0128194699866553,18255.1089473756,234.020821254005
3327,122.321390864881,0.571936119852855,0.0128156167877256,18260.5976076118,234.020821254013
3328,122.358322826201,0.572220806755577,0.0128117659038626,18266.0862686747,234.020821254019
3329,122.394675648253,0.572500868140574,0.012807917332981,18271.5749305635,234.020821254025
3330,122.430465731659,0.572776395223268,0.0128040710729981,18277.0635932774,234.02082125403
3331,122.465708900895,0.573047477292458,0.0128002271218335,18282.5522568159,234.020821254034
3332,122.500420425969,0.573314201755273,0.0127963854774095,18288.0409211783,234.020821254037
3333,122.534615044063,0.57357665418098,0.0127925461376509,18293.5295863638,234.02082125404
3334,122.568306980947,0.573834918341846,0.0127887091004847,18299.0182523717,234.020821254042
3335,122.601509972073,0.574089076253294,0.0127848743638406,18304.5069192016,234.020821254044
3336,122.634237283224,0.574339208212,0.0127810419256509,18309.9955868526,234.020821254045
3337,122.666501730617,0.574585392832897,0.01277721178385,18315.4842553242,234.020821254047
3338,122.698315700404,0.574827707085327,0.012773383936375,18320.9729246157,234.020821254048
3339,122.729691167481,0.575066226327562,0.0127695583811656,18326.4615947265,234.020821254049
3340,122.760639713593,0.575301024341288,0.0127657351161636,18331.950265656,234.02082125405
3341,122.791172544661,0.575532173364423,0.0127619141393136,18337.4389374036,234.02082125405
3342,122.821300507344,0.575759744123917,0.0127580954485625,18342.9276099685,234.020821254051
3343,122.851034104812,0.575983805867475,0.0127542790418596,18348.4162833504,234.020821254051
3344,122.880383511719,0.576204426394715,0.0127504649171568,18353.9049575484,234.020821254052
3345,122.90935858841,0.576421672088034,0.0127466530724084,18359.393632562,234.020821254052
3346,122.937968894337,0.576635607942361,0.0127428435055711,18364.8823083906,234.020821254052
3347,122.96622370076,0.576846297595068,0.0127390362146039,18370.3709850336,234.020821254053
3348,122.994132002693,0.57705380335469,0.0127352311974686,18375.8596624904,234.020821254053
3349,123.021702530184,0.577258186229633,0.0127314284521291,18381.3483407604,234.020821254053
3350,123.048943758921,0.57745950595614,0.0127276279765518,18386.837019843,234.020821254053
3351,123.075863920209,0.577657821025691,0.0127238297687057,18392.3256997376,234.020821254053
3352,123.102471010375,0.577853188712231,0.0127200338265621,18397.8143804436,234.020821254053
3353,123.128772799587,0.57804566509837,0.0127162401480946,18403.3030619604,234.020821254053
3354,123.154776840183,0.578235305101678,0.0127124487312795,18408.7917442873,234.020821254053
3355,123.180490474497,0.578422162499936,0.0127086595740951,18414.2804274239,234.020821254053
3356,123.205920842241,0.578606289956241,0.0127048726745226,18419.7691113695,234.020821254054
3357,123.231074887467,0.578787739043484,0.0127010880305451,18425.2577961236,234.020821254054
3358,123.25595936515,0.57896656026819,0.0126973056401486,18430.7464816854,234.020821254054
3359,123.280580847409,0.579142803094185,0.0126935255013211,18436.2351680546,234.020821254054
3360,123.304945729402,0.579316515965297,0.0126897476120532,18441.7238552303,234.020821254054
3361,123.32906023493,0.579487746328039,0.0126859719703378,18447.2125432122,234.020821254054
3362,123.352930421746,0.579656540653393,0.0126821985741703,18452.7012319995,234.020821254054
3363,123.376562186632,0.579822944458331,0.0126784274215483,18458.1899215917,234.020821254054
3364,123.399961270231,0.579987002326823,0.0126746585104719,18463.6786119882,234.020821254054
3365,123.423133261665,0.58014875793018,0.0126708918389436,18469.1673031884,234.020821254054
3366,123.446083602967,0.580308254047264,0.0126671274049682,18474.6559951917,234.020821254054
3367,123.468817593322,0.580465532583806,0.012663365206553,18480.1446879976,234.020821254054
3368,123.491340393145,0.58062063459168,0.0126596052417074,18485.6333816055,234.020821254054
3369,123.513657028008,0.580773600287405,0.0126558475084434,18491.1220760147,234.020821254054
3370,123.535772392421,0.580924469070373,0.0126520920047754,18496.6107712247,234.020821254054
3371,123.557691253478,0.581073279540662,0.0126483387287199,18502.0994672349,234.020821254054
3372,123.579418254387,0.581220069516238,0.0126445876782959,18507.5881640447,234.020821254054
3373,123.600957917877,0.581364876050061,0.0126408388515247,18513.0768616535,234.020821254054
3374,123.622314649495,0.581507735446428,0.0126370922464302,18518.5655600609,234.020821254054
3375,123.643492740806,0.581648683277254,0.0126333478610382,18524.0542592661,234.020821254054
3376,123.664496372496,0.581787754397745,0.0126296056933771,18529.5429592685,234.020821254054
3377,123.685329617368,0.581924982961787,0.0126258657414777,18535.0316600677,234.020821254054
3378,123.705996443272,0.582060402437047,0.012622128003373,18540.5203616631,234.020821254054
3379,123.726500715932,0.582194045619513,0.0126183924770982,18546.0090640539,234.020821254054
3380,123.7468462017,0.582325944647988,0.0126146591606912,18551.4977672398,234.020821254054
3381,123.767036570228,0.582456131017948,0.0126109280521919,18556.98647122,234.020821254054
3382,123.78707539707,0.582584635595329,0.0126071991496426,18562.4751759941,234.020821254054
3383,123.806966166204,0.582711488629857,0.0126034724510879,18567.9638815613,234.020821254054
3384,123.826712272491,0.582836719768084,0.0125997479545748,18573.4525879213,234.020821254054
3385,123.101727984147,0.582960358066243,0.0125960224268687,18578.9460611678,234.020821254054
3386,122.338760063115,0.583082432002612,0.0125921408937238,18584.6730297224,234.020821254054
3387,121.567300855875,0.583202969489839,0.0125882808057996,18590.3718596933,234.020821254054
3388,120.801215818739,0.583321997886763,0.0125844421856611,18596.0424627085,234.020821254054
3389,120.040487489137,0.583439544010161,0.0125806224464883,18601.6886087681,234.020821254054
3390,119.285216714421,0.583555634146108,0.0125768193483026,18607.3135641912,234.020821254054
3391,118.53587922421,0.583670294061116,0.0125730309513989,18612.9201589229,234.020821254054
3392,117.79369896824,0.583783549013115,0.0125692555760143,18618.510844877,234.020821254054
3393,117.060951828738,0.583895423762011,0.0125654917674521,18624.0877464285,234.020821254054
3394,116.341015813931,0.584005942580241,0.0125617382658556,18629.6527042083,234.020821254054
3395,115.638120974138,0.584115129262862,0.0125579939800743,18635.2073129971,234.020821254054
3396,114.956896504116,0.584223007137641,0.0125542579650167,18640.7529545888,234.020821254054
3397,114.301869687114,0.58431604372592,0.0125505294020589,18646.290826239,234.020821254054
3398,113.677044967893,0.584220697320564,0.0125468075820768,18651.8219653224,234.020821254054
3399,113.085627715364,0.584113783975473,0.0125430918907564,18657.3472706928,234.020821254054
3400,112.529840376203,0.583993529904355,0.0125393817958827,18662.86752118,234.020821254054
3401,112.010171442071,0.583860644108337,0.0125356768363214,18668.3833916324,234.020821254054
3402,111.523101810037,0.583715762331771,0.0125319766124932,18673.8954667979,234.020821254054
3403,111.059482314467,0.583559478566488,0.0125282807781167,18679.404253361,234.020821254054
3404,110.607047619338,0.583392375659789,0.0125245890330652,18684.910190365,234.020821254054
3405,110.155901226079,0.58321506342153,0.0125209011171752,18690.4136582504,234.020821254054
3406,109.702694879706,0.583028219583708,0.0125172168048927,18695.9149866751,234.020821254054
3407,109.251095275187,0.582832622899705,0.0125135359006315,18701.4144612989,234.020821254054
3408,108.809292871559,0.582629169229379,0.0125098582347585,18706.9123296561,234.020821254054
3409,108.386668336092,0.582418867387361,0.0125061836601138,18712.4088062468,234.020821254054
3410,107.991229503226,0.582202817503639,0.012502512049,18717.9040769468,234.020821254054
3411,107.628359544495,0.581982178140667,0.0124988432905741,18723.3983028284,234.020821254054
3412,107.300667222926,0.581758128437526,0.0124951772885888,18728.8916234724,234.020821254054
3413,107.008462003934,0.58153181875774,0.0124915139594376,18734.3841598356,234.020821254054
3414,106.750432985021,0.581304263112802,0.0124878532304609,18739.8760167376,234.020821254054
3415,106.524273981091,0.581076146922215,0.0124841950384799,18745.3672850139,234.020821254054
3416,106.327160013072,0.580847665694717,0.0124805393285264,18750.8580433827,234.020821254054
3417,106.156076643171,0.580618555826502,0.0124768860527439,18756.3483600612,234.020821254054
3418,106.008037499282,0.580388333027587,0.0124732351694342,18761.838294168,234.020821254054
3419,105.880220113255,0.5801566030543,0.0124695866422337,18767.327896936,234.020821254054
3420,105.770042014294,0.579923292949233,0.0124659404393988,18772.8172127654,234.020821254054
3421,105.67519277259,0.579688733197021,0.0124622965331874,18778.3062801347,234.020821254054
3422,105.593636150504,0.579453608475096,0.0124586548993234,18783.7951323913,234.020821254054
3423,105.523594221436,0.579218836349543,0.0124550155165328,18789.2837984356,234.020821254054
3424,105.463522772594,0.578985432003673,0.0124513783661422,18794.7723033142,234.020821254054
3425,105.41208416824,0.578754395329036,0.0124477434317303,18800.2606687341,234.020821254054
3426,105.368121227647,0.578526634162984,0.0124441106988275,18805.7489135084,234.020821254054
3427,105.330633704728,0.578302922011357,0.0124404801546541,18811.2370539416,234.020821254054
3428,105.298757834458,0.578083882000234,0.0124368517878947,18816.7251041647,234.020821254054
3429,105.271748743862,0.577869988041831,0.0124332255885026,18822.2130764248,234.020821254054
3430,105.248965349033,0.577661576260644,0.01242960154753,18827.7009813366,234.020821254054
3431,105.229857217715,0.577458861793391,0.0124259796569814,18833.1888280996,234.020821254054
3432,105.213952948553,0.577261957749889,0.0124223599096861,18838.6766246872,234.020821254054
3433,105.200849596023,0.577070894077547,0.0124187422991885,18844.1643780099,234.020821254054
3434,105.190202837567,0.576885635009856,0.0124151268196526,18849.6520940575,234.020821254054
3435,105.181717741721,0.576706094310402,0.0124115134657791,18855.1397780209,234.020821254054
3436,105.175140287402,0.576532148129854,0.0124079022327341,18860.6274343997,234.020821254054
3437,105.170249954019,0.576363645516987,0.0124042931160871,18866.1150670935,234.020821254054
3438,105.166853747165,0.576200416876694,0.0124006861117571,18871.6026794822,234.020821254054
3439,105.164781862156,0.57604228067173,0.0123970812159666,18877.0902744954,234.020821254054
3440,105.16388491876,0.575889048696429,0.0123934784252008,18882.5778546722,234.020821254054
3441,105.164032440704,0.575740530197225,0.0123898777361727,18888.0654222132,234.020821254054
3442,105.165112088438,0.575596535064358,0.0123862791457935,18893.552979026,234.020821254054
3443,105.167029142029,0.575456876288603,0.0123826826511457,18899.0405267635,234.020821254054
3444,105.169705830366,0.575321371807147,0.0123790882494608,18904.5280668588,234.020821254054
3445,105.173080272957,0.575189845861063,0.0123754959380998,18910.0156005535,234.020821254054
3446,105.177104968327,0.575062129921309,0.0123719057145357,18915.5031289241,234.020821254054
3447,105.181744898007,0.574938063258879,0.0123683175763392,18920.9906529033,234.020821254054
3448,105.186975388137,0.574817493195541,0.0123647315211658,18926.4781732996,234.020821254054
3449,105.192779898457,0.574700275105648,0.0123611475467447,18931.9656908135,234.020821254054
3450,105.199147890926,0.574586272227114,0.0123575656508691,18937.4532060524,234.020821254054
3451,105.20607289638,0.574475355362278,0.0123539858313883,18942.9407195423,234.020821254054
3452,105.213550854337,0.574367402535939,0.0123504080862001,18948.4282317392,234.020821254054
3453,105.2215787592,0.574262298667359,0.0123468324132447,18953.9157430383,234.020821254054
3454,105.230153616211,0.574159935290669,0.0123432588104994,18959.4032537818,234.020821254054
3455,105.239271683775,0.574060210330071,0.0123396872759739,18964.8907642665,234.020821254054
3456,105.248927968565,0.573963027923148,0.0123361178077061,18970.3782747491,234.020821254054
3457,105.25911592982,0.573868298265422,0.0123325504037587,18975.8657854525,234.020821254054
3458,105.269827351263,0.573775937455277,0.0123289850622163,18981.3532965693,234.020821254054
3459,105.281052339717,0.5736858673123,0.0123254217811825,18986.8408082666,234.020821254054
3460,105.292779415717,0.573598015158493,0.0123218605587777,18992.328320689,234.020821254054
3461,105.304995666402,0.573512313552461,0.0123183013931372,18997.8158339616,234.020821254054
3462,105.317686937026,0.573428699981107,0.0123147442824096,19003.3033481929,234.020821254054
3463,105.330838042581,0.573347116514257,0.0123111892247549,19008.7908634767,234.020821254054
3464,105.344432985671,0.573267509434426,0.0123076362183437,19014.2783798941,234.020821254054
3465,105.35845517036,0.573189828853719,0.0123040852613558,19019.7658975152,234.020821254054
3466,105.372887605009,0.573114028329611,0.0123005363519791,19025.2534164008,234.020821254054
3467,105.387713089027,0.573040064491119,0.0122969894884093,19030.7409366034,234.020821254054
3468,105.402914380862,0.572967896682548,0.0122934446688487,19036.2284581683,234.020821254054
3469,105.418474345315,0.572897486632728,0.0122899018915054,19041.7159811345,234.020821254054
3470,105.434376080118,0.572828798151889,0.0122863611545936,19047.2035055358,234.020821254054
3471,105.450603021913,0.572761796860259,0.0122828224563321,19052.6910314014,234.020821254054
3472,105.467139033091,0.57269644994696,0.0122792857949446,19058.1785587563,234.020821254054
3473,105.48396847095,0.572632725960255,0.0122757511686591,19063.6660876221,234.020821254054
3474,105.501076241305,0.572570594626065,0.0122722185757076,19069.1536180173,234.020821254054
3475,105.51844783853,0.572510026693796,0.0122686880143258,19074.6411499578,234.020821254054
3476,105.53606937414,0.572450993806163,0.012265159482753,19080.1286834573,234.020821254054
3477,105.553927595717,0.572393468390828,0.0122616329792316,19085.6162185275,234.020821254054
3478,105.572009897779,0.572337423571179,0.0122581085020073,19091.1037551782,234.020821254054
3479,105.590304325886,0.572282833093386,0.0122545860493288,19096.591293418,234.020821254054
3480,105.608799574983,0.572229671267965,0.0122510656194475,19102.078833254,234.020821254054
3481,105.627484982746,0.572177912922768,0.0122475472106176,19107.5663746923,234.020821254054
3482,105.64635051856,0.572127533366459,0.012244030821096,19113.053917738,234.020821254054
3483,105.665386768567,0.572078508359516,0.0122405164491421,19118.5414623953,234.020821254054
3484,105.684584917282,0.572030814092427,0.0122370040930176,19124.0290086677,234.020821254054
3485,105.703936726137,0.571984427168571,0.0122334937509868,19129.5165565582,234.020821254054
3486,105.723434509433,0.571939324591713,0.0122299854213163,19135.0041060691,234.020821254054
3487,105.743071108131,0.571895483756314,0.012226479102275,19140.4916572023,234.020821254054
3488,105.762839861963,0.57185288244054,0.012222974792134,19145.9792099593,234.020821254054
3489,105.782734580368,0.571811498800979,0.0122194724891666,19151.466764341,234.020821254054
3490,105.802749512691,0.571771311368716,0.0122159721916483,19156.9543203485,234.020821254054
3491,105.822879318168,0.57173229904647,0.0122124738978567,19162.4418779821,234.020821254054
3492,105.843119036055,0.57169444110621,0.0122089776060717,19167.9294372423,234.020821254054
3493,105.863464056353,0.571657717187419,0.0122054833145751,19173.416998129,234.020821254054
3494,105.883910091385,0.571622107295267,0.0122019910216508,19178.9045606423,234.020821254054
3495,105.904453148562,0.571587591799127,0.0121985007255848,19184.3921247818,234.020821254054
3496,105.925089504494,0.57155415143066,0.0121950124246651,19189.8796905473,234.020821254054
3497,105.945815680644,0.571521767281946,0.0121915261171819,19195.3672579383,234.020821254054
3498,105.96662842059,0.571490420803043,0.0121880418014272,19200.8548269542,234.020821254054
3499,105.987524668992,0.571460093799322,0.0121845594756951,19206.3423975944,234.020821254054
3500,106.008501552238,0.571430768428216,0.0121810791382817,19211.8299698582,234.020821254054
3501,106.02955636078,0.571402427195551,0.012177600787485,19217.3175437446,234.020821254054
3502,106.050686533104,0.571375052951354,0.0121741244216051,19222.8051192531,234.020821254054
3503,106.071889641254,0.571348628885137,0.012170650038944,19228.2926963825,234.020821254054
3504,106.093163377855,0.571323138520792,0.0121671776378056,19233.7802751321,234.020821254054
3505,106.114505544499,0.571298565710923,0.012163707216496,19239.2678555008,234.020821254054
3506,106.135914041436,0.571274894630946,0.0121602387733229,19244.7554374876,234.020821254054
3507,106.157386858422,0.571252109772678,0.0121567723065963,19250.2430210915,234.020821254054
3508,106.178922066659,0.571230195937825,0.0121533078146278,19255.7306063116,234.020821254054
3509,106.200517811687,0.57120913823108,0.0121498452957312,19261.2181931466,234.020821254054
3510,106.22217230716,0.571188922053206,0.012146384748222,19266.7057815956,234.020821254054
3511,106.243883829388,0.571169533093906,0.012142926170418,19272.1933716573,234.020821254054
3512,106.265650712574,0.571150957324715,0.0121394695606384,19277.6809633309,234.020821254054
3513,106.287471344659,0.571133180991859,0.0121360149172048,19283.168556615,234.020821254054
3514,106.309344163694,0.571116190609158,0.0121325622384404,19288.6561515086,234.020821254054
3515,106.331267654683,0.57109997295105,0.0121291115226704,19294.1437480105,234.020821254054
3516,106.353240346831,0.571084515045666,0.0121256627682221,19299.6313461196,234.020821254054
3517,106.375260811135,0.571069804168143,0.0121222159734243,19305.1189458348,234.020821254054
3518,106.397327658281,0.571055827834006,0.012118771136608,19310.6065471548,234.020821254054
3519,106.419439536797,0.571042573792841,0.0121153282561061,19316.0941500786,234.020821254054
3520,106.441595131414,0.571030030022068,0.0121118873302533,19321.5817546049,234.020821254054
3521,106.463793161621,0.571018184721017,0.0121084483573862,19327.0693607327,234.020821254054
3522,106.486032380365,0.571007026305142,0.0121050113358433,19332.5569684607,234.020821254054
3523,106.508311572882,0.570996543400516,0.012101576263965,19338.0445777878,234.020821254054
3524,106.530629555627,0.570986724838494,0.0120981431400936,19343.5321887127,234.020821254054
3525,106.552985175293,0.570977559650622,0.0120947119625731,19349.0198012344,234.020821254054
3526,106.575377307893,0.57096903706375,0.0120912827297497,19354.5074153517,234.020821254054
3527,106.597804857908,0.570961146495332,0.0120878554399712,19359.9950310633,234.020821254054
3528,106.620266757461,0.570953877548957,0.0120844300915874,19365.4826483681,234.020821254054
3529,106.642761965544,0.570947220010023,0.01208100668295,19370.970267265,234.020821254054
3530,106.66528946726,0.570941163841648,0.0120775852124124,19376.4578877528,234.020821254054
3531,106.687848273094,0.570935699180692,0.01207416567833,19381.9455098302,234.020821254054
3532,106.710437418198,0.570930816333997,0.01207074807906,19387.4331334961,234.020821254054
3533,106.733055961697,0.570926505774732,0.0120673324129616,19392.9207587494,234.020821254054
3534,106.755702986001,0.570922758138924,0.0120639186783957,19398.4083855889,234.020821254054
3535,106.778377596137,0.570919564222089,0.012060506873725,19403.8960140134,234.020821254054
3536,106.801078919088,0.570916914976011,0.0120570969973143,19409.3836440216,234.020821254054
3537,106.823806103147,0.570914801505634,0.0120536890475299,19414.8712756126,234.020821254054
3538,106.846558317281,0.570913215066048,0.0120502830227402,19420.358908785,234.020821254054
3539,106.869334750511,0.570912147059612,0.0120468789213155,19425.8465435377,234.020821254054
3540,106.892134611303,0.570911589033124,0.0120434767416276,19431.3341798696,234.020821254054
3541,106.914957126973,0.570911532675128,0.0120400764820506,19436.8218177794,234.020821254054
3542,106.937801543112,0.57091196981326,0.01203667814096,19442.3094572661,234.020821254054
3543,106.960667123021,0.570912892411708,0.0120332817167333,19447.7970983284,234.020821254054
3544,106.983553147165,0.570914292568702,0.0120298872077499,19453.2847409651,234.020821254054
3545,107.006458912648,0.570916162514113,0.0120264946123911,19458.7723851752,234.020821254054
3546,107.029383732697,0.570918494607077,0.0120231039290397,19464.2600309574,234.020821254054
3547,107.052326936173,0.5709212813337,0.0120197151560806,19469.7476783106,234.020821254054
3548,107.075287867093,0.570924515304805,0.0120163282919004,19475.2353272335,234.020821254054
3549,107.098265884174,0.570928189253733,0.0120129433348875,19480.7229777252,234.020821254054
3550,107.121260360394,0.570932296034193,0.0120095602834323,19486.2106297843,234.020821254054
3551,107.144270682569,0.570936828618157,0.0120061791359268,19491.6982834097,234.020821254054
3552,107.16729625095,0.570941780093799,0.0120027998907648,19497.1859386003,234.020821254054
3553,107.190336478837,0.570947143663466,0.0119994225463421,19502.6735953549,234.020821254054
3554,107.213390792207,0.570952912641711,0.0119960471010562,19508.1612536724,234.020821254054
3555,107.23645862936,0.570959080453332,0.0119926735533063,19513.6489135515,234.020821254054
3556,107.259539440579,0.57096564063148,0.0119893019014935,19519.1365749912,234.020821254054
3557,107.282632687809,0.570972586815775,0.0119859321440207,19524.6242379903,234.020821254054
3558,107.305737844342,0.570979912750477,0.0119825642792926,19530.1119025475,234.020821254054
3559,107.328854394528,0.570987612282679,0.0119791983057157,19535.5995686619,234.020821254054
3560,107.351981833485,0.570995679360533,0.0119758342216981,19541.0872363321,234.020821254054
3561,107.375119666829,0.571004108031512,0.0119724720256499,19546.5749055571,234.020821254054
3562,107.398267410417,0.571012892440701,0.0119691117159831,19552.0625763357,234.020821254054
3563,107.421424590095,0.571022026829122,0.011965753291111,19557.5502486668,234.020821254054
3564,107.444590741463,0.571031505532076,0.0119623967494492,19563.0379225492,234.020821254054
3565,107.46776540964,0.571041322977535,0.0119590420894148,19568.5255979817,234.020821254054
3566,107.490948149047,0.571051473684541,0.0119556893094267,19574.0132749633,234.020821254054
3567,107.514138523198,0.571061952261653,0.0119523384079056,19579.5009534927,234.020821254054
3568,107.537336104489,0.571072753405403,0.0119489893832739,19584.9886335688,234.020821254054
3569,107.560540474007,0.571083871898795,0.011945642233956,19590.4763151905,234.020821254054
3570,107.583751221337,0.571095302609826,0.0119422969583777,19595.9639983566,234.020821254054
3571,107.606967944378,0.571107040490022,0.0119389535549669,19601.451683066,234.020821254054
3572,107.630190249168,0.57111908057302,0.0119356120221531,19606.9393693176,234.020821254054
3573,107.653417749709,0.57113141797316,0.0119322723583675,19612.4270571101,234.020821254054
3574,107.676650067799,0.571144047884111,0.0119289345620431,19617.9147464425,234.020821254054
3575,107.699886832873,0.57115696557751,0.0119255986316148,19623.4024373136,234.020821254054
3576,107.723127681846,0.571170166401641,0.011922264565519,19628.8901297223,234.020821254054
3577,107.746372258952,0.571183645780129,0.011918932362194,19634.3778236674,234.020821254054
3578,107.769620215604,0.57119739921065,0.0119156020200798,19639.8655191479,234.020821254054
3579,107.792871210241,0.571211422263685,0.0119122735376181,19645.3532161625,234.020821254054
3580,107.816124908192,0.57122571058127,0.0119089469132525,19650.8409147101,234.020821254054
3581,107.839380981531,0.571240259875791,0.0119056221454282,19656.3286147896,234.020821254054
3582,107.862639108947,0.571255065928787,0.0119022992325921,19661.8163163999,234.020821254054
3583,107.885898975607,0.571270124589779,0.0118989781731929,19667.3040195398,234.020821254054
3584,107.90916027303,0.57128543177512,0.0118956589656811,19672.7917242082,234.020821254054
3585,107.932422698959,0.571300983466864,0.0118923416085087,19678.279430404,234.020821254054
3586,107.955685957236,0.571316775711653,0.0118890261001296,19683.767138126,234.020821254054
3587,107.978949757682,0.571332804619634,0.0118857124389995,19689.2548473731,234.020821254054
3588,108.002213815978,0.571349066363377,0.0118824006235757,19694.7425581441,234.020821254054
3589,108.025477853548,0.571365557176834,0.011879090652317,19700.230270438,234.020821254054
3590,108.048741597444,0.571382273354294,0.0118757825236844,19705.7179842537,234.020821254054
3591,108.072004780237,0.571399211249377,0.0118724762361403,19711.2056995899,234.020821254054
3592,108.095267139905,0.571416367274029,0.0118691717881487,19716.6934164456,234.020821254054
3593,108.118528419726,0.571433737897548,0.0118658691781757,19722.1811348196,234.020821254054
3594,108.141788368173,0.571451319645612,0.0118625684046887,19727.6688547108,234.020821254054
3595,108.165046738812,0.571469109099343,0.011859269466157,19733.1565761182,234.020821254054
3596,108.1883032902,0.571487102894371,0.0118559723610517,19738.6442990405,234.020821254054
3597,108.211557785783,0.571505297719921,0.0118526770878453,19744.1320234767,234.020821254054
3598,108.234809993805,0.571523690317917,0.0118493836450122,19749.6197494255,234.020821254054
3599,108.258059687206,0.571542277482101,0.0118460920310286,19755.1074768861,234.020821254054
3600,108.281306643534,0.571561056057161,0.0118428022443722,19760.5952058571,234.020821254054
3601,108.304550644849,0.571580022937887,0.0118395142835223,19766.0829363374,234.020821254054
3602,108.327791477637,0.571599175068327,0.0118362281469602,19771.5706683261,234.020821254054
3603,108.351028932718,0.57161850944097,0.0118329438331686,19777.0584018218,234.020821254054
3604,108.374262805165,0.571638023095936,0.0118296613406321,19782.5461368236,234.020821254054
3605,108.397492894212,0.571657713120181,0.0118263806678368,19788.0338733304,234.020821254054
3606,108.420719003179,0.571677576646719,0.0118231018132705,19793.5216113409,234.020821254054
3607,108.443940939385,0.571697610853852,0.0118198247754228,19799.0093508541,234.020821254054
3608,108.467158514069,0.571717812964418,0.0118165495527849,19804.4970918689,234.020821254054
3609,108.490371542316,0.571738180245052,0.0118132761438497,19809.9848343841,234.020821254054
3610,108.513579842974,0.571758710005455,0.0118100045471116,19815.4725783987,234.020821254054
3611,108.536783238584,0.571779399597682,0.0118067347610669,19820.9603239116,234.020821254054
3612,108.559981555305,0.571800246415436,0.0118034667842134,19826.4480709215,234.020821254054
3613,108.58317462284,0.571821247893379,0.0118002006150506,19831.9358194276,234.020821254054
3614,108.606362274366,0.571842401506451,0.0117969362520798,19837.4235694285,234.020821254054
3615,108.629544346468,0.571863704769209,0.0117936736938038,19842.9113209233,234.020821254054
3616,108.652720679064,0.57188515523516,0.011790412938727,19848.3990739107,234.020821254054
3617,108.675891115347,0.571906750496129,0.0117871539853556,19853.8868283898,234.020821254054
3618,108.699055501712,0.571928488181615,0.0117838968321974,19859.3745843594,234.020821254054
3619,108.722213687697,0.571950365958175,0.0117806414777618,19864.8623418184,234.020821254054
3620,108.745365525917,0.57197238152881,0.0117773879205599,19870.3501007657,234.020821254054
3621,108.768510872006,0.571994532632364,0.0117741361591044,19875.8378612002,234.020821254054
3622,108.791649584551,0.572016817042933,0.0117708861919098,19881.3256231207,234.020821254054
3623,108.81478152504,0.572039232569284,0.0117676380174919,19886.8133865263,234.020821254054
3624,108.837906557799,0.572061777054282,0.0117643916343684,19892.3011514158,234.020821254054
3625,108.861024549936,0.572084448374335,0.0117611470410587,19897.7889177881,234.020821254054
3626,108.884135371288,0.572107244438836,0.0117579042360835,19903.2766856421,234.020821254054
3627,108.907238894362,0.572130163189623,0.0117546632179655,19908.7644549768,234.020821254054
3628,108.930334994287,0.572153202600448,0.0117514239852287,19914.2522257909,234.020821254054
3629,108.953423548755,0.572176360676452,0.011748186536399,19919.7399980835,234.020821254054
3630,108.976504437977,0.572199635453652,0.0117449508700038,19925.2277718534,234.020821254054
3631,108.999577544626,0.572223024998431,0.0117417169845721,19930.7155470996,234.020821254054
3632,109.022642753791,0.572246527407045,0.0117384848786345,19936.2033238208,234.020821254054
3633,109.04569995293,0.572270140805135,0.0117352545507233,19941.6911020162,234.020821254054
3634,109.068749031818,0.572293863347241,0.0117320259993723,19947.1788816845,234.020821254054
3635,109.091789882506,0.572317693216336,0.0117287992231171,19952.6666628247,234.020821254054
3636,109.114822399271,0.572341628623359,0.0117255742204947,19958.1544454357,234.020821254054
3637,109.137846478573,0.572365667806761,0.0117223509900439,19963.6422295164,234.020821254054
3638,109.160862019012,0.572389809032052,0.0117191295303048,19969.1300150658,234.020821254054
3639,109.183868921286,0.572414050591367,0.0117159098398195,19974.6178020826,234.020821254054
3640,109.206867088145,0.572438390803027,0.0117126919171314,19980.1055905659,234.020821254054
3641,109.229856424353,0.572462828011119,0.0117094757607857,19985.5933805146,234.020821254054
3642,109.252836836648,0.572487360585069,0.0117062613693289,19991.0811719275,234.020821254054
3643,109.275808233702,0.572511986919241,0.0117030487413095,19996.5689648037,234.020821254054
3644,109.29877052608,0.572536705432524,0.0116998378752772,20002.0567591419,234.020821254054
3645,109.321723626205,0.572561514567942,0.0116966287697836,20007.5445549412,234.020821254054
3646,109.344667448319,0.572586412792255,0.0116934214233818,20013.0323522005,234.020821254054
3647,109.367601908449,0.572611398595582,0.0116902158346263,20018.5201509186,234.020821254054
3648,109.390526924368,0.57263647049102,0.0116870120020733,20024.0079510946,234.020821254054
3649,109.41344241556,0.572661627014273,0.0116838099242808,20029.4957527272,234.020821254054
3650,109.436348303192,0.57268686672329,0.011680609599808,20034.9835558155,234.020821254054
