"t","EIR_tot","slide_prev0to5","prop_killed_ivm","mv_dead","mvx_dead"
1,139.064941546028,0.624000884168645,NA,0,0
2,155.301922069117,0.624000884168645,0,5.48980117367367,0
3,165.396932374327,0.624000884168645,0,10.9796023473473,0
4,170.628680375287,0.624000884168645,0,16.469403521021,0
5,172.107017999068,0.624000884168645,0,21.9592046946947,0
6,170.88464781686,0.624000884168645,0,27.4490058683683,0
7,168.001822410892,0.624000884168645,0,32.938807042042,0
8,164.410457339635,0.624000884168645,0,38.4286082157157,0
9,160.849731937589,0.624000884168645,0,43.9184093893894,0
10,157.774868919952,0.624000884168645,0,49.408210563063,0
11,155.372639733286,0.624000884168645,0,54.8980117367367,0
12,153.638646732434,0.624000884168645,0,60.3878129104104,0
13,152.46636125674,0.6239998285345,0,65.877614084084,0
14,151.716437928387,0.624317235509937,0,71.3674152577577,0
15,151.258954743891,0.625066412841597,0,76.8572164314314,0
16,150.991169717605,0.626000019248187,0,82.347017605105,0
17,150.840011449094,0.626946097531891,0,87.8368187787787,0
18,150.757386470864,0.627793275661552,0,93.3266199524524,0
19,150.713499641233,0.628481067987851,0,98.8164211261261,0
20,150.69078172331,0.628990773407949,0,104.3062222998,0
21,150.679291723356,0.629334263118206,0,109.796023473473,0
22,150.673601812898,0.629541256939527,0,115.285824647147,0
23,150.670837708104,0.629647725265636,0,120.775625820821,0
24,150.669518308436,0.629687619907302,0,126.265426994494,0
25,150.668898620706,0.6296884925428,0,131.755228168168,0
26,150.668611848197,0.629670287787318,0,137.245029341842,0
27,150.668480958912,0.629646052480298,0,142.734830515515,0
28,150.668422100664,0.629623480726238,0,148.224631689189,0
29,150.668400156989,0.629606549174977,0,153.714432862863,0
30,150.668436130287,0.629596880960484,0,159.204234036536,0
31,150.668697469813,0.629594737471763,0,164.69403521021,0
32,150.669652918341,0.629599671139815,0,170.183836383884,0
33,150.672174728436,0.62961092123429,0,175.673637557557,0
34,150.677464701157,0.629627635799902,0,181.163438731231,0
35,150.686792631228,0.629648985365806,0,186.653239904905,0
36,150.701153951656,0.629674214024153,0,192.143041078578,0
37,150.720989071071,0.629702656647617,0,197.632842252252,0
38,150.746058653072,0.629733739170989,0,203.122643425926,0
39,150.77549237186,0.629766971340593,0,208.612444599599,0
40,150.807967037173,0.629801936820921,0,214.102245773273,0
41,150.841944140095,0.629838283059948,0,219.592046946947,0
42,150.875900611203,0.629875712414894,0,225.08184812062,0
43,150.908508200116,0.629913976550282,0,230.571649294294,0
44,150.938741966691,0.629952876445185,0,236.061450467968,0
45,150.965919390884,0.629992267678187,0,241.551251641641,0
46,150.989684787505,0.630032066174674,0,247.041052815315,0
47,151.009958613307,0.630072247677668,0,252.530853988989,0
48,151.026870606012,0.630112836790054,0,258.020655162662,0
49,151.040691367144,0.630153886451521,0,263.510456336336,0
50,151.051771888919,0.630195452824977,0,269.00025751001,0
51,151.060495522579,0.630237571867371,0,274.490058683683,0
52,151.067243444388,0.630280242610924,0,279.979859857357,0
53,151.07237230006,0.63032341956615,0,285.469661031031,0
54,151.076201683755,0.63036701401927,0,290.959462204704,0
55,151.079008859772,0.630410902149536,0,296.449263378378,0
56,151.081028345222,0.630454937052954,0,301.939064552052,0
57,151.082454463948,0.630498961843243,0,307.428865725726,0
58,151.083445462142,0.630542821609568,0,312.918666899399,0
59,151.084128241784,0.630586372882783,0,318.408468073073,0
60,151.08460311218,0.630629490059579,0,323.898269246746,0
61,151.084948233652,0.630672068870118,0,329.38807042042,0
62,151.0852235963,0.63071402735549,0,334.877871594094,0
63,151.085474493422,0.630755304994319,0,340.367672767767,0
64,151.085734513898,0.630795860628213,0,345.857473941441,0
65,151.086028094659,0.63083566974435,0,351.347275115115,0
66,151.086372680635,0.630874721549136,0,356.837076288789,0
67,151.086780519048,0.630913016125402,0,362.326877462462,0
68,151.087260102115,0.630950561853863,0,367.816678636136,0
69,151.087817267879,0.630987373186484,0,373.30647980981,0
70,151.088455971982,0.631023468795429,0,378.796280983483,0
71,151.089178763127,0.631058870084421,0,384.286082157157,0
72,151.089987012425,0.63109360002407,0,389.775883330831,0
73,151.090880964176,0.631127682265915,0,395.265684504504,0
74,151.091859682654,0.631161140487917,0,400.755485678178,0
75,151.092920965676,0.631193997926893,0,406.245286851851,0
76,151.094061282664,0.631226277060394,0,411.735088025525,0
77,151.095275775731,0.631257999405467,0,417.224889199199,0
78,151.096558341523,0.631289185407933,0,422.714690372873,0
79,151.097901792925,0.631319854400337,0,428.204491546546,0
80,151.099298085885,0.631350024609619,0,433.69429272022,0
81,151.100738588377,0.631379713198499,0,439.184093893894,0
82,151.10221436617,0.631408936326452,0,444.673895067567,0
83,151.103716461286,0.63143770921848,0,450.163696241241,0
84,151.105236144333,0.631466046232577,0,455.653497414915,0
85,151.106765127193,0.63149396091967,0,461.143298588588,0
86,151.108295729034,0.631521466072821,0,466.633099762262,0
87,151.10982099389,0.631548573765262,0,472.122900935936,0
88,151.111334762019,0.63157529537893,0,477.612702109609,0
89,151.112831700427,0.631601641626519,0,483.102503283283,0
90,151.114307299186,0.63162762257064,0,488.592304456957,0
91,151.115757841037,0.631653247643438,0,494.08210563063,0
92,151.117180351381,0.631678525669342,0,499.571906804304,0
93,151.118572535237,0.631703464892667,0,505.061707977978,0
94,151.119932706665,0.631728073010677,0,510.551509151651,0
95,151.121259715196,0.631752357211891,0,516.041310325325,0
96,151.122552872774,0.631776324218629,0,521.531111498999,0
97,151.123811883683,0.631799980332378,0,527.020912672672,0
98,151.125036779295,0.631823331480402,0,532.510713846346,0
99,151.126227858636,0.631846383261963,0,538.00051502002,0
100,146.871194242541,0.631869140992792,0,543.49375969777,0
101,145.276257993719,0.631891609746625,0,549.407710427986,0
102,143.655247541753,0.63191379439302,0,555.275817424957,0
103,142.053575199881,0.631935699630904,0,561.09309880633,0
104,140.471033243091,0.631957330017642,0,566.866342658792,0
105,138.907628917522,0.631978689993617,0,572.601430179176,0
106,137.364051121433,0.631999783902518,0,578.303456841669,0
107,135.842355085626,0.632020616007643,0,583.976837451022,0
108,134.34652330232,0.632041190504626,0,589.625397069238,0
109,132.882559948155,0.632061511531033,0,595.252449848694,0
110,131.458028636133,0.63208158317328,0,600.860867289977,0
111,130.081212873494,0.632101409471319,0,606.453137382649,0
112,128.760185505277,0.632126888642612,0,612.03141586059,0
113,127.502028303288,0.631728025659343,0,617.597570570483,0
114,126.312320198623,0.631281218646998,0,623.153219951215,0
115,125.194698883598,0.630817632758693,0,628.699766333034,0
116,124.148093370088,0.630338342473783,0,634.238424813628,0
117,123.158073888249,0.629844233864642,0,639.770248270361,0
118,122.190300562561,0.629336115169899,0,645.296149013533,0
119,121.199542670442,0.628814777742605,0,650.816917571142,0
120,120.150107682824,0.628281054748747,0,656.333238943413,0
121,119.031607253576,0.627735882340572,0,661.845706702409,0
122,117.860700878514,0.62718035008865,0,667.354835193407,0
123,116.671615103934,0.626615727046052,0,672.861070117846,0
124,115.503389262839,0.626043457969724,0,678.364797695797,0
125,114.390008025995,0.625465133131338,0,683.866352607702,0
126,113.355525914974,0.624882440623761,0,689.366024875078,0
127,112.413398376573,0.624297109560837,0,694.864065820849,0
128,111.568226774225,0.623710815017067,0,700.360693236556,0
129,110.818318685339,0.62312489234848,0,705.856095855893,0
130,110.158091178652,0.622539765306302,0,711.350437235008,0
131,109.579912148134,0.621954444219145,0,716.843859110644,0
132,109.075351747954,0.621366613035599,0,722.336484313705,0
133,108.635961429093,0.620773374893485,0,727.828419290576,0
134,108.253726078572,0.620172240133044,0,733.319756290607,0
135,107.921298921078,0.619561873987463,0,738.810575259443,0
136,107.632097920742,0.618942374527809,0,744.300945481185,0
137,107.380315730692,0.618315128174779,0,749.790927000421,0
138,107.160879904786,0.617682427397735,0,755.28057185491,0
139,106.969387979182,0.61704703432843,0,760.769925143724,0
140,106.802033542921,0.616411808751908,0,766.259025952592,0
141,106.655532683314,0.615779446990631,0,771.747908156226,0
142,106.527055831765,0.615152330401866,0,777.236601113019,0
143,106.414166883962,0.614532458984104,0,782.725130267679,0
144,106.314770046037,0.613921441793703,0,788.213517672839,0
145,106.227063722863,0.613320520496129,0,793.701782441663,0
146,106.149500588032,0.612730609791382,0,799.189941139565,0
147,106.080752530245,0.612152344176962,0,804.678008124094,0
148,106.019679300504,0.611586124967635,0,810.165995839166,0
149,105.965299756947,0.611032163947226,0,815.653915070272,0
150,105.916765291635,0.610490522056028,0,821.141775165522,0
151,105.87333574552,0.609961142437032,0,826.629584227258,0
152,105.834358779122,0.60944387804179,0,832.117349278127,0
153,105.799253782396,0.608938514244463,0,837.605076404958,0
154,105.767500916099,0.608444787152449,0,843.092770883531,0
155,105.738635055804,0.607962398294492,0,848.58043728662,0
156,105.712243537541,0.607491026304296,0,854.068079577726,0
157,105.687966114258,0.607030336180311,0,859.555701192222,0
158,105.665495459318,0.606579986537825,0,865.043305107767,0
159,105.64457689643,0.606139635263803,0,870.530893905258,0
160,105.625006580568,0.605708943807538,0,876.018469821719,0
161,105.606627915756,0.605287580355628,0,881.506034796098,0
162,105.589326436934,0.604875222010533,0,886.993590508981,0
163,105.573023642611,0.60447155614171,0,892.481138417012,0
164,105.557670349872,0.604076281041709,0,897.968679782719,0
165,105.543240098312,0.603689106084309,0,903.456215700371,0
166,105.529723018871,0.603309751581678,0,908.943747118389,0
167,105.517120432417,0.602937948537128,0,914.431274858771,0
168,105.50544032461,0.602573438453122,0,919.918799633924,0
169,105.494693719298,0.602215973278208,0,925.406322061263,0
170,105.484891914607,0.601865315524663,0,930.893842675858,0
171,105.47604448214,0.60152123850956,0,936.381361941399,0
172,105.46815792148,0.601183526658923,0,941.868880259698,0
173,105.461234844834,0.60085197578176,0,947.35639797893,0
174,105.455273580964,0.600526393250394,0,952.843915400773,0
175,105.450268093999,0.600206598028026,0,958.331432786594,0
176,105.446208131255,0.599892420524344,0,963.818950362823,0
177,105.443079527734,0.599583702274345,0,969.306468325596,0
178,105.440864610717,0.599280295460441,0,974.793986844791,0
179,105.43954265974,0.598982062307235,0,980.281506067521,0
180,105.439090389035,0.598688874383508,0,985.769026121166,0
181,105.439482427028,0.598400611849324,0,991.256547115996,0
182,105.440691776124,0.598117162678324,0,996.744069147451,0
183,105.442690239781,0.597838421886232,0,1002.23159229811,0
184,105.445448810327,0.597564290783923,0,1007.71911663942,0
185,105.448938012677,0.597294676274506,0,1013.20664223313,0
186,105.453128203803,0.597029490201723,0,1018.69416913266,0
187,105.457989828677,0.596768648758599,0,1024.18169738411,0
188,105.463493636201,0.596512071956446,0,1029.66922702734,0
189,105.469610859027,0.596259683155542,0,1035.1567580967,0
190,105.476313362042,0.596011408654172,0,1040.64429062185,0
191,105.483573764162,0.595767177332673,0,1046.13182462832,0
192,105.491365537534,0.595526920348316,0,1051.61936013809,0
193,105.49966308778,0.595290570875219,0,1057.10689717005,0
194,105.508441817831,0.595058063885624,0,1062.59443574043,0
195,105.517678177412,0.594829335965779,0,1068.08197586312,0
196,105.527349699384,0.594604325163749,0,1073.56951755002,0
197,105.537435023883,0.594382970862484,0,1079.05706081129,0
198,105.547913910827,0.594165213676344,0,1084.54460565555,0
199,105.558767241389,0.593950995365376,0,1090.03215209015,0
200,105.569977009021,0.593740258766,0,1095.51970012127,0
201,105.581526300806,0.593532947733959,0,1101.00724975412,0
202,105.59339927004,0.593329007098252,0,1106.49480099307,0
203,105.605581101137,0.593128382623611,0,1111.98235384172,0
204,105.618057968036,0.592931020980075,0,1117.46990830305,0
205,105.630816987415,0.592736869718697,0,1122.95746437948,0
206,105.643846167943,0.592545877251649,0,1128.44502207295,0
207,105.657134356899,0.592357992836821,0,1133.93258138497,0
208,105.670671185228,0.592173166564967,0,1139.42014231671,0
209,105.684447012211,0.591991349350035,0,1144.907704869,0
210,105.698452870555,0.591812492920748,0,1150.39526904241,0
211,105.7126804128,0.591636549814178,0,1155.88283483728,0
212,105.727121859587,0.591463473369701,0,1161.37040225373,0
213,105.741769950331,0.591293217723812,0,1166.85797129173,0
214,105.756617896666,0.591125737804782,0,1172.34554195107,0
215,105.771659338857,0.590960989327221,0,1177.83311423142,0
216,105.786888305396,0.590798928786191,0,1183.32068813233,0
217,105.802299175745,0.590639513450532,0,1188.80826365324,0
218,105.817886646296,0.590482701355628,0,1194.29584079353,0
219,105.833645699385,0.590328451294997,0,1199.78341955249,0
220,105.849571575316,0.590176722811354,0,1205.27099992933,0
221,105.865659747165,0.590027476186381,0,1210.75858192324,0
222,105.881905898256,0.589880672430041,0,1216.24616553332,0
223,105.898305902063,0.589736273268756,0,1221.73375075867,0
224,105.914855804385,0.589594241133189,0,1227.22133759832,0
225,105.931551807567,0.589454539145207,0,1232.70892605129,0
226,105.9483902566,0.589317131104503,0,1238.19651611656,0
227,105.965367626903,0.589181981474768,0,1243.68410779308,0
228,105.982480513613,0.58904905536959,0,1249.17170107981,0
229,105.999725622238,0.588918318538256,0,1254.65929597567,0
230,106.017099760489,0.588789737351342,0,1260.14689247956,0
231,106.03459983119,0.588663278786511,0,1265.63449059038,0
232,106.052222826109,0.58853891041417,0,1271.12209030702,0
233,106.069965820598,0.588416600383531,0,1276.60969162835,0
234,106.08782596895,0.588296317408656,0,1282.09729455325,0
235,106.105800500359,0.588178030754972,0,1287.58489908056,0
236,106.123886715398,0.588061710225925,0,1293.07250520916,0
237,106.142081982955,0.58794732615009,0,1298.56011293788,0
238,106.160383737522,0.587834849368568,0,1304.04772226557,0
239,106.178789476817,0.58772425122278,0,1309.53533319108,0
240,106.19729675965,0.587615503542681,0,1315.02294571325,0
241,106.215903203999,0.587508578635277,0,1320.51055983091,0
242,106.234606485269,0.587403449273666,0,1325.9981755429,0
243,106.253404334671,0.58730008868631,0,1331.48579284805,0
244,106.272294537717,0.587198470546868,0,1336.9734117452,0
245,106.291274932796,0.587098568964217,0,1342.46103223318,0
246,106.31034340981,0.587000358473021,0,1347.94865431081,0
247,106.329497908865,0.586903814024497,0,1353.43627797693,0
248,106.348736418994,0.586808910977639,0,1358.92390323038,0
249,106.368056976906,0.586715625090687,0,1364.41153006997,0
250,106.387457665763,0.586623932512952,0,1369.89915849454,0
251,106.406936613972,0.586533809776931,0,1375.38678850293,0
252,106.426491993988,0.586445233790669,0,1380.87442009395,0
253,106.446122021138,0.586358181830454,0,1386.36205326644,0
254,106.465824952455,0.586272631533669,0,1391.84968801924,0
255,106.485599085528,0.586188560891992,0,1397.33732435116,0
256,106.505442757368,0.586105948244692,0,1402.82496226106,0
257,106.525354343295,0.586024772272264,0,1408.31260174775,0
258,106.545332255839,0.585945011990136,0,1413.80024281007,0
259,106.565374943669,0.585866646742662,0,1419.28788544686,0
260,106.58548089054,0.585789656197213,0,1424.77552965695,0
261,106.605648614272,0.585714020338472,0,1430.26317543917,0
262,106.625876665745,0.585639719462865,0,1435.75082279236,0
263,106.646163627936,0.585566734173124,0,1441.23847171536,0
264,106.666508114969,0.585495045373022,0,1446.72612220701,0
265,106.686908771215,0.585424634262165,0,1452.21377426614,0
266,106.707364270398,0.585355482331003,0,1457.70142789159,0
267,106.727873314756,0.585287571355835,0,1463.1890830822,0
268,106.748434634213,0.585220883394042,0,1468.67673983682,0
269,106.769046985597,0.585155400779315,0,1474.16439815428,0
270,106.789709151876,0.585091106117068,0,1479.65205803343,0
271,106.810419941431,0.585027982279879,0,1485.13971947311,0
272,106.83117818736,0.584966012403066,0,1490.62738247216,0
273,106.851982746803,0.584905179880325,0,1496.11504702943,0
274,106.872832500299,0.584845468359453,0,1501.60271314377,0
275,106.893726351171,0.584786861738173,0,1507.09038081402,0
276,106.914663224934,0.584729344159995,0,1512.57805003902,0
277,106.935642068728,0.584672900010216,0,1518.06572081764,0
278,106.956661850774,0.584617513911913,0,1523.55339314871,0
279,106.977721559856,0.584563170722097,0,1529.04106703109,0
280,106.998820204815,0.584509855527852,0,1534.52874246363,0
281,107.019956814074,0.584457553642617,0,1540.01641944518,0
282,107.041130435177,0.584406250602477,0,1545.50409797459,0
283,107.062340134338,0.584355932162555,0,1550.99177805072,0
284,107.083584996026,0.58430658429346,0,1556.47945967242,0
285,107.104864122543,0.584258193177782,0,1561.96714283854,0
286,107.126176633633,0.58421074520668,0,1567.45482754795,0
287,107.1475216661,0.584164226976493,0,1572.94251379949,0
288,107.168898373435,0.584118625285455,0,1578.43020159204,0
289,107.190305925461,0.58407392713041,0,1583.91789092444,0
290,107.211743507987,0.584030119703653,0,1589.40558179556,0
291,107.233210322471,0.583987190389762,0,1594.89327420425,0
292,107.254705585697,0.583945126762535,0,1600.38096814939,0
293,107.276228529457,0.583903916581948,0,1605.86866362982,0
294,107.297778400244,0.583863547791185,0,1611.35636064442,0
295,107.319354458956,0.58382400851371,0,1616.84405919204,0
296,107.340955980602,0.58378528705039,0,1622.33175927156,0
297,107.36258225402,0.583747371876684,0,1627.81946088184,0
298,107.384232581604,0.583710251639849,0,1633.30716402175,0
299,107.405906279027,0.583673915156234,0,1638.79486869015,0
300,107.427602674987,0.583638351408576,0,1644.28257488591,0
301,107.449321110944,0.583603549543392,0,1649.7702826079,0
302,107.471060940872,0.583569498868367,0,1655.25799185499,0
303,107.49282153101,0.583536188849828,0,1660.74570262606,0
304,107.514602259628,0.583503609110232,0,1666.23341491997,0
305,107.536402516787,0.583471749425713,0,1671.7211287356,0
306,107.558221704111,0.583440599723663,0,1677.20884407182,0
307,107.580059234566,0.583410150080355,0,1682.69656092751,0
308,107.601914532231,0.583380390718618,0,1688.18427930153,0
309,107.623787032091,0.583351312005524,0,1693.67199919278,0
310,107.645676179824,0.583322904450148,0,1699.15972060012,0
311,107.66758143159,0.583295158701333,0,1704.64744352243,0
312,107.689502253833,0.583268065545524,0,1710.13516795859,0
313,107.711438123082,0.583241615904606,0,1715.62289390749,0
314,107.733388525752,0.583215800833806,0,1721.11062136799,0
315,107.755352957962,0.583190611519609,0,1726.59835033899,0
316,107.777330925339,0.583166039277726,0,1732.08608081937,0
317,107.799321942843,0.583142075551081,0,1737.573812808,0
318,107.821325534582,0.583118711907834,0,1743.06154630378,0
319,107.843341233637,0.583095940039452,0,1748.54928130558,0
320,107.865368581896,0.583073751758784,0,1754.0370178123,0
321,107.887407129874,0.583052138998199,0,1759.52475582282,0
322,107.90945643656,0.58303109380772,0,1765.01249533602,0
323,107.931516069244,0.583010608353227,0,1770.5002363508,0
324,107.953585603366,0.582990674914651,0,1775.98797886605,0
325,107.975664622355,0.582971285884231,0,1781.47572288065,0
326,107.997752717478,0.582952433764771,0,1786.9634683935,0
327,108.019849487694,0.582934111167947,0,1792.45121540348,0
328,108.041954539499,0.582916310812633,0,1797.9389639095,0
329,108.06406748679,0.582899025523244,0,1803.42671391043,0
330,108.086187950721,0.582882248228131,0,1808.91446540519,0
331,108.108315559563,0.58286597195797,0,1814.40221839266,0
332,108.130449948571,0.582850189844211,0,1819.88997287173,0
333,108.152590759852,0.582834895117515,0,1825.37772884132,0
334,108.17473764223,0.582820081106257,0,1830.8654863003,0
335,108.196890251124,0.582805741235015,0,1836.35324524759,0
336,108.219048248419,0.582791869023107,0,1841.84100568208,0
337,108.241211302345,0.582778458083144,0,1847.32876760267,0
338,108.263379087355,0.582765502119609,0,1852.81653100826,0
339,108.285551284009,0.582752994927454,0,1858.30429589776,0
340,108.307727578858,0.582740930390716,0,1863.79206227006,0
341,108.329907664328,0.582729302481178,0,1869.27983012408,0
342,108.352091238612,0.582718105257014,0,1874.7675994587,0
343,108.37427800556,0.582707332861494,0,1880.25537027285,0
344,108.396467674571,0.582696979521678,0,1885.74314256543,0
345,108.418659960489,0.582687039547154,0,1891.23091633533,0
346,108.440854583498,0.582677507328781,0,1896.71869158148,0
347,108.463051269026,0.582668377337462,0,1902.20646830278,0
348,108.48524974764,0.582659644122929,0,1907.69424649814,0
349,108.507449754955,0.58265130231255,0,1913.18202616646,0
350,108.529651031533,0.58264334661016,0,1918.66980730667,0
351,108.551853322796,0.5826357717949,0,1924.15758991767,0
352,108.574056378926,0.582628572720086,0,1929.64537399837,0
353,108.596259954785,0.582621744312082,0,1935.13315954769,0
354,108.618463809821,0.582615281569213,0,1940.62094656454,0
355,108.640667707981,0.582609179560664,0,1946.10873504784,0
356,108.66287141763,0.582603433425429,0,1951.59652499651,0
357,108.685074711467,0.582598038371251,0,1957.08431640946,0
358,108.70727736644,0.582592989673593,0,1962.5721092856,0
359,108.729479163672,0.582588282674621,0,1968.05990362387,0
360,108.751679888378,0.582583912782202,0,1973.54769942317,0
361,108.773879329789,0.582579875468923,0,1979.03549668242,0
362,108.796077281079,0.582576166271113,0,1984.52329540056,0
363,108.818273539288,0.582572780787899,0,1990.01109557649,0
364,108.840467905252,0.582569714680257,0,1995.49889720915,0
365,108.86266018353,0.582566963670094,0,2000.98670029745,0
366,108.884850182336,0.582564523539336,0,2006.47450484033,0
367,108.907037713469,0.582562390129031,0,2011.9623108367,0
368,108.929222592247,0.582560559338468,0,2017.45011828549,0
369,108.95140463744,0.582559027124308,0,2022.93792718563,0
370,108.973583671206,0.582557789499734,0,2028.42573753605,0
371,108.99575951903,0.582556842533602,0,2033.91354933567,0
372,109.017932009656,0.582556182349619,0,2039.40136258342,0
373,109.040100975035,0.582555805125527,0,2044.88917727824,0
374,109.062266250254,0.5825557070923,0,2050.37699341905,0
375,109.084427673489,0.582555884533352,0,2055.86481100479,0
376,109.106585085938,0.582556333783764,0,2061.35263003439,0
377,109.128738331771,0.582557051229514,0,2066.84045050679,0
378,109.150887258071,0.582558033306728,0,2072.3282724209,0
379,109.173031714782,0.582559276500933,0,2077.81609577568,0
380,109.195171554655,0.58256077734633,0,2083.30392057006,0
381,109.217306633193,0.582562532425076,0,2088.79174680298,0
382,109.239436808605,0.582564538366573,0,2094.27957447336,0
383,109.261561941753,0.582566791846774,0,2099.76740358015,0
384,109.283681896103,0.582569289587494,0,2105.25523412229,0
385,109.305796537674,0.582572028355736,0,2110.74306609873,0
386,109.327905734997,0.582575004963028,0,2116.23089950839,0
387,109.350009359061,0.582578216264766,0,2121.71873435022,0
388,109.372107283275,0.58258165915957,0,2127.20657062317,0
389,109.394199383415,0.582585330588647,0,2132.69440832617,0
390,109.416285537589,0.582589227535172,0,2138.18224745817,0
391,109.438365626184,0.582593347023665,0,2143.67008801812,0
392,109.460439531834,0.582597686119394,0,2149.15793000495,0
393,109.482507139371,0.58260224192777,0,2154.64577341763,0
394,109.504568335787,0.582607011593767,0,2160.13361825509,0
395,109.526623010196,0.582611992301338,0,2165.62146451628,0
396,109.548671053792,0.58261718127285,0,2171.10931220015,0
397,109.57071235981,0.582622575768522,0,2176.59716130565,0
398,109.592746823492,0.58262817308587,0,2182.08501183173,0
399,109.614774342047,0.58263397055917,0,2187.57286377735,0
400,109.636794814618,0.582639965558917,0,2193.06071714145,0
401,109.658808142241,0.5826461554913,0,2198.54857192298,0
402,109.680814227815,0.582652537797685,0,2204.03642812091,0
403,109.702812976067,0.5826591099541,0,2209.52428573418,0
404,109.724804293516,0.582665869470736,0,2215.01214476174,0
405,109.746788088442,0.58267281389145,0,2220.50000520257,0
406,109.768764270856,0.582679940793275,0,2225.98786705561,0
407,109.790732752461,0.582687247785943,0,2231.47573031981,0
408,109.81269344663,0.582694732511411,0,2236.96359499415,0
409,109.834646268368,0.582702392643391,0,2242.45146107757,0
410,109.856591134287,0.5827102258869,0,2247.93932856904,0
411,109.878527962574,0.582718229977799,0,2253.42719746752,0
412,109.900456672963,0.582726402682354,0,2258.91506777196,0
413,109.922377186707,0.582734741796794,0,2264.40293948134,0
414,109.94428942655,0.582743245146882,0,2269.89081259462,0
415,109.966193316698,0.582751910587491,0,2275.37868711075,0
416,109.988088782797,0.582760736002182,0,2280.86656302871,0
417,110.009975751902,0.582769719302795,0,2286.35444034745,0
418,110.031854152453,0.582778858429041,0,2291.84231906595,0
419,110.053723914251,0.582788151348103,0,2297.33019918318,0
420,110.07558496843,0.582797596054243,0,2302.81808069809,0
421,110.097437247438,0.582807190568413,0,2308.30596360966,0
422,110.119280685008,0.582816932937876,0,2313.79384791686,0
423,110.141115216136,0.582826821235824,0,2319.28173361866,0
424,110.162940777061,0.582836853561014,0,2324.76962071403,0
425,110.184757305237,0.582847028037401,0,2330.25750920194,0
426,110.206564739317,0.582857342813774,0,2335.74539908136,0
427,110.228363019127,0.582867796063412,0,2341.23329035127,0
428,110.250152085647,0.582878385983724,0,2346.72118301064,0
429,110.271931880987,0.582889110795916,0,2352.20907705845,0
430,110.293702348371,0.582899968744645,0,2357.69697249367,0
431,110.315463432115,0.58291095809769,0,2363.18486931527,0
432,110.337215077604,0.582922077145623,0,2368.67276752224,0
433,110.358957231278,0.582933324201487,0,2374.16066711356,0
434,110.38068984061,0.582944697600474,0,2379.6485680882,0
435,110.402412854088,0.582956195699616,0,2385.13647044514,0
436,110.424126221195,0.582967816877473,0,2390.62437418336,0
437,110.445829892395,0.582979559533831,0,2396.11227930184,0
438,110.467523819111,0.5829914220894,0,2401.60018579958,0
439,110.489207953712,0.583003402985522,0,2407.08809367553,0
440,110.51088224949,0.583015500683876,0,2412.5760029287,0
441,110.532546660652,0.583027713666195,0,2418.06391355807,0
442,110.554201142293,0.583040040433985,0,2423.55182556261,0
443,110.57584565039,0.583052479508241,0,2429.03973894133,0
444,110.597480141781,0.58306502942918,0,2434.52765369319,0
445,110.619104574148,0.583077688755968,0,2440.0155698172,0
446,110.640718906008,0.583090456066454,0,2445.50348731233,0
447,110.662323096691,0.583103329956908,0,2450.99140617758,0
448,110.683917106331,0.583116309041768,0,2456.47932641194,0
449,110.705500895848,0.583129391953378,0,2461.96724801439,0
450,110.727074426935,0.583142577341743,0,2467.45517098394,0
451,110.748637662047,0.583155863874284,0,2472.94309531956,0
452,110.770190564381,0.583169250235591,0,2478.43102102026,0
453,110.791733097869,0.583182735127183,0,2483.91894808502,0
454,110.813265227163,0.583196317267278,0,2489.40687651284,0
455,110.83478691762,0.583209995390556,0,2494.89480630272,0
456,110.856298135293,0.583223768247931,0,2500.38273745365,0
457,110.877798846913,0.583237634606328,0,2505.87066996463,0
458,110.899289019885,0.583251593248457,0,2511.35860383466,0
459,110.920768622269,0.583265642972598,0,2516.84653906273,0
460,110.942237622771,0.583279782592382,0,2522.33447564784,0
461,110.963695990733,0.583294010936582,0,2527.82241358899,0
462,110.985143696118,0.583308326848902,0,2533.31035288518,0
463,111.006580709502,0.58332272918777,0,2538.79829353542,0
464,111.028007002063,0.583337216826136,0,2544.28623553871,0
465,111.04942254557,0.583351788651272,0,2549.77417889404,0
466,111.070827312369,0.583366443564574,0,2555.26212360042,0
467,111.09222127538,0.583381180481368,0,2560.75006965686,0
468,111.113604408079,0.583395998330719,0,2566.23801706235,0
469,111.134976684494,0.583410896055242,0,2571.72596581592,0
470,111.156338079192,0.583425872610915,0,2577.21391591655,0
471,111.177688567271,0.583440926966899,0,2582.70186736327,0
472,111.199028124351,0.583456058105353,0,2588.18982015507,0
473,111.220356726563,0.58347126502126,0,2593.67777429097,0
474,111.24167435054,0.58348654672225,0,2599.16572976998,0
475,111.262980973412,0.583501902228428,0,2604.6536865911,0
476,111.28427657279,0.583517330572202,0,2610.14164475334,0
477,111.305561126766,0.583532830798117,0,2615.62960425573,0
478,111.326834613898,0.58354840196269,0,2621.11756509726,0
479,111.348097013204,0.583564043134247,0,2626.60552727696,0
480,111.369348304156,0.583579753392763,0,2632.09349079384,0
481,111.390588466668,0.583595531829699,0,2637.58145564691,0
482,111.411817481091,0.583611377547855,0,2643.06942183519,0
483,111.433035328205,0.583627289661208,0,2648.55738935769,0
484,111.454241989211,0.583643267294766,0,2654.04535821344,0
485,111.475437445722,0.583659309584417,0,2659.53332840144,0
486,111.49662167976,0.583675415676781,0,2665.02129992072,0
487,111.517794673746,0.583691584729067,0,2670.50927277029,0
488,111.538956410491,0.58370781590893,0,2675.99724694919,0
489,111.560106873193,0.583724108394329,0,2681.48522245642,0
490,111.581246045429,0.583740461373387,0,2686.97319929101,0
491,111.602373911148,0.583756874044261,0,2692.46117745197,0
492,111.623490454664,0.583773345614998,0,2697.94915693835,0
493,111.64459566065,0.583789875303411,0,2703.43713774914,0
494,111.665689514132,0.58380646233694,0,2708.92511988339,0
495,111.686772000484,0.583823105952531,0,2714.41310334012,0
496,111.707843105418,0.583839805396501,0,2719.90108811835,0
497,111.728902814984,0.58385655992442,0,2725.38907421711,0
498,111.749951115558,0.583873368800982,0,2730.87706163542,0
499,111.770987993842,0.583890231299888,0,2736.36505037232,0
500,111.792013436851,0.58390714670372,0,2741.85304042684,0
501,111.813027431918,0.58392411430383,0,2747.34103179799,0
502,111.834029966678,0.583941133400217,0,2752.82902448482,0
503,111.855021029068,0.583958203301415,0,2758.31701848635,0
504,111.876000607323,0.583975323324382,0,2763.80501380162,0
505,111.896968689966,0.583992492794384,0,2769.29301042966,0
506,111.917925265809,0.584009711044886,0,2774.7810083695,0
507,111.938870323942,0.584026977417447,0,2780.26900762017,0
508,111.959803853732,0.584044291261608,0,2785.75700818071,0
509,111.980725844818,0.584061651934791,0,2791.24501005016,0
510,112.001636287103,0.584079058802193,0,2796.73301322755,0
511,112.022535170755,0.584096511236682,0,2802.22101771192,0
512,112.043422486198,0.584114008618701,0,2807.70902350231,0
513,112.064298224107,0.584131550336162,0,2813.19703059775,0
514,112.085162375408,0.584149135784353,0,2818.68503899729,0
515,112.106014931271,0.58416676436584,0,2824.17304869995,0
516,112.126855883104,0.584184435490369,0,2829.6610597048,0
517,112.147685222552,0.584202148574776,0,2835.14907201085,0
518,112.168502941492,0.584219903042891,0,2840.63708561717,0
519,112.189309032028,0.584237698325449,0,2846.12510052278,0
520,112.210103486488,0.584255533859999,0,2851.61311672674,0
521,112.230886297421,0.584273409090814,0,2857.10113422809,0
522,112.25165745759,0.584291323468806,0,2862.58915302587,0
523,112.272416959972,0.584309276451436,0,2868.07717311912,0
524,112.293164797752,0.584327267502634,0,2873.56519450691,0
525,112.313900964321,0.58434529609271,0,2879.05321718826,0
526,112.33462545327,0.584363361698273,0,2884.54124116223,0
527,112.355338258389,0.584381463802152,0,2890.02926642787,0
528,112.376039373663,0.584399601893312,0,2895.51729298423,0
529,112.396728793268,0.584417775466777,0,2901.00532083035,0
530,112.417406511568,0.584435984023549,0,2906.49334996529,0
531,112.438072523112,0.584454227070535,0,2911.98138038811,0
532,112.45872682263,0.584472504120466,0,2917.46941209784,0
533,112.479369405032,0.584490814691829,0,2922.95744509354,0
534,112.500000265401,0.584509158308784,0,2928.44547937428,0
535,112.520619398995,0.584527534501098,0,2933.93351493909,0
536,112.54122680124,0.584545942804074,0,2939.42155178704,0
537,112.561822467729,0.584564382758471,0,2944.90958991719,0
538,112.582406394218,0.584582853910447,0,2950.39762932858,0
539,112.602978576625,0.584601355811478,0,2955.88567002028,0
540,112.623539011025,0.584619888018297,0,2961.37371199135,0
541,112.644087693649,0.584638450092826,0,2966.86175524083,0
542,112.664624620881,0.584657041602111,0,2972.3497997678,0
543,112.685149789255,0.584675662118251,0,2977.83784557131,0
544,112.705663195451,0.58469431121834,0,2983.32589265042,0
545,112.726164836297,0.584712988484403,0,2988.81394100419,0
546,112.74665470876,0.584731693503327,0,2994.3019906317,0
547,112.767132809951,0.58475042586681,0,2999.79004153199,0
548,112.787599137116,0.584769185171291,0,3005.27809370413,0
549,112.808053687635,0.584787971017893,0,3010.76614714719,0
550,112.828496459026,0.584806783012367,0,3016.25420186023,0
551,112.848927448932,0.584825620765028,0,3021.74225784231,0
552,112.869346655129,0.584844483890703,0,3027.23031509251,0
553,112.889754075516,0.58486337200867,0,3032.7183736099,0
554,112.910149708119,0.584882284742603,0,3038.20643339352,0
555,112.930533551084,0.58490122172052,0,3043.69449444247,0
556,112.950905602677,0.584920182574723,0,3049.1825567558,0
557,112.971265861283,0.584939166941751,0,3054.67062033259,0
558,112.991614325402,0.584958174462319,0,3060.1586851719,0
559,113.011950993648,0.584977204781274,0,3065.64675127281,0
560,113.032275864747,0.584996257547537,0,3071.13481863439,0
561,113.052588937536,0.585015332414057,0,3076.62288725572,0
562,113.072890210958,0.585034429037755,0,3082.11095713586,0
563,113.093179684064,0.585053547079483,0,3087.59902827389,0
564,113.113457356008,0.585072686203966,0,3093.08710066888,0
565,113.133723226049,0.58509184607976,0,3098.57517431991,0
566,113.153977293545,0.585111026379203,0,3104.06324922607,0
567,113.174219557953,0.585130226778367,0,3109.55132538641,0
568,113.194450018829,0.585149446957014,0,3115.03940280002,0
569,113.214668675824,0.585168686598548,0,3120.52748146599,0
570,113.234875528683,0.585187945389971,0,3126.01556138338,0
571,113.255070577244,0.58520722302184,0,3131.50364255128,0
572,113.275253821436,0.58522651918822,0,3136.99172496877,0
573,113.295425261277,0.585245833586645,0,3142.47980863493,0
574,113.315584896873,0.585265165918072,0,3147.96789354884,0
575,113.335732728418,0.58528451588684,0,3153.45597970958,0
576,113.355868756188,0.58530388320063,0,3158.94406711624,0
577,113.375992980544,0.585323267570422,0,3164.4321557679,0
578,113.396105401931,0.585342668710455,0,3169.92024566364,0
579,113.416206020871,0.58536208633819,0,3175.40833680256,0
580,113.436294837968,0.585381520174265,0,3180.89642918373,0
581,113.456371853902,0.585400969942462,0,3186.38452280624,0
582,113.476437069433,0.585420435369666,0,3191.87261766919,0
583,113.496490485391,0.585439916185828,0,3197.36071377165,0
584,113.516532102685,0.585459412123926,0,3202.84881111272,0
585,113.536561922294,0.585478922919932,0,3208.33690969149,0
586,113.556579945268,0.585498448312771,0,3213.82500950705,0
587,113.57658617273,0.585517988044289,0,3219.31311055848,0
588,113.59658060587,0.585537541859217,0,3224.80121284488,0
589,113.616563245947,0.585557109505134,0,3230.28931636534,0
590,113.636534094284,0.585576690732437,0,3235.77742111895,0
591,113.656493152274,0.585596285294301,0,3241.26552710481,0
592,113.67644042137,0.58561589294665,0,3246.75363432201,0
593,113.696375903092,0.585635513448124,0,3252.24174276965,0
594,113.71629959902,0.585655146560044,0,3257.72985244682,0
595,113.736211510797,0.585674792046382,0,3263.21796335262,0
596,113.756111640123,0.585694449673728,0,3268.70607548615,0
597,113.77599998876,0.585714119211258,0,3274.19418884649,0
598,113.795876558528,0.585733800430705,0,3279.68230343276,0
599,113.815741351303,0.58575349310633,0,3285.17041924405,0
600,113.835594369018,0.585773197014884,0,3290.65853627945,0
601,113.855435613659,0.585792911935589,0,3296.14665453808,0
602,113.875265087269,0.585812637650102,0,3301.63477401903,0
603,113.895082791944,0.585832373942485,0,3307.1228947214,0
604,113.914888729829,0.585852120599184,0,3312.61101664429,0
605,113.934682903126,0.58587187740899,0,3318.09913978681,0
606,113.954465314082,0.585891644163022,0,3323.58726414807,0
607,113.974235964998,0.585911420654691,0,3329.07538972716,0
608,113.993994858221,0.585931206679679,0,3334.56351652319,0
609,114.013741996147,0.585951002035908,0,3340.05164453526,0
610,114.033477381221,0.585970806523516,0,3345.53977376249,0
611,114.053201015931,0.58599061994483,0,3351.02790420399,0
612,114.072912902813,0.586010442104341,0,3356.51603585885,0
613,114.092613044446,0.586030272808677,0,3362.00416872618,0
614,114.112301443456,0.58605011186658,0,3367.4923028051,0
615,114.131978102509,0.58606995908888,0,3372.98043809472,0
616,114.151643024314,0.58608981428847,0,3378.46857459414,0
617,114.171296211624,0.586109677280284,0,3383.95671230249,0
618,114.190937667231,0.586129547881271,0,3389.44485121885,0
619,114.210567393969,0.586149425910374,0,3394.93299134236,0
620,114.230185394708,0.586169311188502,0,3400.42113267213,0
621,114.249791672362,0.586189203538515,0,3405.90927520726,0
622,114.26938622988,0.586209102785193,0,3411.39741894688,0
623,114.288969070249,0.586229008755216,0,3416.8855638901,0
624,114.308540196494,0.586248921277151,0,3422.37371003602,0
625,114.328099611675,0.586268840181413,0,3427.86185738378,0
626,114.347647318889,0.586288765300261,0,3433.35000593249,0
627,114.367183321267,0.586308696467765,0,3438.83815568126,0
628,114.386707621975,0.586328633519788,0,3444.32630662921,0
629,114.406220224212,0.586348576293969,0,3449.81445877547,0
630,114.425721131212,0.5863685246297,0,3455.30261211915,0
631,114.44521034624,0.586388478368104,0,3460.79076665938,0
632,114.464687872595,0.586408437352018,0,3466.27892239526,0
633,114.484153713604,0.586428401425972,0,3471.76707932594,0
634,114.503607872629,0.58644837043617,0,3477.25523745052,0
635,114.523050353059,0.58646834423047,0,3482.74339676813,0
636,114.542481158317,0.586488322658368,0,3488.2315572779,0
637,114.561900291851,0.586508305570975,0,3493.71971897895,0
638,114.581307757141,0.586528292821001,0,3499.20788187041,0
639,114.600703557694,0.586548284262737,0,3504.69604595139,0
640,114.620087697045,0.586568279752038,0,3510.18421122103,0
641,114.639460178756,0.5865882791463,0,3515.67237767846,0
642,114.658821006418,0.58660828230445,0,3521.1605453228,0
643,114.678170183644,0.586628289086923,0,3526.64871415318,0
644,114.697507714079,0.586648299355649,0,3532.13688416873,0
645,114.716833601388,0.58666831297403,0,3537.62505536858,0
646,114.736147849264,0.586688329806932,0,3543.11322775185,0
647,114.755450461423,0.586708349720661,0,3548.60140131769,0
648,114.774741441608,0.586728372582949,0,3554.08957606522,0
649,114.794020793582,0.586748398262942,0,3559.57775199358,0
650,114.813288521133,0.586768426631177,0,3565.06592910189,0
651,114.832544628074,0.586788457559573,0,3570.55410738929,0
652,114.851789118236,0.58680849092141,0,3576.04228685492,0
653,114.871021995476,0.586828526591318,0,3581.53046749791,0
654,114.89024326367,0.58684856444526,0,3587.01864931739,0
655,114.909452926718,0.586868604360517,0,3592.50683231251,0
656,114.928650988539,0.586888646215674,0,3597.9950164824,0
657,114.947837453072,0.586908689890603,0,3603.48320182619,0
658,114.967012324278,0.586928735266455,0,3608.97138834303,0
659,114.986175606137,0.586948782225638,0,3614.45957603205,0
660,115.005327302649,0.586968830651806,0,3619.9477648924,0
661,115.024467417831,0.58698888042985,0,3625.43595492321,0
662,115.043595955721,0.587008931445876,0,3630.92414612362,0
663,115.062712920375,0.587028983587196,0,3636.41233849278,0
664,115.081818315866,0.587049036742317,0,3641.90053202982,0
665,115.100912146287,0.587069090800922,0,3647.3887267339,0
666,115.119994415746,0.58708914565386,0,3652.87692260415,0
667,115.139065128369,0.587109201193136,0,3658.36511963972,0
668,115.158124288299,0.587129257311894,0,3663.85331783975,0
669,115.177171899696,0.587149313904404,0,3669.34151720339,0
670,115.196207966736,0.587169370866054,0,3674.82971772978,0
671,115.215232493608,0.587189428093334,0,3680.31791941807,0
672,115.234245484522,0.587209485483828,0,3685.80612226741,0
673,115.253246943699,0.587229542936194,0,3691.29432627695,0
674,115.272236875378,0.587249600350162,0,3696.78253144583,0
675,115.291215283809,0.587269657626516,0,3702.2707377732,0
676,115.31018217326,0.587289714667084,0,3707.75894525821,0
677,115.329137548013,0.587309771374728,0,3713.24715390002,0
678,115.348081412361,0.587329827653332,0,3718.73536369778,0
679,115.367013770614,0.587349883407788,0,3724.22357465062,0
680,115.385934627094,0.587369938543989,0,3729.71178675772,0
681,115.404843986135,0.587389992968819,0,3735.20000001822,0
682,115.423741852088,0.587410046590136,0,3740.68821443127,0
683,115.442628229312,0.587430099316769,0,3746.17642999604,0
684,115.46150312218,0.5874501510585,0,3751.66464671166,0
685,115.480366535079,0.587470201726063,0,3757.15286457731,0
686,115.499218472407,0.587490251231124,0,3762.64108359214,0
687,115.518058938573,0.587510299486276,0,3768.12930375529,0
688,115.536887937997,0.587530346405031,0,3773.61752506594,0
689,115.555705475113,0.587550391901804,0,3779.10574752323,0
690,115.574511554364,0.587570435891909,0,3784.59397112634,0
691,115.593306180205,0.587590478291547,0,3790.0821958744,0
692,115.6120893571,0.587610519017795,0,3795.5704217666,0
693,115.630861089526,0.5876305579886,0,3801.05864880208,0
694,115.649621381968,0.587650595122769,0,3806.54687698001,0
695,115.668370238923,0.587670630339954,0,3812.03510629955,0
696,115.687107664897,0.587690663560654,0,3817.52333675986,0
697,115.705833664405,0.587710694706196,0,3823.01156836011,0
698,115.724548241973,0.587730723698729,0,3828.49980109945,0
699,115.743251402136,0.587750750461219,0,3833.98803497706,0
700,115.761943149437,0.587770774917436,0,3839.47626999211,0
701,115.780623488429,0.587790796991948,0,3844.96450614374,0
702,115.799292423675,0.587810816610111,0,3850.45274343113,0
703,115.817949959744,0.587830833698059,0,3855.94098185346,0
704,115.836596101215,0.587850848182702,0,3861.42922140987,0
705,115.855230852675,0.58787085999171,0,3866.91746209955,0
706,115.873854218721,0.587890869053512,0,3872.40570392167,0
707,115.892466203954,0.587910875297281,0,3877.89394687538,0
708,115.911066812987,0.587930878652934,0,3883.38219095987,0
709,115.929656050438,0.587950879051117,0,3888.87043617429,0
710,115.948233920934,0.587970876423202,0,3894.35868251784,0
711,115.966800429108,0.587990870701276,0,3899.84692998966,0
712,115.985355579601,0.588010861818138,0,3905.33517858895,0
713,116.003899377062,0.588030849707286,0,3910.82342831486,0
714,116.022431826145,0.588050834302914,0,3916.31167916658,0
715,116.040952931513,0.588070815539905,0,3921.79993114328,0
716,116.059462697834,0.588090793353818,0,3927.28818424413,0
717,116.077961129783,0.588110767680888,0,3932.77643846832,0
718,116.096448232042,0.588130738458015,0,3938.264693815,0
719,116.114924009299,0.588150705622757,0,3943.75295028337,0
720,116.133388466247,0.588170669113327,0,3949.2412078726,0
721,116.151841607586,0.58819062886858,0,3954.72946658187,0
722,116.170283438023,0.588210584828013,0,3960.21772641036,0
723,116.188713962269,0.588230536931753,0,3965.70598735724,0
724,116.207133185042,0.588250485120553,0,3971.1942494217,0
725,116.225541111064,0.588270429335784,0,3976.68251260292,0
726,116.243937745064,0.588290369519433,0,3982.17077690007,0
727,116.262323091776,0.588310305614089,0,3987.65904231235,0
728,116.280697155938,0.588330237562945,0,3993.14730883892,0
729,116.299059942294,0.588350165309786,0,3998.63557647898,0
730,116.317411455594,0.588370088798982,0,4004.12384523171,0
731,116.335751700591,0.588390007975493,0,4009.61211509629,0
732,116.354080682045,0.588409922784846,0,4015.10038607191,0
733,116.372398404718,0.588429833173144,0,4020.58865815776,0
734,116.390704873379,0.588449739087048,0,4026.07693135301,0
735,116.409000092799,0.588469640473783,0,4031.56520565686,0
736,116.427284067757,0.588489537281126,0,4037.05348106849,0
737,116.445556803033,0.588509429457397,0,4042.5417575871,0
738,116.463818303413,0.58852931695146,0,4048.03003521186,0
739,116.482068573686,0.588549199712715,0,4053.51831394197,0
740,116.500307618646,0.588569077691094,0,4059.00659377662,0
741,116.51853544309,0.588588950837048,0,4064.494874715,0
742,116.53675205182,0.588608819101555,0,4069.9831567563,0
743,116.554957449642,0.588628682436102,0,4075.47143989971,0
744,116.573151641363,0.588648540792687,0,4080.95972414443,0
745,116.591334631797,0.588668394123814,0,4086.44800948964,0
746,116.60950642576,0.588688242382482,0,4091.93629593454,0
747,116.627667028071,0.588708085522188,0,4097.42458347833,0
748,116.645816443554,0.588727923496913,0,4102.91287212019,0
749,116.663954677034,0.588747756261127,0,4108.40116185933,0
750,116.68208173334,0.588767583769775,0,4113.88945269494,0
751,116.700197617307,0.588787405978279,0,4119.37774462621,0
752,116.718302333769,0.58880722284253,0,4124.86603765234,0
753,116.736395887565,0.588827034318881,0,4130.35433177254,0
754,116.754478283537,0.588846840364149,0,4135.84262698599,0
755,116.77254952653,0.588866640935604,0,4141.33092329191,0
756,116.790609621391,0.588886435990968,0,4146.81922068947,0
757,116.808658572971,0.588906225488407,0,4152.3075191779,0
758,116.826696386121,0.588926009386533,0,4157.79581875638,0
759,116.844723065699,0.588945787644393,0,4163.28411942412,0
760,116.862738616562,0.588965560221466,0,4168.77242118032,0
761,116.880743043571,0.588985327077663,0,4174.26072402419,0
762,116.898736351589,0.589005088173316,0,4179.74902795492,0
763,116.916718545482,0.58902484346918,0,4185.23733297171,0
764,116.934689630116,0.589044592926424,0,4190.72563907379,0
765,116.952649610364,0.589064336506632,0,4196.21394626034,0
766,116.970598491097,0.589084074171794,0,4201.70225453057,0
767,116.98853627719,0.589103805884301,0,4207.1905638837,0
768,117.006462973519,0.589123531606949,0,4212.67887431892,0
769,117.024378584964,0.589143251302926,0,4218.16718583544,0
770,117.042283116405,0.589162964935817,0,4223.65549843248,0
771,117.060176572726,0.589182672469587,0,4229.14381210923,0
772,117.078058958811,0.589202373868594,0,4234.63212686492,0
773,117.095930279546,0.58922206909757,0,4240.12044269874,0
774,117.113790539821,0.589241758121626,0,4245.60875960991,0
775,117.131639744526,0.589261440906247,0,4251.09707759763,0
776,117.149477898553,0.589281117417286,0,4256.58539666113,0
777,117.167305006796,0.589300787620964,0,4262.07371679961,0
778,117.185121074151,0.589320451483859,0,4267.56203801229,0
779,117.202926105514,0.589340108972913,0,4273.05036029837,0
780,117.220720105784,0.58935976005542,0,4278.53868365708,0
781,117.238503079862,0.589379404699028,0,4284.02700808762,0
782,117.25627503265,0.58939904287173,0,4289.51533358921,0
783,117.274035969051,0.589418674541866,0,4295.00366016107,0
784,117.291785893969,0.589438299678117,0,4300.49198780241,0
785,117.309524812312,0.589457918249501,0,4305.98031651244,0
786,117.327252728985,0.589477530225372,0,4311.4686462904,0
787,117.344969648899,0.589497135575415,0,4316.95697713549,0
788,117.362675576964,0.589516734269644,0,4322.44530904693,0
789,117.380370518091,0.589536326278397,0,4327.93364202394,0
790,117.398054477192,0.589555911572332,0,4333.42197606574,0
791,117.415727459182,0.589575490122432,0,4338.91031117155,0
792,117.433389468975,0.589595061899987,0,4344.39864734059,0
793,117.451040511489,0.589614626876609,0,4349.88698457209,0
794,117.468680591639,0.589634185024212,0,4355.37532286526,0
795,117.486309714346,0.58965373631502,0,4360.86366221933,0
796,117.503927884527,0.589673280721561,0,4366.35200263352,0
797,117.521535107104,0.589692818216662,0,4371.84034410705,0
798,117.539131386998,0.589712348773449,0,4377.32868663915,0
799,117.556716729131,0.589731872365342,0,4382.81703022904,0
800,117.574291138428,0.589751388966055,0,4388.30537487595,0
801,117.591854619812,0.589770898549588,0,4393.79372057911,0
802,117.609407178208,0.589790401090232,0,4399.28206733773,0
803,117.626948818544,0.589809896562557,0,4404.77041515106,0
804,117.644479545745,0.589829384941417,0,4410.25876401831,0
805,117.661999364739,0.589848866201944,0,4415.74711393871,0
806,117.679508280456,0.589868340319544,0,4421.2354649115,0
807,117.697006297824,0.589887807269898,0,4426.72381693589,0
808,117.714493421775,0.589907267028956,0,4432.21217001113,0
809,117.731969657237,0.589926719572939,0,4437.70052413644,0
810,117.749435009144,0.589946164878327,0,4443.18887931106,0
811,117.766889482428,0.589965602921868,0,4448.67723553421,0
812,117.784333082022,0.589985033680568,0,4454.16559280513,0
813,117.801765812858,0.590004457131692,0,4459.65395112305,0
814,117.819187679873,0.590023873252761,0,4465.14231048721,0
815,117.836598688,0.590043282021543,0,4470.63067089683,0
816,117.853998842175,0.590062683416065,0,4476.11903235115,0
817,117.871388147335,0.590082077414596,0,4481.60739484941,0
818,117.888766608415,0.590101463995653,0,4487.09575839085,0
819,117.906134230355,0.590120843137996,0,4492.5841229747,0
820,117.92349101809,0.590140214820626,0,4498.07248860019,0
821,117.940836976561,0.590159579022782,0,4503.56085526657,0
822,117.958172110704,0.590178935723941,0,4509.04922297307,0
823,117.975496425461,0.590198284903814,0,4514.53759171893,0
824,117.992809925771,0.590217626542342,0,4520.02596150339,0
825,118.010112616573,0.590236960619699,0,4525.51433232569,0
826,118.02740450281,0.590256287116284,0,4531.00270418507,0
827,118.044685589422,0.590275606012724,0,4536.49107708077,0
828,118.061955881351,0.590294917289866,0,4541.97945101204,0
829,118.07921538354,0.590314220928782,0,4547.46782597811,0
830,118.09646410093,0.590333516910761,0,4552.95620197822,0
831,118.113702038464,0.590352805217309,0,4558.44457901163,0
832,118.130929201087,0.59037208583015,0,4563.93295707757,0
833,118.148145593741,0.590391358731217,0,4569.42133617529,0
834,118.16535122137,0.590410623902656,0,4574.90971630403,0
835,118.18254608892,0.590429881326823,0,4580.39809746304,0
836,118.199730201335,0.590449130986279,0,4585.88647965156,0
837,118.21690356356,0.590468372863794,0,4591.37486286885,0
838,118.23406618054,0.590487606942335,0,4596.86324711414,0
839,118.251218057221,0.590506833205077,0,4602.35163238669,0
840,118.26835919855,0.59052605163539,0,4607.84001868574,0
841,118.285489609472,0.590545262216844,0,4613.32840601055,0
842,118.302609294934,0.590564464933204,0,4618.81679436035,0
843,118.319718259883,0.590583659768427,0,4624.30518373441,0
844,118.336816509267,0.590602846706667,0,4629.79357413198,0
845,118.353904048033,0.590622025732263,0,4635.28196555229,0
846,118.370980881128,0.590641196829746,0,4640.77035799461,0
847,118.388047013501,0.590660359983833,0,4646.25875145819,0
848,118.4051024501,0.590679515179425,0,4651.74714594227,0
849,118.422147195873,0.590698662401607,0,4657.23554144612,0
850,118.43918125577,0.590717801635647,0,4662.72393796899,0
851,118.456204634738,0.59073693286699,0,4668.21233551013,0
852,118.473217337728,0.590756056081262,0,4673.70073406879,0
853,118.490219369688,0.590775171264265,0,4679.18913364424,0
854,118.507210735569,0.590794278401974,0,4684.67753423573,0
855,118.524191440319,0.59081337748054,0,4690.1659358425,0
856,118.54116148889,0.590832468486285,0,4695.65433846383,0
857,118.558120886231,0.5908515514057,0,4701.14274209897,0
858,118.575069637293,0.590870626225447,0,4706.63114674718,0
859,118.592007747026,0.590889692932351,0,4712.11955240771,0
860,118.608935220382,0.590908751513407,0,4717.60795907983,0
861,118.625852062311,0.590927801955769,0,4723.09636676279,0
862,118.642758277764,0.590946844246761,0,4728.58477545586,0
863,118.659653871693,0.590965878373858,0,4734.0731851583,0
864,118.676538849049,0.590984904324703,0,4739.56159586937,0
865,118.693413214784,0.591003922087092,0,4745.05000758832,0
866,118.710276973849,0.59102293164898,0,4750.53842031443,0
867,118.727130131197,0.591041932998476,0,4756.02683404696,0
868,118.743972691781,0.591060926123842,0,4761.51524878517,0
869,118.760804660551,0.591079911013494,0,4767.00366452832,0
870,118.777626042461,0.591098887655996,0,4772.49208127568,0
871,118.794436842463,0.591117856040066,0,4777.98049902652,0
872,118.811237065511,0.591136816154565,0,4783.4689177801,0
873,118.828026716556,0.591155767988504,0,4788.95733753568,0
874,118.844805800552,0.591174711531038,0,4794.44575829254,0
875,118.861574322453,0.591193646771466,0,4799.93418004995,0
876,118.878332287211,0.591212573699231,0,4805.42260280716,0
877,118.895079699781,0.591231492303915,0,4810.91102656345,0
878,118.911816565115,0.591250402575242,0,4816.3994513181,0
879,118.928542888167,0.591269304503074,0,4821.88787707036,0
880,118.945258673892,0.591288198077411,0,4827.37630381951,0
881,118.961963927243,0.59130708328839,0,4832.86473156481,0
882,118.978658653174,0.591325960126279,0,4838.35316030556,0
883,118.995342856641,0.591344828581486,0,4843.841590041,0
884,119.012016542596,0.591363688644546,0,4849.33002077042,0
885,119.028679715996,0.591382540306128,0,4854.81845249308,0
886,119.045332381794,0.591401383557031,0,4860.30688520827,0
887,119.061974544945,0.591420218388183,0,4865.79531891526,0
888,119.078606210404,0.591439044790639,0,4871.28375361332,0
889,119.095227383127,0.59145786275558,0,4876.77218930172,0
890,119.111838068068,0.591476672274314,0,4882.26062597975,0
891,119.128438270183,0.591495473338273,0,4887.74906364667,0
892,119.145027994427,0.591514265939012,0,4893.23750230177,0
893,119.161607245756,0.591533050068206,0,4898.72594194432,0
894,119.178176029125,0.591551825717655,0,4904.2143825736,0
895,119.194734349491,0.591570592879275,0,4909.7028241889,0
896,119.211282211808,0.591589351545102,0,4915.19126678948,0
897,119.227819621035,0.591608101707291,0,4920.67971037463,0
898,119.244346582125,0.59162684335811,0,4926.16815494362,0
899,119.260863100037,0.591645576489947,0,4931.65660049575,0
900,119.277369179725,0.5916643010953,0,4937.14504703028,0
901,119.293864826148,0.591683017166785,0,4942.63349454651,0
902,119.310350044261,0.591701724697127,0,4948.12194304371,0
903,119.326824839021,0.591720423679162,0,4953.61039252117,0
904,119.343289215386,0.591739114105839,0,4959.09884297816,0
905,119.359743178312,0.591757795970213,0,4964.58729441398,0
906,119.376186732757,0.591776469265452,0,4970.07574682791,0
907,119.392619883678,0.591795133984825,0,4975.56420021923,0
908,119.409042636032,0.591813790121713,0,4981.05265458722,0
909,119.425454994777,0.591832437669599,0,4986.54110993119,0
910,119.441856964871,0.591851076622072,0,4992.0295662504,0
911,119.458248551272,0.591869706972825,0,4997.51802354415,0
912,119.474629758937,0.591888328715649,0,5003.00648181173,0
913,119.491000592825,0.591906941844444,0,5008.49494105242,0
914,119.507361057894,0.591925546353203,0,5013.98340126551,0
915,119.523711159102,0.591944142236026,0,5019.47186245029,0
916,119.540050901408,0.591962729487106,0,5024.96032460605,0
917,119.556380289771,0.591981308100737,0,5030.44878773209,0
918,119.572699329149,0.591999878071308,0,5035.93725182769,0
919,119.589008024502,0.592018439393305,0,5041.42571689214,0
920,119.605306380788,0.592036992061313,0,5046.91418292473,0
921,119.621594402966,0.592055536070004,0,5052.40264992477,0
922,119.637872095997,0.59207407141415,0,5057.89111789153,0
923,119.654139464839,0.592092598088611,0,5063.37958682432,0
924,119.670396514452,0.592111116088343,0,5068.86805672242,0
925,119.686643249796,0.59212962540839,0,5074.35652758514,0
926,119.702879675831,0.592148126043887,0,5079.84499941176,0
927,119.719105797517,0.59216661799006,0,5085.33347220158,0
928,119.735321619814,0.592185101242221,0,5090.82194595391,0
929,119.751527147683,0.592203575795771,0,5096.31042066803,0
930,119.767722386083,0.592222041646197,0,5101.79889634324,0
931,119.783907339976,0.592240498789075,0,5107.28737297884,0
932,119.800082014323,0.592258947220062,0,5112.77585057413,0
933,119.816246414084,0.592277386934902,0,5118.2643291284,0
934,119.83240054422,0.592295817929425,0,5123.75280864097,0
935,119.848544409693,0.592314240199539,0,5129.24128911111,0
936,119.864678015465,0.59233265374124,0,5134.72977053814,0
937,119.880801366496,0.592351058550598,0,5140.21825292136,0
938,119.896914467749,0.592369454623772,0,5145.70673626007,0
939,119.913017324185,0.592387841956997,0,5151.19522055356,0
940,119.929109940767,0.592406220546586,0,5156.68370580115,0
941,119.945192322456,0.592424590388933,0,5162.17219200213,0
942,119.961264474215,0.592442951480509,0,5167.66067915581,0
943,119.977326401006,0.592461303817863,0,5173.14916726149,0
944,119.993378107793,0.592479647397618,0,5178.63765631847,0
945,120.009419599538,0.592497982216477,0,5184.12614632607,0
946,120.025450881203,0.592516308271214,0,5189.61463728358,0
947,120.041471957753,0.592534625558679,0,5195.10312919032,0
948,120.057482834149,0.592552934075796,0,5200.59162204558,0
949,120.073483515357,0.592571233819561,0,5206.08011584868,0
950,120.08947400634,0.592589524787044,0,5211.56861059892,0
951,120.10545431206,0.592607806975385,0,5217.05710629562,0
952,120.121424437483,0.592626080381796,0,5222.54560293807,0
953,120.137384387572,0.592644345003559,0,5228.03410052559,0
954,120.153334167292,0.592662600838026,0,5233.52259905749,0
955,120.169273781607,0.592680847882618,0,5239.01109853307,0
956,120.185203235481,0.592699086134824,0,5244.49959895166,0
957,120.201122533881,0.592717315592202,0,5249.98810031255,0
958,120.21703168177,0.592735536252376,0,5255.47660261507,0
959,120.232930684113,0.592753748113037,0,5260.96510585852,0
960,120.248819545877,0.592771951171942,0,5266.45361004222,0
961,120.264698272026,0.592790145426913,0,5271.94211516547,0
962,120.280566867526,0.592808330875839,0,5277.4306212276,0
963,120.296425337343,0.592826507516669,0,5282.91912822791,0
964,120.312273686443,0.59284467534742,0,5288.40763616573,0
965,120.328111919792,0.592862834366168,0,5293.89614504036,0
966,120.343940042357,0.592880984571055,0,5299.38465485113,0
967,120.359758059103,0.592899125960282,0,5304.87316559734,0
968,120.375565974998,0.592917258532114,0,5310.36167727832,0
969,120.391363795009,0.592935382284873,0,5315.85018989338,0
970,120.407151524101,0.592953497216945,0,5321.33870344184,0
971,120.422929167244,0.592971603326773,0,5326.82721792302,0
972,120.438696729403,0.592989700612861,0,5332.31573333624,0
973,120.454454215547,0.59300778907377,0,5337.80424968081,0
974,120.470201630643,0.593025868708118,0,5343.29276695606,0
975,120.485938979659,0.593043939514584,0,5348.78128516131,0
976,120.501666267564,0.593062001491899,0,5354.26980429587,0
977,120.517383499324,0.593080054638855,0,5359.75832435907,0
978,120.53309067991,0.593098098954299,0,5365.24684535023,0
979,120.548787814288,0.593116134437128,0,5370.73536726867,0
980,120.564474907429,0.593134161086302,0,5376.22389011372,0
981,120.580151964301,0.593152178900829,0,5381.71241388469,0
982,120.595818989872,0.593170187879773,0,5387.20093858092,0
983,120.611475989113,0.593188188022252,0,5392.68946420173,0
984,120.627122966992,0.593206179327436,0,5398.17799074643,0
985,120.64275992848,0.593224161794546,0,5403.66651821436,0
986,120.658386878546,0.593242135422857,0,5409.15504660485,0
987,120.674003822159,0.593260100211696,0,5414.64357591721,0
988,120.68961076429,0.593278056160436,0,5420.13210615078,0
989,120.70520770991,0.593296003268505,0,5425.62063730488,0
990,120.720794663988,0.59331394153538,0,5431.10916937884,0
991,120.736371631496,0.593331870960586,0,5436.59770237199,0
992,120.751938617403,0.593349791543698,0,5442.08623628366,0
993,120.767495626681,0.593367703284339,0,5447.57477111317,0
994,120.783042664301,0.593385606182182,0,5453.06330685986,0
995,120.798579735234,0.593403500236943,0,5458.55184352306,0
996,120.814106844452,0.593421385448389,0,5464.04038110209,0
997,120.829623996925,0.593439261816334,0,5469.52891959629,0
998,120.845131197627,0.593457129340636,0,5475.017459005,0
999,120.860628451528,0.593474988021199,0,5480.50599932753,0
1000,120.876115763601,0.593492837857973,0,5485.99454056324,0
1001,120.891593138818,0.593510678850954,0,5491.48308271144,0
1002,120.907060582151,0.59352851100018,0,5496.97162577147,0
1003,120.922518098572,0.593546334305737,0,5502.46016974267,0
1004,120.937965693055,0.59356414876775,0,5507.94871462438,0
1005,120.953403370573,0.59358195438639,0,5513.43726041591,0
1006,120.968831136097,0.593599751161871,0,5518.92580711663,0
1007,120.984248994601,0.593617539094447,0,5524.41435472585,0
1008,120.999656951059,0.593635318184418,0,5529.90290324291,0
1009,121.015055010444,0.593653088432122,0,5535.39145266716,0
1010,121.030443177729,0.59367084983794,0,5540.88000299793,0
1011,121.045821457888,0.593688602402293,0,5546.36855423456,0
1012,121.061189855895,0.593706346125642,0,5551.85710637638,0
1013,121.076548376723,0.593724081008492,0,5557.34565942275,0
1014,121.091897025348,0.593741807051381,0,5562.83421337299,0
1015,121.107235806743,0.593759524254892,0,5568.32276822644,0
1016,121.122564725882,0.593777232619643,0,5573.81132398245,0
1017,121.137883787739,0.593794932146293,0,5579.29988064036,0
1018,121.153192997291,0.593812622835539,0,5584.78843819951,0
1019,121.168492359511,0.593830304688114,0,5590.27699665924,0
1020,121.183781879374,0.593847977704791,0,5595.7655560189,0
1021,121.199061561855,0.593865641886376,0,5601.25411627783,0
1022,121.21433141193,0.593883297233717,0,5606.74267743536,0
1023,121.229591434573,0.593900943747695,0,5612.23123949085,0
1024,121.24484163476,0.593918581429225,0,5617.71980244364,0
1025,121.260082017467,0.593936210279263,0,5623.20836629308,0
1026,121.275312587668,0.593953830298796,0,5628.69693103851,0
1027,121.290533350341,0.593971441488849,0,5634.18549667927,0
1028,121.305744310459,0.593989043850477,0,5639.67406321472,0
1029,121.320945473001,0.594006637384775,0,5645.16263064419,0
1030,121.33613684294,0.594024222092867,0,5650.65119896705,0
1031,121.351318425255,0.594041797975913,0,5656.13976818263,0
1032,121.36649022492,0.594059365035108,0,5661.62833829028,0
1033,121.381652246912,0.594076923271675,0,5667.11690928936,0
1034,121.396804496208,0.594094472686873,0,5672.60548117921,0
1035,121.411946977784,0.594112013281992,0,5678.09405395918,0
1036,121.427079696617,0.594129545058357,0,5683.58262762862,0
1037,121.442202657683,0.59414706801732,0,5689.07120218689,0
1038,121.45731586596,0.594164582160267,0,5694.55977763333,0
1039,121.472419326423,0.594182087488613,0,5700.0483539673,0
1040,121.487513044051,0.594199584003807,0,5705.53693118815,0
1041,121.502597023819,0.594217071707326,0,5711.02550929523,0
1042,121.517671270705,0.594234550600676,0,5716.51408828789,0
1043,121.532735789687,0.594252020685396,0,5722.00266816549,0
1044,121.547790585741,0.594269481963051,0,5727.49124892739,0
1045,121.562835663845,0.594286934435239,0,5732.97983057294,0
1046,121.577871028977,0.594304378103582,0,5738.46841310148,0
1047,121.592896686112,0.594321812969736,0,5743.95699651239,0
1048,121.60791264023,0.59433923903538,0,5749.44558080501,0
1049,121.622918896307,0.594356656302225,0,5754.9341659787,0
1050,121.637915459321,0.594374064772008,0,5760.42275203282,0
1051,121.65290233425,0.594391464446493,0,5765.91133896673,0
1052,121.667879526072,0.594408855327472,0,5771.39992677978,0
1053,121.682847039763,0.594426237416765,0,5776.88851547134,0
1054,121.697804880302,0.594443610716215,0,5782.37710504075,0
1055,121.712753052667,0.594460975227695,0,5787.86569548739,0
1056,121.727691561835,0.5944783309531,0,5793.35428681061,0
1057,121.742620412784,0.594495677894357,0,5798.84287900977,0
1058,121.757539610493,0.594513016053411,0,5804.33147208423,0
1059,121.772449159938,0.594530345432239,0,5809.82006603336,0
1060,121.787349066098,0.594547666032838,0,5815.30866085651,0
1061,121.80223933395,0.594564977857232,0,5820.79725655305,0
1062,121.817119968473,0.59458228090747,0,5826.28585312234,0
1063,121.831990974645,0.594599575185623,0,5831.77445056374,0
1064,121.846852357443,0.594616860693788,0,5837.26304887663,0
1065,121.861704121845,0.594634137434084,0,5842.75164806035,0
1066,121.87654627283,0.594651405408655,0,5848.24024811428,0
1067,121.891378815374,0.594668664619667,0,5853.72884903779,0
1068,121.906201754456,0.59468591506931,0,5859.21745083023,0
1069,121.921015095055,0.594703156759795,0,5864.70605349098,0
1070,121.935818842146,0.594720389693356,0,5870.19465701939,0
1071,121.95061300071,0.594737613872253,0,5875.68326141484,0
1072,121.965397575722,0.59475482929876,0,5881.1718666767,0
1073,121.980172572161,0.594772035975181,0,5886.66047280433,0
1074,121.994937995005,0.594789233903836,0,5892.14907979711,0
1075,122.009693849232,0.594806423087068,0,5897.63768765439,0
1076,122.024440139818,0.594823603527242,0,5903.12629637555,0
1077,122.039176871742,0.594840775226742,0,5908.61490595996,0
1078,122.053904049981,0.594857938187974,0,5914.10351640699,0
1079,122.068621679512,0.594875092413363,0,5919.59212771602,0
1080,122.083329765313,0.594892237905357,0,5925.0807398864,0
1081,122.098028312362,0.594909374666419,0,5930.56935291752,0
1082,122.112717325635,0.594926502699036,0,5936.05796680874,0
1083,122.127396810109,0.594943622005712,0,5941.54658155945,0
1084,122.142066770763,0.594960732588972,0,5947.035197169,0
1085,122.156727212572,0.59497783445136,0,5952.52381363678,0
1086,122.171378140514,0.594994927595435,0,5958.01243096216,0
1087,122.186019559565,0.59501201202378,0,5963.50104914451,0
1088,122.200651474703,0.595029087738994,0,5968.98966818321,0
1089,122.215273890904,0.595046154743692,0,5974.47828807764,0
1090,122.229886813144,0.595063213040512,0,5979.96690882716,0
1091,122.244490246401,0.595080262632104,0,5985.45553043117,0
1092,122.259084195649,0.595097303521141,0,5990.94415288902,0
1093,122.273668665866,0.595114335710308,0,5996.43277620011,0
1094,122.288243662028,0.595131359202312,0,6001.9214003638,0
1095,122.30280918911,0.595148373999875,0,6007.41002537948,0
1096,122.317365252088,0.595165380105734,0,6012.89865124653,0
1097,122.331911855938,0.595182377522646,0,6018.38727796432,0
1098,122.346449005636,0.595199366253381,0,6023.87590553224,0
1099,122.360976706157,0.595216346300729,0,6029.36453394966,0
1100,122.375494962475,0.595233317667491,0,6034.85316321596,0
1101,122.390003779567,0.595250280356488,0,6040.34179333053,0
1102,122.404503162407,0.595267234370556,0,6045.83042429275,0
1103,122.41899311597,0.595284179712544,0,6051.31905610199,0
1104,122.43347364523,0.595301116385319,0,6056.80768875765,0
1105,122.447944755162,0.595318044391761,0,6062.2963222591,0
1106,122.46240645074,0.595334963734768,0,6067.78495660573,0
1107,122.476858736938,0.595351874417249,0,6073.27359179692,0
1108,122.49130161873,0.595368776442129,0,6078.76222783205,0
1109,122.50573510109,0.595385669812348,0,6084.25086471052,0
1110,122.52015918899,0.595402554530858,0,6089.7395024317,0
1111,122.534573887405,0.59541943060063,0,6095.22814099498,0
1112,122.548979201307,0.595436298024642,0,6100.71678039975,0
1113,122.56337513567,0.595453156805891,0,6106.20542064539,0
1114,122.577761695464,0.595470006947385,0,6111.69406173129,0
1115,122.592138885664,0.595486848452146,0,6117.18270365684,0
1116,122.606506711241,0.595503681323211,0,6122.67134642142,0
1117,122.620865177168,0.595520505563624,0,6128.15999002442,0
1118,122.635214288415,0.59553732117645,0,6133.64863446524,0
1119,122.649554049954,0.59555412816476,0,6139.13727974326,0
1120,122.663884466756,0.595570926531641,0,6144.62592585787,0
1121,122.678205543793,0.595587716280192,0,6150.11457280846,0
1122,122.692517286034,0.595604497413522,0,6155.60322059443,0
1123,122.706819698451,0.595621269934756,0,6161.09186921515,0
1124,122.721112786013,0.595638033847026,0,6166.58051867003,0
1125,122.735396553691,0.59565478915348,0,6172.06916895846,0
1126,122.749671006453,0.595671535857275,0,6177.55782007982,0
1127,122.763936149269,0.59568827396158,0,6183.04647203352,0
1128,122.778191987108,0.595705003469577,0,6188.53512481894,0
1129,122.792438524939,0.595721724384455,0,6194.02377843548,0
1130,122.806675767729,0.595738436709419,0,6199.51243288253,0
1131,122.820903720448,0.595755140447681,0,6205.00108815949,0
1132,122.835122388063,0.595771835602466,0,6210.48974426575,0
1133,122.84933177554,0.595788522177007,0,6215.9784012007,0
1134,122.863531887848,0.59580520017455,0,6221.46705896375,0
1135,122.877722729953,0.595821869598351,0,6226.95571755429,0
1136,122.891904306822,0.595838530451673,0,6232.44437697172,0
1137,122.90607662342,0.595855182737793,0,6237.93303721543,0
1138,122.920239684713,0.595871826459994,0,6243.42169828482,0
1139,122.934393495667,0.595888461621574,0,6248.91036017929,0
1140,122.948538061247,0.595905088225835,0,6254.39902289824,0
1141,122.962673386417,0.595921706276091,0,6259.88768644107,0
1142,122.976799476142,0.595938315775665,0,6265.37635080717,0
1143,122.990916335385,0.595954916727888,0,6270.86501599595,0
1144,123.005023969111,0.595971509136104,0,6276.35368200681,0
1145,123.019122382282,0.595988093003659,0,6281.84234883915,0
1146,123.03321157986,0.596004668333916,0,6287.33101649236,0
1147,123.04729156681,0.596021235130238,0,6292.81968496586,0
1148,123.061362348091,0.596037793396004,0,6298.30835425903,0
1149,123.075423928667,0.596054343134597,0,6303.7970243713,0
1150,123.089476313497,0.596070884349408,0,6309.28569530205,0
1151,123.103519507544,0.596087417043841,0,6314.7743670507,0
1152,123.117553515766,0.596103941221301,0,6320.26303961664,0
1153,123.131578343124,0.596120456885207,0,6325.75171299928,0
1154,123.145593994578,0.59613696403898,0,6331.24038719803,0
1155,123.159600475086,0.596153462686055,0,6336.72906221229,0
1156,123.173597789607,0.59616995282987,0,6342.21773804147,0
1157,123.187585943099,0.59618643447387,0,6347.70641468497,0
1158,123.20156494052,0.596202907621512,0,6353.19509214219,0
1159,123.215534786826,0.596219372276255,0,6358.68377041256,0
1160,123.229495486975,0.596235828441568,0,6364.17244949547,0
1161,123.243447045923,0.596252276120924,0,6369.66112939033,0
1162,123.257389468625,0.596268715317807,0,6375.14981009655,0
1163,123.271322760037,0.596285146035705,0,6380.63849161353,0
1164,123.285246925113,0.596301568278113,0,6386.1271739407,0
1165,123.299161968809,0.596317982048533,0,6391.61585707745,0
1166,123.313067896076,0.596334387350471,0,6397.10454102321,0
1167,123.32696471187,0.596350784187443,0,6402.59322577736,0
1168,123.340852421142,0.59636717256297,0,6408.08191133934,0
1169,123.354731028844,0.596383552480576,0,6413.57059770855,0
1170,123.36860053993,0.596399923943795,0,6419.0592848844,0
1171,123.382460959348,0.596416286956165,0,6424.54797286631,0
1172,123.396312292051,0.59643264152123,0,6430.03666165368,0
1173,123.410154542988,0.596448987642539,0,6435.52535124593,0
1174,123.423987717109,0.596465325323646,0,6441.01404164248,0
1175,123.437811819363,0.596481654568114,0,6446.50273284273,0
1176,123.451626854698,0.596497975379507,0,6451.99142484611,0
1177,123.465432828062,0.596514287761396,0,6457.48011765203,0
1178,123.479229744402,0.596530591717357,0,6462.9688112599,0
1179,123.493017608666,0.596546887250972,0,6468.45750566913,0
1180,123.506796425798,0.596563174365827,0,6473.94620087915,0
1181,123.520566200745,0.596579453065511,0,6479.43489688937,0
1182,123.534326938452,0.596595723353622,0,6484.92359369921,0
1183,123.548078643862,0.596611985233758,0,6490.41229130808,0
1184,123.56182132192,0.596628238709527,0,6495.90098971541,0
1185,123.575554977569,0.596644483784534,0,6501.38968892061,0
1186,123.589279615751,0.596660720462397,0,6506.8783889231,0
1187,123.602995241408,0.59667694874673,0,6512.3670897223,0
1188,123.616701859481,0.596693168641158,0,6517.85579131763,0
1189,123.630399474911,0.596709380149305,0,6523.34449370851,0
1190,123.644088092638,0.596725583274801,0,6528.83319689436,0
1191,123.657767717601,0.596741778021282,0,6534.3219008746,0
1192,123.671438354739,0.596757964392385,0,6539.81060564865,0
1193,123.68510000899,0.596774142391751,0,6545.29931121593,0
1194,123.698752685291,0.596790312023026,0,6550.78801757587,0
1195,122.966536620019,0.596806473289858,0,6556.28207775374,0
1196,122.184953788681,0.5968226261959,0,6562.01282977587,0
1197,121.408887491811,0.596838770744808,0,6567.71107652114,0
1198,120.638380486989,0.596854906940238,0,6573.38117415541,0
1199,119.873410697676,0.596871034785856,0,6579.02688231122,0
1200,119.11407825211,0.596887154285326,0,6584.65145827949,0
1201,118.360864923541,0.596903265442317,0,6590.257724212,0
1202,117.615006494952,0.596919368260498,0,6595.84812524448,0
1203,116.878791894937,0.596935462743548,0,6601.42477990661,0
1204,116.155606590485,0.596951548895139,0,6606.98952374105,0
1205,115.449678173688,0.596967626718954,0,6612.54394713758,0
1206,114.765622390581,0.596983696218675,0,6618.08942807375,0
1207,114.107943892579,0.596983223615143,0,6623.62716050556,0
1208,113.480618968213,0.596813275667166,0,6629.15817894599,0
1209,112.88682294121,0.596630307237301,0,6634.68337976699,0
1210,112.328750563235,0.596433714789009,0,6640.20353965485,0
1211,111.806867135254,0.596224344388332,0,6645.71933159274,0
1212,111.31764483608,0.596002944463578,0,6651.23133871767,0
1213,110.851980704178,0.59577020091778,0,6656.74006631431,0
1214,110.397718974556,0.595526770765949,0,6662.24595221812,0
1215,109.945092522463,0.595273322185291,0,6667.74937581737,0
1216,109.490840148766,0.595010576653291,0,6673.25066586267,0
1217,109.038625272245,0.594739343056612,0,6678.75010722463,0
1218,108.596551592898,0.594460535188814,0,6684.24794675556,0
1219,108.173866469418,0.594175169638211,0,6689.74439836357,0
1220,107.7784380214,0.593884346717305,0,6695.23964741172,0
1221,107.415533481748,0.593589220356596,0,6700.73385452837,0
1222,107.087680626339,0.593290962979795,0,6706.2271589088,0
1223,106.795142938616,0.592990719089605,0,6711.7196811767,0
1224,106.536591254306,0.592689502855039,0,6717.21152586211,0
1225,106.309721519984,0.5923880149221,0,6722.70278355036,0
1226,106.111723790915,0.592086488588699,0,6728.19353274209,0
1227,105.939606334676,0.591784718045098,0,6733.68384146691,0
1228,105.790407962996,0.591482283477824,0,6739.17376867979,0
1229,105.661330479375,0.591178844949189,0,6744.66336547269,0
1230,105.549812285911,0.590874361654115,0,6750.15267612308,0
1231,105.453559588835,0.590569170923995,0,6755.64173900356,0
1232,105.370548582784,0.590263943347998,0,6761.13058736937,0
1233,105.299010266734,0.589959569756647,0,6766.61925004119,0
1234,105.237406699287,0.589657034446205,0,6772.10775199664,0
1235,105.184404678969,0.589357309005714,0,6777.59611488289,0
1236,105.138850248537,0.58906127965666,0,6783.08435746094,0
1237,105.099745641328,0.588769706860729,0,6788.57249599044,0
1238,105.066229101404,0.588483209466083,0,6794.06054456342,0
1239,105.037557490173,0.588202265107967,0,6799.54851539321,0
1240,105.013091265849,0.587927220275811,0,6805.03641906511,0
1241,104.992281420801,0.587658305570786,0,6810.52426475335,0
1242,104.974657882798,0.587395653047074,0,6816.01206040931,0
1243,104.959818983998,0.587139313647262,0,6821.49981292453,0
1244,104.947421653945,0.586889273384066,0,6826.98752827199,0
1245,104.937172236792,0.586645467629831,0,6832.47521162861,0
1246,104.928818049852,0.586407793225079,0,6837.96286748132,0
1247,104.922140011068,0.586176118500034,0,6843.45049971905,0
1248,104.916946680249,0.585950291396922,0,6848.93811171246,0
1249,104.913069910374,0.585730145990633,0,6854.42570638298,0
1250,104.910362046214,0.585515507677696,0,6859.91328626267,0
1251,104.908694345202,0.585306197282949,0,6865.40085354618,0
1252,104.907956147743,0.585102034298078,0,6870.88841013563,0
1253,104.908054301534,0.584902839406274,0,6876.37595767963,0
1254,104.908912449919,0.584708436437047,0,6881.86349760707,0
1255,104.910469952883,0.584518653830311,0,6887.35103115635,0
1256,104.912680377596,0.58433332569733,0,6892.8385594008,0
1257,104.915509620645,0.584152292516515,0,6898.32608327067,0
1258,104.918933801704,0.583975401526754,0,6903.81360357215,0
1259,104.922937088734,0.583802506861597,0,6909.30112100394,0
1260,104.927509603667,0.583633469496267,0,6914.78863617155,0
1261,104.93264552195,0.583468157072818,0,6920.27614959969,0
1262,104.938341437365,0.58330644367328,0,6925.76366174307,0
1263,104.944595026767,0.583148209594346,0,6931.2511729957,0
1264,104.951404014503,0.582993341154702,0,6936.73868369899,0
1265,104.958765418038,0.58284173054812,0,6942.22619414871,0
1266,104.966675038681,0.582693275730041,0,6947.71370460113,0
1267,104.975127158701,0.582547880322285,0,6953.20121527825,0
1268,104.984114402232,0.582405453508298,0,6958.68872637232,0
1269,104.993627722119,0.582265909902984,0,6964.17623804989,0
1270,105.003656478067,0.582129169379746,0,6969.66375045517,0
1271,105.0141885777,0.581995156852285,0,6975.15126371299,0
1272,105.025210657215,0.581863802010323,0,6980.63877793144,0
1273,105.036708283593,0.581735039017935,0,6986.12629320405,0
1274,105.048666164526,0.58160880618403,0,6991.61380961174,0
1275,105.061068356097,0.581485045616847,0,6997.10132722451,0
1276,105.073898460793,0.581363702874436,0,7002.58884610288,0
1277,105.087139811223,0.581244726620355,0,7008.07636629916,0
1278,105.100775636083,0.581128068294276,0,7013.56388785853,0
1279,105.114789207017,0.581013681802049,0,7019.05141082,0
1280,105.129163965442,0.580901523231249,0,7024.53893521724,0
1281,105.143883629968,0.580791550592668,0,7030.02646107926,0
1282,105.15893228514,0.580683723590441,0,7035.51398843107,0
1283,105.174294453258,0.580578003418867,0,7041.00151729416,0
1284,105.189955150929,0.580474352586119,0,7046.48904768705,0
1285,105.205899932409,0.580372734762104,0,7051.97657962558,0
1286,105.222114921619,0.580273114649028,0,7057.46411312335,0
1287,105.238586834592,0.580175457872142,0,7062.95164819199,0
1288,105.255302993873,0.580079730888285,0,7068.43918484141,0
1289,105.2722513361,0.579985900910363,0,7073.92672308006,0
1290,105.289420413753,0.579893935844931,0,7079.41426291508,0
1291,105.306799391814,0.579803804241802,0,7084.90180435252,0
1292,105.32437803992,0.579715475252754,0,7090.38934739744,0
1293,105.342146720512,0.57962891859887,0,7095.87689205409,0
1294,105.360096373383,0.579544104543905,0,7101.36443832598,0
1295,105.378218497067,0.579461003873501,0,7106.851986216,0
1296,105.396505127481,0.579379587878249,0,7112.33953572649,0
1297,105.414948814269,0.579299828340459,0,7117.82708685931,0
1298,105.433542595335,0.579221697523382,0,7123.31463961592,0
1299,105.452279970016,0.579145168162575,0,7128.80219399744,0
1300,105.4711548714,0.579070213458875,0,7134.28975000464,0
1301,105.490161638202,0.578996807072429,0,7139.77730763807,0
1302,105.509294986684,0.578924923117819,0,7145.26486689803,0
1303,105.528549982923,0.57885453615952,0,7150.7524277846,0
1304,105.547922015824,0.578785621208075,0,7156.23999029773,0
1305,105.567406771094,0.578718153716137,0,7161.72755443717,0
1306,105.587000206446,0.578652109574908,0,7167.21512020258,0
1307,105.60669852815,0.578587465110185,0,7172.70268759349,0
1308,105.626498169079,0.57852419707849,0,7178.19025660932,0
1309,105.646395768291,0.578462282662721,0,7183.67782724944,0
1310,105.666388152193,0.578401699467598,0,7189.16539951312,0
1311,105.686472317265,0.578342425514679,0,7194.65297339956,0
1312,105.706645414321,0.578284439236951,0,7200.14054890794,0
1313,105.726904734247,0.578227719473094,0,7205.62812603735,0
1314,105.747247695135,0.578172245461226,0,7211.11570478687,0
1315,105.76767183075,0.578117996832422,0,7216.60328515553,0
1316,105.788174780203,0.578064953603729,0,7222.09086714234,0
1317,105.808754278781,0.578013096171066,0,7227.57845074627,0
1318,105.829408149791,0.577962405301691,0,7233.06603596628,0
1319,105.850134297349,0.577912862126647,0,7238.55362280129,0
1320,105.870930700022,0.577864448132914,0,7244.04121125024,0
1321,105.891795405217,0.577817145155586,0,7249.52880131202,0
1322,105.912726524257,0.577770935369922,0,7255.01639298553,0
1323,105.933722228047,0.577725801283443,0,7260.50398626963,0
1324,105.954780743275,0.57768172572807,0,7265.99158116321,0
1325,105.97590034907,0.57763869185231,0,7271.47917766513,0
1326,105.997079374072,0.577596683113621,0,7276.96677577424,0
1327,106.018316193846,0.577555683270823,0,7282.45437548939,0
1328,106.039609228602,0.577515676376796,0,7287.94197680944,0
1329,106.060956941182,0.577476646771219,0,7293.42957973321,0
1330,106.082357835258,0.577438579073647,0,7298.91718425956,0
1331,106.103810453728,0.577401458176671,0,7304.40479038731,0
1332,106.12531337727,0.577365269239389,0,7309.8923981153,0
1333,106.146865223023,0.57732999768102,0,7315.38000744236,0
1334,106.16846464339,0.577295629174784,0,7320.86761836733,0
1335,106.190110324923,0.577262149641983,0,7326.35523088902,0
1336,106.211800987286,0.577229545246275,0,7331.84284500626,0
1337,106.23353538228,0.57719780238821,0,7337.33046071789,0
1338,106.25531229292,0.577166907699893,0,7342.81807802274,0
1339,106.277130532549,0.57713684803993,0,7348.30569691962,0
1340,106.298988943985,0.577107610488479,0,7353.79331740736,0
1341,106.320886398699,0.577079182342561,0,7359.28093948479,0
1342,106.342821796012,0.577051551111466,0,7364.76856315074,0
1343,106.364794062316,0.577024704512398,0,7370.25618840403,0
1344,106.386802150304,0.576998630466214,0,7375.74381524349,0
1345,106.40884503823,0.576973317093358,0,7381.23144366795,0
1346,106.430921729164,0.576948752709901,0,7386.71907367623,0
1347,106.453031250286,0.576924925823726,0,7392.20670526717,0
1348,106.475172652169,0.576901825130849,0,7397.69433843958,0
1349,106.4973450081,0.57687943951182,0,7403.18197319231,0
1350,106.519547413401,0.576857758028283,0,7408.66960952419,0
1351,106.541778984774,0.576836769919583,0,7414.15724743403,0
1352,106.564038859657,0.576816464599529,0,7419.64488692068,0
1353,106.586326195604,0.576796831653183,0,7425.13252798297,0
1354,106.608640169679,0.576777860833795,0,7430.62017061972,0
1355,106.630979977865,0.576759542059771,0,7436.10781482978,0
1356,106.653344834499,0.576741865411742,0,7441.59546061198,0
1357,106.675733971721,0.576724821129696,0,7447.08310796515,0
1358,106.698146638941,0.576708399610176,0,7452.57075688813,0
1359,106.720582102331,0.576692591403546,0,7458.05840737976,0
1360,106.743039644329,0.576677387211307,0,7463.54605943888,0
1361,106.765518563163,0.576662777883492,0,7469.03371306431,0
1362,106.788018172399,0.576648754416085,0,7474.52136825492,0
1363,106.810537800503,0.576635307948528,0,7480.00902500953,0
1364,106.833076790417,0.57662242976124,0,7485.49668332698,0
1365,106.855634499159,0.576610111273226,0,7490.98434320612,0
1366,106.878210297437,0.576598344039693,0,7496.47200464579,0
1367,106.900803569274,0.576587119749744,0,7501.95966764484,0
1368,106.923413711658,0.576576430224096,0,7507.44733220211,0
1369,106.946040134198,0.576566267412844,0,7512.93499831644,0
1370,106.968682258801,0.576556623393279,0,7518.42266598669,0
1371,106.991339519352,0.576547490367725,0,7523.91033521169,0
1372,107.014011361422,0.576538860661443,0,7529.39800599031,0
1373,107.036697241972,0.576530726720537,0,7534.88567832138,0
1374,107.059396629079,0.576523081109944,0,7540.37335220375,0
1375,107.082109001672,0.576515916511413,0,7545.86102763629,0
1376,107.104833849269,0.57650922572156,0,7551.34870461784,0
1377,107.127570671735,0.576503001649928,0,7556.83638314725,0
1378,107.150318979044,0.57649723731711,0,7562.32406322337,0
1379,107.173078291046,0.576491925852876,0,7567.81174484507,0
1380,107.195848137247,0.576487060494362,0,7573.2994280112,0
1381,107.218628056597,0.57648263458427,0,7578.7871127206,0
1382,107.241417597279,0.57647864156911,0,7584.27479897215,0
1383,107.26421631651,0.576475074997479,0,7589.76248676469,0
1384,107.287023780346,0.576471928518354,0,7595.25017609709,0
1385,107.309839563493,0.576469195879436,0,7600.73786696821,0
1386,107.332663249124,0.576466870925504,0,7606.2255593769,0
1387,107.355494428699,0.576464947596816,0,7611.71325332204,0
1388,107.378332701797,0.576463419927521,0,7617.20094880247,0
1389,107.401177675939,0.576462282044122,0,7622.68864581707,0
1390,107.424028966431,0.576461528163938,0,7628.17634436469,0
1391,107.4468861962,0.576461152593617,0,7633.66404444421,0
1392,107.46974899564,0.576461149727668,0,7639.15174605449,0
1393,107.492617002456,0.576461514047008,0,7644.6394491944,0
1394,107.51548986152,0.576462240117555,0,7650.1271538628,0
1395,107.538367224722,0.576463322588829,0,7655.61486005856,0
1396,107.56124875083,0.576464756192585,0,7661.10256778055,0
1397,107.584134105349,0.576466535741465,0,7666.59027702764,0
1398,107.607022960391,0.576468656127684,0,7672.07798779871,0
1399,107.629914994535,0.576471112321726,0,7677.56570009262,0
1400,107.6528098927,0.576473899371072,0,7683.05341390825,0
1401,107.675707346023,0.576477012398945,0,7688.54112924447,0
1402,107.698607051725,0.576480446603078,0,7694.02884610015,0
1403,107.721508713,0.576484197254509,0,7699.51656447418,0
1404,107.744412038888,0.576488259696384,0,7705.00428436543,0
1405,107.767316744161,0.576492629342794,0,7710.49200577276,0
1406,107.790222549212,0.576497301677625,0,7715.97972869508,0
1407,107.813129179938,0.576502272253428,0,7721.46745313124,0
1408,107.836036367635,0.57650753669031,0,7726.95517908014,0
1409,107.85894384889,0.576513090674846,0,7732.44290654064,0
1410,107.881851365472,0.576518929959002,0,7737.93063551164,0
1411,107.904758664237,0.576525050359085,0,7743.41836599201,0
1412,107.92766549702,0.576531447754707,0,7748.90609798065,0
1413,107.950571620541,0.576538118087768,0,7754.39383147643,0
1414,107.973476796305,0.576545057361449,0,7759.88156647823,0
1415,107.996380790513,0.576552261639236,0,7765.36930298495,0
1416,108.019283373963,0.576559727043947,0,7770.85704099547,0
1417,108.042184321963,0.576567449756787,0,7776.34478050867,0
1418,108.06508341424,0.576575426016405,0,7781.83252152345,0
1419,108.087980434857,0.576583652117982,0,7787.3202640387,0
1420,108.110875172123,0.576592124412325,0,7792.8080080533,0
1421,108.133767418512,0.576600839304976,0,7798.29575356615,0
1422,108.156656970578,0.576609793255342,0,7803.78350057613,0
1423,108.179543628881,0.576618982775836,0,7809.27124908215,0
1424,108.202427197902,0.576628404431029,0,7814.75899908308,0
1425,108.22530748597,0.576638054836825,0,7820.24675057784,0
1426,108.248184305184,0.576647930659638,0,7825.73450356531,0
1427,108.271057471341,0.576658028615596,0,7831.22225804438,0
1428,108.293926803863,0.576668345469746,0,7836.71001401397,0
1429,108.316792125724,0.576678878035283,0,7842.19777147295,0
1430,108.339653263386,0.576689623172783,0,7847.68553042024,0
1431,108.362510046722,0.57670057778945,0,7853.17329085473,0
1432,108.385362308959,0.576711738838388,0,7858.66105277532,0
1433,108.408209886604,0.576723103317863,0,7864.14881618091,0
1434,108.431052619385,0.576734668270597,0,7869.63658107041,0
1435,108.453890350188,0.576746430783065,0,7875.12434744271,0
1436,108.476722924993,0.576758387984804,0,7880.61211529673,0
1437,108.499550192814,0.576770537047734,0,7886.09988463135,0
1438,108.522372005641,0.576782875185488,0,7891.5876554455,0
1439,108.545188218381,0.576795399652763,0,7897.07542773808,0
1440,108.567998688804,0.576808107744667,0,7902.56320150799,0
1441,108.590803277481,0.576820996796088,0,7908.05097675413,0
1442,108.613601847736,0.576834064181067,0,7913.53875347543,0
1443,108.636394265589,0.576847307312189,0,7919.02653167079,0
1444,108.659180399704,0.576860723639972,0,7924.51431133911,0
1445,108.681960121337,0.576874310652278,0,7930.00209247932,0
1446,108.704733304289,0.576888065873729,0,7935.48987509032,0
1447,108.727499824849,0.576901986865127,0,7940.97765917102,0
1448,108.750259561756,0.576916071222898,0,7946.46544472034,0
1449,108.773012396143,0.576930316578528,0,7951.95323173719,0
1450,108.795758211492,0.576944720598019,0,7957.4410202205,0
1451,108.818496893593,0.576959280981353,0,7962.92881016916,0
1452,108.841228330494,0.576973995461963,0,7968.41660158211,0
1453,108.863952412459,0.576988861806209,0,7973.90439445825,0
1454,108.886669031927,0.577003877812872,0,7979.39218879652,0
1455,108.909378083467,0.577019041312644,0,7984.87998459582,0
1456,108.932079463737,0.577034350167642,0,7990.36778185507,0
1457,108.954773071445,0.577049802270912,0,7995.85558057321,0
1458,108.977458807308,0.577065395545956,0,8001.34338074914,0
1459,109.000136574016,0.577081127946258,0,8006.8311823818,0
1460,109.022806276189,0.577096997454821,0,8012.3189854701,0
1461,109.045467820343,0.577113002083712,0,8017.80679001298,0
1462,109.068121114852,0.577129139873614,0,8023.29459600935,0
1463,109.090766069915,0.577145408893382,0,8028.78240345814,0
1464,109.113402597515,0.577161807239613,0,8034.27021235828,0
1465,109.136030611391,0.577178333036216,0,8039.7580227087,0
1466,109.158650026998,0.577194984433992,0,8045.24583450832,0
1467,109.18126076148,0.577211759610225,0,8050.73364775607,0
1468,109.203862733633,0.57722865676827,0,8056.22146245089,0
1469,109.226455863874,0.577245674137155,0,8061.70927859171,0
1470,109.249040074211,0.577262809971193,0,8067.19709617745,0
1471,109.271615288211,0.577280062549584,0,8072.68491520705,0
1472,109.294181430973,0.577297430176044,0,8078.17273567944,0
1473,109.316738429092,0.577314911178428,0,8083.66055759356,0
1474,109.339286210638,0.577332503908358,0,8089.14838094834,0
1475,109.361824705123,0.577350206740865,0,8094.63620574272,0
1476,109.384353843474,0.577368018074029,0,8100.12403197563,0
1477,109.406873558006,0.577385936328629,0,8105.61185964601,0
1478,109.429383782395,0.577403959947799,0,8111.0996887528,0
1479,109.451884451655,0.577422087396688,0,8116.58751929495,0
1480,109.474375502107,0.577440317162123,0,8122.07535127138,0
1481,109.496856871358,0.577458647752282,0,8127.56318468104,0
1482,109.519328498275,0.577477077696372,0,8133.05101952287,0
1483,109.54179032296,0.57749560554431,0,8138.53885579582,0
1484,109.564242286729,0.577514229866405,0,8144.02669349882,0
1485,109.586684332086,0.577532949253056,0,8149.51453263082,0
1486,109.609116402701,0.577551762314446,0,8155.00237319077,0
1487,109.63153844339,0.577570667680243,0,8160.49021517761,0
1488,109.653950400088,0.577589663999309,0,8165.97805859028,0
1489,109.676352219834,0.577608749939404,0,8171.46590342774,0
1490,109.698743850746,0.577627924186912,0,8176.95374968893,0
1491,109.721125242,0.577647185446552,0,8182.4415973728,0
1492,109.743496343811,0.577666532441108,0,8187.92944647831,0
1493,109.765857107417,0.577685963911155,0,8193.41729700439,0
1494,109.78820748505,0.577705478614795,0,8198.90514895,0
1495,109.810547429928,0.577725075327392,0,8204.3930023141,0
1496,109.832876896229,0.577744752841315,0,8209.88085709564,0
1497,109.855195839074,0.577764509965684,0,8215.36871329356,0
1498,109.877504214511,0.577784345526119,0,8220.85657090683,0
1499,109.899801979498,0.577804258364495,0,8226.3444299344,0
1500,109.922089091881,0.577824247338698,0,8231.83229037522,0
1501,109.944365510383,0.57784431132239,0,8237.32015222826,0
1502,109.966631194583,0.577864449204769,0,8242.80801549246,0
1503,109.988886104903,0.577884659890344,0,8248.2958801668,0
1504,110.011130202589,0.577904942298702,0,8253.78374625022,0
1505,110.033363449698,0.577925295364288,0,8259.27161374169,0
1506,110.055585809081,0.577945718036188,0,8264.75948264017,0
1507,110.077797244368,0.5779662092779,0,8270.24735294462,0
1508,110.099997719957,0.577986768067139,0,8275.735224654,0
1509,110.122187200993,0.578007393395608,0,8281.22309776727,0
1510,110.144365653358,0.578028084268806,0,8286.7109722834,0
1511,110.166533043658,0.578048839705817,0,8292.19884820136,0
1512,110.188689339207,0.578069658739112,0,8297.68672552011,0
1513,110.210834508013,0.578090540414354,0,8303.17460423861,0
1514,110.232968518769,0.578111483790199,0,8308.66248435583,0
1515,110.255091340836,0.578132487938111,0,8314.15036587075,0
1516,110.277202944232,0.578153551942167,0,8319.63824878232,0
1517,110.29930329962,0.578174674898881,0,8325.12613308952,0
1518,110.321392378296,0.578195855917014,0,8330.61401879132,0
1519,110.343470152175,0.5782170941174,0,8336.10190588669,0
1520,110.365536593782,0.578238388632764,0,8341.58979437459,0
1521,110.387591676242,0.578259738607557,0,8347.07768425402,0
1522,110.409635373262,0.578281143197775,0,8352.56557552393,0
1523,110.431667659127,0.578302601570799,0,8358.0534681833,0
1524,110.453688508688,0.578324112905223,0,8363.54136223111,0
1525,110.475697897347,0.578345676390694,0,8369.02925766633,0
1526,110.497695801052,0.578367291227756,0,8374.51715448793,0
1527,110.519682196284,0.578388956627679,0,8380.00505269491,0
1528,110.541657060047,0.578410671812319,0,8385.49295228622,0
1529,110.563620369861,0.578432436013951,0,8390.98085326086,0
1530,110.585572103749,0.578454248475129,0,8396.4687556178,0
1531,110.607512240227,0.57847610844853,0,8401.95665935602,0
1532,110.629440758301,0.578498015196813,0,8407.4445644745,0
1533,110.651357637451,0.578519967992471,0,8412.93247097224,0
1534,110.673262857624,0.57854196611769,0,8418.4203788482,0
1535,110.695156399229,0.578564008864212,0,8423.90828810136,0
1536,110.717038243123,0.578586095533195,0,8429.39619873073,0
1537,110.738908370608,0.578608225435082,0,8434.88411073527,0
1538,110.760766763417,0.578630397889458,0,8440.37202411399,0
1539,110.782613403712,0.578652612224933,0,8445.85993886585,0
1540,110.80444827407,0.578674867778998,0,8451.34785498986,0
1541,110.826271357482,0.57869716389791,0,8456.83577248499,0
1542,110.848082637339,0.578719499936561,0,8462.32369135024,0
1543,110.869882097428,0.578741875258353,0,8467.8116115846,0
1544,110.891669721926,0.578764289235081,0,8473.29953318706,0
1545,110.913445495388,0.578786741246812,0,8478.7874561566,0
1546,110.935209402744,0.578809230681768,0,8484.27538049222,0
1547,110.956961429293,0.578831756936205,0,8489.76330619292,0
1548,110.978701560691,0.578854319414307,0,8495.25123325768,0
1549,111.00042978295,0.578876917528065,0,8500.73916168551,0
1550,111.022146082428,0.578899550697177,0,8506.22709147539,0
1551,111.043850445823,0.578922218348926,0,8511.71502262632,0
1552,111.06554286017,0.578944919918085,0,8517.2029551373,0
1553,111.08722331283,0.578967654846801,0,8522.69088900732,0
1554,111.108891791486,0.578990422584498,0,8528.17882423539,0
1555,111.13054828414,0.579013222587773,0,8533.6667608205,0
1556,111.152192779101,0.57903605432029,0,8539.15469876165,0
1557,111.173825264987,0.57905891725269,0,8544.64263805785,0
1558,111.195445730712,0.579081810862482,0,8550.13057870809,0
1559,111.217054165485,0.579104734633957,0,8555.61852071137,0
1560,111.238650558803,0.579127688058082,0,8561.1064640667,0
1561,111.260234900447,0.579150670632421,0,8566.59440877308,0
1562,111.281807180476,0.579173681861027,0,8572.08235482952,0
1563,111.30336738922,0.579196721254362,0,8577.57030223502,0
1564,111.32491551728,0.579219788329204,0,8583.05825098858,0
1565,111.346451555518,0.579242882608556,0,8588.54620108922,0
1566,111.367975495055,0.579266003621568,0,8594.03415253593,0
1567,111.389487327264,0.579289150903439,0,8599.52210532774,0
1568,111.41098704377,0.579312323995348,0,8605.01005946363,0
1569,111.432474636439,0.579335522444354,0,8610.49801494264,0
1570,111.453950097381,0.57935874580333,0,8615.98597176376,0
1571,111.475413418937,0.579381993630871,0,8621.47392992601,0
1572,111.496864593684,0.579405265491223,0,8626.96188942839,0
1573,111.518303614421,0.5794285609542,0,8632.44985026993,0
1574,111.539730474176,0.579451879595107,0,8637.93781244963,0
1575,111.56114516619,0.579475220994668,0,8643.4257759665,0
1576,111.582547683924,0.579498584738947,0,8648.91374081957,0
1577,111.603938021047,0.579521970419281,0,8654.40170700785,0
1578,111.625316171437,0.579545377632198,0,8659.88967453036,0
1579,111.646682129174,0.579568805979353,0,8665.3776433861,0
1580,111.668035888539,0.579592255067455,0,8670.8656135741,0
1581,111.68937744401,0.579615724508201,0,8676.35358509338,0
1582,111.710706790256,0.579639213918202,0,8681.84155794295,0
1583,111.732023922136,0.579662722918919,0,8687.32953212185,0
1584,111.753328834695,0.5796862511366,0,8692.81750762908,0
1585,111.774621523161,0.579709798202206,0,8698.30548446367,0
1586,111.79590198294,0.579733363751359,0,8703.79346262463,0
1587,111.817170209614,0.579756947424266,0,8709.28144211101,0
1588,111.838426198941,0.579780548865665,0,8714.7694229218,0
1589,111.859669946843,0.57980416772476,0,8720.25740505605,0
1590,111.880901449415,0.579827803655165,0,8725.74538851278,0
1591,111.90212070291,0.579851456314835,0,8731.23337329101,0
1592,111.923327703745,0.579875125366015,0,8736.72135938977,0
1593,111.944522448495,0.579898810475185,0,8742.20934680808,0
1594,111.965704933889,0.579922511312989,0,8747.69733554498,0
1595,111.986875156807,0.579946227554196,0,8753.18532559949,0
1596,112.008033114282,0.579969958877628,0,8758.67331697065,0
1597,112.029178803491,0.579993704966122,0,8764.16130965748,0
1598,112.050312221756,0.580017465506461,0,8769.64930365901,0
1599,112.071433366541,0.580041240189331,0,8775.13729897428,0
1600,112.092542235448,0.580065028709266,0,8780.62529560231,0
1601,112.113638826218,0.580088830764591,0,8786.11329354215,0
1602,112.134723136724,0.580112646057383,0,8791.60129279283,0
1603,112.155795164971,0.580136474293407,0,8797.08929335337,0
1604,112.176854909095,0.580160315182081,0,8802.57729522282,0
1605,112.197902367357,0.580184168436413,0,8808.06529840021,0
1606,112.218937538145,0.580208033772966,0,8813.55330288458,0
1607,112.239960419969,0.5802319109118,0,8819.04130867497,0
1608,112.260971011458,0.580255799576435,0,8824.52931577041,0
1609,112.281969311362,0.580279699493797,0,8830.01732416994,0
1610,112.302955318545,0.58030361039418,0,8835.50533387261,0
1611,112.323929031985,0.580327532011195,0,8840.99334487745,0
1612,112.344890450776,0.580351464081729,0,8846.48135718351,0
1613,112.365839574116,0.580375406345906,0,8851.96937078983,0
1614,112.386776401317,0.580399358547034,0,8857.45738569544,0
1615,112.407700931794,0.580423320431573,0,8862.9454018994,0
1616,112.428613165067,0.580447291749089,0,8868.43341940075,0
1617,112.449513100759,0.580471272252213,0,8873.92143819852,0
1618,112.470400738593,0.580495261696602,0,8879.40945829178,0
1619,112.491276078393,0.580519259840899,0,8884.89747967956,0
1620,112.512139120078,0.580543266446695,0,8890.38550236092,0
1621,112.532989863664,0.580567281278485,0,8895.87352633489,0
1622,112.553828309258,0.580591304103641,0,8901.36155160053,0
1623,112.574654457063,0.580615334692361,0,8906.84957815688,0
1624,112.595468307371,0.580639372817642,0,8912.33760600301,0
1625,112.616269860561,0.58066341825524,0,8917.82563513795,0
1626,112.637059117103,0.580687470783635,0,8923.31366556076,0
1627,112.65783607755,0.580711530183995,0,8928.80169727049,0
1628,112.67860074254,0.580735596240139,0,8934.2897302662,0
1629,112.699353112795,0.580759668738509,0,8939.77776454693,0
1630,112.720093189117,0.580783747468128,0,8945.26580011175,0
1631,112.740820972389,0.580807832220572,0,8950.7538369597,0
1632,112.76153646357,0.580831922789936,0,8956.24187508985,0
1633,112.782239663701,0.580856018972801,0,8961.72991450124,0
1634,112.802930573893,0.5808801205682,0,8967.21795519294,0
1635,112.823609195337,0.580904227377592,0,8972.705997164,0
1636,112.844275529293,0.580928339204824,0,8978.19404041349,0
1637,112.864929577095,0.580952455856105,0,8983.68208494046,0
1638,112.885571340147,0.580976577139974,0,8989.17013074397,0
1639,112.906200819922,0.581000702867271,0,8994.65817782308,0
1640,112.926818017963,0.581024832851106,0,9000.14622617685,0
1641,112.947422935877,0.581048966906831,0,9005.63427580435,0
1642,112.96801557534,0.581073104852014,0,9011.12232670464,0
1643,112.988595938089,0.581097246506402,0,9016.61037887679,0
1644,113.009164025929,0.581121391691907,0,9022.09843231985,0
1645,113.029719840724,0.581145540232565,0,9027.58648703289,0
1646,113.0502633844,0.581169691954517,0,9033.07454301497,0
1647,113.070794658943,0.581193846685981,0,9038.56260026517,0
1648,113.091313666401,0.581218004257222,0,9044.05065878255,0
1649,113.111820408876,0.581242164500532,0,9049.53871856618,0
1650,113.132314888529,0.581266327250197,0,9055.02677961513,0
1651,113.152797107578,0.581290492342483,0,9060.51484192846,0
1652,113.173267068296,0.581314659615595,0,9066.00290550525,0
1653,113.193724773008,0.58133882890967,0,9071.49097034456,0
1654,113.214170224095,0.581363000066738,0,9076.97903644547,0
1655,113.234603423989,0.581387172930708,0,9082.46710380705,0
1656,113.255024375173,0.58141134734734,0,9087.95517242838,0
1657,113.275433080182,0.581435523164222,0,9093.44324230851,0
1658,113.295829541599,0.58145970023075,0,9098.93131344654,0
1659,113.316213762057,0.581483878398099,0,9104.41938584154,0
1660,113.336585744236,0.581508057519208,0,9109.90745949257,0
1661,113.356945490864,0.581532237448755,0,9115.39553439872,0
1662,113.377293004715,0.581556418043133,0,9120.88361055907,0
1663,113.397628288607,0.581580599160433,0,9126.37168797268,0
1664,113.417951345406,0.581604780660419,0,9131.85976663864,0
1665,113.438262178018,0.581628962404511,0,9137.34784655604,0
1666,113.458560789396,0.581653144255759,0,9142.83592772394,0
1667,113.478847182531,0.58167732607883,0,9148.32401014142,0
1668,113.49912136046,0.58170150773998,0,9153.81209380758,0
1669,113.519383326257,0.581725689107043,0,9159.30017872149,0
1670,113.53963308304,0.581749870049404,0,9164.78826488223,0
1671,113.559870633964,0.581774050437982,0,9170.27635228889,0
1672,113.580095982224,0.581798230145215,0,9175.76444094055,0
1673,113.600309131051,0.581822409045035,0,9181.2525308363,0
1674,113.620510083717,0.581846587012856,0,9186.74062197521,0
1675,113.640698843527,0.581870763925547,0,9192.22871435639,0
1676,113.660875413827,0.58189493966143,0,9197.7168079789,0
1677,113.681039797993,0.58191911410024,0,9203.20490284185,0
1678,113.70119199944,0.581943287123128,0,9208.69299894431,0
1679,113.721332021616,0.581967458612632,0,9214.18109628538,0
1680,113.741459868002,0.581991628452663,0,9219.66919486415,0
1681,113.761575542114,0.582015796528491,0,9225.1572946797,0
1682,113.781679047498,0.582039962726724,0,9230.64539573114,0
1683,113.801770387736,0.582064126935296,0,9236.13349801753,0
1684,113.821849566437,0.582088289043445,0,9241.62160153799,0
1685,113.841916587243,0.582112448941706,0,9247.10970629161,0
1686,113.861971453826,0.582136606521883,0,9252.59781227747,0
1687,113.88201416989,0.582160761677048,0,9258.08591949467,0
1688,113.902044739165,0.582184914301515,0,9263.57402794231,0
1689,113.922063165411,0.582209064290829,0,9269.06213761948,0
1690,113.942069452418,0.582233211541749,0,9274.55024852528,0
1691,113.962063604001,0.582257355952237,0,9280.0383606588,0
1692,113.982045624004,0.582281497421441,0,9285.52647401915,0
1693,114.002015516299,0.582305635849678,0,9291.01458860541,0
1694,114.021973284781,0.582329771138429,0,9296.5027044167,0
1695,114.041918933375,0.582353903190314,0,9301.99082145211,0
1696,114.061852466028,0.582378031909086,0,9307.47893971073,0
1697,114.081773886714,0.582402157199614,0,9312.96705919168,0
1698,114.101683199431,0.58242627896787,0,9318.45517989405,0
1699,114.121580408202,0.582450397120918,0,9323.94330181694,0
1700,114.141465517073,0.582474511566896,0,9329.43142495947,0
1701,114.161338530112,0.582498622215011,0,9334.91954932072,0
1702,114.181199451414,0.582522728975518,0,9340.40767489981,0
1703,114.201048285091,0.582546831759715,0,9345.89580169584,0
1704,114.220885035283,0.582570930479921,0,9351.38392970792,0
1705,114.240709706146,0.582595025049476,0,9356.87205893515,0
1706,114.260522301863,0.582619115382718,0,9362.36018937664,0
1707,114.280322826633,0.58264320139498,0,9367.8483210315,0
1708,114.300111284679,0.582667283002571,0,9373.33645389884,0
1709,114.319887680243,0.582691360122767,0,9378.82458797776,0
1710,114.339652017588,0.582715432673804,0,9384.31272326738,0
1711,114.359404300994,0.582739500574857,0,9389.8008597668,0
1712,114.379144534763,0.582763563746042,0,9395.28899747514,0
1713,114.398872723215,0.58278762210839,0,9400.77713639151,0
1714,114.418588870689,0.58281167558385,0,9406.26527651502,0
1715,114.43829298154,0.582835724095268,0,9411.75341784479,0
1716,114.457985060144,0.582859767566382,0,9417.24156037992,0
1717,114.477665110893,0.582883805921813,0,9422.72970411953,0
1718,114.497333138196,0.582907839087045,0,9428.21784906275,0
1719,114.516989146481,0.58293186698843,0,9433.70599520868,0
1720,114.53663314019,0.582955889553163,0,9439.19414255644,0
1721,114.556265123783,0.582979906709282,0,9444.68229110514,0
1722,114.575885101736,0.583003918385653,0,9450.17044085392,0
1723,114.59549307854,0.583027924511964,0,9455.65859180187,0
1724,114.615089058704,0.583051925018714,0,9461.14674394813,0
1725,114.634673046749,0.583075919837201,0,9466.63489729181,0
1726,114.654245047213,0.583099908899519,0,9472.12305183203,0
1727,114.673805064649,0.583123892138538,0,9477.61120756792,0
1728,114.693353103623,0.583147869487909,0,9483.09936449859,0
1729,114.712889168716,0.583171840882045,0,9488.58752262318,0
1730,114.732413264524,0.583195806256114,0,9494.07568194079,0
1731,114.751925395656,0.583219765546032,0,9499.56384245056,0
1732,114.771425566733,0.583243718688454,0,9505.05200415161,0
1733,114.790913782392,0.583267665620766,0,9510.54016704307,0
1734,114.81039004728,0.583291606281071,0,9516.02833112405,0
1735,114.829854366061,0.583315540608195,0,9521.51649639369,0
1736,114.849306743407,0.583339468541657,0,9527.00466285112,0
1737,114.868747184005,0.583363390021685,0,9532.49283049546,0
1738,114.888175692554,0.583387304989186,0,9537.98099932584,0
1739,114.907592273763,0.583411213385756,0,9543.46916934139,0
1740,114.926996932356,0.583435115153661,0,9548.95734054124,0
1741,114.946389673066,0.583459010235832,0,9554.44551292451,0
1742,114.965770500638,0.583482898575862,0,9559.93368649035,0
1743,114.985139419827,0.583506780117989,0,9565.42186123788,0
1744,115.004496435402,0.583530654807101,0,9570.91003716623,0
1745,115.023841552139,0.583554522588714,0,9576.39821427454,0
1746,115.043174774828,0.583578383408982,0,9581.88639256195,0
1747,115.062496108265,0.583602237214673,0,9587.37457202758,0
1748,115.08180555726,0.583626083953172,0,9592.86275267057,0
1749,115.101103126632,0.583649923572474,0,9598.35093449005,0
1750,115.120388821209,0.583673756021172,0,9603.83911748517,0
1751,115.139662645829,0.583697581248454,0,9609.32730165505,0
1752,115.15892460534,0.583721399204093,0,9614.81548699885,0
1753,115.178174704597,0.583745209838449,0,9620.30367351569,0
1754,115.197412948468,0.583769013102446,0,9625.79186120471,0
1755,115.216639341826,0.583792808947585,0,9631.28005006505,0
1756,115.235853889556,0.583816597325923,0,9636.76824009586,0
1757,115.255056596548,0.583840378190073,0,9642.25643129627,0
1758,115.274247467705,0.583864151493199,0,9647.74462366544,0
1759,115.293426507934,0.583887917189003,0,9653.23281720248,0
1760,115.312593722153,0.583911675231728,0,9658.72101190656,0
1761,115.331749115287,0.583935425576143,0,9664.20920777681,0
1762,115.350892692268,0.583959168177546,0,9669.69740481238,0
1763,115.370024458038,0.583982902991751,0,9675.18560301241,0
1764,115.389144417545,0.584006629975084,0,9680.67380237605,0
1765,115.408252575743,0.584030349084382,0,9686.16200290244,0
1766,115.427348937597,0.584054060276978,0,9691.65020459073,0
1767,115.446433508076,0.584077763510708,0,9697.13840744007,0
1768,115.465506292158,0.584101458743889,0,9702.6266114496,0
1769,115.484567294825,0.584125145935333,0,9708.11481661848,0
1770,115.503616521071,0.584148825044324,0,9713.60302294585,0
1771,115.522653975891,0.584172496030624,0,9719.09123043087,0
1772,115.541679664289,0.584196158854463,0,9724.57943907268,0
1773,115.560693591277,0.584219813476534,0,9730.06764887043,0
1774,115.579695761872,0.584243459857991,0,9735.55585982328,0
1775,115.598686181095,0.584267097960438,0,9741.04407193038,0
1776,115.617664853976,0.584290727745932,0,9746.53228519088,0
1777,115.63663178555,0.584314349176969,0,9752.02049960393,0
1778,115.655586980857,0.584337962216488,0,9757.50871516869,0
1779,115.674530444945,0.584361566827859,0,9762.99693188432,0
1780,115.693462182866,0.584385162974883,0,9768.48514974997,0
1781,115.712382199676,0.584408750621784,0,9773.97336876479,0
1782,115.731290500439,0.584432329733206,0,9779.46158892795,0
1783,115.750187090224,0.58445590027421,0,9784.94981023859,0
1784,115.769071974104,0.584479462210264,0,9790.43803269589,0
1785,115.787945157158,0.584503015507248,0,9795.92625629899,0
1786,115.80680664447,0.584526560131436,0,9801.41448104706,0
1787,115.825656441127,0.584550096049506,0,9806.90270693925,0
1788,115.844494552225,0.584573623228526,0,9812.39093397473,0
1789,115.86332098286,0.584597141635952,0,9817.87916215266,0
1790,115.882135738137,0.584620651239627,0,9823.3673914722,0
1791,115.900938823162,0.584644152007772,0,9828.85562193251,0
1792,115.919730243047,0.584667643908986,0,9834.34385353276,0
1793,115.938510002909,0.584691126912237,0,9839.83208627211,0
1794,115.957278107869,0.584714600986865,0,9845.32032014972,0
1795,115.97603456305,0.58473806610257,0,9850.80855516476,0
1796,115.994779373583,0.584761522229416,0,9856.29679131639,0
1797,116.0135125446,0.584784969337819,0,9861.78502860379,0
1798,116.032234081238,0.584808407398552,0,9867.27326702611,0
1799,116.050943988638,0.584831836382734,0,9872.76150658253,0
1800,116.069642271945,0.584855256261826,0,9878.24974727221,0
1801,116.088328936308,0.584878667007635,0,9883.73798909432,0
1802,116.107003986878,0.584902068592302,0,9889.22623204803,0
1803,116.125667428812,0.584925460988305,0,9894.71447613252,0
1804,116.144319267269,0.584948844168447,0,9900.20272134695,0
1805,116.162959507411,0.584972218105862,0,9905.69096769049,0
1806,116.181588154405,0.584995582774006,0,9911.17921516231,0
1807,116.20020521342,0.585018938146653,0,9916.6674637616,0
1808,116.21881068963,0.585042284197896,0,9922.15571348751,0
1809,116.23740458821,0.585065620902136,0,9927.64396433924,0
1810,116.255986914339,0.58508894823409,0,9933.13221631593,0
1811,116.2745576732,0.585112266168774,0,9938.62046941678,0
1812,116.293116869977,0.585135574681514,0,9944.10872364097,0
1813,116.31166450986,0.585158873747929,0,9949.59697898765,0
1814,116.330200598038,0.585182163343938,0,9955.08523545602,0
1815,116.348725139707,0.585205443445753,0,9960.57349304525,0
1816,116.367238140062,0.585228714029875,0,9966.06175175453,0
1817,116.385739604303,0.585251975073094,0,9971.55001158301,0
1818,116.404229537632,0.585275226552481,0,9977.03827252989,0
1819,116.422707945253,0.585298468445391,0,9982.52653459435,0
1820,116.441174832375,0.585321700729453,0,9988.01479777557,0
1821,116.459630204206,0.585344923382576,0,9993.50306207272,0
1822,116.478074065959,0.585368136382937,0,9998.99132748499,0
1823,116.496506422849,0.585391339708984,0,10004.4795940116,0
1824,116.514927280092,0.585414533339432,0,10009.9678616516,0
1825,116.533336642907,0.585437717253256,0,10015.4561304044,0
1826,116.551734516516,0.585460891429696,0,10020.9444002689,0
1827,116.570120906143,0.585484055848248,0,10026.4326712446,0
1828,116.588495817013,0.585507210488664,0,10031.9209433304,0
1829,116.606859254355,0.585530355330947,0,10037.4092165257,0
1830,116.625211223398,0.58555349035535,0,10042.8974908295,0
1831,116.643551729374,0.585576615542377,0,10048.3857662411,0
1832,116.661880777518,0.585599730872771,0,10053.8740427597,0
1833,116.680198373065,0.585622836327521,0,10059.3623203845,0
1834,116.698504521253,0.585645931887853,0,10064.8505991146,0
1835,116.716799227321,0.585669017535233,0,10070.3388789493,0
1836,116.735082496512,0.585692093251359,0,10075.8271598877,0
1837,116.753354334069,0.585715159018162,0,10081.315441929,0
1838,116.771614745235,0.585738214817802,0,10086.8037250724,0
1839,116.789863735259,0.585761260632666,0,10092.2920093171,0
1840,116.808101309389,0.58578429644537,0,10097.7802946623,0
1841,116.826327472873,0.585807322238744,0,10103.2685811072,0
1842,116.844542230965,0.585830337995847,0,10108.756868651,0
1843,116.862745588916,0.58585334369995,0,10114.2451572928,0
1844,116.880937551982,0.585876339334543,0,10119.733447032,0
1845,116.899118125418,0.585899324883326,0,10125.2217378676,0
1846,116.917287314483,0.585922300330213,0,10130.7100297989,0
1847,116.935445124434,0.585945265659325,0,10136.198322825,0
1848,116.953591560532,0.585968220854992,0,10141.6866169452,0
1849,116.971726628039,0.585991165901746,0,10147.1749121586,0
1850,116.989850332218,0.586014100784322,0,10152.6632084646,0
1851,117.007962678333,0.586037025487657,0,10158.1515058621,0
1852,117.026063671649,0.586059939996885,0,10163.6398043506,0
1853,117.044153317433,0.586082844297335,0,10169.128103929,0
1854,117.062231620952,0.586105738374533,0,10174.6164045968,0
1855,117.080298587477,0.586128622214194,0,10180.104706353,0
1856,117.098354222276,0.586151495802227,0,10185.5930091968,0
1857,117.116398530622,0.586174359124724,0,10191.0813131276,0
1858,117.134431517786,0.586197212167968,0,10196.5696181444,0
1859,117.152453189042,0.586220054918424,0,10202.0579242464,0
1860,117.170463549664,0.58624288736274,0,10207.546231433,0
1861,117.188462604928,0.586265709487743,0,10213.0345397032,0
1862,117.20645036011,0.586288521280441,0,10218.5228490563,0
1863,117.224426820487,0.586311322728018,0,10224.0111594916,0
1864,117.242391991338,0.586334113817832,0,10229.4994710081,0
1865,117.260345877941,0.586356894537416,0,10234.9877836051,0
1866,117.278288485577,0.586379664874471,0,10240.4760972819,0
1867,117.296219819526,0.586402424816872,0,10245.9644120376,0
1868,117.314139885071,0.586425174352659,0,10251.4527278714,0
1869,117.332048687493,0.586447913470039,0,10256.9410447826,0
1870,117.349946232076,0.586470642157384,0,10262.4293627703,0
1871,117.367832524104,0.586493360403226,0,10267.9176818338,0
1872,117.385707568861,0.586516068196263,0,10273.4060019723,0
1873,117.403571371634,0.586538765525346,0,10278.8943231849,0
1874,117.421423937708,0.586561452379491,0,10284.382645471,0
1875,117.43926527237,0.586584128747865,0,10289.8709688297,0
1876,117.457095380907,0.586606794619791,0,10295.3592932603,0
1877,117.474914268609,0.586629449984746,0,10300.8476187619,0
1878,117.492721940763,0.586652094832356,0,10306.3359453337,0
1879,117.510518402658,0.5866747291524,0,10311.8242729751,0
1880,117.528303659586,0.586697352934802,0,10317.3126016851,0
1881,117.546077716836,0.586719966169636,0,10322.8009314631,0
1882,117.5638405797,0.58674256884712,0,10328.2892623081,0
1883,117.581592253468,0.586765160957615,0,10333.7775942196,0
1884,117.599332743434,0.586787742491625,0,10339.2659271966,0
1885,117.617062054889,0.586810313439795,0,10344.7542612384,0
1886,117.634780193127,0.586832873792911,0,10350.2425963442,0
1887,117.652487163442,0.586855423541894,0,10355.7309325132,0
1888,117.670182971126,0.586877962677804,0,10361.2192697447,0
1889,117.687867621476,0.586900491191835,0,10366.7076080379,0
1890,117.705541119784,0.586923009075315,0,10372.195947392,0
1891,117.723203471348,0.586945516319706,0,10377.6842878062,0
1892,117.740854681462,0.5869680129166,0,10383.1726292797,0
1893,117.758494755423,0.586990498857718,0,10388.6609718118,0
1894,117.776123698526,0.587012974134911,0,10394.1493154017,0
1895,117.793741516068,0.587035438740157,0,10399.6376600486,0
1896,117.811348213348,0.587057892665559,0,10405.1260057518,0
1897,117.82894379566,0.587080335903346,0,10410.6143525104,0
1898,117.846528268305,0.587102768445868,0,10416.1027003237,0
1899,117.864101636578,0.587125190285602,0,10421.591049191,0
1900,117.881663905779,0.587147601415139,0,10427.0793991114,0
1901,117.899215081206,0.587170001827195,0,10432.5677500841,0
1902,117.916755168158,0.587192391514604,0,10438.0561021085,0
1903,117.934284171933,0.587214770470314,0,10443.5444551838,0
1904,117.951802097832,0.587237138687393,0,10449.0328093091,0
1905,117.969308951153,0.58725949615902,0,10454.5211644837,0
1906,117.986804737195,0.587281842878492,0,10460.0095207069,0
1907,118.00428946126,0.587304178839215,0,10465.4978779778,0
1908,118.021763128646,0.587326504034709,0,10470.9862362957,0
1909,118.039225744654,0.587348818458602,0,10476.4745956599,0
1910,118.056677314584,0.587371122104633,0,10481.9629560695,0
1911,118.074117843737,0.587393414966649,0,10487.4513175238,0
1912,118.091547337414,0.587415697038601,0,10492.9396800221,0
1913,118.108965800915,0.587437968314553,0,10498.4280435635,0
1914,118.12637323954,0.587460228788666,0,10503.9164081473,0
1915,118.143769658592,0.587482478455209,0,10509.4047737728,0
1916,118.161155063371,0.587504717308553,0,10514.8931404392,0
1917,118.178529459178,0.587526945343171,0,10520.3815081457,0
1918,118.195892851315,0.587549162553636,0,10525.8698768916,0
1919,118.213245245082,0.587571368934622,0,10531.358246676,0
1920,118.230586645783,0.5875935644809,0,10536.8466174983,0
1921,118.247917058717,0.58761574918734,0,10542.3349893577,0
1922,118.265236489186,0.587637923048907,0,10547.8233622534,0
1923,118.282544942493,0.587660086060665,0,10553.3117361847,0
1924,118.299842423938,0.58768223821777,0,10558.8001111508,0
1925,118.317128938823,0.587704379515473,0,10564.2884871509,0
1926,118.334404492451,0.587726509949116,0,10569.7768641843,0
1927,118.351669090121,0.587748629514136,0,10575.2652422502,0
1928,118.368922737138,0.587770738206059,0,10580.7536213479,0
1929,118.386165438801,0.587792836020502,0,10586.2420014767,0
1930,118.403397200413,0.587814922953171,0,10591.7303826357,0
1931,118.420618027275,0.587836998999859,0,10597.2187648242,0
1932,118.437827924689,0.58785906415645,0,10602.7071480415,0
1933,118.455026897956,0.587881118418909,0,10608.1955322868,0
1934,118.472214952378,0.587903161783293,0,10613.6839175593,0
1935,118.489392093257,0.587925194245739,0,10619.1723038584,0
1936,118.506558325894,0.587947215802471,0,10624.6606911832,0
1937,118.52371365559,0.587969226449793,0,10630.149079533,0
1938,118.540858087647,0.587991226184095,0,10635.6374689071,0
1939,118.557991627366,0.588013215001846,0,10641.1258593046,0
1940,118.575114280048,0.588035192899595,0,10646.6142507249,0
1941,118.592226050994,0.588057159873976,0,10652.1026431673,0
1942,118.609326945505,0.588079115921693,0,10657.5910366308,0
1943,118.626416968882,0.588101061039539,0,10663.0794311149,0
1944,118.643496126427,0.588122995224375,0,10668.5678266188,0
1945,118.660564423439,0.588144918473145,0,10674.0562231416,0
1946,118.677621865219,0.588166830782865,0,10679.5446206828,0
1947,118.694668457067,0.588188732150628,0,10685.0330192414,0
1948,118.711704204285,0.588210622573604,0,10690.5214188169,0
1949,118.728729112172,0.588232502049031,0,10696.0098194084,0
1950,118.745743186029,0.588254370574225,0,10701.4982210151,0
1951,118.762746431154,0.58827622814657,0,10706.9866236365,0
1952,118.779738852849,0.588298074763526,0,10712.4750272716,0
1953,118.796720456413,0.588319910422621,0,10717.9634319198,0
1954,118.813691247145,0.588341735121451,0,10723.4518375804,0
1955,118.830651230345,0.588363548857688,0,10728.9402442525,0
1956,118.847600411311,0.588385351629065,0,10734.4286519354,0
1957,118.864538795344,0.588407143433391,0,10739.9170606285,0
1958,118.881466387741,0.588428924268532,0,10745.4054703309,0
1959,118.898383193801,0.588450694132432,0,10750.893881042,0
1960,118.915289218824,0.588472453023092,0,10756.382292761,0
1961,118.932184468107,0.588494200938584,0,10761.8707054871,0
1962,118.949068946948,0.588515937877042,0,10767.3591192196,0
1963,118.965942660646,0.588537663836664,0,10772.8475339578,0
1964,118.982805614498,0.588559378815713,0,10778.335949701,0
1965,118.999657813801,0.588581082812512,0,10783.8243664483,0
1966,119.016499263854,0.58860277582545,0,10789.3127841992,0
1967,119.033329969953,0.588624457852974,0,10794.8012029527,0
1968,119.050149937394,0.588646128893593,0,10800.2896227083,0
1969,119.066959171476,0.588667788945878,0,10805.7780434652,0
1970,119.083757677494,0.588689438008456,0,10811.2664652226,0
1971,119.100545460744,0.588711076080018,0,10816.7548879798,0
1972,119.117322526524,0.588732703159308,0,10822.2433117361,0
1973,119.134088880127,0.588754319245133,0,10827.7317364907,0
1974,119.150844526851,0.588775924336353,0,10833.220162243,0
1975,119.16758947199,0.588797518431888,0,10838.7085889922,0
1976,119.184323720839,0.588819101530712,0,10844.1970167375,0
1977,119.201047278694,0.588840673631856,0,10849.6854454782,0
1978,119.217760150849,0.588862234734407,0,10855.1738752136,0
1979,119.234462342598,0.588883784837502,0,10860.6623059431,0
1980,119.251153859236,0.588905323940339,0,10866.1507376657,0
1981,119.267834706056,0.588926852042162,0,10871.6391703809,0
1982,119.284504888352,0.588948369142273,0,10877.1276040879,0
1983,119.301164411417,0.588969875240025,0,10882.616038786,0
1984,119.317813280544,0.588991370334821,0,10888.1044744744,0
1985,119.334451501027,0.58901285442612,0,10893.5929111524,0
1986,119.351079078157,0.589034327513426,0,10899.0813488193,0
1987,119.367696017227,0.589055789596297,0,10904.5697874744,0
1988,119.38430232353,0.58907724067434,0,10910.058227117,0
1989,119.400898002355,0.58909868074721,0,10915.5466677463,0
1990,119.417483058996,0.589120109814614,0,10921.0351093615,0
1991,119.434057498743,0.589141527876304,0,10926.5235519621,0
1992,119.450621326886,0.589162934932082,0,10932.0119955473,0
1993,119.467174548718,0.589184330981794,0,10937.5004401163,0
1994,119.483717169527,0.589205716025339,0,10942.9888856684,0
1995,119.500249194603,0.589227090062656,0,10948.4773322029,0
1996,119.516770629237,0.589248453093733,0,10953.9657797192,0
1997,119.533281478718,0.589269805118604,0,10959.4542282164,0
1998,119.549781748334,0.589291146137347,0,10964.9426776938,0
1999,119.566271443375,0.589312476150084,0,10970.4311281508,0
2000,119.582750569129,0.589333795156982,0,10975.9195795866,0
2001,119.599219130884,0.589355103158253,0,10981.4080320005,0
2002,119.615677133927,0.589376400154149,0,10986.8964853919,0
2003,119.632124583547,0.589397686144968,0,10992.3849397599,0
2004,119.64856148503,0.589418961131047,0,10997.8733951038,0
2005,119.664987843663,0.589440225112768,0,11003.361851423,0
2006,119.681403664733,0.589461478090554,0,11008.8503087168,0
2007,119.697808953526,0.589482720064868,0,11014.3387669844,0
2008,119.714203715327,0.589503951036215,0,11019.8272262251,0
2009,119.730587955423,0.589525171005137,0,11025.3156864382,0
2010,119.746961679098,0.589546379972221,0,11030.8041476229,0
2011,119.763324891637,0.589567577938089,0,11036.2926097787,0
2012,119.779677598325,0.589588764903406,0,11041.7810729047,0
2013,119.796019804446,0.589609940868872,0,11047.2695370003,0
2014,119.812351515283,0.589631105835227,0,11052.7580020648,0
2015,119.82867273612,0.589652259803249,0,11058.2464680974,0
2016,119.84498347224,0.589673402773753,0,11063.7349350974,0
2017,119.861283728926,0.589694534747593,0,11069.2234030642,0
2018,119.87757351146,0.589715655725656,0,11074.711871997,0
2019,119.893852825125,0.589736765708869,0,11080.2003418951,0
2020,119.910121675201,0.589757864698192,0,11085.6888127578,0
2021,119.92638006697,0.589778952694624,0,11091.1772845844,0
2022,119.942628005714,0.589800029699198,0,11096.6657573742,0
2023,119.958865496711,0.589821095712979,0,11102.1542311266,0
2024,119.975092545244,0.589842150737072,0,11107.6427058407,0
2025,119.991309156591,0.58986319477261,0,11113.1311815159,0
2026,120.007515336033,0.589884227820766,0,11118.6196581515,0
2027,120.023711088847,0.589905249882743,0,11124.1081357468,0
2028,120.039896420313,0.589926260959777,0,11129.5966143011,0
2029,120.056071335709,0.58994726105314,0,11135.0850938136,0
2030,120.072235840313,0.589968250164131,0,11140.5735742838,0
2031,120.088389939402,0.589989228294088,0,11146.0620557108,0
2032,120.104533638254,0.590010195444374,0,11151.550538094,0
2033,120.120666942145,0.590031151616389,0,11157.0390214327,0
2034,120.136789856352,0.590052096811562,0,11162.5275057262,0
2035,120.15290238615,0.590073031031352,0,11168.0159909738,0
2036,120.169004536816,0.590093954277251,0,11173.5044771748,0
2037,120.185096313624,0.590114866550778,0,11178.9929643285,0
2038,120.201177721848,0.590135767853486,0,11184.4814524341,0
2039,120.217248766764,0.590156658186953,0,11189.9699414911,0
2040,120.233309453645,0.590177537552791,0,11195.4584314987,0
2041,120.249359787765,0.590198405952637,0,11200.9469224562,0
2042,120.265399774396,0.59021926338816,0,11206.435414363,0
2043,120.281429418812,0.590240109861056,0,11211.9239072182,0
2044,120.297448726285,0.590260945373048,0,11217.4124010213,0
2045,120.313457702086,0.59028176992589,0,11222.9008957716,0
2046,120.329456351487,0.590302583521359,0,11228.3893914683,0
2047,120.345444679759,0.590323386161264,0,11233.8778881107,0
2048,120.361422692173,0.590344177847438,0,11239.3663856982,0
2049,120.377390393998,0.590364958581742,0,11244.8548842301,0
2050,120.393347790505,0.590385728366063,0,11250.3433837057,0
2051,120.409294886962,0.590406487202314,0,11255.8318841243,0
2052,120.425231688638,0.590427235092435,0,11261.3203854852,0
2053,120.441158200802,0.59044797203839,0,11266.8088877877,0
2054,120.457074428722,0.59046869804217,0,11272.2973910312,0
2055,120.472980377665,0.590489413105789,0,11277.7858952149,0
2056,120.488876052899,0.590510117231289,0,11283.2744003381,0
2057,120.504761459689,0.590530810420733,0,11288.7629064003,0
2058,120.520636603302,0.590551492676211,0,11294.2514134006,0
2059,120.536501489003,0.590572163999838,0,11299.7399213384,0
2060,120.552356122059,0.590592824393747,0,11305.228430213,0
2061,120.568200507733,0.590613473860101,0,11310.7169400238,0
2062,120.58403465129,0.590634112401084,0,11316.20545077,0
2063,120.599858557993,0.590654740018903,0,11321.693962451,0
2064,120.615672233108,0.590675356715787,0,11327.182475066,0
2065,120.631475681894,0.590695962493988,0,11332.6709886145,0
2066,120.647268909617,0.590716557355783,0,11338.1595030957,0
2067,120.663051921537,0.590737141303467,0,11343.6480185089,0
2068,120.678824722915,0.59075771433936,0,11349.1365348535,0
2069,120.694587319014,0.590778276465802,0,11354.6250521287,0
2070,120.710339715093,0.590798827685154,0,11360.113570334,0
2071,120.726081916412,0.590819367999801,0,11365.6020894685,0
2072,120.741813928232,0.590839897412146,0,11371.0906095317,0
2073,120.75753575581,0.590860415924615,0,11376.5791305229,0
2074,120.773247404406,0.590880923539651,0,11382.0676524413,0
2075,120.788948879278,0.590901420259722,0,11387.5561752864,0
2076,120.804640185683,0.590921906087312,0,11393.0446990573,0
2077,120.820321328878,0.59094238102493,0,11398.5332237536,0
2078,120.835992314119,0.590962845075098,0,11404.0217493744,0
2079,120.851653146664,0.590983298240362,0,11409.5102759191,0
2080,120.867303831767,0.591003740523288,0,11414.998803387,0
2081,120.882944374684,0.591024171926456,0,11420.4873317775,0
2082,120.898574780668,0.59104459245247,0,11425.9758610899,0
2083,120.914195054975,0.591065002103951,0,11431.4643913234,0
2084,120.929805202857,0.591085400883537,0,11436.9529224775,0
2085,120.945405229567,0.591105788793886,0,11442.4414545515,0
2086,120.960995140358,0.591126165837673,0,11447.9299875446,0
2087,120.976574940482,0.591146532017593,0,11453.4185214563,0
2088,120.992144635191,0.591166887336354,0,11458.9070562858,0
2089,121.007704229733,0.591187231796688,0,11464.3955920325,0
2090,121.023253729362,0.591207565401337,0,11469.8841286957,0
2091,121.038793139325,0.591227888153067,0,11475.3726662747,0
2092,121.054322464873,0.591248200054656,0,11480.8612047689,0
2093,121.069841711253,0.5912685011089,0,11486.3497441776,0
2094,121.085350883715,0.591288791318614,0,11491.8382845002,0
2095,121.100849987505,0.591309070686625,0,11497.3268257359,0
2096,121.116339027871,0.59132933921578,0,11502.8153678841,0
2097,121.131818010059,0.591349596908939,0,11508.3039109441,0
2098,121.147286939315,0.591369843768981,0,11513.7924549153,0
2099,121.162745820885,0.591390079798799,0,11519.280999797,0
2100,121.178194660013,0.5914103050013,0,11524.7695455886,0
2101,121.193633461944,0.591430519379409,0,11530.2580922893,0
2102,121.20906223192,0.591450722936063,0,11535.7466398985,0
2103,121.224480975186,0.591470915674219,0,11541.2351884156,0
2104,121.239889696984,0.591491097596843,0,11546.7237378398,0
2105,121.255288402555,0.591511268706919,0,11552.2122881706,0
2106,121.270677097141,0.591531429007445,0,11557.7008394072,0
2107,121.286055785983,0.591551578501432,0,11563.189391549,0
2108,121.301424474321,0.591571717191909,0,11568.6779445954,0
2109,121.316783167395,0.591591845081912,0,11574.1664985456,0
2110,121.332131870443,0.591611962174499,0,11579.6550533991,0
2111,121.347470588705,0.591632068472735,0,11585.1436091551,0
2112,121.362799327417,0.591652163979703,0,11590.632165813,0
2113,121.378118091816,0.591672248698496,0,11596.1207233722,0
2114,121.393426887141,0.591692322632222,0,11601.6092818319,0
2115,121.408725718626,0.591712385784003,0,11607.0978411915,0
2116,121.424014591507,0.591732438156972,0,11612.5864014505,0
2117,121.439293511018,0.591752479754276,0,11618.074962608,0
2118,121.454562482395,0.591772510579073,0,11623.5635246635,0
2119,121.469821510869,0.591792530634536,0,11629.0520876163,0
2120,121.485070601675,0.591812539923849,0,11634.5406514657,0
2121,121.500309760045,0.591832538450206,0,11640.0292162111,0
2122,121.515538991209,0.591852526216819,0,11645.5177818519,0
2123,121.5307583004,0.591872503226904,0,11651.0063483874,0
2124,121.545967692847,0.591892469483695,0,11656.4949158168,0
2125,121.56116717378,0.591912424990436,0,11661.9834841397,0
2126,121.576356748429,0.591932369750381,0,11667.4720533553,0
2127,121.591536422022,0.591952303766796,0,11672.9606234629,0
2128,121.606706199786,0.59197222704296,0,11678.449194462,0
2129,121.621866086949,0.591992139582161,0,11683.9377663518,0
2130,121.637016088737,0.592012041387698,0,11689.4263391318,0
2131,121.652156210376,0.592031932462884,0,11694.9149128013,0
2132,121.667286457091,0.592051812811037,0,11700.4034873595,0
2133,121.682406834107,0.592071682435491,0,11705.892062806,0
2134,121.697517346648,0.592091541339587,0,11711.3806391399,0
2135,121.712617999936,0.592111389526678,0,11716.8692163608,0
2136,121.727708799195,0.592131227000128,0,11722.3577944679,0
2137,121.742789749645,0.592151053763307,0,11727.8463734605,0
2138,121.757860856509,0.592170869819602,0,11733.3349533381,0
2139,121.772922125006,0.592190675172402,0,11738.8235341,0
2140,121.787973560357,0.592210469825111,0,11744.3121157456,0
2141,121.80301516778,0.592230253781142,0,11749.8006982741,0
2142,121.818046952494,0.592250027043914,0,11755.289281685,0
2143,121.833068919717,0.592269789616861,0,11760.7778659777,0
2144,121.848081074665,0.59228954150342,0,11766.2664511513,0
2145,121.863083422554,0.592309282707043,0,11771.7550372055,0
2146,121.878075968602,0.592329013231186,0,11777.2436241394,0
2147,121.893058718021,0.592348733079319,0,11782.7322119524,0
2148,121.908031676027,0.592368442254915,0,11788.220800644,0
2149,121.922994847832,0.592388140761462,0,11793.7093902134,0
2150,121.93794823865,0.592407828602451,0,11799.19798066,0
2151,121.952891853692,0.592427505781384,0,11804.6865719832,0
2152,121.96782569817,0.592447172301773,0,11810.1751641824,0
2153,121.982749777294,0.592466828167134,0,11815.6637572569,0
2154,121.997664096274,0.592486473380996,0,11821.152351206,0
2155,122.012568660319,0.592506107946893,0,11826.6409460292,0
2156,122.027463474638,0.592525731868367,0,11832.1295417257,0
2157,122.042348544438,0.592545345148969,0,11837.618138295,0
2158,122.057223874925,0.592564947792257,0,11843.1067357364,0
2159,122.072089471306,0.592584539801799,0,11848.5953340493,0
2160,122.086945338786,0.592604121181166,0,11854.083933233,0
2161,122.10179148257,0.592623691933939,0,11859.5725332869,0
2162,122.116627907862,0.592643252063709,0,11865.0611342104,0
2163,122.131454619864,0.592662801574069,0,11870.5497360029,0
2164,122.146271623779,0.592682340468623,0,11876.0383386636,0
2165,122.161078924807,0.59270186875098,0,11881.526942192,0
2166,122.175876528151,0.592721386424758,0,11887.0155465875,0
2167,122.19066443901,0.592740893493581,0,11892.5041518493,0
2168,122.205442662583,0.592760389961079,0,11897.992757977,0
2169,122.220211204068,0.59277987583089,0,11903.4813649697,0
2170,122.234970068663,0.592799351106655,0,11908.969972827,0
2171,122.249719261565,0.592818815792029,0,11914.4585815482,0
2172,122.26445878797,0.592838269890665,0,11919.9471911326,0
2173,122.279188653073,0.592857713406229,0,11925.4358015796,0
2174,122.293908862068,0.592877146342389,0,11930.9244128887,0
2175,122.308619420149,0.592896568702821,0,11936.413025059,0
2176,122.323320332508,0.592915980491208,0,11941.9016380902,0
2177,122.338011604338,0.592935381711235,0,11947.3902519814,0
2178,122.352693240829,0.592954772366599,0,11952.8788667321,0
2179,122.367365247173,0.592974152460997,0,11958.3674823416,0
2180,122.382027628558,0.592993521998137,0,11963.8560988094,0
2181,122.396680390173,0.593012880981728,0,11969.3447161348,0
2182,122.411323537207,0.593032229415488,0,11974.8333343171,0
2183,122.425957074845,0.593051567303137,0,11980.3219533558,0
2184,122.440581008274,0.593070894648405,0,11985.8105732503,0
2185,122.45519534268,0.593090211455025,0,11991.2991939998,0
2186,122.469800083246,0.593109517726733,0,11996.7878156038,0
2187,122.484395235157,0.593128813467276,0,12002.2764380617,0
2188,122.498980803595,0.593148098680399,0,12007.7650613727,0
2189,122.513556793742,0.593167373369858,0,12013.2536855364,0
2190,122.528123210779,0.593186637539411,0,12018.7423105521,0
2191,122.542680059886,0.593205891192822,0,12024.2309364192,0
2192,122.557227346243,0.59322513433386,0,12029.719563137,0
2193,122.571765075028,0.593244366966296,0,12035.2081907049,0
2194,122.586293251418,0.593263589093911,0,12040.6968191223,0
2195,122.600811880591,0.593282800720485,0,12046.1854483886,0
2196,122.615320967721,0.593302001849807,0,12051.6740785032,0
2197,122.629820517985,0.593321192485668,0,12057.1627094654,0
2198,122.644310536555,0.593340372631863,0,12062.6513412746,0
2199,122.658791028605,0.593359542292194,0,12068.1399739303,0
2200,122.673261999308,0.593378701470465,0,12073.6286074317,0
2201,122.687723453834,0.593397850170485,0,12079.1172417784,0
2202,122.702175397354,0.593416988396067,0,12084.6058769696,0
2203,122.716617835037,0.593436116151028,0,12090.0945130047,0
2204,122.731050772053,0.593455233439189,0,12095.5831498832,0
2205,122.745474213568,0.593474340264375,0,12101.0717876043,0
2206,122.759888164749,0.593493436630417,0,12106.5604261676,0
2207,122.774292630763,0.593512522541144,0,12112.0490655724,0
2208,122.788687616774,0.593531598000396,0,12117.537705818,0
2209,122.803073127946,0.593550663012011,0,12123.0263469039,0
2210,122.817449169442,0.593569717579835,0,12128.5149888295,0
2211,122.831815746425,0.593588761707714,0,12134.0036315941,0
2212,122.846172864055,0.593607795399499,0,12139.4922751971,0
2213,122.860520527493,0.593626818659047,0,12144.9809196379,0
2214,122.874858741898,0.593645831490212,0,12150.4695649159,0
2215,122.889187512427,0.593664833896858,0,12155.9582110305,0
2216,122.90350684424,0.593683825882848,0,12161.4468579811,0
2217,122.917816742491,0.59370280745205,0,12166.9355057671,0
2218,122.932117212337,0.593721778608337,0,12172.4241543878,0
2219,122.946408258931,0.593740739355579,0,12177.9128038427,0
2220,122.960689887428,0.593759689697658,0,12183.4014541311,0
2221,122.97496210298,0.593778629638449,0,12188.8901052525,0
2222,122.989224910738,0.59379755918184,0,12194.3787572062,0
2223,123.003478315853,0.593816478331713,0,12199.8674099916,0
2224,123.017722323475,0.593835387091959,0,12205.3560636081,0
2225,123.031956938751,0.593854285466469,0,12210.8447180552,0
2226,123.046182166831,0.593873173459136,0,12216.3333733321,0
2227,123.060398012859,0.593892051073859,0,12221.8220294384,0
2228,123.074604481983,0.593910918314536,0,12227.3106863734,0
2229,123.088801579345,0.593929775185071,0,12232.7993441364,0
2230,123.102989310091,0.593948621689367,0,12238.2880027269,0
2231,123.117167679363,0.593967457831333,0,12243.7766621444,0
2232,123.131336692301,0.593986283614877,0,12249.2653223881,0
2233,123.145496354047,0.594005099043911,0,12254.7539834575,0
2234,123.15964666974,0.594023904122351,0,12260.2426453519,0
2235,123.173787644518,0.594042698854111,0,12265.7313080709,0
2236,123.18791928352,0.594061483243113,0,12271.2199716137,0
2237,123.202041591881,0.594080257293275,0,12276.7086359798,0
2238,123.216154574737,0.594099021008523,0,12282.1973011686,0
2239,123.230258237222,0.594117774392781,0,12287.6859671795,0
2240,123.244352584469,0.594136517449975,0,12293.1746340118,0
2241,123.258437621611,0.594155250184038,0,12298.663301665,0
2242,123.272513353779,0.594173972598898,0,12304.1519701385,0
2243,123.286579786102,0.594192684698489,0,12309.6406394317,0
2244,123.300636923711,0.594211386486748,0,12315.1293095439,0
2245,123.314684771733,0.594230077967608,0,12320.6179804747,0
2246,123.328723335294,0.594248759145012,0,12326.1066522233,0
2247,123.342752619522,0.594267430022898,0,12331.5953247893,0
2248,123.35677262954,0.59428609060521,0,12337.0839981719,0
2249,123.370783370472,0.59430474089589,0,12342.5726723707,0
2250,123.384784847441,0.594323380898884,0,12348.0613473849,0
2251,123.398777065568,0.594342010618139,0,12353.5500232141,0
2252,123.412760029975,0.594360630057604,0,12359.0386998576,0
2253,123.426733745779,0.59437923922123,0,12364.5273773148,0
2254,123.440698218101,0.594397838112967,0,12370.0160555852,0
2255,123.454653452055,0.594416426736768,0,12375.5047346681,0
2256,123.46859945276,0.594435005096588,0,12380.993414563,0
2257,123.482536225329,0.594453573196383,0,12386.4820952692,0
2258,123.496463774877,0.594472131040109,0,12391.9707767862,0
2259,123.510382106515,0.594490678631725,0,12397.4594591134,0
2260,123.524291225357,0.594509215975191,0,12402.9481422501,0
2261,123.538191136512,0.594527743074466,0,12408.4368261959,0
2262,123.552081845089,0.594546259933514,0,12413.92551095,0
2263,123.565963356198,0.594564766556296,0,12419.414196512,0
2264,123.579835674944,0.594583262946777,0,12424.9028828812,0
2265,123.593698806434,0.594601749108922,0,12430.3915700571,0
2266,123.607552755773,0.594620225046697,0,12435.880258039,0
2267,123.621397528064,0.59463869076407,0,12441.3689468263,0
2268,123.63523312841,0.594657146265007,0,12446.8576364186,0
2269,123.649059561912,0.594675591553479,0,12452.3463268151,0
2270,123.662876833671,0.594694026633456,0,12457.8350180154,0
2271,123.676684948785,0.594712451508906,0,12463.3237100188,0
2272,123.690483912353,0.594730866183804,0,12468.8124028247,0
2273,123.70427372947,0.594749270662119,0,12474.3010964325,0
2274,123.718054405234,0.594767664947827,0,12479.7897908418,0
2275,123.731825944737,0.594786049044899,0,12485.2784860518,0
2276,123.745588353074,0.594804422957312,0,12490.767182062,0
2277,123.759341635335,0.594822786689039,0,12496.2558788719,0
2278,123.773085796613,0.594841140244057,0,12501.7445764807,0
2279,123.786820841997,0.594859483626342,0,12507.2332748881,0
2280,123.800546776575,0.59487781683987,0,12512.7219740933,0
2281,123.814263605434,0.594896139888621,0,12518.2106740958,0
2282,123.82797133366,0.594914452776569,0,12523.699374895,0
2283,123.841669966339,0.594932755507696,0,12529.1880764903,0
2284,123.855359508554,0.594951048085979,0,12534.6767788812,0
2285,123.869039965388,0.594969330515397,0,12540.165482067,0
2286,123.882711341921,0.59498760279993,0,12545.6541860472,0
2287,123.896373643234,0.595005864943558,0,12551.1428908213,0
2288,123.910026874406,0.595024116950263,0,12556.6315963886,0
2289,123.923671040513,0.595042358824023,0,12562.1203027485,0
2290,123.093036287162,0.595060590568821,0,12567.6456680216,0
2291,122.302255210939,0.595078812188637,0,12573.3746474721,0
2292,121.525411001763,0.595097023687452,0,12579.0689530798,0
2293,120.75413244385,0.595115225069249,0,12584.7356357458,0
2294,119.988404392039,0.595133416338009,0,12590.3783847922,0
2295,119.228358030891,0.595151597497714,0,12596.0003966546,0
2296,118.474552217679,0.595169768552346,0,12601.6044407268,0
2297,117.728350274377,0.595187929505888,0,12607.1929164541,0
2298,116.992194714524,0.595206080362321,0,12612.7679027635,0
2299,116.269610531,0.595224221125628,0,12618.3312008948,0
2300,115.564915323296,0.595242351799791,0,12623.8843715119,0
2301,114.882749048114,0.595260472388792,0,12629.4287668371,0
2302,114.227577928774,0.595279102695269,0,12634.9655585129,0
2303,113.603293305206,0.595109135762938,0,12640.4957617145,0
2304,113.012958215734,0.594917942262416,0,12646.0202560629,0
2305,112.45860429862,0.594714812317283,0,12651.5398037257,0
2306,111.940278648349,0.594500338927449,0,12657.0550651107,0
2307,111.453635117593,0.594275059696868,0,12662.5666124532,0
2308,110.988793109582,0.594039487269531,0,12668.0749415958,0
2309,110.533513000374,0.59379413897053,0,12673.5804821892,0
2310,110.078744894931,0.593539573192169,0,12679.0836065323,0
2311,109.622294175801,0.593276427281915,0,12684.5846372302,0
2312,109.168715702103,0.593005446549371,0,12690.0838538296,0
2313,108.726557832518,0.592727496283275,0,12695.5814985692,0
2314,108.305081679837,0.592443554516093,0,12701.0777813587,0
2315,107.911897760077,0.59215468874929,0,12706.5728840972,0
2316,107.551917485802,0.591862022844844,0,12712.0669644103,0
2317,107.227332492055,0.591566699472084,0,12717.5601588923,0
2318,106.938145277551,0.591269827189674,0,12723.0525859117,0
2319,106.682852177095,0.590972362823934,0,12728.5443480454,0
2320,106.459047581957,0.59067491913427,0,12734.0355341852,0
2321,106.263871701424,0.590377627753675,0,12739.5262213649,0
2322,106.094313777083,0.59008020095422,0,12745.0164763423,0
2323,105.947410496341,0.589782180689553,0,12750.5063569707,0
2324,105.820370655319,0.589483233826782,0,12755.995913387,0
2325,105.710645481582,0.589183355457024,0,12761.4851890411,0
2326,105.61595821505,0.588882927525975,0,12766.9742215885,0
2327,105.534305086733,0.588582658447345,0,12772.4630436626,0
2328,105.463938820951,0.58828346236273,0,12777.9516835457,0
2329,105.403343621182,0.587986331252876,0,12783.4401657483,0
2330,105.351207764008,0.587692231282707,0,12788.9285115132,0
2331,105.306397383426,0.587402034064425,0,12794.4167392505,0
2332,105.267932983793,0.58711647994197,0,12799.9048649161,0
2333,105.234969129941,0.586836165018643,0,12805.3929023385,0
2334,105.206777058785,0.586561543396981,0,12810.8808635029,0
2335,105.182729787721,0.586292938357931,0,12816.3687587965,0
2336,105.162289187476,0.586030558202255,0,12821.8565972223,0
2337,105.14499452488,0.585774513984047,0,12827.3443865828,0
2338,105.130452032381,0.585524837175699,0,12832.8321336409,0
2339,105.11832518359,0.585281496030546,0,12838.3198442578,0
2340,105.108325597053,0.585044409946229,0,12843.8075235137,0
2341,105.100204716111,0.58481346158379,0,12849.2951758116,0
2342,105.093746620458,0.584588506826622,0,12854.7828049678,0
2343,105.088762292191,0.584369382790213,0,12860.2704142899,0
2344,105.085085517242,0.584155914212016,0,12865.7580066446,0
2345,105.082570302317,0.583947918485488,0,12871.2455845168,0
2346,105.08108946234,0.583745209629708,0,12876.73315006,0
2347,105.080533879814,0.583547601381389,0,12882.2207051407,0
2348,105.080811951151,0.583354909601216,0,12887.7082513767,0
2349,105.0818488446,0.58316695410578,0,12893.1957901703,0
2350,105.083585363699,0.582983560032161,0,12898.6833227366,0
2351,105.085976374781,0.582804558797091,0,12904.1708501288,0
2352,105.08898887616,0.582629788706113,0,12909.6583732598,0
2353,105.092599858171,0.582459095264079,0,12915.1458929208,0
2354,105.09679411399,0.582292331238383,0,12920.6334097973,0
2355,105.101562151093,0.582129356547798,0,12926.1209244834,0
2356,105.106898307846,0.581970038040225,0,12931.6084374942,0
2357,105.112799147026,0.581814249234593,0,12937.0959492757,0
2358,105.119262150976,0.581661870069991,0,12942.5834602145,0
2359,105.126284720216,0.581512786698845,0,12948.0709706458,0
2360,105.13386344998,0.581366891324474,0,12953.5584808597,0
2361,105.141993650825,0.581224082076733,0,12959.0459911076,0
2362,105.150669071055,0.581084262900721,0,12964.5335016074,0
2363,105.159881779797,0.580947343436966,0,12970.0210125478,0
2364,105.16962217174,0.580813238872152,0,12975.5085240921,0
2365,105.179879059726,0.580681869747475,0,12980.9960363818,0
2366,105.190639826708,0.580553161720978,0,12986.4835495394,0
2367,105.201890614508,0.580427045284658,0,12991.971063671,0
2368,105.213616531364,0.580303455446306,0,12997.4585788683,0
2369,105.225801865331,0.580182331384466,0,13002.9460952106,0
2370,105.238430293399,0.580063616091028,0,13008.4336127668,0
2371,105.25148507989,0.57994725601054,0,13013.921131596,0
2372,105.264949259164,0.579833200688533,0,13019.4086517497,0
2373,105.278805800077,0.579721402435201,0,13024.8961732722,0
2374,105.293037750528,0.579611816011743,0,13030.3836962017,0
2375,105.30762836179,0.579504398342434,0,13035.8712205711,0
2376,105.32256119313,0.579399108254901,0,13041.3587464091,0
2377,105.337820197789,0.57929590624929,0,13046.84627374,0
2378,105.353389792065,0.579194754295309,0,13052.333802585,0
2379,105.369254909279,0.579095615656628,0,13057.8213329622,0
2380,105.385401040746,0.578998454739616,0,13063.3088648871,0
2381,105.401814265591,0.578903236965503,0,13068.7963983731,0
2382,105.418481271228,0.578809928662178,0,13074.2839334315,0
2383,105.435389365958,0.578718496974672,0,13079.771470072,0
2384,105.452526484915,0.578628909790617,0,13085.259008303,0
2385,105.469881190293,0.57854113567973,0,13090.7465481313,0
2386,105.487442666606,0.578455143844232,0,13096.234089563,0
2387,105.505200711516,0.578370904079158,0,13101.7216326029,0
2388,105.523145722744,0.578288386740387,0,13107.2091772552,0
2389,105.54126868144,0.578207562719153,0,13112.6967235233,0
2390,105.559561132482,0.578128403421877,0,13118.18427141,0
2391,105.578015162089,0.578050880753917,0,13123.6718209177,0
2392,105.596623373243,0.577974967106913,0,13129.159372048,0
2393,105.615378859345,0.577900635348301,0,13134.6469248025,0
2394,105.634275176657,0.577827858813222,0,13140.1344791822,0
2395,105.653306315916,0.577756611297498,0,13145.6220351878,0
2396,105.672466673667,0.577686867052154,0,13151.1095928198,0
2397,105.691751023657,0.577618600778384,0,13156.5971520786,0
2398,105.711154488725,0.57755178762338,0,13162.0847129641,0
2399,105.730672513467,0.577486403176299,0,13167.5722754763,0
2400,105.750300837968,0.57742242346453,0,13173.059839615,0
2401,105.770035472811,0.577359824949934,0,13178.5474053797,0
2402,105.789872675491,0.577298584524945,0,13184.03497277,0
2403,105.809808928382,0.577238679508567,0,13189.5225417853,0
2404,105.829840918269,0.577180087641901,0,13195.010112425,0
2405,105.849965517513,0.577122787083545,0,13200.4976846883,0
2406,105.870179766782,0.577066756404348,0,13205.9852585744,0
2407,105.890480859365,0.57701197458201,0,13211.4728340825,0
2408,105.910866126959,0.576958420995025,0,13216.9604112116,0
2409,105.931333026877,0.576906075416443,0,13222.4479899609,0
2410,105.951879130589,0.576854918007081,0,13227.9355703294,0
2411,105.972502113484,0.576804929308532,0,13233.4231523161,0
2412,105.993199745774,0.576756090235814,0,13238.9107359198,0
2413,106.013969884431,0.576708382069794,0,13244.3983211397,0
2414,106.034810466055,0.576661786449466,0,13249.8859079746,0
2415,106.055719500597,0.576616285364021,0,13255.3734964235,0
2416,106.076695065824,0.576571861144946,0,13260.8610864852,0
2417,106.097735302466,0.576528496457962,0,13266.3486781586,0
2418,106.118838409949,0.576486174295124,0,13271.8362714427,0
2419,106.140002642658,0.57644487796683,0,13277.3238663362,0
2420,106.161226306657,0.576404591094068,0,13282.8114628381,0
2421,106.182507756802,0.576365297600666,0,13288.2990609471,0
2422,106.203845394209,0.576326981705791,0,13293.7866606623,0
2423,106.225237664019,0.57628962791656,0,13299.2742619823,0
2424,106.246683053416,0.576253221020876,0,13304.761864906,0
2425,106.268180089865,0.576217746080467,0,13310.2494694324,0
2426,106.289727339538,0.576183188424116,0,13315.7370755601,0
2427,106.311323405893,0.576149533641163,0,13321.2246832881,0
2428,106.332966928382,0.576116767575156,0,13326.7122926151,0
2429,106.35465658127,0.576084876317815,0,13332.1999035401,0
2430,106.376391072538,0.576053846203121,0,13337.6875160617,0
2431,106.39816914287,0.576023663801721,0,13343.175130179,0
2432,106.419989564683,0.575994315915455,0,13348.6627458906,0
2433,106.441851141216,0.575965789572164,0,13354.1503631954,0
2434,106.463752705659,0.575938072020641,0,13359.6379820923,0
2435,106.485693120306,0.575911150725806,0,13365.12560258,0
2436,106.507671275742,0.575885013364056,0,13370.6132246575,0
2437,106.529686090045,0.575859647818772,0,13376.1008483234,0
2438,106.551736508015,0.575835042176027,0,13381.5884735767,0
2439,106.573821500413,0.575811184720399,0,13387.0761004162,0
2440,106.595940063215,0.575788063930995,0,13392.5637288406,0
2441,106.618091216891,0.575765668477541,0,13398.0513588489,0
2442,106.640274005684,0.575743987216677,0,13403.5389904398,0
2443,106.662487496916,0.575723009188311,0,13409.0266236122,0
2444,106.684730780301,0.575702723612132,0,13414.514258365,0
2445,106.707002967278,0.575683119884208,0,13420.0018946968,0
2446,106.729303190359,0.575664187573691,0,13425.4895326067,0
2447,106.751630602495,0.575645916419623,0,13430.9771720933,0
2448,106.773984376453,0.575628296327817,0,13436.4648131556,0
2449,106.796363704224,0.575611317367842,0,13441.9524557924,0
2450,106.818767796435,0.575594969770058,0,13447.4401000024,0
2451,106.841195881789,0.575579243922761,0,13452.9277457846,0
2452,106.863647206522,0.575564130369355,0,13458.4153931378,0
2453,106.886121033876,0.575549619805638,0,13463.9030420608,0
2454,106.908616643596,0.575535703077097,0,13469.3906925524,0
2455,106.931133331442,0.575522371176316,0,13474.8783446115,0
2456,106.95367040872,0.575509615240393,0,13480.365998237,0
2457,106.976227201835,0.575497426548449,0,13485.8536534276,0
2458,106.998803051861,0.575485796519158,0,13491.3413101822,0
2459,107.02139731412,0.575474716708346,0,13496.8289684996,0
2460,107.044009357794,0.575464178806635,0,13502.3166283788,0
2461,107.06663856554,0.575454174637117,0,13507.8042898184,0
2462,107.089284333125,0.575444696153104,0,13513.2919528175,0
2463,107.111946069081,0.575435735435878,0,13518.7796173748,0
2464,107.134623194364,0.575427284692533,0,13524.2672834891,0
2465,107.157315142041,0.575419336253804,0,13529.7549511593,0
2466,107.180021356976,0.575411882571989,0,13535.2426203843,0
2467,107.202741295536,0.575404916218864,0,13540.730291163,0
2468,107.225474425311,0.575398429883665,0,13546.217963494,0
2469,107.248220224839,0.5753924163711,0,13551.7056373764,0
2470,107.270978183345,0.575386868599385,0,13557.1933128089,0
2471,107.293747800489,0.575381779598337,0,13562.6809897905,0
2472,107.316528586125,0.57537714250748,0,13568.1686683199,0
2473,107.339320060065,0.575372950574205,0,13573.656348396,0
2474,107.362121751857,0.575369197151944,0,13579.1440300177,0
2475,107.384933200563,0.575365875698396,0,13584.6317131838,0
2476,107.407753954553,0.575362979773766,0,13590.1193978932,0
2477,107.430583571297,0.575360503039058,0,13595.6070841448,0
2478,107.453421617173,0.575358439254373,0,13601.0947719373,0
2479,107.476267667269,0.575356782277259,0,13606.5824612697,0
2480,107.499121305205,0.575355526061082,0,13612.0701521409,0
2481,107.521982122945,0.575354664653424,0,13617.5578445496,0
2482,107.544849720628,0.575354192194517,0,13623.0455384947,0
2483,107.567723706395,0.575354102915692,0,13628.5332339751,0
2484,107.590603696221,0.575354391137879,0,13634.0209309897,0
2485,107.613489313758,0.575355051270103,0,13639.5086295373,0
2486,107.636380190171,0.575356077808036,0,13644.9963296169,0
2487,107.65927596399,0.575357465332556,0,13650.4840312271,0
2488,107.682176280958,0.575359208508338,0,13655.971734367,0
2489,107.705080793881,0.57536130208247,0,13661.4594390354,0
2490,107.727989162489,0.575363740883094,0,13666.9471452312,0
2491,107.750901053294,0.575366519818072,0,13672.4348529532,0
2492,107.773816139454,0.575369633873666,0,13677.9225622003,0
2493,107.796734100638,0.575373078113262,0,13683.4102729714,0
2494,107.819654622895,0.575376847676088,0,13688.8979852653,0
2495,107.842577398528,0.575380937775983,0,13694.3856990809,0
2496,107.865502125966,0.575385343700168,0,13699.8734144171,0
2497,107.888428509641,0.575390060808045,0,13705.3611312728,0
2498,107.911356259872,0.575395084530018,0,13710.8488496468,0
2499,107.934285092741,0.575400410366335,0,13716.3365695381,0
2500,107.957214729984,0.575406033885945,0,13721.8242909454,0
2501,107.980144898872,0.57541195072538,0,13727.3120138677,0
2502,108.003075332109,0.575418156587655,0,13732.7997383039,0
2503,108.026005767713,0.575424647241185,0,13738.2874642528,0
2504,108.048935948918,0.575431418518725,0,13743.7751917133,0
2505,108.071865624069,0.575438466316321,0,13749.2629206843,0
2506,108.094794546518,0.575445786592288,0,13754.7506511647,0
2507,108.117722474523,0.575453375366198,0,13760.2383831533,0
2508,108.140649171157,0.57546122871789,0,13765.7261166491,0
2509,108.163574404206,0.575469342786495,0,13771.2138516509,0
2510,108.186497946076,0.575477713769474,0,13776.7015881576,0
2511,108.209419573707,0.575486337921683,0,13782.1893261681,0
2512,108.232339068473,0.575495211554442,0,13787.6770656813,0
2513,108.255256216106,0.575504331034628,0,13793.1648066961,0
2514,108.278170806599,0.575513692783779,0,13798.6525492114,0
2515,108.301082634128,0.575523293277212,0,13804.140293226,0
2516,108.323991496965,0.575533129043165,0,13809.6280387388,0
2517,108.346897197402,0.575543196661942,0,13815.1157857488,0
2518,108.369799541666,0.575553492765079,0,13820.6035342548,0
2519,108.392698339844,0.57556401403452,0,13826.0912842557,0
2520,108.415593405807,0.575574757201819,0,13831.5790357505,0
2521,108.438484557133,0.575585719047333,0,13837.066788738,0
2522,108.461371615035,0.57559689639945,0,13842.554543217,0
2523,108.48425440429,0.57560828613382,0,13848.0422991866,0
2524,108.507132753168,0.5756198851726,0,13853.5300566456,0
2525,108.530006493362,0.575631690483714,0,13859.0178155929,0
2526,108.552875459921,0.57564369908012,0,13864.5055760274,0
2527,108.575739491185,0.575655908019097,0,13869.993337948,0
2528,108.598598428717,0.575668314401538,0,13875.4811013536,0
2529,108.621452117244,0.575680915371257,0,13880.9688662431,0
2530,108.644300404589,0.575693708114309,0,13886.4566326154,0
2531,108.667143141617,0.575706689858319,0,13891.9444004694,0
2532,108.689980182166,0.57571985787182,0,13897.432169804,0
2533,108.712811382999,0.575733209463613,0,13902.9199406182,0
2534,108.735636603735,0.575746741982121,0,13908.4077129107,0
2535,108.758455706804,0.575760452814768,0,13913.8954866806,0
2536,108.781268557383,0.575774339387364,0,13919.3832619268,0
2537,108.804075023345,0.575788399163494,0,13924.8710386481,0
2538,108.826874975207,0.575802629643928,0,13930.3588168435,0
2539,108.849668286078,0.575817028366031,0,13935.8465965118,0
2540,108.872454831605,0.575831592903193,0,13941.334377652,0
2541,108.895234489927,0.575846320864254,0,13946.822160263,0
2542,108.918007141623,0.575861209892957,0,13952.3099443437,0
2543,108.940772669664,0.575876257667391,0,13957.797729893,0
2544,108.963530959371,0.57589146189946,0,13963.2855169099,0
2545,108.986281898362,0.575906820334349,0,13968.7733053932,0
2546,109.00902537651,0.575922330750005,0,13974.2610953418,0
2547,109.031761285899,0.575937990956624,0,13979.7488867548,0
2548,109.054489520781,0.575953798796147,0,13985.2366796309,0
2549,109.077209977531,0.575969752141767,0,13990.7244739692,0
2550,109.099922554609,0.575985848897438,0,13996.2122697685,0
2551,109.122627152516,0.576002086997399,0,14001.7000670277,0
2552,109.145323673755,0.576018464405702,0,14007.1878657459,0
2553,109.168012022791,0.576034979115747,0,14012.6756659218,0
2554,109.190692106016,0.576051629149827,0,14018.1634675545,0
2555,109.213363831705,0.576068412558681,0,14023.6512706428,0
2556,109.236027109987,0.576085327421053,0,14029.1390751856,0
2557,109.258681852801,0.576102371843255,0,14034.626881182,0
2558,109.281327973865,0.576119543958744,0,14040.1146886308,0
2559,109.303965388641,0.5761368419277,0,14045.6024975309,0
2560,109.326594014299,0.576154263936618,0,14051.0903078814,0
2561,109.349213769686,0.576171808197893,0,14056.578119681,0
2562,109.371824575291,0.576189472949432,0,14062.0659329287,0
2563,109.394426353214,0.576207256454251,0,14067.5537476236,0
2564,109.417019027134,0.576225157000096,0,14073.0415637644,0
2565,109.43960252228,0.57624317289906,0,14078.5293813501,0
2566,109.462176765399,0.576261302487207,0,14084.0172003797,0
2567,109.484741684725,0.576279544124211,0,14089.5050208521,0
2568,109.507297209955,0.576297896192985,0,14094.9928427662,0
2569,109.529843272213,0.576316357099335,0,14100.480666121,0
2570,109.552379804029,0.576334925271601,0,14105.9684909154,0
2571,109.574906739311,0.576353599160321,0,14111.4563171483,0
2572,109.597424013313,0.576372377237884,0,14116.9441448187,0
2573,109.619931562612,0.576391257998206,0,14122.4319739255,0
2574,109.642429325086,0.576410239956392,0,14127.9198044676,0
2575,109.66491723988,0.576429321648421,0,14133.407636444,0
2576,109.687395247392,0.576448501630828,0,14138.8954698537,0
2577,109.709863289239,0.576467778480387,0,14144.3833046955,0
2578,109.732321308238,0.57648715079381,0,14149.8711409685,0
2579,109.754769248384,0.576506617187437,0,14155.3589786715,0
2580,109.777207054825,0.576526176296952,0,14160.8468178035,0
2581,109.799634673839,0.576545826777075,0,14166.3346583634,0
2582,109.822052052814,0.576565567301287,0,14171.8225003503,0
2583,109.844459140225,0.576585396561537,0,14177.3103437629,0
2584,109.866855885614,0.576605313267968,0,14182.7981886004,0
2585,109.889242239569,0.576625316148649,0,14188.2860348616,0
2586,109.911618153704,0.576645403949293,0,14193.7738825455,0
2587,109.93398358064,0.576665575433,0,14199.261731651,0
2588,109.956338473982,0.576685829379993,0,14204.749582177,0
2589,109.978682788305,0.576706164587366,0,14210.2374341227,0
2590,110.001016479131,0.576726579868819,0,14215.7252874868,0
2591,110.023339502914,0.576747074054428,0,14221.2131422683,0
2592,110.045651817021,0.576767645990382,0,14226.7009984662,0
2593,110.067953379712,0.576788294538752,0,14232.1888560795,0
2594,110.090244150127,0.576809018577253,0,14237.6767151071,0
2595,110.112524088267,0.57682981699901,0,14243.1645755479,0
2596,110.134793154975,0.576850688712326,0,14248.6524374009,0
2597,110.157051311926,0.57687163264046,0,14254.1403006651,0
2598,110.179298521603,0.576892647721406,0,14259.6281653395,0
2599,110.20153474729,0.576913732907665,0,14265.1160314229,0
2600,110.223759953051,0.576934887166043,0,14270.6038989144,0
2601,110.245974103714,0.576956109477427,0,14276.0917678128,0
2602,110.268177164863,0.576977398836586,0,14281.5796381173,0
2603,110.290369102817,0.57699875425196,0,14287.0675098267,0
2604,110.312549884618,0.57702017474546,0,14292.5553829399,0
2605,110.334719478019,0.577041659352272,0,14298.0432574561,0
2606,110.356877851469,0.577063207120653,0,14303.531133374,0
2607,110.379024974098,0.577084817111751,0,14309.0190106928,0
2608,110.401160815707,0.577106488399403,0,14314.5068894113,0
2609,110.423285346755,0.577128220069959,0,14319.9947695285,0
2610,110.445398538342,0.577150011222089,0,14325.4826510434,0
2611,110.467500362204,0.577171860966612,0,14330.970533955,0
2612,110.489590790694,0.577193768426311,0,14336.4584182622,0
2613,110.511669796775,0.57721573273576,0,14341.946303964,0
2614,110.533737354006,0.577237753041153,0,14347.4341910593,0
2615,110.555793436533,0.577259828500134,0,14352.9220795473,0
2616,110.577838019074,0.577281958281629,0,14358.4099694267,0
2617,110.599871076912,0.577304141565681,0,14363.8978606966,0
2618,110.621892585881,0.577326377543295,0,14369.385753356,0
2619,110.64390252236,0.577348665416266,0,14374.8736474038,0
2620,110.665900863257,0.577371004397037,0,14380.361542839,0
2621,110.687887586005,0.577393393708531,0,14385.8494396606,0
2622,110.709862668545,0.577415832584013,0,14391.3373378676,0
2623,110.731826089326,0.577438320266926,0,14396.8252374589,0
2624,110.753777827283,0.577460856010756,0,14402.3131384335,0
2625,110.775717861842,0.57748343907888,0,14407.8010407905,0
2626,110.797646172897,0.577506068744426,0,14413.2889445287,0
2627,110.819562740811,0.577528744290135,0,14418.7768496472,0
2628,110.841467546404,0.577551465008214,0,14424.2647561449,0
2629,110.863360570942,0.577574230200212,0,14429.7526640208,0
2630,110.885241796133,0.577597039176874,0,14435.240573274,0
2631,110.907111204115,0.577619891258022,0,14440.7284839034,0
2632,110.92896877745,0.577642785772411,0,14446.2163959079,0
2633,110.950814499115,0.577665722057612,0,14451.7043092866,0
2634,110.972648352495,0.577688699459883,0,14457.1922240385,0
2635,110.994470321374,0.577711717334041,0,14462.6801401625,0
2636,111.016280389932,0.577734775043348,0,14468.1680576576,0
2637,111.038078542729,0.57775787195938,0,14473.6559765229,0
2638,111.059864764706,0.577781007461921,0,14479.1438967573,0
2639,111.081639041176,0.577804180938835,0,14484.6318183597,0
2640,111.103401357813,0.577827391785961,0,14490.1197413293,0
2641,111.125151700649,0.577850639406992,0,14495.6076656649,0
2642,111.146890056069,0.577873923213369,0,14501.0955913656,0
2643,111.168616410798,0.577897242624168,0,14506.5835184303,0
2644,111.190330751902,0.577920597065998,0,14512.0714468582,0
2645,111.212033066777,0.577943985972885,0,14517.559376648,0
2646,111.233723343142,0.577967408786178,0,14523.047307799,0
2647,111.255401569039,0.577990864954437,0,14528.53524031,0
2648,111.27706773282,0.578014353933338,0,14534.02317418,0
2649,111.298721823146,0.578037875185571,0,14539.511109408,0
2650,111.32036382898,0.578061428180739,0,14544.9990459932,0
2651,111.341993739578,0.578085012395265,0,14550.4869839343,0
2652,111.363611544491,0.578108627312295,0,14555.9749232305,0
2653,111.385217233552,0.578132272421603,0,14561.4628638807,0
2654,111.406810796874,0.5781559472195,0,14566.950805884,0
2655,111.428392224846,0.578179651208741,0,14572.4387492394,0
2656,111.449961508126,0.57820338389844,0,14577.9266939457,0
2657,111.471518637638,0.578227144803973,0,14583.4146400022,0
2658,111.493063604563,0.5782509334469,0,14588.9025874077,0
2659,111.514596400339,0.578274749354872,0,14594.3905361612,0
2660,111.536117016654,0.578298592061554,0,14599.8784862619,0
2661,111.557625445442,0.578322461106531,0,14605.3664377086,0
2662,111.579121678876,0.578346356035238,0,14610.8543905004,0
2663,111.60060570937,0.578370276398872,0,14616.3423446363,0
2664,111.622077529565,0.578394221754311,0,14621.8303001153,0
2665,111.643537132334,0.578418191664045,0,14627.3182569364,0
2666,111.664984510774,0.578442185696085,0,14632.8062150987,0
2667,111.686419658198,0.578466203423903,0,14638.294174601,0
2668,111.70784256814,0.578490244426341,0,14643.7821354426,0
2669,111.729253234342,0.57851430828755,0,14649.2700976223,0
2670,111.750651650754,0.578538394596909,0,14654.7580611392,0
2671,111.772037811534,0.578562502948959,0,14660.2460259922,0
2672,111.793411711035,0.578586632943328,0,14665.7339921805,0
2673,111.814773343812,0.578610784184666,0,14671.221959703,0
2674,111.836122704608,0.578634956282573,0,14676.7099285588,0
2675,111.85745978836,0.57865914885153,0,14682.1978987468,0
2676,111.878784590189,0.57868336151084,0,14687.685870266,0
2677,111.9000971054,0.578707593884555,0,14693.1738431156,0
2678,111.921397329475,0.578731845601416,0,14698.6618172945,0
2679,111.942685258076,0.578756116294785,0,14704.1497928017,0
2680,111.963960887034,0.578780405602587,0,14709.6377696363,0
2681,111.985224212353,0.578804713167248,0,14715.1257477973,0
2682,112.006475230203,0.578829038635629,0,14720.6137272837,0
2683,112.027713936915,0.578853381658974,0,14726.1017080945,0
2684,112.048940328985,0.578877741892842,0,14731.5896902287,0
2685,112.070154403065,0.57890211899706,0,14737.0776736854,0
2686,112.091356155961,0.578926512635652,0,14742.5656584637,0
2687,112.112545584632,0.578950922476797,0,14748.0536445624,0
2688,112.133722686188,0.578975348192761,0,14753.5416319807,0
2689,112.154887457882,0.578999789459852,0,14759.0296207176,0
2690,112.176039897116,0.579024245958356,0,14764.5176107721,0
2691,112.197180001429,0.579048717372494,0,14770.0056021433,0
2692,112.218307768501,0.579073203390365,0,14775.4935948301,0
2693,112.239423196149,0.57909770370389,0,14780.9815888317,0
2694,112.260526282322,0.57912221800877,0,14786.4695841469,0
2695,112.281617025103,0.579146746004426,0,14791.957580775,0
2696,112.302695422702,0.57917128739396,0,14797.4455787148,0
2697,112.323761473458,0.579195841884095,0,14802.9335779655,0
2698,112.344815175833,0.57922040918514,0,14808.421578526,0
2699,112.365856528411,0.579244989010928,0,14813.9095803955,0
2700,112.386885529898,0.579269581078781,0,14819.3975835729,0
2701,112.407902179116,0.579294185109461,0,14824.8855880572,0
2702,112.428906475004,0.579318800827117,0,14830.3735938476,0
2703,112.449898416615,0.579343427959255,0,14835.8616009431,0
2704,112.470878003114,0.579368066236679,0,14841.3496093426,0
2705,112.491845233773,0.57939271539346,0,14846.8376190453,0
2706,112.512800107976,0.57941737516688,0,14852.3256300501,0
2707,112.533742625211,0.579442045297407,0,14857.8136423562,0
2708,112.554672785068,0.579466725528635,0,14863.3016559625,0
2709,112.575590587242,0.579491415607256,0,14868.7896708681,0
2710,112.596496031528,0.579516115283017,0,14874.2776870721,0
2711,112.617389117817,0.579540824308673,0,14879.7657045734,0
2712,112.638269846101,0.579565542439961,0,14885.2537233712,0
2713,112.659138216463,0.579590269435546,0,14890.7417434644,0
2714,112.67999422908,0.579615005056997,0,14896.2297648522,0
2715,112.700837884224,0.579639749068736,0,14901.7177875336,0
2716,112.721669182253,0.579664501238017,0,14907.2058115075,0
2717,112.742488123616,0.579689261334871,0,14912.6938367732,0
2718,112.763294708847,0.579714029132086,0,14918.1818633295,0
2719,112.784088938568,0.579738804405162,0,14923.6698911757,0
2720,112.804870813481,0.579763586932278,0,14929.1579203106,0
2721,112.825640334375,0.579788376494262,0,14934.6459507334,0
2722,112.846397502115,0.579813172874548,0,14940.1339824432,0
2723,112.86714231765,0.579837975859154,0,14945.6220154389,0
2724,112.887874782003,0.579862785236635,0,14951.1100497196,0
2725,112.908594896277,0.579887600798067,0,14956.5980852844,0
2726,112.929302661649,0.579912422336997,0,14962.0861221324,0
2727,112.949998079368,0.579937249649427,0,14967.5741602625,0
2728,112.970681150759,0.579962082533772,0,14973.0621996739,0
2729,112.991351877217,0.579986920790834,0,14978.5502403656,0
2730,113.012010260206,0.580011764223774,0,14984.0382823367,0
2731,113.03265630126,0.580036612638072,0,14989.5263255862,0
2732,113.053290001982,0.580061465841511,0,14995.0143701131,0
2733,113.073911364038,0.580086323644137,0,15000.5024159166,0
2734,113.094520389162,0.580111185858236,0,15005.9904629957,0
2735,113.115117079152,0.580136052298302,0,15011.4785113495,0
2736,113.135701435869,0.580160922781014,0,15016.966560977,0
2737,113.156273461233,0.580185797125203,0,15022.4546118773,0
2738,113.17683315723,0.580210675151828,0,15027.9426640494,0
2739,113.197380525901,0.580235556683951,0,15033.4307174925,0
2740,113.217915569348,0.580260441546704,0,15038.9187722055,0
2741,113.238438289732,0.58028532956727,0,15044.4068281876,0
2742,113.258948689266,0.580310220574851,0,15049.8948854378,0
2743,113.279446770225,0.580335114400652,0,15055.3829439552,0
2744,113.299932534932,0.580360010877842,0,15060.8710037388,0
2745,113.32040598577,0.580384909841545,0,15066.3590647878,0
2746,113.34086712517,0.580409811128803,0,15071.8471271011,0
2747,113.361315955618,0.580434714578558,0,15077.3351906779,0
2748,113.381752479648,0.58045962003163,0,15082.8232555172,0
2749,113.402176699847,0.580484527330685,0,15088.3113216181,0
2750,113.422588618849,0.580509436320228,0,15093.7993889797,0
2751,113.442988239339,0.580534346846558,0,15099.287457601,0
2752,113.463375564045,0.580559258757768,0,15104.7755274812,0
2753,113.483750595747,0.580584171903707,0,15110.2635986192,0
2754,113.504113337266,0.580609086135967,0,15115.7516710142,0
2755,113.524463791471,0.580634001307858,0,15121.2397446652,0
2756,113.544801961275,0.580658917274384,0,15126.7278195714,0
2757,113.565127849632,0.580683833892231,0,15132.2158957317,0
2758,113.585441459543,0.580708751019737,0,15137.7039731453,0
2759,113.605742794047,0.580733668516876,0,15143.1920518113,0
2760,113.626031856226,0.580758586245238,0,15148.6801317287,0
2761,113.646308649203,0.58078350406801,0,15154.1682128966,0
2762,113.666573176139,0.58080842184995,0,15159.6562953141,0
2763,113.686825440235,0.580833339457378,0,15165.1443789802,0
2764,113.707065444731,0.580858256758151,0,15170.6324638942,0
2765,113.727293192905,0.58088317362164,0,15176.1205500549,0
2766,113.747508688071,0.580908089918724,0,15181.6086374616,0
2767,113.767711933579,0.580933005521757,0,15187.0967261132,0
2768,113.787902932817,0.580957920304562,0,15192.584816009,0
2769,113.808081689206,0.580982834142406,0,15198.0729071479,0
2770,113.828248206202,0.581007746911987,0,15203.5609995291,0
2771,113.848402487296,0.581032658491411,0,15209.0490931516,0
2772,113.868544536012,0.581057568760181,0,15214.5371880145,0
2773,113.888674355907,0.581082477599178,0,15220.025284117,0
2774,113.908791950568,0.581107384890641,0,15225.513381458,0
2775,113.928897323616,0.581132290518157,0,15231.0014800368,0
2776,113.948990478704,0.581157194366639,0,15236.4895798524,0
2777,113.969071419512,0.581182096322315,0,15241.9776809038,0
2778,113.989140149754,0.581206996272704,0,15247.4657831902,0
2779,114.009196673171,0.581231894106612,0,15252.9538867107,0
2780,114.029240993533,0.58125678971411,0,15258.4419914643,0
2781,114.049273114639,0.581281682986515,0,15263.9300974501,0
2782,114.069293040317,0.581306573816384,0,15269.4182046673,0
2783,114.089300774422,0.581331462097492,0,15274.906313115,0
2784,114.109296320835,0.581356347724825,0,15280.3944227921,0
2785,114.129279683463,0.581381230594553,0,15285.8825336979,0
2786,114.149250866243,0.581406110604031,0,15291.3706458315,0
2787,114.169209873132,0.581430987651774,0,15296.8587591918,0
2788,114.189156708117,0.581455861637448,0,15302.3468737781,0
2789,114.209091375208,0.581480732461855,0,15307.8349895894,0
2790,114.229013878439,0.58150560002692,0,15313.3231066248,0
2791,114.248924221867,0.581530464235677,0,15318.8112248834,0
2792,114.268822409574,0.581555324992256,0,15324.2993443643,0
2793,114.288708445666,0.581580182201874,0,15329.7874650667,0
2794,114.308582334269,0.581605035770812,0,15335.2755869896,0
2795,114.328444079532,0.581629885606416,0,15340.7637101321,0
2796,114.348293685629,0.581654731617073,0,15346.2518344934,0
2797,114.36813115675,0.581679573712206,0,15351.7399600725,0
2798,114.387956497111,0.581704411802257,0,15357.2280868685,0
2799,114.407769710947,0.581729245798679,0,15362.7162148806,0
2800,114.427570802512,0.581754075613923,0,15368.2043441078,0
2801,114.447359776082,0.581778901161422,0,15373.6924745493,0
2802,114.467136635953,0.581803722355589,0,15379.1806062042,0
2803,114.486901386437,0.581828539111795,0,15384.6687390715,0
2804,114.506654031869,0.581853351346365,0,15390.1568731504,0
2805,114.526394576601,0.581878158976564,0,15395.64500844,0
2806,114.546123025003,0.581902961920587,0,15401.1331449395,0
2807,114.565839381463,0.581927760097548,0,15406.6212826478,0
2808,114.585543650388,0.581952553427468,0,15412.1094215642,0
2809,114.6052358362,0.581977341831268,0,15417.5975616877,0
2810,114.624915943342,0.582002125230753,0,15423.0857030175,0
2811,114.644583976269,0.58202690354861,0,15428.5738455526,0
2812,114.664239939456,0.582051676708386,0,15434.0619892922,0
2813,114.683883837394,0.582076444634492,0,15439.5501342354,0
2814,114.703515674587,0.582101207252181,0,15445.0382803813,0
2815,114.723135455559,0.582125964487547,0,15450.5264277291,0
2816,114.742743184845,0.582150716267508,0,15456.0145762778,0
2817,114.762338866998,0.582175462519803,0,15461.5027260266,0
2818,114.781922506585,0.58220020317298,0,15466.9908769745,0
2819,114.801494108188,0.582224938156383,0,15472.4790291208,0
2820,114.821053676402,0.582249667400151,0,15477.9671824645,0
2821,114.840601215837,0.5822743908352,0,15483.4553370047,0
2822,114.860136731118,0.582299108393223,0,15488.9434927406,0
2823,114.879660226882,0.582323820006673,0,15494.4316496713,0
2824,114.899171707778,0.582348525608758,0,15499.9198077958,0
2825,114.918671178472,0.582373225133436,0,15505.4079671135,0
2826,114.938158643639,0.582397918515398,0,15510.8961276232,0
2827,114.95763410797,0.582422605690069,0,15516.3842893243,0
2828,114.977097576165,0.58244728659359,0,15521.8724522157,0
2829,114.996549052939,0.582471961162822,0,15527.3606162967,0
2830,115.015988543017,0.582496629335324,0,15532.8487815664,0
2831,115.035416051138,0.582521291049356,0,15538.3369480238,0
2832,115.054831582049,0.582545946243867,0,15543.8251156681,0
2833,115.074235140513,0.582570594858484,0,15549.3132844985,0
2834,115.093626731301,0.582595236833514,0,15554.8014545141,0
2835,115.113006359195,0.582619872109922,0,15560.2896257139,0
2836,115.132374028989,0.58264450062934,0,15565.7777980972,0
2837,115.151729745487,0.582669122334043,0,15571.265971663,0
2838,115.171073513503,0.582693737166958,0,15576.7541464105,0
2839,115.190405337862,0.582718345071643,0,15582.2423223389,0
2840,115.209725223399,0.582742945992286,0,15587.7304994472,0
2841,115.229033174957,0.582767539873701,0,15593.2186777346,0
2842,115.248329197392,0.582792126661315,0,15598.7068572002,0
2843,115.267613295566,0.582816706301163,0,15604.1950378432,0
2844,115.286885474352,0.582841278739883,0,15609.6832196627,0
2845,115.306145738632,0.58286584392471,0,15615.1714026578,0
2846,115.325394093299,0.582890401803464,0,15620.6595868277,0
2847,115.34463054325,0.58291495232455,0,15626.1477721715,0
2848,115.363855093395,0.582939495436947,0,15631.6359586884,0
2849,115.383067748651,0.582964031090204,0,15637.1241463774,0
2850,115.402268513942,0.582988559234433,0,15642.6123352377,0
2851,115.421457394204,0.583013079820302,0,15648.1005252685,0
2852,115.440634394376,0.58303759279903,0,15653.5887164689,0
2853,115.459799519409,0.583062098122379,0,15659.0769088381,0
2854,115.47895277426,0.583086595742654,0,15664.5651023751,0
2855,115.498094163894,0.583111085612686,0,15670.0532970792,0
2856,115.517223693283,0.583135567685837,0,15675.5414929495,0
2857,115.536341367407,0.583160041915991,0,15681.029689985,0
2858,115.555447191252,0.583184508257541,0,15686.5178881851,0
2859,115.574541169813,0.583208966665398,0,15692.0060875487,0
2860,115.593623308091,0.583233417094969,0,15697.4942880751,0
2861,115.612693611093,0.583257859502165,0,15702.9824897634,0
2862,115.631752083834,0.583282293843386,0,15708.4706926127,0
2863,115.650798731335,0.583306720075524,0,15713.9588966223,0
2864,115.669833558623,0.583331138155948,0,15719.4471017912,0
2865,115.688856570732,0.583355548042506,0,15724.9353081185,0
2866,115.707867772702,0.583379949693522,0,15730.4235156035,0
2867,115.72686716958,0.583404343067779,0,15735.9117242453,0
2868,115.745854766417,0.58342872812453,0,15741.3999340431,0
2869,115.764830568272,0.583453104823475,0,15746.8881449959,0
2870,115.783794580208,0.583477473124775,0,15752.376357103,0
2871,115.802746807294,0.583501832989032,0,15757.8645703635,0
2872,115.821687254606,0.583526184377291,0,15763.3527847766,0
2873,115.840615927224,0.583550527251035,0,15768.8410003414,0
2874,115.859532830234,0.583574861572177,0,15774.329217057,0
2875,115.878437968727,0.583599187303063,0,15779.8174349226,0
2876,115.897331347799,0.583623504406456,0,15785.3056539375,0
2877,115.916212972551,0.583647812845542,0,15790.7938741006,0
2878,115.93508284809,0.583672112583917,0,15796.2820954113,0
2879,115.953940979526,0.583696403585591,0,15801.7703178686,0
2880,115.972787371976,0.583720685814977,0,15807.2585414717,0
2881,115.991622030559,0.583744959236886,0,15812.7467662197,0
2882,116.010444960402,0.583769223816532,0,15818.2349921119,0
2883,116.029256166633,0.583793479519515,0,15823.7232191474,0
2884,116.048055654387,0.583817726311828,0,15829.2114473253,0
2885,116.066843428802,0.583841964159842,0,15834.6996766449,0
2886,116.08561949502,0.583866193030316,0,15840.1879071052,0
2887,116.104383858189,0.583890412890377,0,15845.6761387054,0
2888,116.12313652346,0.58391462370753,0,15851.1643714448,0
2889,116.141877495986,0.583938825449642,0,15856.6526053224,0
2890,116.160606780928,0.583963018084949,0,15862.1408403374,0
2891,116.179324383448,0.583987201582044,0,15867.6290764891,0
2892,116.198030308712,0.584011375909876,0,15873.1173137765,0
2893,116.21672456189,0.584035541037749,0,15878.6055521988,0
2894,116.235407148156,0.584059696935314,0,15884.0937917552,0
2895,116.254078072689,0.584083843572567,0,15889.5820324449,0
2896,116.272737340667,0.584107980919846,0,15895.070274267,0
2897,116.291384957277,0.584132108947826,0,15900.5585172207,0
2898,116.310020927705,0.584156227627516,0,15906.0467613052,0
2899,116.328645257142,0.584180336930257,0,15911.5350065196,0
2900,116.347257950784,0.584204436827716,0,15917.0232528632,0
2901,116.365859013826,0.584228527291884,0,15922.511500335,0
2902,116.384448451469,0.584252608295073,0,15927.9997489343,0
2903,116.403026268918,0.584276679809911,0,15933.4879986602,0
2904,116.421592471378,0.58430074180934,0,15938.9762495119,0
2905,116.440147064059,0.584324794266612,0,15944.4645014886,0
2906,116.458690052173,0.584348837155286,0,15949.9527545895,0
2907,116.477221440935,0.584372870449227,0,15955.4410088136,0
2908,116.495741235563,0.584396894122597,0,15960.9292641603,0
2909,116.514249441277,0.584420908149859,0,15966.4175206287,0
2910,116.5327460633,0.584444912505767,0,15971.9057782179,0
2911,116.551231106859,0.584468907165371,0,15977.3940369272,0
2912,116.569704577181,0.584492892104005,0,15982.8822967557,0
2913,116.588166479498,0.58451686729729,0,15988.3705577026,0
2914,116.606616819041,0.584540832721129,0,15993.858819767,0
2915,116.625055601048,0.584564788351705,0,15999.3470829482,0
2916,116.643482830754,0.584588734165478,0,16004.8353472454,0
2917,116.661898513401,0.584612670139179,0,16010.3236126577,0
2918,116.680302654231,0.584636596249814,0,16015.8118791842,0
2919,116.698695258489,0.584660512474653,0,16021.3001468243,0
2920,116.71707633142,0.584684418791233,0,16026.788415577,0
2921,116.735445878275,0.584708315177353,0,16032.2766854416,0
2922,116.753803904302,0.584732201611074,0,16037.7649564172,0
2923,116.772150414756,0.584756078070711,0,16043.2532285031,0
2924,116.790485414891,0.584779944534832,0,16048.7415016983,0
2925,116.808808909963,0.584803800982265,0,16054.2297760022,0
2926,116.827120905232,0.584827647392076,0,16059.7180514138,0
2927,116.845421405957,0.584851483743587,0,16065.2063279324,0
2928,116.863710417401,0.584875310016359,0,16070.6946055572,0
2929,116.881987944827,0.584899126190196,0,16076.1828842873,0
2930,116.900253993501,0.584922932245142,0,16081.6711641219,0
2931,116.918508568691,0.584946728161475,0,16087.1594450603,0
2932,116.936751675665,0.58497051391971,0,16092.6477271016,0
2933,116.954983319693,0.584994289500593,0,16098.136010245,0
2934,116.973203506049,0.5850180548851,0,16103.6242944898,0
2935,116.991412240005,0.585041810054431,0,16109.112579835,0
2936,117.009609526837,0.585065554990016,0,16114.6008662799,0
2937,117.027795371821,0.585089289673503,0,16120.0891538237,0
2938,117.045969780235,0.585113014086762,0,16125.5774424655,0
2939,117.064132757359,0.585136728211884,0,16131.0657322047,0
2940,117.082284308473,0.585160432031168,0,16136.5540230403,0
2941,117.10042443886,0.585184125527135,0,16142.0423149715,0
2942,117.118553153803,0.585207808682511,0,16147.5306079977,0
2943,117.136670458587,0.585231481480237,0,16153.0189021179,0
2944,117.154776358497,0.585255143903456,0,16158.5071973313,0
2945,117.172870858821,0.585278795935519,0,16163.9954936372,0
2946,117.190953964847,0.585302437559979,0,16169.4837910348,0
2947,117.209025681864,0.58532606876059,0,16174.9720895232,0
2948,117.227086015164,0.585349689521306,0,16180.4603891017,0
2949,117.245134970037,0.585373299826275,0,16185.9486897694,0
2950,117.263172551777,0.585396899659843,0,16191.4369915257,0
2951,117.281198765677,0.585420489006546,0,16196.9252943695,0
2952,117.299213617033,0.585444067851115,0,16202.4135983002,0
2953,117.317217111139,0.585467636178466,0,16207.901903317,0
2954,117.335209253294,0.585491193973703,0,16213.3902094191,0
2955,117.353190048794,0.585514741222118,0,16218.8785166057,0
2956,117.371159502938,0.585538277909182,0,16224.3668248759,0
2957,117.389117621026,0.585561804020552,0,16229.855134229,0
2958,117.407064408358,0.585585319542061,0,16235.3434446642,0
2959,117.424999870236,0.585608824459723,0,16240.8317561808,0
2960,117.442924011961,0.585632318759726,0,16246.3200687778,0
2961,117.460836838837,0.585655802428432,0,16251.8083824546,0
2962,117.478738356167,0.585679275452379,0,16257.2966972102,0
2963,117.496628569256,0.585702737818271,0,16262.7850130441,0
2964,117.514507483408,0.585726189512986,0,16268.2733299552,0
2965,117.53237510393,0.585749630523564,0,16273.761647943,0
2966,117.550231436128,0.585773060837219,0,16279.2499670065,0
2967,117.568076485311,0.585796480441319,0,16284.7382871449,0
2968,117.585910256784,0.585819889323403,0,16290.2266083576,0
2969,117.603732755858,0.585843287471168,0,16295.7149306437,0
2970,117.621543987841,0.585866674872466,0,16301.2032540024,0
2971,117.639343958044,0.585890051515317,0,16306.6915784329,0
2972,117.657132671776,0.585913417387885,0,16312.1799039345,0
2973,117.674910134349,0.585936772478498,0,16317.6682305064,0
2974,117.692676351074,0.585960116775633,0,16323.1565581477,0
2975,117.710431327263,0.585983450267918,0,16328.6448868578,0
2976,117.728175068229,0.586006772944133,0,16334.1332166357,0
2977,117.745907579285,0.586030084793206,0,16339.6215474808,0
2978,117.763628865744,0.586053385804213,0,16345.1098793923,0
2979,117.781338932921,0.58607667596637,0,16350.5982123693,0
2980,117.79903778613,0.586099955269048,0,16356.0865464111,0
2981,117.816725430686,0.58612322370175,0,16361.5748815169,0
2982,117.834401871904,0.586146481254127,0,16367.0632176859,0
2983,117.8520671151,0.586169727915967,0,16372.5515549174,0
2984,117.86972116559,0.586192963677198,0,16378.0398932106,0
2985,117.887364028691,0.586216188527884,0,16383.5282325647,0
2986,117.90499570972,0.586239402458227,0,16389.0165729788,0
2987,117.922616213994,0.586262605458561,0,16394.5049144524,0
2988,117.940225546831,0.586285797519354,0,16399.9932569845,0
2989,117.957823713548,0.586308978631208,0,16405.4816005744,0
2990,117.975410719463,0.586332148784852,0,16410.9699452213,0
2991,117.992986569896,0.586355307971147,0,16416.4582909244,0
2992,118.010551270165,0.586378456181082,0,16421.9466376831,0
2993,118.02810482559,0.586401593405772,0,16427.4349854964,0
2994,118.045647241489,0.586424719636457,0,16432.9233343636,0
2995,118.063178523182,0.586447834864501,0,16438.411684284,0
2996,118.080698675989,0.586470939081396,0,16443.9000352568,0
2997,118.098207705231,0.586494032278749,0,16449.3883872812,0
2998,118.115705616227,0.586517114448291,0,16454.8767403565,0
2999,118.133192414299,0.586540185581874,0,16460.3650944818,0
3000,118.150668104766,0.586563245671465,0,16465.8534496564,0
3001,118.16813269295,0.586586294709153,0,16471.3418058795,0
3002,118.185586184172,0.586609332687136,0,16476.8301631505,0
3003,118.203028583753,0.586632359597735,0,16482.3185214684,0
3004,118.220459897014,0.586655375433378,0,16487.8068808325,0
3005,118.237880129278,0.58667838018661,0,16493.2952412422,0
3006,118.255289285865,0.586701373850086,0,16498.7836026965,0
3007,118.272687372098,0.586724356416573,0,16504.2719651947,0
3008,118.290074393299,0.586747327878946,0,16509.7603287362,0
3009,118.307450354789,0.586770288230188,0,16515.24869332,0
3010,118.324815261892,0.586793237463391,0,16520.7370589455,0
3011,118.342169119928,0.586816175571751,0,16526.2254256119,0
3012,118.359511934221,0.586839102548573,0,16531.7137933184,0
3013,118.376843710093,0.586862018387263,0,16537.2021620643,0
3014,118.394164452866,0.586884923081331,0,16542.6905318487,0
3015,118.411474167864,0.58690781662439,0,16548.178902671,0
3016,118.428772860407,0.586930699010154,0,16553.6672745304,0
3017,118.446060535821,0.586953570232438,0,16559.1556474261,0
3018,118.463337199425,0.586976430285154,0,16564.6440213574,0
3019,118.480602856545,0.586999279162316,0,16570.1323963234,0
3020,118.497857512502,0.58702211685803,0,16575.6207723236,0
3021,118.515101172619,0.587044943366506,0,16581.109149357,0
3022,118.532333842219,0.587067758682043,0,16586.5975274229,0
3023,118.549555526625,0.587090562799038,0,16592.0859065206,0
3024,118.566766231159,0.58711335571198,0,16597.5742866494,0
3025,118.583965961145,0.587136137415451,0,16603.0626678084,0
3026,118.601154721904,0.587158907904129,0,16608.5510499969,0
3027,118.61833251876,0.587181667172776,0,16614.0394332142,0
3028,118.635499357036,0.587204415216249,0,16619.5278174595,0
3029,118.652655242053,0.587227152029494,0,16625.016202732,0
3030,118.669800179135,0.587249877607543,0,16630.5045890311,0
3031,118.686934173604,0.587272591945519,0,16635.9929763559,0
3032,118.704057230783,0.587295295038628,0,16641.4813647057,0
3033,118.721169355994,0.587317986882167,0,16646.9697540797,0
3034,118.738270554559,0.587340667471511,0,16652.4581444773,0
3035,118.755360831801,0.587363336802127,0,16657.9465358976,0
3036,118.772440193043,0.587385994869559,0,16663.4349283399,0
3037,118.789508643605,0.587408641669439,0,16668.9233218035,0
3038,118.80656618881,0.587431277197477,0,16674.4117162876,0
3039,118.823612833981,0.587453901449465,0,16679.9001117915,0
3040,118.840648584438,0.587476514421278,0,16685.3885083143,0
3041,118.857673445505,0.587499116108866,0,16690.8769058555,0
3042,118.874687422501,0.587521706508262,0,16696.3653044141,0
3043,118.89169052075,0.587544285615575,0,16701.8537039896,0
3044,118.908682745572,0.587566853426992,0,16707.3421045811,0
3045,118.925664102289,0.587589409938776,0,16712.8305061878,0
3046,118.942634596221,0.587611955147266,0,16718.3189088092,0
3047,118.959594232691,0.587634489048877,0,16723.8073124443,0
3048,118.976543017018,0.587657011640096,0,16729.2957170925,0
3049,118.993480954524,0.587679522917488,0,16734.784122753,0
3050,119.010408050529,0.587702022877687,0,16740.2725294252,0
3051,119.027324310354,0.587724511517402,0,16745.7609371081,0
3052,119.044229739319,0.58774698883341,0,16751.2493458012,0
3053,119.061124342744,0.587769454822564,0,16756.7377555036,0
3054,119.078008125949,0.587791909481784,0,16762.2261662147,0
3055,119.094881094255,0.587814352808058,0,16767.7145779337,0
3056,119.11174325298,0.58783678479845,0,16773.2029906598,0
3057,119.128594607444,0.587859205450082,0,16778.6914043923,0
3058,119.145435162967,0.587881614760154,0,16784.1798191305,0
3059,119.162264924868,0.587904012725926,0,16789.6682348737,0
3060,119.179083898465,0.587926399344726,0,16795.156651621,0
3061,119.195892089078,0.587948774613951,0,16800.6450693719,0
3062,119.212689502025,0.587971138531056,0,16806.1334881254,0
3063,119.229476142625,0.58799349109357,0,16811.621907881,0
3064,119.246252016195,0.588015832299078,0,16817.1103286379,0
3065,119.263017128054,0.588038162145233,0,16822.5987503953,0
3066,119.27977148352,0.588060480629746,0,16828.0871731525,0
3067,119.29651508791,0.588082787750396,0,16833.5755969088,0
3068,119.313247946541,0.58810508350502,0,16839.0640216634,0
3069,119.329970064731,0.588127367891514,0,16844.5524474157,0
3070,119.346681447796,0.588149640907841,0,16850.0408741648,0
3071,119.363382101055,0.588171902552016,0,16855.5293019102,0
3072,119.380072029821,0.58819415282212,0,16861.0177306509,0
3073,119.396751239414,0.588216391716286,0,16866.5061603863,0
3074,119.413419735147,0.588238619232712,0,16871.9945911158,0
3075,119.430077522338,0.588260835369648,0,16877.4830228384,0
3076,119.446724606301,0.588283040125404,0,16882.9714555536,0
3077,119.463360992353,0.588305233498348,0,16888.4598892606,0
3078,119.479986685807,0.588327415486897,0,16893.9483239587,0
3079,119.49660169198,0.588349586089533,0,16899.4367596471,0
3080,119.513206016186,0.588371745304785,0,16904.9251963251,0
3081,119.529799663738,0.588393893131241,0,16910.413633992,0
3082,119.546382639952,0.588416029567541,0,16915.9020726471,0
3083,119.562954950142,0.588438154612379,0,16921.3905122897,0
3084,119.579516599619,0.588460268264501,0,16926.8789529189,0
3085,119.5960675937,0.588482370522706,0,16932.3673945342,0
3086,119.612607937695,0.588504461385847,0,16937.8558371348,0
3087,119.629137636918,0.588526540852824,0,16943.34428072,0
3088,119.645656696683,0.58854860892259,0,16948.832725289,0
3089,119.6621651223,0.588570665594151,0,16954.3211708411,0
3090,119.678662919082,0.588592710866558,0,16959.8096173756,0
3091,119.695150092341,0.588614744738917,0,16965.2980648919,0
3092,119.711626647389,0.588636767210377,0,16970.786513389,0
3093,119.728092589535,0.588658778280142,0,16976.2749628665,0
3094,119.744547924093,0.588680777947458,0,16981.7634133235,0
3095,119.760992656371,0.588702766211624,0,16987.2518647593,0
3096,119.777426791681,0.588724743071982,0,16992.7403171733,0
3097,119.793850335332,0.588746708527924,0,16998.2287705646,0
3098,119.810263292635,0.588768662578885,0,17003.7172249326,0
3099,119.826665668899,0.58879060522435,0,17009.2056802765,0
3100,119.843055984063,0.588812536463845,4.43627999751006e-11,17014.6941370889,7.54819472641194e-07
3101,117.303935275389,0.588834456296945,7.31438684376292e-05,17020.9581323945,1.24497872231825
3102,111.042739554936,0.588856364723268,0.000244224328482595,17028.1331461567,4.15868438293235
3103,102.651959543453,0.588878261742474,0.000463992194085055,17035.5942910308,7.90438277263823
3104,93.2080944112961,0.588900147354272,0.000704148918989242,17043.0129241159,12.0008191268359
3105,83.3819963587228,0.58892202155841,0.000949132173457,17050.2339174136,16.1829255759851
3106,73.5636696325488,0.58894388435468,0.00119096775324102,17057.2003441887,20.3145755705003
3107,64.0107660884647,0.588965735742916,0.00142608195203142,17063.9080217889,24.3345312609974
3108,54.9527083151255,0.588987575722997,0.00165335607047566,17070.3786742735,28.2234142064283
3109,46.6112167871528,0.589009404294842,0.00187296048368422,17076.6445680457,31.9838804698703
3110,39.1672441702605,0.589031221458409,0.00208567271937902,17082.7401095331,35.629005018695
3111,32.7253927187832,0.5890530272137,0.00229249212448469,17088.6975828915,39.1757046264793
3112,27.3034195366049,0.589074821560716,0.0024944332758391,17094.5452822734,42.641202587441
3113,22.8463531178844,0.589059604160054,0.00269242475590025,17100.3069742364,46.0412898309278
3114,19.2522940174295,0.588860534650999,0.00288726815130168,17106.0020531503,49.3896149241621
3115,16.3979672015423,0.588378608589077,0.0030796299234217,17111.6460176762,52.6975371150353
3116,14.1579011718764,0.587575153037224,0.00327004991228466,17117.2510588825,55.9742653236533
3117,12.4160809899693,0.586445953572411,0.00345895709665428,17122.8266484051,59.2271227502819
3118,11.0714779968965,0.585003658152727,0.00364668741119474,17128.3800726457,62.4618479850758
3119,10.0395203107991,0.58326823183815,0.00383350091874372,17133.9168918304,65.6828861465106
3120,9.25128449940345,0.581264086497235,0.00401959709109333,17139.4413205766,68.8936484751545
3121,8.65163731937905,0.579020335290547,0.00420512776971337,17144.956535547,72.0967328381576
3122,8.19705968933207,0.576570806688768,0.00439020785839753,17150.4649201013,75.2941058674
3123,7.90782748797455,0.573952503974877,0.00454259129432258,17155.6213491206,77.9309761892097
3124,7.8134203617927,0.571202980088195,0.00464457858305076,17160.2946208154,79.7023368746802
3125,7.90380099079165,0.568357672072905,0.0047127064639699,17164.7195808319,80.8922849208172
3126,8.19857198544367,0.565447948696579,0.004758078257085,17169.044158859,81.6916557071991
3127,8.78107653566356,0.56250010976035,0.00478815197824601,17173.3591812224,82.2286537366993
3128,9.81481090106131,0.559535210440916,0.00480793768404972,17177.7182049576,82.5893986836025
3129,11.5008439638912,0.556569437927388,0.00482080167002664,17182.1507127111,82.8317408504871
3130,13.9982542474492,0.553614774212417,0.00482900651206121,17186.6708553925,82.9945454813431
3131,17.0344409728246,0.550679748836849,0.00489315410008961,17191.9181585174,84.1227048257545
3132,20.0644349223094,0.547770163718216,0.00503639792809737,17198.0243937937,86.6160944242707
3133,22.7537443551059,0.544889730934983,0.00522151222449641,17204.4898024173,89.833453819546
3134,24.8170992665543,0.542040604152046,0.00542663269656977,17211.0395408006,93.3979899140634
3135,26.0458940839045,0.539224921028633,0.00563933762143545,17217.5328403892,97.095480695107
3136,26.3279220480385,0.536448510965022,0.00585291390625096,17223.9067409289,100.810043283953
3137,25.6824349869476,0.533718125299261,0.00606402578211673,17230.1417188493,104.484023612627
3138,24.2681835127232,0.531041531980942,0.00627127691533886,17236.2410661432,108.09324070532
3139,22.3379912930914,0.52843040973775,0.0064743369155531,17242.2188163667,111.631933788847
3140,20.1649365142234,0.525905292109151,0.00667342106752238,17248.0929152114,115.103786634955
3141,17.9804052418221,0.523499765518135,0.00686898865794652,17253.8815559864,118.516716713623
3142,15.9443525183701,0.521260156295957,0.00706157470937851,17259.6013831571,121.879964621256
3143,14.1448112475779,0.519232444947078,0.00725170167310909,17265.2667648568,125.202563885387
3144,12.6134756723488,0.517426438949013,0.00743983789385524,17270.8896495434,128.492619275265
3145,11.3452890079238,0.515823129948412,0.00762638250397397,17276.4797185503,131.757042655813
3146,10.315215752762,0.514382254082494,0.00781166448377252,17282.0446678685,135.001534538959
3147,9.48999600045914,0.513047952989645,0.00799594865702433,17287.5905266354,138.230686254637
3148,8.83524532107169,0.511755599880276,0.00817944448838672,17293.1219641789,141.448131136903
3149,8.31915621592224,0.510440214918773,0.008362315426699,17298.6425633603,144.65670556854
3150,7.91405476319874,0.509046035737703,0.00854468765325463,17304.1550525323,147.858600027376
3151,7.59675021213981,0.507534131231088,0.00872665773809122,17309.6614961908,151.055491439473
3152,7.34828107424935,0.505885264229449,0.00890829871619587,17315.1634441721,154.24864828044
3153,7.20278372024011,0.504097884349838,0.00905758408431356,17320.3134633849,156.880195561277
3154,7.20125452083155,0.502183221021399,0.00915719334906551,17324.982099219,158.648210851647
3155,7.34624172484948,0.500159781089324,0.00922340298938441,17329.40354641,159.836072474207
3156,7.66421910676386,0.49804876602486,0.00926714522241062,17333.7253257293,160.63414983891
3157,8.23873634028183,0.495870958300796,0.00929576634500563,17338.0380108992,161.170350230145
3158,9.22643246395079,0.493644984576758,0.00931420418704255,17342.3950081721,161.530608198463
3159,10.8174229496566,0.491386593141665,0.00932577859632281,17346.8257081352,161.772655903069
3160,13.1611410394227,0.489108564836579,0.0093327225653273,17351.344205052,161.93528160125
3161,16.0020560306735,0.486820959217744,0.00939474760773925,17356.5886891795,163.060770066183
3162,18.8287866810996,0.484531501092663,0.00953501695688883,17362.6940538604,165.553582220832
3163,21.330424217858,0.482245995106691,0.00971674455964752,17369.1597628189,168.771688631019
3164,23.2432507266458,0.479968712152198,0.00991831445358906,17375.710443996,172.337760038064
3165,24.3755986946143,0.47770408306721,0.0101274385746041,17382.2049831408,176.037213257935
3166,24.6253425342997,0.475461124206021,0.0103374702746203,17388.5802038697,179.753930975354
3167,24.0120186824617,0.473250049926313,0.0105451019989085,17394.8164556082,183.430113776679
3168,22.6842893085372,0.471082223456878,0.010748944809939,17400.916962663,187.041496073995
3169,20.8778812868686,0.468973525846946,0.0109486651500893,17406.8957290013,190.582272639354
3170,18.8470911360282,0.466950173201841,0.0111444704451362,17412.7706940722,194.056108368023
3171,16.8072534499802,0.4650535118961,0.0113368106631613,17418.5600583491,197.470917406408
3172,14.9071248232061,0.46333933005475,0.0115262117186156,17424.2804803609,200.835945861181
3173,13.2284656779303,0.46186210993575,0.0117131879350572,17429.9463450999,204.16023723812
3174,11.8005760176283,0.460632693253676,0.0118982007793082,17435.5696182111,207.451908019081
3175,10.618551870392,0.459627773481284,0.0120816437623129,17441.1599971624,210.717881887218
3176,9.65891288003378,0.458799458624694,0.0122638413810075,17446.7251923456,213.963870376954
3177,8.89055046837889,0.45808225573982,0.0124450549477918,17452.2712453182,217.194474611752
3178,8.28133707583658,0.45740118310655,0.0126254912153,17457.8028358565,220.413336342545
3179,7.80156833153815,0.456681508458496,0.0128053115606933,17463.3235554457,223.623299012677
3180,7.42540738497553,0.45585964584039,0.0129846405967364,17468.8361394512,226.826558914055
3181,7.131205832319,0.454891686983857,0.0131635737144824,17474.3426580022,230.024797690735
3182,6.90126425786635,0.453756445218127,0.0133421827496206,17479.8446616902,233.21928191125
3183,6.76790497885176,0.452452961042848,0.0134887152163485,17484.9933467351,235.850095813858
3184,6.7696193559555,0.450994771122454,0.0135861898695426,17489.66086101,237.61785321159
3185,6.90901489060185,0.449403577154089,0.0136506567560512,17494.0812439673,238.805698323872
3186,7.21128182123316,0.447704020278931,0.0136929000813415,17498.4019475548,239.603869451021
3187,7.75550108406473,0.445920159038556,0.0137201699376617,17502.7135248043,240.140203930525
3188,8.68976475286546,0.444073523165117,0.0137373420109468,17507.069383988,240.500599737219
3189,10.1938560127868,0.442182318636583,0.0137476964393342,17511.4989279966,240.742771459824
3190,12.4093954477189,0.440261346064823,0.0137534413090148,17516.0162682109,240.905501712588
3191,15.3866978883044,0.438322292940596,0.0137560639643382,17520.6259666365,241.014851492297
3192,19.0748421074332,0.4363741798514,0.0137565669195217,17525.3267988538,241.088330894919
3193,23.3472463113115,0.434423834815651,0.0137556267091082,17530.1142062781,241.137707189595
3194,28.0404722262836,0.432476329846105,0.0137537003788935,17534.9818686039,241.170886770107
3195,32.9881315131348,0.430536868107001,0.0137510972460715,17539.9227012795,241.193182753872
3196,38.0422369145539,0.42861558425635,0.0137480270653976,17544.9294706589,241.208165223111
3197,43.0824499645278,0.426723856788972,0.0137446324624514,17549.9951609492,241.218233205048
3198,48.0170287448031,0.424874251879391,0.0137410107406474,17555.1131797395,241.224998756081
3199,52.7794886727169,0.423084187556791,0.0137372285648738,17560.2774605222,241.229545137796
3200,57.3238326560015,0.421382227467526,0.0137333318492041,17565.4825005551,241.23260027151
3201,61.61991411683,0.419813234608086,0.0137293524220409,17570.7233592388,241.234653309176
3202,65.6495742991999,0.418437583233056,0.0137253125214739,17575.9956334772,241.236032945535
3203,69.4036586924126,0.417323602802448,0.0137212278329776,17581.2954205629,241.236960064429
3204,72.8797923204575,0.416536646850611,0.0137171095429783,17586.6192753661,241.237583090851
3205,76.0807241924851,0.416129209722394,0.0137129657322208,17591.9641659417,241.238001770015
3206,79.0130756256906,0.416134901351826,0.0137088023214567,17597.3274301432,241.23828312578
3207,81.6863632441769,0.416566811073606,0.0137046237171552,17602.7067345887,241.238472200972
3208,84.1122157430705,0.417419275171698,0.0137004332527583,17608.1000368045,241.238599262132
3209,86.3037309334718,0.418671544268293,0.0136962334927899,17613.5055507596,241.238684649755
3210,88.2749447301147,0.420292034536614,0.0136920264430451,17618.9217158959,241.238742031988
3211,90.0403934173671,0.422242300874667,0.0136878136974145,17624.3471694692,241.238780594249
3212,91.6147599142794,0.424480322538086,0.0136835965411542,17629.7807220206,241.238806509149
3213,93.0125984158589,0.426963002326398,0.0136793760244026,17635.2213357074,241.23882392471
3214,94.2481332862978,0.429647956278546,0.0136751530151657,17640.6681052147,241.238835628564
3215,95.3351267904578,0.432494730991949,0.013670928238006,17646.1202410011,241.238843493951
3216,96.2868091992536,0.435465591386159,0.013666702302784,17651.5770545953,241.238848779807
3217,97.1158686736588,0.438525994756819,0.013662475726308,17657.0379457357,241.238852332114
3218,97.8345027405337,0.441644839452499,0.0136582489489607,17662.5023911122,241.238854719423
3219,98.4545327199289,0.44479454921819,0.0136540223476528,17667.9699345357,241.238856323808
3220,98.9875699931304,0.447951037660318,0.0136497962460961,17673.4401783491,241.238857402033
3221,99.4452016437718,0.451093584308018,0.0136455709230663,17678.9127759302,241.238858126658
3222,99.8391424570889,0.454204647034108,0.0136413466191387,17684.3874251527,241.238858613646
3223,100.181294947417,0.457269630916977,0.0136371235422506,17689.8638626777,241.238858940931
3224,100.483674393264,0.460276629730788,0.0136329018723344,17695.34185898,241.238859160886
3225,100.758189828198,0.463216154714777,0.0136286817652175,17700.8212140068,241.23885930871
3226,101.016310514876,0.466080861606263,0.0136244633559234,17706.3017533954,241.238859408057
3227,101.268677216666,0.468865286017785,0.0136202467614843,17711.7833251749,241.238859474826
3228,101.524728411604,0.471565593809249,0.0136160320833498,17717.2657968907,241.238859519699
3229,101.792403067101,0.47417935200905,0.0136118194094543,17722.7490530987,241.238859549857
3230,102.077958328985,0.47670532408568,0.0136076088160015,17728.2329931801,241.238859570126
3231,102.385914166244,0.479143292304432,0.0136034003690025,17733.7175294383,241.238859583748
3232,102.719112897703,0.481493909154904,0.0135991941256102,17739.2025854385,241.238859592903
3233,103.078867391521,0.483758577074951,0.0135949901352729,17744.6880945614,241.238859599056
3234,103.465165913572,0.4859393534301,0.0135907884407373,17750.1739987429,241.238859603192
3235,103.876903829229,0.488038873813103,0.0135865890789184,17755.660247375,241.238859605971
3236,104.312118231167,0.49006028480677,0.0135823920816552,17761.1467963485,241.238859607839
3237,104.768209573952,0.492007176841459,0.013578197476369,17766.6336072176,241.238859609095
3238,105.242140573637,0.493883509624291,0.0135740052866345,17772.1206464736,241.238859609939
3239,105.73060862775,0.4956935265709,0.0135698155326778,17777.6078849099,241.238859610506
3240,106.230190715581,0.497441658578865,0.0135656282318091,17783.0952970702,241.238859610887
3241,106.737462276514,0.499132421513746,0.0135614433987998,17788.5828607664,241.238859611143
3242,107.249092138174,0.500770313581896,0.0135572610462105,17794.0705566591,241.238859611315
3243,107.76191600147,0.502359719459562,0.0135530811846768,17799.5583678918,241.238859611431
3244,108.272991075843,0.503904826823836,0.013548903823158,17805.046279772,241.238859611509
3245,108.779634187742,0.505409559126752,0.0135447289691537,17810.5342794935,241.238859611561
3246,109.279445771782,0.506877526304146,0.0135405566288926,17816.0223558938,241.238859611596
3247,109.770321852981,0.508311993195484,0.0135363868074966,17821.5104992434,241.23885961162
3248,110.250456147173,0.509715864129426,0.013532219509124,17826.9987010617,241.238859611636
3249,110.718334197009,0.511091681283363,0.0135280547370943,17832.4869539568,241.238859611646
3250,111.172721368904,0.512441634137241,0.0135238924939964,17837.9752514852,241.238859611654
3251,111.612646332605,0.513767577368716,0.0135197327817835,17843.4635880306,241.238859611658
3252,112.037381497976,0.515071054785392,0.0135155756018553,17848.9519586977,241.238859611662
3253,112.446421628264,0.516353327218621,0.0135114209551296,17854.4403592191,241.238859611664
3254,112.839461681119,0.517615402681395,0.013507268842105,17859.9287858752,241.238859611665
3255,113.216374662063,0.518858067389767,0.0135031192629152,17865.4172354236,241.238859611666
3256,113.577190079158,0.520081916587305,0.0134989722173766,17870.9057050382,241.238859611667
3257,113.922073396131,0.521287384310591,0.0134948277050291,17876.3941922552,241.238859611667
3258,114.251306675984,0.522474771497761,0.0134906857251728,17881.8826949272,241.238859611668
3259,114.565270534398,0.523644271978688,0.0134865462768985,17887.371211182,241.238859611668
3260,114.864427368395,0.524795996072115,0.0134824093591158,17892.8597393877,241.238859611668
3261,115.149305840546,0.525929991623027,0.0134782749705763,17898.348278122,241.238859611668
3262,115.420486539449,0.527046262430707,0.0134741431098944,17903.8368261445,241.238859611668
3263,115.678588770334,0.52814478411072,0.0134700137755656,17909.3253823743,241.238859611668
3264,115.924258451744,0.529225517483781,0.013465886965982,17914.8139458689,241.238859611668
3265,116.158157096151,0.530288419671895,0.0134617626794459,17920.3025158068,241.238859611668
3266,116.380951903906,0.531333453068224,0.013457640914182,17925.7910914716,241.238859611668
3267,116.593306968724,0.532360592426946,0.0134535216683476,17931.279672239,241.238859611668
3268,116.795875625351,0.533369830265949,0.0134494049400414,17936.7682575646,241.238859611668
3269,116.98929393244,0.534361180825195,0.0134452907273121,17942.2568469737,241.238859611668
3270,117.174175279274,0.535334682776644,0.0134411790281645,17947.7454400525,241.238859611668
3271,117.351106083031,0.536290400874263,0.0134370698405657,17953.2340364402,241.238859611668
3272,117.520642515365,0.537228426731155,0.0134329631624507,17958.7226358221,241.238859611668
3273,117.683308191582,0.538148878844689,0.0134288589917265,17964.2112379239,241.238859611668
3274,117.839592728569,0.53905190203472,0.013424757326276,17969.6998425064,241.238859611668
3275,117.989951079123,0.539937666372105,0.0134206581639618,17975.188449361,241.238859611668
3276,118.134803537381,0.54080636572348,0.0134165615026289,17980.6770583058,241.238859611668
3277,118.274536313844,0.541658215982729,0.0134124673401076,17986.165669182,241.238859611668
3278,118.40950257757,0.542493453067072,0.0134083756742155,17991.6542818512,241.238859611668
3279,118.540023870981,0.543312330760237,0.0134042865027594,17997.1428961927,241.238859611668
3280,118.666391806219,0.544115118440998,0.0134001998235374,18002.6315121012,241.238859611668
3281,118.788869964331,0.544902098783221,0.0133961156343402,18008.1201294848,241.238859611668
3282,118.907695923746,0.545673565448366,0.0133920339329523,18013.6087482633,241.238859611668
3283,119.023083356514,0.546429820836646,0.0133879547171533,18019.0973683666,241.238859611668
3284,119.135224139977,0.54717117392174,0.0133838779847188,18024.5859897338,241.238859611668
3285,119.244290438047,0.547897938199888,0.0133798037334213,18030.0746123114,241.238859611668
3286,119.350436720022,0.548610429787471,0.013375731961031,18035.5632360528,241.238859611668
3287,119.453801685997,0.549308965666522,0.0133716626653164,18041.0518609175,241.238859611668
3288,119.554510082182,0.549993862110936,0.0133675958440449,18046.5404868698,241.238859611668
3289,119.652674389665,0.550665433279564,0.013363531494983,18052.0291138787,241.238859611668
3290,119.748396379403,0.551323989992121,0.0133594696158974,18057.517741917,241.238859611668
3291,119.841768529684,0.551969838678157,0.0133554102045547,18063.0063709609,241.238859611668
3292,119.932875304484,0.552603280491964,0.0133513532587221,18068.4950009897,241.238859611668
3293,120.021794297504,0.553224610592651,0.0133472987761676,18073.9836319851,241.238859611668
3294,120.108597244587,0.553834117566124,0.0133432467546601,18079.4722639313,241.238859611668
3295,120.193350913165,0.554432082990788,0.0133391971919699,18084.9608968141,241.238859611668
3296,120.276117875074,0.555018781121575,0.0133351500858686,18090.4495306214,241.238859611668
3297,120.356957171921,0.55559447868722,0.0133311054341295,18095.9381653424,241.238859611668
3298,120.435924881948,0.556159434784152,0.0133270632345276,18101.4268009676,241.238859611668
3299,120.513074596865,0.556713900851777,0.0133230234848398,18106.9154374886,241.238859611668
3300,120.588457818485,0.557258120722823,0.0133189861828447,18112.4040748981,241.238859611668
3301,120.662124283027,0.557792330728109,0.0133149513263233,18117.8927131897,241.238859611668
3302,120.734122222304,0.558316759853972,0.0133109189130585,18123.3813523576,241.238859611668
3303,120.804498569322,0.558831629934665,0.0133068889408355,18128.8699923967,241.238859611668
3304,120.8732991161,0.559337155875468,0.0133028614074418,18134.3586333025,241.238859611668
3305,120.940568630783,0.559833545897447,0.013298836310667,18139.847275071,241.238859611668
3306,121.006350940443,0.56032100179455,0.0132948136483033,18145.3359176987,241.238859611668
3307,121.070688985751,0.560799719202094,0.0132907934181451,18150.8245611824,241.238859611668
3308,121.133624852723,0.561269887865114,0.0132867756179893,18156.3132055191,241.238859611668
3309,121.195199786576,0.561731691908768,0.0132827602456353,18161.8018507064,241.238859611668
3310,121.255454191856,0.562185310102245,0.0132787472988849,18167.2904967419,241.238859611668
3311,121.314427622666,0.562630916116195,0.0132747367755424,18172.7791436235,241.238859611668
3312,121.372158766195,0.563068678771365,0.0132707286734146,18178.2677913493,241.238859611668
3313,121.428685422288,0.563498762274492,0.0132667229903109,18183.7564399176,241.238859611668
3314,121.484044481346,0.563921326444452,0.0132627197240431,18189.2450893267,241.238859611668
3315,121.538271902395,0.5643365269229,0.0132587188724257,18194.7337395753,241.238859611668
3316,121.591402692798,0.564744515373795,0.0132547204332757,18200.2223906619,241.238859611668
3317,121.64347089071,0.565145439668111,0.0132507244044126,18205.7110425853,241.238859611668
3318,121.694509551106,0.565539444055601,0.0132467307836584,18211.1996953443,241.238859611668
3319,121.744550735903,0.565926669324312,0.013242739568838,18216.6883489378,241.238859611668
3320,121.793625508489,0.566307252946101,0.0132387507577785,18222.1770033647,241.238859611668
3321,121.841763932795,0.566681329212323,0.0132347643483097,18227.6656586242,241.238859611668
3322,121.888995076838,0.567049029356353,0.0132307803382641,18233.1543147151,241.238859611668
3323,121.935347020599,0.567410481667369,0.0132267987254766,18238.6429716368,241.238859611668
3324,121.980846867952,0.567765811593653,0.0132228195077848,18244.1316293882,241.238859611668
3325,122.025520762312,0.568115141837207,0.0132188426830288,18249.6202879686,241.238859611668
3326,122.069393905622,0.568458592441192,0.0132148682490513,18255.1089473772,241.238859611668
3327,122.112490580248,0.568796280868866,0.0132108962036977,18260.5976076132,241.238859611668
3328,122.154834173371,0.569128322077823,0.0132069265448156,18266.0862686759,241.238859611668
3329,122.196447203419,0.569454828587004,0.0132029592702557,18271.5749305645,241.238859611668
3330,122.237351348141,0.569775910539948,0.0131989943778708,18277.0635932784,241.238859611668
3331,122.277567473911,0.570091675763145,0.0131950318655165,18282.5522568167,241.238859611668
3332,122.317115665864,0.570402229820532,0.013191071731051,18288.040921179,241.238859611668
3333,122.356015258568,0.570707676065507,0.013187113972335,18293.5295863644,241.238859611668
3334,122.39428486684,0.571008115689012,0.0131831585872316,18299.0182523723,241.238859611668
3335,122.431942416509,0.571303647766621,0.0131792055736066,18304.506919202,241.238859611668
3336,122.469005174803,0.571594369302439,0.0131752549293285,18309.995586853,241.238859611668
3337,122.505489780193,0.571880375272163,0.0131713066522681,18315.4842553245,241.238859611668
3338,122.541412271515,0.572161758664431,0.0131673607402989,18320.972924616,241.238859611668
3339,122.576788116182,0.572438610520757,0.0131634171912969,18326.4615947268,241.238859611668
3340,122.611632237424,0.572711019975176,0.0131594760031405,18331.9502656562,241.238859611668
3341,122.645959040418,0.572979074292039,0.0131555371737109,18337.4389374038,241.238859611668
3342,122.679782437278,0.573242858904168,0.0131516007008916,18342.9276099687,241.238859611668
3343,122.713115870835,0.573502457449458,0.0131476665825688,18348.4162833505,241.238859611668
3344,122.745972337203,0.573757951807494,0.0131437348166311,18353.9049575485,241.238859611668
3345,122.778364407129,0.574009422135519,0.0131398054009697,18359.3936325621,241.238859611668
3346,122.810304246104,0.574256946903625,0.0131358783334783,18364.8823083907,241.238859611668
3347,122.841803633319,0.574500602930134,0.0131319536120531,18370.3709850337,241.238859611668
3348,122.872873979421,0.574740465415687,0.0131280312345928,18375.8596624905,241.238859611668
3349,122.903526343191,0.574976607977731,0.0131241111989986,18381.3483407605,241.238859611668
3350,122.933771447127,0.575209102683889,0.0131201935031742,18386.8370198431,241.238859611668
3351,122.963619692027,0.575438020085212,0.013116278145026,18392.3256997376,241.238859611668
3352,122.993081170609,0.575663429248965,0.0131123651224625,18397.8143804436,241.238859611668
3353,123.022165680228,0.575885397790565,0.0131084544333951,18403.3030619604,241.238859611668
3354,123.050882734761,0.576103991905611,0.0131045460757374,18408.7917442873,241.238859611668
3355,123.079241575706,0.576319276400665,0.0131006400474057,18414.2804274239,241.238859611668
3356,123.107251182557,0.576531314724163,0.0130967363463185,18419.7691113695,241.238859611668
3357,123.134920282522,0.576740168996281,0.0130928349703971,18425.2577961236,241.238859611668
3358,123.162257359612,0.576945900038435,0.0130889359175651,18430.7464816854,241.238859611668
3359,123.189270663191,0.577148567402292,0.0130850391857485,18436.2351680545,241.238859611668
3360,123.215968215997,0.577348229397837,0.013081144772876,18441.7238552303,241.238859611668
3361,123.242357821713,0.577544943121367,0.0130772526768785,18447.2125432121,241.238859611668
3362,123.268447072094,0.577738764482307,0.0130733628956896,18452.7012319995,241.238859611668
3363,123.294243353732,0.577929748229931,0.0130694754272453,18458.1899215916,241.238859611668
3364,123.31975385446,0.578117947979152,0.0130655902694838,18463.6786119881,241.238859611668
3365,123.344985569431,0.578303416235799,0.0130617074203461,18469.1673031884,241.238859611668
3366,123.369945306935,0.578486204421468,0.0130578268777754,18474.6559951917,241.238859611668
3367,123.394639693925,0.578666362897412,0.0130539486397175,18480.1446879976,241.238859611668
3368,123.419075181329,0.578843940988336,0.0130500727041205,18485.6333816054,241.238859611668
3369,123.44325804913,0.579018987005143,0.0130461990689351,18491.1220760146,241.238859611668
3370,123.467194411257,0.579191548267493,0.0130423277321144,18496.6107712246,241.238859611668
3371,123.49089022029,0.579361671125616,0.0130384586916136,18502.0994672348,241.238859611668
3372,123.514351271996,0.57952940098158,0.0130345919453909,18507.5881640447,241.238859611668
3373,123.537583209712,0.579694782310244,0.0130307274914064,18513.0768616535,241.238859611668
3374,123.560591528582,0.579857858679341,0.0130268653276229,18518.5655600608,241.238859611668
3375,123.58338157966,0.580018672769492,0.0130230054520056,18524.054259266,241.238859611668
3376,123.605958573885,0.580177266393338,0.0130191478625219,18529.5429592685,241.238859611668
3377,123.628327585933,0.58033368051449,0.0130152925571419,18535.0316600677,241.238859611668
3378,123.650493557964,0.580487955265903,0.0130114395338379,18540.520361663,241.238859611668
3379,123.672461303247,0.580640129967742,0.0130075887905846,18546.0090640539,241.238859611668
3380,123.694235509694,0.580790243145044,0.0130037403253593,18551.4977672397,241.238859611668
3381,123.715820743282,0.580938332544634,0.0129998941361414,18556.98647122,241.238859611668
3382,123.737221451391,0.581084435151996,0.012996050220913,18562.475175994,241.238859611668
3383,123.758441966034,0.581228587207445,0.0129922085776582,18567.9638815613,241.238859611668
3384,123.779486507012,0.581370824222109,0.0129883692043639,18573.4525879212,241.238859611668
3385,123.075321293907,0.581511180993504,0.0129845331373543,18578.9398093694,241.238859611668
3386,122.338828964606,0.581649691620637,0.0129805363334217,18584.6604034794,241.238859611668
3387,121.568563206895,0.581786389518993,0.0129765560050269,18590.3609184298,241.238859611668
3388,120.803628413812,0.581921307434884,0.0129725979649527,18596.0329814744,241.238859611668
3389,120.044006023373,0.582054477459801,0.0129686595253422,18601.680392662,241.238859611668
3390,119.289786480075,0.582185931044136,0.0129647383587381,18607.3064443352,241.238859611668
3391,118.5414164339,0.582315699010807,0.0129608324496811,18612.9139889933,241.238859611668
3392,117.800069484125,0.582443811568526,0.0129569400528124,18618.5054980867,241.238859611668
3393,117.067959409251,0.58257029832468,0.012953059656629,18624.0831129199,241.238859611668
3394,116.348407229123,0.582695188298119,0.0129491899520795,18629.6486887913,241.238859611668
3395,115.6456064299,0.582818509931413,0.0129453298054099,18635.2038331889,241.238859611668
3396,114.964177445934,0.582940291103124,0.0129414782346279,18640.7499389195,241.238859611668
3397,114.308665658296,0.58305430014143,0.0129376343891521,18646.2882127773,241.238859611668
3398,113.683113641478,0.58297442414874,0.0129337975321747,18651.8197004053,241.238859611668
3399,113.09077642345,0.582880791938401,0.0129299670254032,18657.3453078195,241.238859611668
3400,112.533928293318,0.582773550961805,0.0129261423158512,18662.8658200552,241.238859611668
3401,112.013096294531,0.582653427335865,0.0129223229243893,18668.3819173377,241.238859611668
3402,111.524776640337,0.582521070257424,0.0129185084358449,18673.8941890771,241.238859611668
3403,111.05982679618,0.582377084405086,0.0129146984904281,18679.4031459942,241.238859611668
3404,110.606015160814,0.582222060529385,0.012910892776305,18684.9092306309,241.238859611668
3405,110.15351157269,0.582056613422735,0.0129070910231664,18690.4128264594,241.238859611668
3406,109.699042444342,0.581881423210388,0.0129032929966639,18695.9142657646,241.238859611668
3407,109.246329374763,0.581697269352063,0.0128994984935876,18701.4138364828,241.238859611668
3408,108.803587582417,0.581505047908937,0.0128957073376946,18706.9117881203,241.238859611668
3409,108.380194713878,0.581305768494107,0.0128919193760923,18712.4083368872,241.238859611668
3410,107.984139552756,0.581100533402927,0.0128881344761117,18717.9036701399,241.238859611668
3411,107.620780084412,0.580890505062614,0.0128843525225956,18723.3979502348,241.238859611668
3412,107.292701172732,0.580676868138687,0.0128805734155531,18728.8913178644,241.238859611668
3413,107.000192950782,0.580460779606175,0.0128767970681277,18734.3838949498,241.238859611668
3414,106.741930664489,0.580243259918425,0.0128730234048371,18739.8757871458,241.238859611668
3415,106.51559960507,0.580024999293164,0.0128692523600505,18745.3670860116,241.238859611668
3416,106.318369920553,0.5798061965179,0.0128654838766682,18750.8578708928,241.238859611668
3417,106.147224072851,0.579586591429742,0.0128617179049796,18756.3482105503,241.238859611668
3418,105.9991725914,0.579365705175378,0.0128579544016736,18761.8381645737,241.238859611668
3419,105.87138913827,0.579143151556058,0.0128541933289815,18767.3277846042,241.238859611668
3420,105.761286555876,0.578918867780064,0.0128504346539351,18772.8171153958,241.238859611668
3421,105.666549308523,0.578693195449839,0.0128466783477243,18778.3061957337,241.238859611668
3422,105.585136086748,0.578466830128356,0.01284292438514,18783.7950592309,241.238859611668
3423,105.51526425613,0.578240699215529,0.0128391727440926,18789.2837350182,241.238859611668
3424,105.455385412604,0.578015826218663,0.0128354234051946,18794.7722483418,241.238859611668
3425,105.404158283028,0.57779321776976,0.0128316763513987,18800.2606210818,241.238859611668
3426,105.360422546023,0.577573786964908,0.0128279315676852,18805.748872201,241.238859611668
3427,105.32317524706,0.577358311343182,0.0128241890407906,18811.237018134,241.238859611668
3428,105.29155026108,0.577147417087302,0.0128204487589727,18816.7250731244,241.238859611668
3429,105.264800647549,0.576941580420892,0.0128167107118076,18822.2130495169,241.238859611668
3430,105.242283496028,0.576741139170603,0.0128129748900132,18827.7009580106,241.238859611668
3431,105.223446758419,0.576546309675404,0.0128092412852968,18833.1888078786,241.238859611668
3432,105.207817603363,0.576357205815044,0.0128055098902229,18838.6766071577,241.238859611668
3433,105.194991823435,0.576173857959061,0.0128017806980988,18844.1643628137,241.238859611668
3434,105.184623988372,0.575996230493857,0.0127980537028755,18849.6520808836,241.238859611668
3435,105.176418198968,0.575824237150604,0.012794328899062,18855.1397666003,241.238859611668
3436,105.170119599053,0.575657753939318,0.0127906062816507,18860.6274244989,241.238859611668
3437,105.165506956052,0.575496629720423,0.0127868858460529,18866.1150585101,241.238859611668
3438,105.162386685378,0.575340694716475,0.0127831675880435,18871.602672041,241.238859611668
3439,105.160588508255,0.575189767244599,0.0127794515037122,18877.0902680443,241.238859611668
3440,105.159962683954,0.575043659019719,0.0127757375894219,18882.5778490793,241.238859611668
3441,105.160378480752,0.574902179284887,0.0127720258417725,18888.0654173644,241.238859611668
3442,105.161723398484,0.574765138016088,0.0127683162575693,18893.5529748222,241.238859611668
3443,105.163902636906,0.574632348378366,0.0127646088337958,18899.0405231189,241.238859611668
3444,105.166838408696,0.574503628575133,0.0127609035675904,18904.528063699,241.238859611668
3445,105.170468864578,0.574378803201188,0.0127572004562257,18910.015597814,241.238859611668
3446,105.174746565812,0.574257704166265,0.0127534994970912,18915.5031265489,241.238859611668
3447,105.179636574889,0.574140171259763,0.0127498006876774,18920.990650844,241.238859611668
3448,105.185114305769,0.574026052395434,0.0127461040255631,18926.4781715141,241.238859611668
3449,105.191163305407,0.573915203607942,0.0127424095084036,18931.9656892655,241.238859611668
3450,105.197773115958,0.573807488856492,0.012738717133921,18937.4532047102,241.238859611668
3451,105.20493733872,0.57370277972132,0.0127350268998951,18942.9407183786,241.238859611668
3452,105.212651971155,0.57360095505496,0.0127313388041564,18948.4282307302,241.238859611668
3453,105.220914052935,0.573501900650846,0.0127276528445796,18953.9157421634,241.238859611668
3454,105.22972062137,0.573405508958045,0.0127239690190777,18959.4032530233,241.238859611668
3455,105.239067954692,0.573311678853355,0.0127202873255973,18964.8907636087,241.238859611668
3456,105.248951067924,0.573220315459561,0.0127166077621144,18970.3782741788,241.238859611668
3457,105.259363418633,0.573131329986377,0.0127129303266308,18975.865784958,241.238859611668
3458,105.27029678027,0.573044639570487,0.012709255017171,18981.3532961405,241.238859611668
3459,105.281741242418,0.572960167089494,0.012705581831779,18986.8408078948,241.238859611668
3460,105.293685303006,0.57287784093844,0.0127019107685167,18992.3283203666,241.238859611668
3461,105.306116022816,0.572797594759182,0.0126982418254611,18997.8158336821,241.238859611668
3462,105.31901921842,0.572719367127872,0.012694575000703,19003.3033479505,241.238859611668
3463,105.332379675225,0.572643101204939,0.0126909102923453,19008.7908632665,241.238859611668
3464,105.346181366458,0.572568744361351,0.0126872476985017,19014.2783797117,241.238859611668
3465,105.360407668117,0.572496247791535,0.0126835872172953,19019.7658973571,241.238859611668
3466,105.375041562587,0.572425566126451,0.0126799288468581,19025.2534162637,241.238859611668
3467,105.39006582614,0.572356657056703,0.0126762725853296,19030.7409364845,241.238859611668
3468,105.405463197415,0.572289480974347,0.0126726184308563,19036.2284580651,241.238859611668
3469,105.421216525167,0.572224000640023,0.0126689663815912,19041.715981045,241.238859611668
3470,105.437308895099,0.572160180878575,0.0126653164356929,19047.2035054583,241.238859611668
3471,105.453723736023,0.572097988306445,0.0126616685913253,19052.6910313341,241.238859611668
3472,105.470444906789,0.572037391089813,0.012658022846657,19058.178558698,241.238859611668
3473,105.487456765448,0.571978358734429,0.0126543791998614,19063.6660875715,241.238859611668
3474,105.504744222826,0.571920861903746,0.0126507376491158,19069.1536179734,241.238859611668
3475,105.522292782461,0.571864872264897,0.0126470981926013,19074.6411499197,241.238859611668
3476,105.540088569058,0.57181036235842,0.0126434608285028,19080.1286834243,241.238859611668
3477,105.558118347237,0.571757305490409,0.0126398255550086,19085.6162184988,241.238859611668
3478,105.576369532215,0.571705675643408,0.0126361923703101,19091.1037551534,241.238859611668
3479,105.594830193681,0.571655447404159,0.012632561272602,19096.5912933965,241.238859611668
3480,105.6134890539,0.571606595905442,0.0126289322600816,19102.0788332353,241.238859611668
3481,105.632335480803,0.571559096779801,0.0126253053309494,19107.5663746761,241.238859611668
3482,105.651359476688,0.571512926123425,0.0126216804834084,19113.0539177239,241.238859611668
3483,105.67055166299,0.571468060467827,0.0126180577156642,19118.5414623831,241.238859611668
3484,105.689903261618,0.571424476758552,0.012614437025925,19124.0290086571,241.238859611668
3485,105.709406073199,0.571382152338621,0.0126108184124015,19129.516556549,241.238859611668
3486,105.729052452771,0.571341064936611,0.0126072018733068,19135.0041060611,241.238859611668
3487,105.748835283275,0.571301192657406,0.0126035874068564,19140.4916571954,241.238859611668
3488,105.76874794743,0.571262513975829,0.0125999750112681,19145.9792099532,241.238859611668
3489,105.788784298393,0.571225007731696,0.0125963646847618,19151.4667643358,241.238859611668
3490,105.808938629749,0.571188653126498,0.0125927564255599,19156.9543203439,241.238859611668
3491,105.829205645261,0.571153429720822,0.0125891502318869,19162.4418779782,241.238859611668
3492,105.849580428819,0.571119317432503,0.0125855461019695,19167.9294372388,241.238859611668
3493,105.870058414972,0.571086296535159,0.0125819440340366,19173.416998126,241.238859611668
3494,105.890635360358,0.571054347656813,0.0125783440263192,19178.9045606396,241.238859611668
3495,105.91130731633,0.571023451778677,0.0125747460770504,19184.3921247795,241.238859611668
3496,105.932070602942,0.570993590233581,0.0125711501844654,19189.8796905453,241.238859611668
3497,105.952921784505,0.570964744704396,0.0125675563468016,19195.3672579366,241.238859611668
3498,105.973857646765,0.570936897221834,0.0125639645622983,19200.8548269527,241.238859611668
3499,105.994875175798,0.570910030162088,0.012560374829197,19206.3423975931,241.238859611668
3500,106.015971538601,0.570884126243743,0.0125567871457413,19211.829969857,241.238859611668
3501,106.037144065386,0.570859168524406,0.0125532015101767,19217.3175437436,241.238859611668
3502,106.058390233519,0.570835140396641,0.0125496179207508,19222.8051192522,241.238859611668
3503,106.079707653023,0.570812025583517,0.0125460363757133,19228.2926963817,241.238859611668
3504,106.101094053589,0.570789808133614,0.0125424568733158,19233.7802751314,241.238859611668
3505,106.122547272958,0.570768472415585,0.0125388794118121,19239.2678555001,241.238859611668
3506,106.144065246609,0.570748003112375,0.0125353039894577,19244.755437487,241.238859611668
3507,106.165645998626,0.570728385214989,0.0125317306045103,19250.2430210911,241.238859611668
3508,106.187287633635,0.570709604016116,0.0125281592552298,19255.7306063111,241.238859611668
3509,106.208988329722,0.570691645103371,0.0125245899398777,19261.2181931462,241.238859611668
3510,106.230746332224,0.57067449435253,0.0125210226567177,19266.7057815952,241.238859611668
3511,106.252559948289,0.570658137920505,0.0125174574040156,19272.193371657,241.238859611668
3512,106.27442754214,0.570642562238411,0.0125138941800388,19277.6809633306,241.238859611668
3513,106.296347530937,0.570627754004503,0.0125103329830572,19283.1685566147,241.238859611668
3514,106.318318381176,0.57061370017726,0.0125067738113422,19288.6561515083,241.238859611668
3515,106.340338605557,0.570600387968483,0.0125032166631673,19294.1437480103,241.238859611668
3516,106.362406760252,0.570587804836545,0.0124996615368083,19299.6313461194,241.238859611668
3517,106.384521442524,0.570575938479781,0.0124961084305424,19305.1189458346,241.238859611668
3518,106.406681288647,0.570564776830028,0.0124925573426493,19310.6065471547,241.238859611668
3519,106.428884972074,0.570554308046395,0.0124890082714102,19316.0941500784,241.238859611668
3520,106.451131201831,0.570544520509168,0.0124854612151086,19321.5817546048,241.238859611668
3521,106.473418721087,0.570535402814006,0.0124819161720297,19327.0693607326,241.238859611668
3522,106.495746305876,0.570526943766261,0.0124783731404609,19332.5569684606,241.238859611668
3523,106.518112763945,0.570519132375606,0.0124748321186912,19338.0445777876,241.238859611668
3524,106.540516933704,0.570511957850795,0.012471293105012,19343.5321887126,241.238859611668
3525,106.562957683265,0.570505409594707,0.0124677560977161,19349.0198012343,241.238859611668
3526,106.585433909538,0.570499477199548,0.0124642210950987,19354.5074153516,241.238859611668
3527,106.607944537393,0.570494150442285,0.0124606880954566,19359.9950310632,241.238859611668
3528,106.630488518855,0.57048941928027,0.0124571570970888,19365.482648368,241.238859611668
3529,106.653064832338,0.57048527384703,0.0124536280982961,19370.9702672649,241.238859611668
3530,106.675672481907,0.570481704448282,0.0124501010973811,19376.4578877527,241.238859611668
3531,106.698310496557,0.570478701558057,0.0124465760926485,19381.9455098301,241.238859611668
3532,106.720977929514,0.570476255815049,0.012443053082405,19387.4331334961,241.238859611668
3533,106.74367385755,0.570474358019053,0.0124395320649588,19392.9207587493,241.238859611668
3534,106.766397380307,0.570472999127602,0.0124360130386205,19398.4083855888,241.238859611668
3535,106.789147619642,0.570472170252684,0.0124324960017024,19403.8960140133,241.238859611668
3536,106.811923718973,0.570471862657634,0.0124289809525185,19409.3836440215,241.238859611668
3537,106.834724842643,0.570472067754093,0.0124254678893851,19414.8712756125,241.238859611668
3538,106.857550175298,0.570472777099116,0.0124219568106201,19420.3589087849,241.238859611668
3539,106.88039892127,0.570473982392351,0.0124184477145435,19425.8465435376,241.238859611668
3540,106.903270303983,0.570475675473325,0.0124149405994771,19431.3341798695,241.238859611668
3541,106.926163565364,0.570477848318815,0.0124114354637444,19436.8218177794,241.238859611668
3542,106.949077965274,0.570480493040288,0.0124079323056712,19442.309457266,241.238859611668
3543,106.972012780957,0.570483601881437,0.0124044311235849,19447.7970983283,241.238859611668
3544,106.9949673065,0.570487167215754,0.0124009319158149,19453.284740965,241.238859611668
3545,107.017940852312,0.570491181544203,0.0123974346806923,19458.7723851751,241.238859611668
3546,107.040932744621,0.570495637492922,0.0123939394165504,19464.2600309573,241.238859611668
3547,107.063942324992,0.570500527810998,0.0123904461217241,19469.7476783105,241.238859611668
3548,107.086968949854,0.570505845368289,0.0123869547945502,19475.2353272335,241.238859611668
3549,107.110011990053,0.570511583153298,0.0123834654333676,19480.7229777251,241.238859611668
3550,107.13307083042,0.570517734271086,0.0123799780365168,19486.2106297842,241.238859611668
3551,107.156144869356,0.570524291941236,0.0123764926023403,19491.6982834096,241.238859611668
3552,107.179233518434,0.57053124949586,0.0123730091291824,19497.1859386002,241.238859611668
3553,107.202336202022,0.570538600377631,0.0123695276153894,19502.6735953549,241.238859611668
3554,107.225452356914,0.570546338137882,0.0123660480593093,19508.1612536723,241.238859611668
3555,107.248581431988,0.570554456434701,0.0123625704592921,19513.6489135514,241.238859611668
3556,107.271722887868,0.570562949031106,0.0123590948136894,19519.1365749911,241.238859611668
3557,107.29487619661,0.570571809793214,0.012355621120855,19524.6242379902,241.238859611668
3558,107.318040841395,0.570581032688471,0.0123521493791442,19530.1119025474,241.238859611668
3559,107.341216316243,0.5705906117839,0.0123486795869144,19535.5995686618,241.238859611668
3560,107.36440212573,0.570600541244387,0.0123452117425248,19541.087236332,241.238859611668
3561,107.387597784727,0.57061081533099,0.0123417458443364,19546.574905557,241.238859611668
3562,107.41080281814,0.570621428399286,0.0123382818907119,19552.0625763356,241.238859611668
3563,107.434016760675,0.570632374897746,0.0123348198800161,19557.5502486667,241.238859611668
3564,107.457239156595,0.570643649366132,0.0123313598106155,19563.0379225491,241.238859611668
3565,107.480469559501,0.570655246433932,0.0123279016808783,19568.5255979816,241.238859611668
3566,107.503707532117,0.57066716081881,0.0123244454891748,19574.0132749632,241.238859611668
3567,107.526952646078,0.570679387325104,0.012320991233877,19579.5009534926,241.238859611668
3568,107.550204481737,0.570691920842323,0.0123175389133586,19584.9886335687,241.238859611668
3569,107.573462627966,0.570704756343698,0.0123140885259953,19590.4763151904,241.238859611668
3570,107.596726681975,0.570717888884735,0.0123106400701645,19595.9639983565,241.238859611668
3571,107.619996249132,0.570731313601815,0.0123071935442455,19601.4516830659,241.238859611668
3572,107.643270942785,0.5707450257108,0.0123037489466193,19606.9393693175,241.238859611668
3573,107.666550384099,0.57075902050568,0.0123003062756689,19612.42705711,241.238859611668
3574,107.689834201889,0.57077329335723,0.0122968655297789,19617.9147464424,241.238859611668
3575,107.713122032462,0.570787839711701,0.0122934267073358,19623.4024373135,241.238859611668
3576,107.736413519467,0.57080265508953,0.0122899898067279,19628.8901297222,241.238859611668
3577,107.759708313737,0.570817735084075,0.0122865548263453,19634.3778236674,241.238859611668
3578,107.78300607315,0.57083307536037,0.01228312176458,19639.8655191478,241.238859611668
3579,107.806306462482,0.570848671653902,0.0122796906198255,19645.3532161624,241.238859611668
3580,107.829609153273,0.570864519769417,0.0122762613904774,19650.84091471,241.238859611668
3581,107.852913823684,0.570880615579735,0.0122728340749329,19656.3286147896,241.238859611668
3582,107.876220158372,0.570896955024598,0.0122694086715911,19661.8163163998,241.238859611668
3583,107.899527848355,0.57091353410953,0.0122659851788529,19667.3040195397,241.238859611668
3584,107.922836590887,0.570930348904724,0.0122625635951208,19672.7917242081,241.238859611668
3585,107.946146089335,0.570947395543941,0.0122591439187992,19678.2794304039,241.238859611668
3586,107.969456053057,0.570964670223436,0.0122557261482944,19683.7671381259,241.238859611668
3587,107.992766197282,0.570982169200901,0.0122523102820143,19689.254847373,241.238859611668
3588,108.016076242996,0.570999888794419,0.0122488963183686,19694.742558144,241.238859611668
3589,108.039385916823,0.571017825381455,0.0122454842557688,19700.230270438,241.238859611668
3590,108.062694950921,0.571035975397837,0.0122420740926282,19705.7179842536,241.238859611668
3591,108.086003082865,0.571054335336787,0.0122386658273618,19711.2056995898,241.238859611668
3592,108.109310055543,0.57107290174794,0.0122352594583863,19716.6934164455,241.238859611668
3593,108.132615617051,0.571091671236402,0.0122318549841204,19722.1811348195,241.238859611668
3594,108.15591952059,0.571110640461809,0.0122284524029844,19727.6688547108,241.238859611668
3595,108.179221524362,0.571129806137413,0.0122250517134003,19733.1565761181,241.238859611668
3596,108.202521391474,0.57114916502918,0.0122216529137919,19738.6442990404,241.238859611668
3597,108.225818889839,0.5711687139549,0.0122182560025847,19744.1320234766,241.238859611668
3598,108.249113792082,0.571188449783321,0.0122148609782062,19749.6197494255,241.238859611668
3599,108.272405875445,0.57120836943329,0.0122114678390854,19755.107476886,241.238859611668
3600,108.295694921696,0.571228469872914,0.012208076583653,19760.595205857,241.238859611668
3601,108.318980717037,0.571248748118735,0.0122046872103416,19766.0829363374,241.238859611668
3602,108.342263052022,0.571269201234912,0.0122012997175855,19771.570668326,241.238859611668
3603,108.365541721461,0.571289826332433,0.0121979141038207,19777.0584018218,241.238859611668
3604,108.388816524346,0.571310620568323,0.012194530367485,19782.5461368236,241.238859611668
3605,108.412087263757,0.571331581144878,0.0121911485070178,19788.0338733303,241.238859611668
3606,108.435353746791,0.571352705308905,0.0121877685208603,19793.5216113408,241.238859611668
3607,108.458615784473,0.571373990350984,0.0121843904074555,19799.009350854,241.238859611668
3608,108.481873191684,0.571395433604727,0.0121810141652481,19804.4970918688,241.238859611668
3609,108.50512578708,0.571417032446071,0.0121776397926843,19809.984834384,241.238859611668
3610,108.52837339302,0.571438784292564,0.0121742672882124,19815.4725783986,241.238859611668
3611,108.551615835491,0.571460686602673,0.0121708966502821,19820.9603239115,241.238859611668
3612,108.574852944035,0.571482736875105,0.0121675278773449,19826.4480709215,241.238859611668
3613,108.598084551677,0.571504932648134,0.0121641609678541,19831.9358194275,241.238859611668
3614,108.621310494858,0.571527271498943,0.0121607959202647,19837.4235694284,241.238859611668
3615,108.644530613367,0.57154975104298,0.0121574327330333,19842.9113209232,241.238859611668
3616,108.667744750271,0.571572368933314,0.0121540714046182,19848.3990739106,241.238859611668
3617,108.690952751852,0.571595122860021,0.0121507119334796,19853.8868283897,241.238859611668
3618,108.714154467541,0.571618010549562,0.0121473543180792,19859.3745843593,241.238859611668
3619,108.737349749859,0.57164102976418,0.0121439985568804,19864.8623418183,241.238859611668
3620,108.760538454349,0.57166417830131,0.0121406446483484,19870.3501007656,241.238859611668
3621,108.783720439522,0.571687453992994,0.0121372925909501,19875.8378612001,241.238859611668
3622,108.806895566792,0.571710854705307,0.0121339423831539,19881.3256231206,241.238859611668
3623,108.830063700423,0.571734378337796,0.0121305940234303,19886.8133865262,241.238859611668
3624,108.853224707467,0.571758022822925,0.0121272475102509,19892.3011514157,241.238859611668
3625,108.876378457712,0.571781786125531,0.0121239028420895,19897.788917788,241.238859611668
3626,108.899524823627,0.571805666242291,0.0121205600174214,19903.2766856421,241.238859611668
3627,108.922663680305,0.571829661201194,0.0121172190347234,19908.7644549767,241.238859611668
3628,108.945794905414,0.571853769061028,0.0121138798924743,19914.2522257908,241.238859611668
3629,108.968918379143,0.571877987910868,0.0121105425891542,19919.7399980834,241.238859611668
3630,108.992033984155,0.571902315869582,0.0121072071232453,19925.2277718533,241.238859611668
3631,109.015141605532,0.571926751085337,0.0121038734932312,19930.7155470995,241.238859611668
3632,109.038241130731,0.57195129173512,0.0121005416975972,19936.2033238208,241.238859611668
3633,109.061332449536,0.571975936024261,0.0120972117348302,19941.6911020161,241.238859611668
3634,109.084415454007,0.572000682185972,0.0120938836034189,19947.1788816844,241.238859611668
3635,109.107490038441,0.572025528480885,0.0120905573018537,19952.6666628246,241.238859611668
3636,109.130556099322,0.572050473196607,0.0120872328286265,19958.1544454356,241.238859611668
3637,109.15361353528,0.572075514647273,0.0120839101822309,19963.6422295163,241.238859611668
3638,109.176662247045,0.572100651173116,0.0120805893611623,19969.1300150657,241.238859611668
3639,109.199702137409,0.572125881140039,0.0120772703639174,19974.6178020825,241.238859611668
3640,109.22273311118,0.572151202939191,0.012073953188995,19980.1055905658,241.238859611668
3641,109.245755075146,0.572176614986564,0.0120706378348952,19985.5933805145,241.238859611668
3642,109.268767938033,0.572202115722577,0.0120673243001198,19991.0811719274,241.238859611668
3643,109.291771610464,0.572227703611685,0.0120640125831726,19996.5689648036,241.238859611668
3644,109.314766004926,0.572253377141983,0.0120607026825584,20002.0567591418,241.238859611668
3645,109.337751035729,0.572279134824826,0.0120573945967843,20007.5445549411,241.238859611668
3646,109.360726618969,0.572304975194444,0.0120540883243585,20013.0323522004,241.238859611668
3647,109.383692672496,0.572330896807575,0.0120507838637912,20018.5201509185,241.238859611668
3648,109.406649115874,0.5723568982431,0.012047481213594,20024.0079510945,241.238859611668
3649,109.429595870351,0.572382978101676,0.0120441803722803,20029.4957527271,241.238859611668
3650,109.452532858822,0.572409135005394,0.012040881338365,20034.9835558154,241.238859611668
