"t","mv","model"
1,41.5894028308611,"HS"
2,41.5894028308611,"HS"
3,41.5894028308611,"HS"
4,41.5894028308611,"HS"
5,41.5894028308611,"HS"
6,41.5894028308611,"HS"
7,41.5894028308611,"HS"
8,41.5894028308611,"HS"
9,41.5894028308611,"HS"
10,41.5894028308611,"HS"
11,41.5894028308611,"HS"
12,41.5894028308611,"HS"
13,41.5894028308611,"HS"
14,41.5894028308611,"HS"
15,41.5894028308611,"HS"
16,41.5894028308611,"HS"
17,41.5894028308611,"HS"
18,41.5894028308611,"HS"
19,41.5894028308611,"HS"
20,41.5894028308611,"HS"
21,41.5894028308611,"HS"
22,41.5894028308611,"HS"
23,41.5894028308611,"HS"
24,41.5894028308611,"HS"
25,41.5894028308611,"HS"
26,41.5894028308611,"HS"
27,41.5894028308611,"HS"
28,41.5894028308611,"HS"
29,41.5894028308611,"HS"
30,41.5894028308611,"HS"
31,41.5894028308611,"HS"
32,41.5894028308611,"HS"
33,41.5894028308611,"HS"
34,41.5894028308611,"HS"
35,41.5894028308611,"HS"
36,41.5894028308611,"HS"
37,41.5894028308611,"HS"
38,41.5894028308611,"HS"
39,41.5894028308611,"HS"
40,41.5894028308611,"HS"
41,41.5894028308611,"HS"
42,41.5894028308611,"HS"
43,41.5894028308611,"HS"
44,41.5894028308611,"HS"
45,41.5894028308611,"HS"
46,41.5894028308611,"HS"
47,41.5894028308611,"HS"
48,41.5894028308611,"HS"
49,41.5894028308611,"HS"
50,41.5894028308611,"HS"
51,41.5894028308611,"HS"
52,41.5894028308611,"HS"
53,41.5894028308611,"HS"
54,41.5894028308611,"HS"
55,41.5894028308611,"HS"
56,41.5894028308611,"HS"
57,41.5894028308611,"HS"
58,41.5894028308611,"HS"
59,41.5894028308611,"HS"
60,41.5894028308611,"HS"
61,41.5894028308611,"HS"
62,41.5894028308611,"HS"
63,41.5894028308611,"HS"
64,41.5894028308611,"HS"
65,41.5894028308611,"HS"
66,41.5894028308611,"HS"
67,41.5894028308611,"HS"
68,41.5894028308611,"HS"
69,41.5894028308611,"HS"
70,41.5894028308611,"HS"
71,41.5894028308611,"HS"
72,41.5894028308611,"HS"
73,41.5894028308611,"HS"
74,41.5894028308611,"HS"
75,41.5894028308611,"HS"
76,41.5894028308611,"HS"
77,41.5894028308611,"HS"
78,41.5894028308611,"HS"
79,41.5894028308611,"HS"
80,41.5894028308611,"HS"
81,41.5894028308611,"HS"
82,41.5894028308611,"HS"
83,41.5894028308611,"HS"
84,41.5894028308611,"HS"
85,41.5894028308611,"HS"
86,41.5894028308611,"HS"
87,41.5894028308611,"HS"
88,41.5894028308611,"HS"
89,41.5894028308611,"HS"
90,41.5894028308611,"HS"
91,41.5894028308611,"HS"
92,41.5894028308611,"HS"
93,41.5894028308611,"HS"
94,41.5894028308611,"HS"
95,41.5894028308611,"HS"
96,41.5894028308611,"HS"
97,41.5894028308611,"HS"
98,41.5894028308611,"HS"
99,41.5894028308611,"HS"
100,41.5894028308611,"HS"
101,41.5894028308611,"HS"
102,41.5894028308611,"HS"
103,41.5894028308611,"HS"
104,41.5894028308611,"HS"
105,41.5894028308611,"HS"
106,41.5894028308611,"HS"
107,41.5894028308611,"HS"
108,41.5894028308611,"HS"
109,41.5894028308611,"HS"
110,41.5894028308611,"HS"
111,41.5894028308611,"HS"
112,41.5894028308611,"HS"
113,41.5894028308611,"HS"
114,41.5894028308611,"HS"
115,41.5894028308611,"HS"
116,41.5894028308611,"HS"
117,41.5894028308611,"HS"
118,41.5894028308611,"HS"
119,41.5894028308611,"HS"
120,41.5894028308611,"HS"
121,41.5894028308611,"HS"
122,41.5894028308611,"HS"
123,41.5894028308611,"HS"
124,41.5894028308611,"HS"
125,41.5894028308611,"HS"
126,41.5894028308611,"HS"
127,41.5894028308611,"HS"
128,41.5894028308611,"HS"
129,41.5894028308611,"HS"
130,41.5894028308611,"HS"
131,41.5894028308611,"HS"
132,41.5894028308611,"HS"
133,41.5894028308611,"HS"
134,41.5894028308611,"HS"
135,41.5894028308611,"HS"
136,41.5894028308611,"HS"
137,41.5894028308611,"HS"
138,41.5894028308611,"HS"
139,41.5894028308611,"HS"
140,41.5894028308611,"HS"
141,41.5894028308611,"HS"
142,41.5894028308611,"HS"
143,41.5894028308611,"HS"
144,41.5894028308611,"HS"
145,41.5894028308611,"HS"
146,41.5894028308611,"HS"
147,41.5894028308611,"HS"
148,41.5894028308611,"HS"
149,41.5894028308611,"HS"
150,41.5894028308611,"HS"
151,41.5894028308611,"HS"
152,41.5894028308611,"HS"
153,41.5894028308611,"HS"
154,41.5894028308611,"HS"
155,41.5894028308611,"HS"
156,41.5894028308611,"HS"
157,41.5894028308611,"HS"
158,41.5894028308611,"HS"
159,41.5894028308611,"HS"
160,41.5894028308611,"HS"
161,41.5894028308611,"HS"
162,41.5894028308611,"HS"
163,41.5894028308611,"HS"
164,41.5894028308611,"HS"
165,41.5894028308611,"HS"
166,41.5894028308611,"HS"
167,41.5894028308611,"HS"
168,41.5894028308611,"HS"
169,41.5894028308611,"HS"
170,41.5894028308611,"HS"
171,41.5894028308611,"HS"
172,41.5894028308611,"HS"
173,41.5894028308611,"HS"
174,41.5894028308611,"HS"
175,41.5894028308611,"HS"
176,41.5894028308611,"HS"
177,41.5894028308611,"HS"
178,41.5894028308611,"HS"
179,41.5894028308611,"HS"
180,41.5894028308611,"HS"
181,41.5894028308611,"HS"
182,41.5894028308611,"HS"
183,41.5894028308611,"HS"
184,41.5894028308611,"HS"
185,41.5894028308611,"HS"
186,41.5894028308611,"HS"
187,41.5894028308611,"HS"
188,41.5894028308611,"HS"
189,41.5894028308611,"HS"
190,41.5894028308611,"HS"
191,41.5894028308611,"HS"
192,41.5894028308611,"HS"
193,41.5894028308611,"HS"
194,41.5894028308611,"HS"
195,41.5894028308611,"HS"
196,41.5894028308611,"HS"
197,41.5894028308611,"HS"
198,41.5894028308611,"HS"
199,41.5894028308611,"HS"
200,41.5894028308611,"HS"
201,41.5894028308611,"HS"
202,41.5894028308611,"HS"
203,41.5894028308611,"HS"
204,41.5894028308611,"HS"
205,41.5894028308611,"HS"
206,41.5894028308611,"HS"
207,41.5894028308611,"HS"
208,41.5894028308611,"HS"
209,41.5894028308611,"HS"
210,41.5894028308611,"HS"
211,41.5894028308611,"HS"
212,41.5894028308611,"HS"
213,41.5894028308611,"HS"
214,41.5894028308611,"HS"
215,41.5894028308611,"HS"
216,41.5894028308611,"HS"
217,41.5894028308611,"HS"
218,41.5894028308611,"HS"
219,41.5894028308611,"HS"
220,41.5894028308611,"HS"
221,41.5894028308611,"HS"
222,41.5894028308611,"HS"
223,41.5894028308611,"HS"
224,41.5894028308611,"HS"
225,41.5894028308611,"HS"
226,41.5894028308611,"HS"
227,41.5894028308611,"HS"
228,41.5894028308611,"HS"
229,41.5894028308611,"HS"
230,41.5894028308611,"HS"
231,41.5894028308611,"HS"
232,41.5894028308611,"HS"
233,41.5894028308611,"HS"
234,41.5894028308611,"HS"
235,41.5894028308611,"HS"
236,41.5894028308611,"HS"
237,41.5894028308611,"HS"
238,41.5894028308611,"HS"
239,41.5894028308611,"HS"
240,41.5894028308611,"HS"
241,41.5894028308611,"HS"
242,41.5894028308611,"HS"
243,41.5894028308611,"HS"
244,41.5894028308611,"HS"
245,41.5894028308611,"HS"
246,41.5894028308611,"HS"
247,41.5894028308611,"HS"
248,41.5894028308611,"HS"
249,41.5894028308611,"HS"
250,41.5894028308611,"HS"
251,41.5894028308611,"HS"
252,41.5894028308611,"HS"
253,41.5894028308611,"HS"
254,41.5894028308611,"HS"
255,41.5894028308611,"HS"
256,41.5894028308611,"HS"
257,41.5894028308611,"HS"
258,41.5894028308611,"HS"
259,41.5894028308611,"HS"
260,41.5894028308611,"HS"
261,41.5894028308611,"HS"
262,41.5894028308611,"HS"
263,41.5894028308611,"HS"
264,41.5894028308611,"HS"
265,41.5894028308611,"HS"
266,41.5894028308611,"HS"
267,41.5894028308611,"HS"
268,41.5894028308611,"HS"
269,41.5894028308611,"HS"
270,41.5894028308611,"HS"
271,41.5894028308611,"HS"
272,41.5894028308611,"HS"
273,41.5894028308611,"HS"
274,41.5894028308611,"HS"
275,41.5894028308611,"HS"
276,41.5894028308611,"HS"
277,41.5894028308611,"HS"
278,41.5894028308611,"HS"
279,41.5894028308611,"HS"
280,41.5894028308611,"HS"
281,41.5894028308611,"HS"
282,41.5894028308611,"HS"
283,41.5894028308611,"HS"
284,41.5894028308611,"HS"
285,41.5894028308611,"HS"
286,41.5894028308611,"HS"
287,41.5894028308611,"HS"
288,41.5894028308611,"HS"
289,41.5894028308611,"HS"
290,41.5894028308611,"HS"
291,41.5894028308611,"HS"
292,41.5894028308611,"HS"
293,41.5894028308611,"HS"
294,41.5894028308611,"HS"
295,41.5894028308611,"HS"
296,41.5894028308611,"HS"
297,41.5894028308611,"HS"
298,41.5894028308611,"HS"
299,41.5894028308611,"HS"
300,41.5894028308611,"HS"
301,41.5894028308611,"HS"
302,41.5894028308611,"HS"
303,41.5894028308611,"HS"
304,41.5894028308611,"HS"
305,41.5894028308611,"HS"
306,41.5894028308611,"HS"
307,41.5894028308611,"HS"
308,41.5894028308611,"HS"
309,41.5894028308611,"HS"
310,41.5894028308611,"HS"
311,41.5894028308611,"HS"
312,41.5894028308611,"HS"
313,41.5894028308611,"HS"
314,41.5894028308611,"HS"
315,41.5894028308611,"HS"
316,41.5894028308611,"HS"
317,41.5894028308611,"HS"
318,41.5894028308611,"HS"
319,41.5894028308611,"HS"
320,41.5894028308611,"HS"
321,41.5894028308611,"HS"
322,41.5894028308611,"HS"
323,41.5894028308611,"HS"
324,41.5894028308611,"HS"
325,41.5894028308611,"HS"
326,41.5894028308611,"HS"
327,41.5894028308611,"HS"
328,41.5894028308611,"HS"
329,41.5894028308611,"HS"
330,41.5894028308611,"HS"
331,41.5894028308611,"HS"
332,41.5894028308611,"HS"
333,41.5894028308611,"HS"
334,41.5894028308611,"HS"
335,41.5894028308611,"HS"
336,41.5894028308611,"HS"
337,41.5894028308611,"HS"
338,41.5894028308611,"HS"
339,41.5894028308611,"HS"
340,41.5894028308611,"HS"
341,41.5894028308611,"HS"
342,41.5894028308611,"HS"
343,41.5894028308611,"HS"
344,41.5894028308611,"HS"
345,41.5894028308611,"HS"
346,41.5894028308611,"HS"
347,41.5894028308611,"HS"
348,41.5894028308611,"HS"
349,41.5894028308611,"HS"
350,41.5894028308611,"HS"
351,41.5894028308611,"HS"
352,41.5894028308611,"HS"
353,41.5894028308611,"HS"
354,41.5894028308611,"HS"
355,41.5894028308611,"HS"
356,41.5894028308611,"HS"
357,41.5894028308611,"HS"
358,41.5894028308611,"HS"
359,41.5894028308611,"HS"
360,41.5894028308611,"HS"
361,41.5894028308611,"HS"
362,41.5894028308611,"HS"
363,41.5894028308611,"HS"
364,41.5894028308611,"HS"
365,41.5894028308611,"HS"
366,41.5894028308611,"HS"
367,41.5894028308611,"HS"
368,41.5894028308611,"HS"
369,41.5894028308611,"HS"
370,41.5894028308611,"HS"
371,41.5894028308611,"HS"
372,41.5894028308611,"HS"
373,41.5894028308611,"HS"
374,41.5894028308611,"HS"
375,41.5894028308611,"HS"
376,41.5894028308611,"HS"
377,41.5894028308611,"HS"
378,41.5894028308611,"HS"
379,41.5894028308611,"HS"
380,41.5894028308611,"HS"
381,41.5894028308611,"HS"
382,41.5894028308611,"HS"
383,41.5894028308611,"HS"
384,41.5894028308611,"HS"
385,41.5894028308611,"HS"
386,41.5894028308611,"HS"
387,41.5894028308611,"HS"
388,41.5894028308611,"HS"
389,41.5894028308611,"HS"
390,41.5894028308611,"HS"
391,41.5894028308611,"HS"
392,41.5894028308611,"HS"
393,41.5894028308611,"HS"
394,41.5894028308611,"HS"
395,41.5894028308611,"HS"
396,41.5894028308611,"HS"
397,41.5894028308611,"HS"
398,41.5894028308611,"HS"
399,41.5894028308611,"HS"
400,41.5894028308611,"HS"
401,41.5894028308611,"HS"
402,41.5894028308611,"HS"
403,41.5894028308611,"HS"
404,41.5894028308611,"HS"
405,41.5894028308611,"HS"
406,41.5894028308611,"HS"
407,41.5894028308611,"HS"
408,41.5894028308611,"HS"
409,41.5894028308611,"HS"
410,41.5894028308611,"HS"
411,41.5894028308611,"HS"
412,41.5894028308611,"HS"
413,41.5894028308611,"HS"
414,41.5894028308611,"HS"
415,41.5894028308611,"HS"
416,41.5894028308611,"HS"
417,41.5894028308611,"HS"
418,41.5894028308611,"HS"
419,41.5894028308611,"HS"
420,41.5894028308611,"HS"
421,41.5894028308611,"HS"
422,41.5894028308611,"HS"
423,41.5894028308611,"HS"
424,41.5894028308611,"HS"
425,41.5894028308611,"HS"
426,41.5894028308611,"HS"
427,41.5894028308611,"HS"
428,41.5894028308611,"HS"
429,41.5894028308611,"HS"
430,41.5894028308611,"HS"
431,41.5894028308611,"HS"
432,41.5894028308611,"HS"
433,41.5894028308611,"HS"
434,41.5894028308611,"HS"
435,41.5894028308611,"HS"
436,41.5894028308611,"HS"
437,41.5894028308611,"HS"
438,41.5894028308611,"HS"
439,41.5894028308611,"HS"
440,41.5894028308611,"HS"
441,41.5894028308611,"HS"
442,41.5894028308611,"HS"
443,41.5894028308611,"HS"
444,41.5894028308611,"HS"
445,41.5894028308611,"HS"
446,41.5894028308611,"HS"
447,41.5894028308611,"HS"
448,41.5894028308611,"HS"
449,41.5894028308611,"HS"
450,41.5894028308611,"HS"
451,41.5894028308611,"HS"
452,41.5894028308611,"HS"
453,41.5894028308611,"HS"
454,41.5894028308611,"HS"
455,41.5894028308611,"HS"
456,41.5894028308611,"HS"
457,41.5894028308611,"HS"
458,41.5894028308611,"HS"
459,41.5894028308611,"HS"
460,41.5894028308611,"HS"
461,41.5894028308611,"HS"
462,41.5894028308611,"HS"
463,41.5894028308611,"HS"
464,41.5894028308611,"HS"
465,41.5894028308611,"HS"
466,41.5894028308611,"HS"
467,41.5894028308611,"HS"
468,41.5894028308611,"HS"
469,41.5894028308611,"HS"
470,41.5894028308611,"HS"
471,41.5894028308611,"HS"
472,41.5894028308611,"HS"
473,41.5894028308611,"HS"
474,41.5894028308611,"HS"
475,41.5894028308611,"HS"
476,41.5894028308611,"HS"
477,41.5894028308611,"HS"
478,41.5894028308611,"HS"
479,41.5894028308611,"HS"
480,41.5894028308611,"HS"
481,41.5894028308611,"HS"
482,41.5894028308611,"HS"
483,41.5894028308611,"HS"
484,41.5894028308611,"HS"
485,41.5894028308611,"HS"
486,41.5894028308611,"HS"
487,41.5894028308611,"HS"
488,41.5894028308611,"HS"
489,41.5894028308611,"HS"
490,41.5894028308611,"HS"
491,41.5894028308611,"HS"
492,41.5894028308611,"HS"
493,41.5894028308611,"HS"
494,41.5894028308611,"HS"
495,41.5894028308611,"HS"
496,41.5894028308611,"HS"
497,41.5894028308611,"HS"
498,41.5894028308611,"HS"
499,41.5894028308611,"HS"
500,41.5894028308611,"HS"
501,41.5894028308611,"HS"
502,41.5894028308611,"HS"
503,41.5894028308611,"HS"
504,41.5894028308611,"HS"
505,41.5894028308611,"HS"
506,41.5894028308611,"HS"
507,41.5894028308611,"HS"
508,41.5894028308611,"HS"
509,41.5894028308611,"HS"
510,41.5894028308611,"HS"
511,41.5894028308611,"HS"
512,41.5894028308611,"HS"
513,41.5894028308611,"HS"
514,41.5894028308611,"HS"
515,41.5894028308611,"HS"
516,41.5894028308611,"HS"
517,41.5894028308611,"HS"
518,41.5894028308611,"HS"
519,41.5894028308611,"HS"
520,41.5894028308611,"HS"
521,41.5894028308611,"HS"
522,41.5894028308611,"HS"
523,41.5894028308611,"HS"
524,41.5894028308611,"HS"
525,41.5894028308611,"HS"
526,41.5894028308611,"HS"
527,41.5894028308611,"HS"
528,41.5894028308611,"HS"
529,41.5894028308611,"HS"
530,41.5894028308611,"HS"
531,41.5894028308611,"HS"
532,41.5894028308611,"HS"
533,41.5894028308611,"HS"
534,41.5894028308611,"HS"
535,41.5894028308611,"HS"
536,41.5894028308611,"HS"
537,41.5894028308611,"HS"
538,41.5894028308611,"HS"
539,41.5894028308611,"HS"
540,41.5894028308611,"HS"
541,41.5894028308611,"HS"
542,41.5894028308611,"HS"
543,41.5894028308611,"HS"
544,41.5894028308611,"HS"
545,41.5894028308611,"HS"
546,41.5894028308611,"HS"
547,41.5894028308611,"HS"
548,41.5894028308611,"HS"
549,41.5894028308611,"HS"
550,41.5894028308611,"HS"
551,41.5894028308611,"HS"
552,41.5894028308611,"HS"
553,41.5894028308611,"HS"
554,41.5894028308611,"HS"
555,41.5894028308611,"HS"
556,41.5894028308611,"HS"
557,41.5894028308611,"HS"
558,41.5894028308611,"HS"
559,41.5894028308611,"HS"
560,41.5894028308611,"HS"
561,41.5894028308611,"HS"
562,41.5894028308611,"HS"
563,41.5894028308611,"HS"
564,41.5894028308611,"HS"
565,41.5894028308611,"HS"
566,41.5894028308611,"HS"
567,41.5894028308611,"HS"
568,41.5894028308611,"HS"
569,41.5894028308611,"HS"
570,41.5894028308611,"HS"
571,41.5894028308611,"HS"
572,41.5894028308611,"HS"
573,41.5894028308611,"HS"
574,41.5894028308611,"HS"
575,41.5894028308611,"HS"
576,41.5894028308611,"HS"
577,41.5894028308611,"HS"
578,41.5894028308611,"HS"
579,41.5894028308611,"HS"
580,41.5894028308611,"HS"
581,41.5894028308611,"HS"
582,41.5894028308611,"HS"
583,41.5894028308611,"HS"
584,41.5894028308611,"HS"
585,41.5894028308611,"HS"
586,41.5894028308611,"HS"
587,41.5894028308611,"HS"
588,41.5894028308611,"HS"
589,41.5894028308611,"HS"
590,41.5894028308611,"HS"
591,41.5894028308611,"HS"
592,41.5894028308611,"HS"
593,41.5894028308611,"HS"
594,41.5894028308611,"HS"
595,41.5894028308611,"HS"
596,41.5894028308611,"HS"
597,41.5894028308611,"HS"
598,41.5894028308611,"HS"
599,41.5894028308611,"HS"
600,41.5894028308611,"HS"
601,41.5894028308611,"HS"
602,41.5894028308611,"HS"
603,41.5894028308611,"HS"
604,41.5894028308611,"HS"
605,41.5894028308611,"HS"
606,41.5894028308611,"HS"
607,41.5894028308611,"HS"
608,41.5894028308611,"HS"
609,41.5894028308611,"HS"
610,41.5894028308611,"HS"
611,41.5894028308611,"HS"
612,41.5894028308611,"HS"
613,41.5894028308611,"HS"
614,41.5894028308611,"HS"
615,41.5894028308611,"HS"
616,41.5894028308611,"HS"
617,41.5894028308611,"HS"
618,41.5894028308611,"HS"
619,41.5894028308611,"HS"
620,41.5894028308611,"HS"
621,41.5894028308611,"HS"
622,41.5894028308611,"HS"
623,41.5894028308611,"HS"
624,41.5894028308611,"HS"
625,41.5894028308611,"HS"
626,41.5894028308611,"HS"
627,41.5894028308611,"HS"
628,41.5894028308611,"HS"
629,41.5894028308611,"HS"
630,41.5894028308611,"HS"
631,41.5894028308611,"HS"
632,41.5894028308611,"HS"
633,41.5894028308611,"HS"
634,41.5894028308611,"HS"
635,41.5894028308611,"HS"
636,41.5894028308611,"HS"
637,41.5894028308611,"HS"
638,41.5894028308611,"HS"
639,41.5894028308611,"HS"
640,41.5894028308611,"HS"
641,41.5894028308611,"HS"
642,41.5894028308611,"HS"
643,41.5894028308611,"HS"
644,41.5894028308611,"HS"
645,41.5894028308611,"HS"
646,41.5894028308611,"HS"
647,41.5894028308611,"HS"
648,41.5894028308611,"HS"
649,41.5894028308611,"HS"
650,41.5894028308611,"HS"
651,41.5894028308611,"HS"
652,41.5894028308611,"HS"
653,41.5894028308611,"HS"
654,41.5894028308611,"HS"
655,41.5894028308611,"HS"
656,41.5894028308611,"HS"
657,41.5894028308611,"HS"
658,41.5894028308611,"HS"
659,41.5894028308611,"HS"
660,41.5894028308611,"HS"
661,41.5894028308611,"HS"
662,41.5894028308611,"HS"
663,41.5894028308611,"HS"
664,41.5894028308611,"HS"
665,41.5894028308611,"HS"
666,41.5894028308611,"HS"
667,41.5894028308611,"HS"
668,41.5894028308611,"HS"
669,41.5894028308611,"HS"
670,41.5894028308611,"HS"
671,41.5894028308611,"HS"
672,41.5894028308611,"HS"
673,41.5894028308611,"HS"
674,41.5894028308611,"HS"
675,41.5894028308611,"HS"
676,41.5894028308611,"HS"
677,41.5894028308611,"HS"
678,41.5894028308611,"HS"
679,41.5894028308611,"HS"
680,41.5894028308611,"HS"
681,41.5894028308611,"HS"
682,41.5894028308611,"HS"
683,41.5894028308611,"HS"
684,41.5894028308611,"HS"
685,41.5894028308611,"HS"
686,41.5894028308611,"HS"
687,41.5894028308611,"HS"
688,41.5894028308611,"HS"
689,41.5894028308611,"HS"
690,41.5894028308611,"HS"
691,41.5894028308611,"HS"
692,41.5894028308611,"HS"
693,41.5894028308611,"HS"
694,41.5894028308611,"HS"
695,41.5894028308611,"HS"
696,41.5894028308611,"HS"
697,41.5894028308611,"HS"
698,41.5894028308611,"HS"
699,41.5894028308611,"HS"
700,41.5894028308611,"HS"
701,41.5894028308611,"HS"
702,41.5894028308611,"HS"
703,41.5894028308611,"HS"
704,41.5894028308611,"HS"
705,41.5894028308611,"HS"
706,41.5894028308611,"HS"
707,41.5894028308611,"HS"
708,41.5894028308611,"HS"
709,41.5894028308611,"HS"
710,41.5894028308611,"HS"
711,41.5894028308611,"HS"
712,41.5894028308611,"HS"
713,41.5894028308611,"HS"
714,41.5894028308611,"HS"
715,41.5894028308611,"HS"
716,41.5894028308611,"HS"
717,41.5894028308611,"HS"
718,41.5894028308611,"HS"
719,41.5894028308611,"HS"
720,41.5894028308611,"HS"
721,41.5894028308611,"HS"
722,41.5894028308611,"HS"
723,41.5894028308611,"HS"
724,41.5894028308611,"HS"
725,41.5894028308611,"HS"
726,41.5894028308611,"HS"
727,41.5894028308611,"HS"
728,41.5894028308611,"HS"
729,41.5894028308611,"HS"
730,41.5894028308611,"HS"
731,41.5894028308611,"HS"
732,41.5894028308611,"HS"
733,41.5894028308611,"HS"
734,41.5894028308611,"HS"
735,41.5894028308611,"HS"
736,41.5894028308611,"HS"
737,41.5894028308611,"HS"
738,41.5894028308611,"HS"
739,41.5894028308611,"HS"
740,41.5894028308611,"HS"
741,41.5894028308611,"HS"
742,41.5894028308611,"HS"
743,41.5894028308611,"HS"
744,41.5894028308611,"HS"
745,41.5894028308611,"HS"
746,41.5894028308611,"HS"
747,41.5894028308611,"HS"
748,41.5894028308611,"HS"
749,41.5894028308611,"HS"
750,41.5894028308611,"HS"
751,41.5894028308611,"HS"
752,41.5894028308611,"HS"
753,41.5894028308611,"HS"
754,41.5894028308611,"HS"
755,41.5894028308611,"HS"
756,41.5894028308611,"HS"
757,41.5894028308611,"HS"
758,41.5894028308611,"HS"
759,41.5894028308611,"HS"
760,41.5894028308611,"HS"
761,41.5894028308611,"HS"
762,41.5894028308611,"HS"
763,41.5894028308611,"HS"
764,41.5894028308611,"HS"
765,41.5894028308611,"HS"
766,41.5894028308611,"HS"
767,41.5894028308611,"HS"
768,41.5894028308611,"HS"
769,41.5894028308611,"HS"
770,41.5894028308611,"HS"
771,41.5894028308611,"HS"
772,41.5894028308611,"HS"
773,41.5894028308611,"HS"
774,41.5894028308611,"HS"
775,41.5894028308611,"HS"
776,41.5894028308611,"HS"
777,41.5894028308611,"HS"
778,41.5894028308611,"HS"
779,41.5894028308611,"HS"
780,41.5894028308611,"HS"
781,41.5894028308611,"HS"
782,41.5894028308611,"HS"
783,41.5894028308611,"HS"
784,41.5894028308612,"HS"
785,41.5894028308611,"HS"
786,41.5894028308611,"HS"
787,41.5894028308611,"HS"
788,41.5894028308611,"HS"
789,41.5894028308611,"HS"
790,41.5894028308611,"HS"
791,41.5894028308611,"HS"
792,41.5894028308611,"HS"
793,41.5894028308611,"HS"
794,41.5894028308611,"HS"
795,41.5894028308611,"HS"
796,41.5894028308611,"HS"
797,41.5894028308611,"HS"
798,41.5894028308611,"HS"
799,41.5894028308611,"HS"
800,41.5894028308611,"HS"
801,41.5894028308611,"HS"
802,41.5894028308611,"HS"
803,41.5894028308611,"HS"
804,41.5894028308611,"HS"
805,41.5894028308611,"HS"
806,41.5894028308611,"HS"
807,41.5894028308611,"HS"
808,41.5894028308611,"HS"
809,41.5894028308611,"HS"
810,41.5894028308611,"HS"
811,41.5894028308611,"HS"
812,41.5894028308611,"HS"
813,41.5894028308611,"HS"
814,41.5894028308611,"HS"
815,41.5894028308611,"HS"
816,41.5894028308611,"HS"
817,41.5894028308611,"HS"
818,41.5894028308611,"HS"
819,41.5894028308611,"HS"
820,41.5894028308611,"HS"
821,41.5894028308611,"HS"
822,41.5894028308611,"HS"
823,41.5894028308611,"HS"
824,41.5894028308611,"HS"
825,41.5894028308611,"HS"
826,41.5894028308611,"HS"
827,41.5894028308611,"HS"
828,41.5894028308611,"HS"
829,41.5894028308611,"HS"
830,41.5894028308611,"HS"
831,41.5894028308611,"HS"
832,41.5894028308611,"HS"
833,41.5894028308611,"HS"
834,41.5894028308611,"HS"
835,41.5894028308611,"HS"
836,41.5894028308611,"HS"
837,41.5894028308611,"HS"
838,41.5894028308611,"HS"
839,41.5894028308611,"HS"
840,41.5894028308611,"HS"
841,41.5894028308611,"HS"
842,41.5894028308611,"HS"
843,41.5894028308611,"HS"
844,41.5894028308611,"HS"
845,41.5894028308611,"HS"
846,41.5894028308611,"HS"
847,41.5894028308611,"HS"
848,41.5894028308611,"HS"
849,41.5894028308611,"HS"
850,41.5894028308611,"HS"
851,41.5894028308611,"HS"
852,41.5894028308611,"HS"
853,41.5894028308611,"HS"
854,41.5894028308611,"HS"
855,41.5894028308611,"HS"
856,41.5894028308611,"HS"
857,41.5894028308611,"HS"
858,41.5894028308611,"HS"
859,41.5894028308611,"HS"
860,41.5894028308611,"HS"
861,41.5894028308611,"HS"
862,41.5894028308611,"HS"
863,41.5894028308611,"HS"
864,41.5894028308611,"HS"
865,41.5894028308611,"HS"
866,41.5894028308611,"HS"
867,41.5894028308611,"HS"
868,41.5894028308611,"HS"
869,41.5894028308611,"HS"
870,41.5894028308611,"HS"
871,41.5894028308611,"HS"
872,41.5894028308611,"HS"
873,41.5894028308611,"HS"
874,41.5894028308611,"HS"
875,41.5894028308611,"HS"
876,41.5894028308611,"HS"
877,41.5894028308611,"HS"
878,41.5894028308611,"HS"
879,41.5894028308611,"HS"
880,41.5894028308611,"HS"
881,41.5894028308611,"HS"
882,41.5894028308611,"HS"
883,41.5894028308611,"HS"
884,41.5894028308611,"HS"
885,41.5894028308611,"HS"
886,41.5894028308611,"HS"
887,41.5894028308611,"HS"
888,41.5894028308611,"HS"
889,41.5894028308611,"HS"
890,41.5894028308611,"HS"
891,41.5894028308611,"HS"
892,41.5894028308611,"HS"
893,41.5894028308611,"HS"
894,41.5894028308611,"HS"
895,41.5894028308611,"HS"
896,41.5894028308611,"HS"
897,41.5894028308611,"HS"
898,41.5894028308611,"HS"
899,41.5894028308611,"HS"
900,41.5894028308611,"HS"
901,41.5894028308611,"HS"
902,41.5894028308611,"HS"
903,41.5894028308611,"HS"
904,41.5894028308611,"HS"
905,41.5894028308611,"HS"
906,41.5894028308611,"HS"
907,41.5894028308611,"HS"
908,41.5894028308611,"HS"
909,41.5894028308611,"HS"
910,41.5894028308611,"HS"
911,41.5894028308611,"HS"
912,41.5894028308611,"HS"
913,41.5894028308611,"HS"
914,41.5894028308611,"HS"
915,41.5894028308611,"HS"
916,41.5894028308611,"HS"
917,41.5894028308611,"HS"
918,41.5894028308611,"HS"
919,41.5894028308611,"HS"
920,41.5894028308611,"HS"
921,41.5894028308611,"HS"
922,41.5894028308611,"HS"
923,41.5894028308611,"HS"
924,41.5894028308611,"HS"
925,41.5894028308611,"HS"
926,41.5894028308611,"HS"
927,41.5894028308611,"HS"
928,41.5894028308611,"HS"
929,41.5894028308611,"HS"
930,41.5894028308611,"HS"
931,41.5894028308611,"HS"
932,41.5894028308611,"HS"
933,41.5894028308611,"HS"
934,41.5894028308611,"HS"
935,41.5894028308611,"HS"
936,41.5894028308611,"HS"
937,41.5894028308611,"HS"
938,41.5894028308611,"HS"
939,41.5894028308611,"HS"
940,41.5894028308611,"HS"
941,41.5894028308611,"HS"
942,41.5894028308611,"HS"
943,41.5894028308611,"HS"
944,41.5894028308611,"HS"
945,41.5894028308611,"HS"
946,41.5894028308611,"HS"
947,41.5894028308611,"HS"
948,41.5894028308611,"HS"
949,41.5894028308611,"HS"
950,41.5894028308611,"HS"
951,41.5894028308611,"HS"
952,41.5894028308611,"HS"
953,41.5894028308611,"HS"
954,41.5894028308611,"HS"
955,41.5894028308611,"HS"
956,41.5894028308611,"HS"
957,41.5894028308611,"HS"
958,41.5894028308611,"HS"
959,41.5894028308611,"HS"
960,41.5894028308611,"HS"
961,41.5894028308611,"HS"
962,41.5894028308611,"HS"
963,41.5894028308611,"HS"
964,41.5894028308611,"HS"
965,41.5894028308611,"HS"
966,41.5894028308611,"HS"
967,41.5894028308611,"HS"
968,41.5894028308611,"HS"
969,41.5894028308611,"HS"
970,41.5894028308611,"HS"
971,41.5894028308611,"HS"
972,41.5894028308611,"HS"
973,41.5894028308611,"HS"
974,41.5894028308611,"HS"
975,41.5894028308611,"HS"
976,41.5894028308611,"HS"
977,41.5894028308611,"HS"
978,41.5894028308611,"HS"
979,41.5894028308611,"HS"
980,41.5894028308611,"HS"
981,41.5894028308611,"HS"
982,41.5894028308611,"HS"
983,41.5894028308611,"HS"
984,41.5894028308611,"HS"
985,41.5894028308611,"HS"
986,41.5894028308611,"HS"
987,41.5894028308611,"HS"
988,41.5894028308611,"HS"
989,41.5894028308611,"HS"
990,41.5894028308611,"HS"
991,41.5894028308611,"HS"
992,41.5894028308611,"HS"
993,41.5894028308611,"HS"
994,41.5894028308611,"HS"
995,41.5894028308611,"HS"
996,41.5894028308611,"HS"
997,41.5894028308611,"HS"
998,41.5894028308611,"HS"
999,41.5894028308611,"HS"
1000,41.5894028308611,"HS"
1001,41.5894028308611,"HS"
1002,41.5894028308611,"HS"
1003,41.5894028308611,"HS"
1004,41.5894028308611,"HS"
1005,41.5894028308611,"HS"
1006,41.5894028308611,"HS"
1007,41.5894028308611,"HS"
1008,41.5894028308611,"HS"
1009,41.5894028308611,"HS"
1010,41.5894028308611,"HS"
1011,41.5894028308611,"HS"
1012,41.5894028308611,"HS"
1013,41.5894028308611,"HS"
1014,41.5894028308611,"HS"
1015,41.5894028308611,"HS"
1016,41.5894028308611,"HS"
1017,41.5894028308611,"HS"
1018,41.5894028308611,"HS"
1019,41.5894028308611,"HS"
1020,41.5894028308611,"HS"
1021,41.5894028308611,"HS"
1022,41.5894028308611,"HS"
1023,41.5894028308611,"HS"
1024,41.5894028308611,"HS"
1025,41.5894028308611,"HS"
1026,41.5894028308611,"HS"
1027,41.5894028308611,"HS"
1028,41.5894028308611,"HS"
1029,41.5894028308611,"HS"
1030,41.5894028308611,"HS"
1031,41.5894028308611,"HS"
1032,41.5894028308611,"HS"
1033,41.5894028308611,"HS"
1034,41.5894028308611,"HS"
1035,41.5894028308611,"HS"
1036,41.5894028308611,"HS"
1037,41.5894028308611,"HS"
1038,41.5894028308611,"HS"
1039,41.5894028308611,"HS"
1040,41.5894028308611,"HS"
1041,41.5894028308611,"HS"
1042,41.5894028308611,"HS"
1043,41.5894028308611,"HS"
1044,41.5894028308611,"HS"
1045,41.5894028308611,"HS"
1046,41.5894028308611,"HS"
1047,41.5894028308611,"HS"
1048,41.5894028308611,"HS"
1049,41.5894028308611,"HS"
1050,41.5894028308611,"HS"
1051,41.5894028308611,"HS"
1052,41.5894028308611,"HS"
1053,41.5894028308611,"HS"
1054,41.5894028308611,"HS"
1055,41.5894028308611,"HS"
1056,41.5894028308611,"HS"
1057,41.5894028308611,"HS"
1058,41.5894028308611,"HS"
1059,41.5894028308611,"HS"
1060,41.5894028308611,"HS"
1061,41.5894028308611,"HS"
1062,41.5894028308611,"HS"
1063,41.5894028308611,"HS"
1064,41.5894028308611,"HS"
1065,41.5894028308611,"HS"
1066,41.5894028308611,"HS"
1067,41.5894028308611,"HS"
1068,41.5894028308611,"HS"
1069,41.5894028308611,"HS"
1070,41.5894028308611,"HS"
1071,41.5894028308611,"HS"
1072,41.5894028308611,"HS"
1073,41.5894028308611,"HS"
1074,41.5894028308611,"HS"
1075,41.5894028308611,"HS"
1076,41.5894028308611,"HS"
1077,41.5894028308611,"HS"
1078,41.5894028308611,"HS"
1079,41.5894028308611,"HS"
1080,41.5894028308611,"HS"
1081,41.5894028308611,"HS"
1082,41.5894028308611,"HS"
1083,41.5894028308611,"HS"
1084,41.5894028308611,"HS"
1085,41.5894028308611,"HS"
1086,41.5894028308611,"HS"
1087,41.5894028308611,"HS"
1088,41.5894028308611,"HS"
1089,41.5894028308611,"HS"
1090,41.5894028308611,"HS"
1091,41.5894028308611,"HS"
1092,41.5894028308611,"HS"
1093,41.5894028308611,"HS"
1094,41.5894028308611,"HS"
1095,41.5894028308611,"HS"
1096,41.5894028308611,"HS"
1097,41.5894028308611,"HS"
1098,41.5894028308611,"HS"
1099,41.5894028308611,"HS"
1100,41.5894028308611,"HS"
1101,41.5894028308611,"HS"
1102,41.5894028308611,"HS"
1103,41.5894028308611,"HS"
1104,41.5894028308611,"HS"
1105,41.5894028308611,"HS"
1106,41.5894028308611,"HS"
1107,41.5894028308611,"HS"
1108,41.5894028308611,"HS"
1109,41.5894028308611,"HS"
1110,41.5894028308611,"HS"
1111,41.5894028308611,"HS"
1112,41.5894028308611,"HS"
1113,41.5894028308611,"HS"
1114,41.5894028308611,"HS"
1115,41.5894028308611,"HS"
1116,41.5894028308611,"HS"
1117,41.5894028308611,"HS"
1118,41.5894028308611,"HS"
1119,41.5894028308611,"HS"
1120,41.5894028308611,"HS"
1121,41.5894028308611,"HS"
1122,41.5894028308611,"HS"
1123,41.5894028308611,"HS"
1124,41.5894028308611,"HS"
1125,41.5894028308611,"HS"
1126,41.5894028308611,"HS"
1127,41.5894028308611,"HS"
1128,41.5894028308611,"HS"
1129,41.5894028308611,"HS"
1130,41.5894028308611,"HS"
1131,41.5894028308611,"HS"
1132,41.5894028308611,"HS"
1133,41.5894028308611,"HS"
1134,41.5894028308611,"HS"
1135,41.5894028308611,"HS"
1136,41.5894028308611,"HS"
1137,41.5894028308611,"HS"
1138,41.5894028308611,"HS"
1139,41.5894028308611,"HS"
1140,41.5894028308611,"HS"
1141,41.5894028308611,"HS"
1142,41.5894028308611,"HS"
1143,41.5894028308611,"HS"
1144,41.5894028308611,"HS"
1145,41.5894028308611,"HS"
1146,41.5894028308611,"HS"
1147,41.5894028308611,"HS"
1148,41.5894028308611,"HS"
1149,41.5894028308611,"HS"
1150,41.5894028308611,"HS"
1151,41.5894028308611,"HS"
1152,41.5894028308611,"HS"
1153,41.5894028308611,"HS"
1154,41.5894028308611,"HS"
1155,41.5894028308611,"HS"
1156,41.5894028308611,"HS"
1157,41.5894028308611,"HS"
1158,41.5894028308611,"HS"
1159,41.5894028308611,"HS"
1160,41.5894028308611,"HS"
1161,41.5894028308611,"HS"
1162,41.5894028308611,"HS"
1163,41.5894028308611,"HS"
1164,41.5894028308611,"HS"
1165,41.5894028308611,"HS"
1166,41.5894028308611,"HS"
1167,41.5894028308611,"HS"
1168,41.5894028308611,"HS"
1169,41.5894028308611,"HS"
1170,41.5894028308611,"HS"
1171,41.5894028308611,"HS"
1172,41.5894028308611,"HS"
1173,41.5894028308611,"HS"
1174,41.5894028308611,"HS"
1175,41.5894028308611,"HS"
1176,41.5894028308611,"HS"
1177,41.5894028308611,"HS"
1178,41.5894028308611,"HS"
1179,41.5894028308611,"HS"
1180,41.5894028308611,"HS"
1181,41.5894028308611,"HS"
1182,41.5894028308611,"HS"
1183,41.5894028308611,"HS"
1184,41.5894028308611,"HS"
1185,41.5894028308611,"HS"
1186,41.5894028308611,"HS"
1187,41.5894028308611,"HS"
1188,41.5894028308611,"HS"
1189,41.5894028308611,"HS"
1190,41.5894028308611,"HS"
1191,41.5894028308611,"HS"
1192,41.5894028308611,"HS"
1193,41.5894028308611,"HS"
1194,41.5894028308611,"HS"
1195,41.5894028308611,"HS"
1196,41.5894028308611,"HS"
1197,41.5894028308611,"HS"
1198,41.5894028308611,"HS"
1199,41.5894028308611,"HS"
1200,41.5894028308611,"HS"
1201,41.5894028308611,"HS"
1202,41.5894028308611,"HS"
1203,41.5894028308611,"HS"
1204,41.5894028308611,"HS"
1205,41.5894028308611,"HS"
1206,41.5894028308611,"HS"
1207,41.5894028308611,"HS"
1208,41.5894028308611,"HS"
1209,41.5894028308611,"HS"
1210,41.5894028308611,"HS"
1211,41.5894028308611,"HS"
1212,41.5894028308611,"HS"
1213,41.5894028308611,"HS"
1214,41.5894028308611,"HS"
1215,41.5894028308611,"HS"
1216,41.5894028308611,"HS"
1217,41.5894028308611,"HS"
1218,41.5894028308611,"HS"
1219,41.5894028308611,"HS"
1220,41.5894028308611,"HS"
1221,41.5894028308611,"HS"
1222,41.5894028308611,"HS"
1223,41.5894028308611,"HS"
1224,41.5894028308611,"HS"
1225,41.5894028308611,"HS"
1226,41.5894028308611,"HS"
1227,41.5894028308611,"HS"
1228,41.5894028308611,"HS"
1229,41.5894028308611,"HS"
1230,41.5894028308611,"HS"
1231,41.5894028308611,"HS"
1232,41.5894028308611,"HS"
1233,41.5894028308611,"HS"
1234,41.5894028308611,"HS"
1235,41.5894028308611,"HS"
1236,41.5894028308611,"HS"
1237,41.5894028308611,"HS"
1238,41.5894028308611,"HS"
1239,41.5894028308611,"HS"
1240,41.5894028308611,"HS"
1241,41.5894028308611,"HS"
1242,41.5894028308611,"HS"
1243,41.5894028308611,"HS"
1244,41.5894028308611,"HS"
1245,41.5894028308611,"HS"
1246,41.5894028308611,"HS"
1247,41.5894028308611,"HS"
1248,41.5894028308611,"HS"
1249,41.5894028308611,"HS"
1250,41.5894028308611,"HS"
1251,41.5894028308611,"HS"
1252,41.5894028308611,"HS"
1253,41.5894028308611,"HS"
1254,41.5894028308611,"HS"
1255,41.5894028308611,"HS"
1256,41.5894028308611,"HS"
1257,41.5894028308611,"HS"
1258,41.5894028308611,"HS"
1259,41.5894028308611,"HS"
1260,41.5894028308611,"HS"
1261,41.5894028308611,"HS"
1262,41.5894028308611,"HS"
1263,41.5894028308611,"HS"
1264,41.5894028308611,"HS"
1265,41.5894028308611,"HS"
1266,41.5894028308611,"HS"
1267,41.5894028308611,"HS"
1268,41.5894028308611,"HS"
1269,41.5894028308611,"HS"
1270,41.5894028308611,"HS"
1271,41.5894028308611,"HS"
1272,41.5894028308611,"HS"
1273,41.5894028308611,"HS"
1274,41.5894028308611,"HS"
1275,41.5894028308611,"HS"
1276,41.5894028308611,"HS"
1277,41.5894028308611,"HS"
1278,41.5894028308611,"HS"
1279,41.5894028308611,"HS"
1280,41.5894028308611,"HS"
1281,41.5894028308611,"HS"
1282,41.5894028308611,"HS"
1283,41.5894028308611,"HS"
1284,41.5894028308611,"HS"
1285,41.5894028308611,"HS"
1286,41.5894028308611,"HS"
1287,41.5894028308611,"HS"
1288,41.5894028308611,"HS"
1289,41.5894028308611,"HS"
1290,41.5894028308611,"HS"
1291,41.5894028308611,"HS"
1292,41.5894028308611,"HS"
1293,41.5894028308611,"HS"
1294,41.5894028308611,"HS"
1295,41.5894028308611,"HS"
1296,41.5894028308611,"HS"
1297,41.5894028308611,"HS"
1298,41.5894028308611,"HS"
1299,41.5894028308611,"HS"
1300,41.5894028308611,"HS"
1301,41.5894028308611,"HS"
1302,41.5894028308611,"HS"
1303,41.5894028308611,"HS"
1304,41.5894028308611,"HS"
1305,41.5894028308611,"HS"
1306,41.5894028308611,"HS"
1307,41.5894028308611,"HS"
1308,41.5894028308611,"HS"
1309,41.5894028308611,"HS"
1310,41.5894028308611,"HS"
1311,41.5894028308611,"HS"
1312,41.5894028308611,"HS"
1313,41.5894028308611,"HS"
1314,41.5894028308611,"HS"
1315,41.5894028308611,"HS"
1316,41.5894028308611,"HS"
1317,41.5894028308611,"HS"
1318,41.5894028308611,"HS"
1319,41.5894028308611,"HS"
1320,41.5894028308611,"HS"
1321,41.5894028308611,"HS"
1322,41.5894028308611,"HS"
1323,41.5894028308611,"HS"
1324,41.5894028308611,"HS"
1325,41.5894028308611,"HS"
1326,41.5894028308611,"HS"
1327,41.5894028308611,"HS"
1328,41.5894028308611,"HS"
1329,41.5894028308611,"HS"
1330,41.5894028308611,"HS"
1331,41.5894028308611,"HS"
1332,41.5894028308611,"HS"
1333,41.5894028308611,"HS"
1334,41.5894028308611,"HS"
1335,41.5894028308611,"HS"
1336,41.5894028308611,"HS"
1337,41.5894028308611,"HS"
1338,41.5894028308611,"HS"
1339,41.5894028308611,"HS"
1340,41.5894028308611,"HS"
1341,41.5894028308611,"HS"
1342,41.5894028308611,"HS"
1343,41.5894028308611,"HS"
1344,41.5894028308611,"HS"
1345,41.5894028308611,"HS"
1346,41.5894028308611,"HS"
1347,41.5894028308611,"HS"
1348,41.5894028308611,"HS"
1349,41.5894028308611,"HS"
1350,41.5894028308611,"HS"
1351,41.5894028308611,"HS"
1352,41.5894028308611,"HS"
1353,41.5894028308611,"HS"
1354,41.5894028308611,"HS"
1355,41.5894028308611,"HS"
1356,41.5894028308611,"HS"
1357,41.5894028308611,"HS"
1358,41.5894028308611,"HS"
1359,41.5894028308611,"HS"
1360,41.5894028308611,"HS"
1361,41.5894028308611,"HS"
1362,41.5894028308611,"HS"
1363,41.5894028308611,"HS"
1364,41.5894028308611,"HS"
1365,41.5894028308611,"HS"
1366,41.5894028308611,"HS"
1367,41.5894028308611,"HS"
1368,41.5894028308611,"HS"
1369,41.5894028308611,"HS"
1370,41.5894028308611,"HS"
1371,41.5894028308611,"HS"
1372,41.5894028308611,"HS"
1373,41.5894028308611,"HS"
1374,41.5894028308611,"HS"
1375,41.5894028308611,"HS"
1376,41.5894028308611,"HS"
1377,41.5894028308611,"HS"
1378,41.5894028308611,"HS"
1379,41.5894028308611,"HS"
1380,41.5894028308611,"HS"
1381,41.5894028308611,"HS"
1382,41.5894028308611,"HS"
1383,41.5894028308611,"HS"
1384,41.5894028308611,"HS"
1385,41.5894028308611,"HS"
1386,41.5894028308611,"HS"
1387,41.5894028308611,"HS"
1388,41.5894028308611,"HS"
1389,41.5894028308611,"HS"
1390,41.5894028308611,"HS"
1391,41.5894028308611,"HS"
1392,41.5894028308611,"HS"
1393,41.5894028308611,"HS"
1394,41.5894028308611,"HS"
1395,41.5894028308611,"HS"
1396,41.5894028308611,"HS"
1397,41.5894028308611,"HS"
1398,41.5894028308611,"HS"
1399,41.5894028308611,"HS"
1400,41.5894028308611,"HS"
1401,41.5894028308611,"HS"
1402,41.5894028308611,"HS"
1403,41.5894028308611,"HS"
1404,41.5894028308611,"HS"
1405,41.5894028308611,"HS"
1406,41.5894028308611,"HS"
1407,41.5894028308611,"HS"
1408,41.5894028308611,"HS"
1409,41.5894028308611,"HS"
1410,41.5894028308611,"HS"
1411,41.5894028308611,"HS"
1412,41.5894028308611,"HS"
1413,41.5894028308611,"HS"
1414,41.5894028308611,"HS"
1415,41.5894028308611,"HS"
1416,41.5894028308611,"HS"
1417,41.5894028308611,"HS"
1418,41.5894028308611,"HS"
1419,41.5894028308611,"HS"
1420,41.5894028308611,"HS"
1421,41.5894028308611,"HS"
1422,41.5894028308611,"HS"
1423,41.5894028308611,"HS"
1424,41.5894028308611,"HS"
1425,41.5894028308611,"HS"
1426,41.5894028308611,"HS"
1427,41.5894028308611,"HS"
1428,41.5894028308611,"HS"
1429,41.5894028308611,"HS"
1430,41.5894028308611,"HS"
1431,41.5894028308611,"HS"
1432,41.5894028308611,"HS"
1433,41.5894028308611,"HS"
1434,41.5894028308611,"HS"
1435,41.5894028308611,"HS"
1436,41.5894028308611,"HS"
1437,41.5894028308611,"HS"
1438,41.5894028308611,"HS"
1439,41.5894028308611,"HS"
1440,41.5894028308611,"HS"
1441,41.5894028308611,"HS"
1442,41.5894028308611,"HS"
1443,41.5894028308611,"HS"
1444,41.5894028308611,"HS"
1445,41.5894028308611,"HS"
1446,41.5894028308611,"HS"
1447,41.5894028308611,"HS"
1448,41.5894028308611,"HS"
1449,41.5894028308611,"HS"
1450,41.5894028308611,"HS"
1451,41.5894028308611,"HS"
1452,41.5894028308611,"HS"
1453,41.5894028308611,"HS"
1454,41.5894028308611,"HS"
1455,41.5894028308611,"HS"
1456,41.5894028308611,"HS"
1457,41.5894028308611,"HS"
1458,41.5894028308611,"HS"
1459,41.5894028308611,"HS"
1460,41.5894028308611,"HS"
1461,41.5894028308611,"HS"
1462,41.5894028308611,"HS"
1463,41.5894028308611,"HS"
1464,41.5894028308611,"HS"
1465,41.5894028308611,"HS"
1466,41.5894028308611,"HS"
1467,41.5894028308611,"HS"
1468,41.5894028308611,"HS"
1469,41.5894028308611,"HS"
1470,41.5894028308611,"HS"
1471,41.5894028308611,"HS"
1472,41.5894028308611,"HS"
1473,41.5894028308611,"HS"
1474,41.5894028308611,"HS"
1475,41.5894028308611,"HS"
1476,41.5894028308611,"HS"
1477,41.5894028308611,"HS"
1478,41.5894028308611,"HS"
1479,41.5894028308611,"HS"
1480,41.5894028308611,"HS"
1481,41.5894028308611,"HS"
1482,41.5894028308611,"HS"
1483,41.5894028308611,"HS"
1484,41.5894028308611,"HS"
1485,41.5894028308611,"HS"
1486,41.5894028308611,"HS"
1487,41.5894028308611,"HS"
1488,41.5894028308611,"HS"
1489,41.5894028308611,"HS"
1490,41.5894028308611,"HS"
1491,41.5894028308611,"HS"
1492,41.5894028308611,"HS"
1493,41.5894028308611,"HS"
1494,41.5894028308611,"HS"
1495,41.5894028308611,"HS"
1496,41.5894028308611,"HS"
1497,41.5894028308611,"HS"
1498,41.5894028308611,"HS"
1499,41.5894028308611,"HS"
1500,41.5894028308611,"HS"
1501,41.5894028308611,"HS"
1502,41.5894028308611,"HS"
1503,41.5894028308611,"HS"
1504,41.5894028308611,"HS"
1505,41.5894028308611,"HS"
1506,41.5894028308611,"HS"
1507,41.5894028308611,"HS"
1508,41.5894028308611,"HS"
1509,41.5894028308611,"HS"
1510,41.5894028308611,"HS"
1511,41.5894028308611,"HS"
1512,41.5894028308611,"HS"
1513,41.5894028308611,"HS"
1514,41.5894028308611,"HS"
1515,41.5894028308611,"HS"
1516,41.5894028308611,"HS"
1517,41.5894028308611,"HS"
1518,41.5894028308611,"HS"
1519,41.5894028308611,"HS"
1520,41.5894028308611,"HS"
1521,41.5894028308611,"HS"
1522,41.5894028308611,"HS"
1523,41.5894028308611,"HS"
1524,41.5894028308611,"HS"
1525,41.5894028308611,"HS"
1526,41.5894028308611,"HS"
1527,41.5894028308611,"HS"
1528,41.5894028308611,"HS"
1529,41.5894028308611,"HS"
1530,41.5894028308611,"HS"
1531,41.5894028308611,"HS"
1532,41.5894028308611,"HS"
1533,41.5894028308611,"HS"
1534,41.5894028308611,"HS"
1535,41.5894028308611,"HS"
1536,41.5894028308611,"HS"
1537,41.5894028308611,"HS"
1538,41.5894028308611,"HS"
1539,41.5894028308611,"HS"
1540,41.5894028308611,"HS"
1541,41.5894028308611,"HS"
1542,41.5894028308611,"HS"
1543,41.5894028308611,"HS"
1544,41.5894028308611,"HS"
1545,41.5894028308611,"HS"
1546,41.5894028308611,"HS"
1547,41.5894028308611,"HS"
1548,41.5894028308611,"HS"
1549,41.5894028308611,"HS"
1550,41.5894028308611,"HS"
1551,41.5894028308611,"HS"
1552,41.5894028308611,"HS"
1553,41.5894028308611,"HS"
1554,41.5894028308611,"HS"
1555,41.5894028308611,"HS"
1556,41.5894028308611,"HS"
1557,41.5894028308611,"HS"
1558,41.5894028308611,"HS"
1559,41.5894028308611,"HS"
1560,41.5894028308611,"HS"
1561,41.5894028308611,"HS"
1562,41.5894028308611,"HS"
1563,41.5894028308611,"HS"
1564,41.5894028308611,"HS"
1565,41.5894028308611,"HS"
1566,41.5894028308611,"HS"
1567,41.5894028308611,"HS"
1568,41.5894028308611,"HS"
1569,41.5894028308611,"HS"
1570,41.5894028308611,"HS"
1571,41.5894028308611,"HS"
1572,41.5894028308611,"HS"
1573,41.5894028308611,"HS"
1574,41.5894028308611,"HS"
1575,41.5894028308611,"HS"
1576,41.5894028308611,"HS"
1577,41.5894028308611,"HS"
1578,41.5894028308611,"HS"
1579,41.5894028308611,"HS"
1580,41.5894028308611,"HS"
1581,41.5894028308611,"HS"
1582,41.5894028308611,"HS"
1583,41.5894028308611,"HS"
1584,41.5894028308611,"HS"
1585,41.5894028308611,"HS"
1586,41.5894028308611,"HS"
1587,41.5894028308611,"HS"
1588,41.5894028308611,"HS"
1589,41.5894028308611,"HS"
1590,41.5894028308611,"HS"
1591,41.5894028308611,"HS"
1592,41.5894028308611,"HS"
1593,41.5894028308611,"HS"
1594,41.5894028308611,"HS"
1595,41.5894028308611,"HS"
1596,41.5894028308611,"HS"
1597,41.5894028308611,"HS"
1598,41.5894028308611,"HS"
1599,41.5894028308611,"HS"
1600,41.5894028308611,"HS"
1601,41.5894028308611,"HS"
1602,41.5894028308611,"HS"
1603,41.5894028308611,"HS"
1604,41.5894028308611,"HS"
1605,41.5894028308611,"HS"
1606,41.5894028308611,"HS"
1607,41.5894028308611,"HS"
1608,41.5894028308611,"HS"
1609,41.5894028308611,"HS"
1610,41.5894028308611,"HS"
1611,41.5894028308611,"HS"
1612,41.5894028308611,"HS"
1613,41.5894028308611,"HS"
1614,41.5894028308611,"HS"
1615,41.5894028308611,"HS"
1616,41.5894028308611,"HS"
1617,41.5894028308611,"HS"
1618,41.5894028308611,"HS"
1619,41.5894028308611,"HS"
1620,41.5894028308611,"HS"
1621,41.5894028308611,"HS"
1622,41.5894028308611,"HS"
1623,41.5894028308611,"HS"
1624,41.5894028308611,"HS"
1625,41.5894028308611,"HS"
1626,41.5894028308611,"HS"
1627,41.5894028308611,"HS"
1628,41.5894028308611,"HS"
1629,41.5894028308611,"HS"
1630,41.5894028308611,"HS"
1631,41.5894028308611,"HS"
1632,41.5894028308611,"HS"
1633,41.5894028308611,"HS"
1634,41.5894028308611,"HS"
1635,41.5894028308611,"HS"
1636,41.5894028308611,"HS"
1637,41.5894028308611,"HS"
1638,41.5894028308611,"HS"
1639,41.5894028308611,"HS"
1640,41.5894028308611,"HS"
1641,41.5894028308611,"HS"
1642,41.5894028308611,"HS"
1643,41.5894028308611,"HS"
1644,41.5894028308611,"HS"
1645,41.5894028308611,"HS"
1646,41.5894028308611,"HS"
1647,41.5894028308611,"HS"
1648,41.5894028308611,"HS"
1649,41.5894028308611,"HS"
1650,41.5894028308611,"HS"
1651,41.5894028308611,"HS"
1652,41.5894028308611,"HS"
1653,41.5894028308611,"HS"
1654,41.5894028308611,"HS"
1655,41.5894028308611,"HS"
1656,41.5894028308611,"HS"
1657,41.5894028308611,"HS"
1658,41.5894028308611,"HS"
1659,41.5894028308611,"HS"
1660,41.5894028308611,"HS"
1661,41.5894028308611,"HS"
1662,41.5894028308611,"HS"
1663,41.5894028308611,"HS"
1664,41.5894028308611,"HS"
1665,41.5894028308611,"HS"
1666,41.5894028308611,"HS"
1667,41.5894028308611,"HS"
1668,41.5894028308611,"HS"
1669,41.5894028308611,"HS"
1670,41.5894028308611,"HS"
1671,41.5894028308611,"HS"
1672,41.5894028308611,"HS"
1673,41.5894028308611,"HS"
1674,41.5894028308611,"HS"
1675,41.5894028308611,"HS"
1676,41.5894028308611,"HS"
1677,41.5894028308611,"HS"
1678,41.5894028308611,"HS"
1679,41.5894028308611,"HS"
1680,41.5894028308611,"HS"
1681,41.5894028308611,"HS"
1682,41.5894028308611,"HS"
1683,41.5894028308611,"HS"
1684,41.5894028308611,"HS"
1685,41.5894028308611,"HS"
1686,41.5894028308611,"HS"
1687,41.5894028308611,"HS"
1688,41.5894028308611,"HS"
1689,41.5894028308611,"HS"
1690,41.5894028308611,"HS"
1691,41.5894028308611,"HS"
1692,41.5894028308611,"HS"
1693,41.5894028308611,"HS"
1694,41.5894028308611,"HS"
1695,41.5894028308611,"HS"
1696,41.5894028308611,"HS"
1697,41.5894028308611,"HS"
1698,41.5894028308611,"HS"
1699,41.5894028308611,"HS"
1700,41.5894028308611,"HS"
1701,41.5894028308611,"HS"
1702,41.5894028308611,"HS"
1703,41.5894028308611,"HS"
1704,41.5894028308611,"HS"
1705,41.5894028308611,"HS"
1706,41.5894028308611,"HS"
1707,41.5894028308611,"HS"
1708,41.5894028308611,"HS"
1709,41.5894028308611,"HS"
1710,41.5894028308611,"HS"
1711,41.5894028308611,"HS"
1712,41.5894028308611,"HS"
1713,41.5894028308611,"HS"
1714,41.5894028308611,"HS"
1715,41.5894028308611,"HS"
1716,41.5894028308611,"HS"
1717,41.5894028308611,"HS"
1718,41.5894028308611,"HS"
1719,41.5894028308611,"HS"
1720,41.5894028308611,"HS"
1721,41.5894028308611,"HS"
1722,41.5894028308611,"HS"
1723,41.5894028308611,"HS"
1724,41.5894028308611,"HS"
1725,41.5894028308611,"HS"
1726,41.5894028308611,"HS"
1727,41.5894028308611,"HS"
1728,41.5894028308611,"HS"
1729,41.5894028308611,"HS"
1730,41.5894028308611,"HS"
1731,41.5894028308611,"HS"
1732,41.5894028308611,"HS"
1733,41.5894028308611,"HS"
1734,41.5894028308611,"HS"
1735,41.5894028308611,"HS"
1736,41.5894028308611,"HS"
1737,41.5894028308611,"HS"
1738,41.5894028308611,"HS"
1739,41.5894028308611,"HS"
1740,41.5894028308611,"HS"
1741,41.5894028308611,"HS"
1742,41.5894028308611,"HS"
1743,41.5894028308611,"HS"
1744,41.5894028308611,"HS"
1745,41.5894028308611,"HS"
1746,41.5894028308611,"HS"
1747,41.5894028308611,"HS"
1748,41.5894028308611,"HS"
1749,41.5894028308611,"HS"
1750,41.5894028308611,"HS"
1751,41.5894028308611,"HS"
1752,41.5894028308611,"HS"
1753,41.5894028308611,"HS"
1754,41.5894028308611,"HS"
1755,41.5894028308611,"HS"
1756,41.5894028308611,"HS"
1757,41.5894028308611,"HS"
1758,41.5894028308611,"HS"
1759,41.5894028308611,"HS"
1760,41.5894028308611,"HS"
1761,41.5894028308611,"HS"
1762,41.5894028308611,"HS"
1763,41.5894028308611,"HS"
1764,41.5894028308611,"HS"
1765,41.5894028308611,"HS"
1766,41.5894028308611,"HS"
1767,41.5894028308611,"HS"
1768,41.5894028308611,"HS"
1769,41.5894028308611,"HS"
1770,41.5894028308611,"HS"
1771,41.5894028308611,"HS"
1772,41.5894028308611,"HS"
1773,41.5894028308611,"HS"
1774,41.5894028308611,"HS"
1775,41.5894028308611,"HS"
1776,41.5894028308611,"HS"
1777,41.5894028308611,"HS"
1778,41.5894028308611,"HS"
1779,41.5894028308611,"HS"
1780,41.5894028308611,"HS"
1781,41.5894028308611,"HS"
1782,41.5894028308611,"HS"
1783,41.5894028308611,"HS"
1784,41.5894028308611,"HS"
1785,41.5894028308611,"HS"
1786,41.5894028308611,"HS"
1787,41.5894028308611,"HS"
1788,41.5894028308611,"HS"
1789,41.5894028308611,"HS"
1790,41.5894028308611,"HS"
1791,41.5894028308611,"HS"
1792,41.5894028308611,"HS"
1793,41.5894028308611,"HS"
1794,41.5894028308611,"HS"
1795,41.5894028308611,"HS"
1796,41.5894028308611,"HS"
1797,41.5894028308611,"HS"
1798,41.5894028308611,"HS"
1799,41.5894028308611,"HS"
1800,41.5894028308611,"HS"
1801,41.5894028308611,"HS"
1802,41.5894028308611,"HS"
1803,41.5894028308611,"HS"
1804,41.5894028308611,"HS"
1805,41.5894028308611,"HS"
1806,41.5894028308611,"HS"
1807,41.5894028308611,"HS"
1808,41.5894028308611,"HS"
1809,41.5894028308611,"HS"
1810,41.5894028308611,"HS"
1811,41.5894028308611,"HS"
1812,41.5894028308611,"HS"
1813,41.5894028308611,"HS"
1814,41.5894028308611,"HS"
1815,41.5894028308611,"HS"
1816,41.5894028308611,"HS"
1817,41.5894028308611,"HS"
1818,41.5894028308611,"HS"
1819,41.5894028308611,"HS"
1820,41.5894028308611,"HS"
1821,41.5894028308611,"HS"
1822,41.5894028308611,"HS"
1823,41.5894028308611,"HS"
1824,41.5894028308611,"HS"
1825,41.5894028308611,"HS"
1826,41.5894028308611,"HS"
1827,41.5894028308611,"HS"
1828,41.5894028308611,"HS"
1829,41.5894028308611,"HS"
1830,41.5894028308611,"HS"
1831,41.5894028308611,"HS"
1832,41.5894028308611,"HS"
1833,41.5894028308611,"HS"
1834,41.5894028308611,"HS"
1835,41.5894028308611,"HS"
1836,41.5894028308611,"HS"
1837,41.5894028308611,"HS"
1838,41.5894028308611,"HS"
1839,41.5894028308611,"HS"
1840,41.5894028308611,"HS"
1841,41.5894028308611,"HS"
1842,41.5894028308611,"HS"
1843,41.5894028308611,"HS"
1844,41.5894028308611,"HS"
1845,41.5894028308611,"HS"
1846,41.5894028308611,"HS"
1847,41.5894028308611,"HS"
1848,41.5894028308611,"HS"
1849,41.5894028308611,"HS"
1850,41.5894028308611,"HS"
1851,41.5894028308611,"HS"
1852,41.5894028308611,"HS"
1853,41.5894028308611,"HS"
1854,41.5894028308611,"HS"
1855,41.5894028308611,"HS"
1856,41.5894028308611,"HS"
1857,41.5894028308611,"HS"
1858,41.5894028308611,"HS"
1859,41.5894028308611,"HS"
1860,41.5894028308611,"HS"
1861,41.5894028308611,"HS"
1862,41.5894028308611,"HS"
1863,41.5894028308611,"HS"
1864,41.5894028308611,"HS"
1865,41.5894028308611,"HS"
1866,41.5894028308611,"HS"
1867,41.5894028308611,"HS"
1868,41.5894028308611,"HS"
1869,41.5894028308611,"HS"
1870,41.5894028308611,"HS"
1871,41.5894028308611,"HS"
1872,41.5894028308611,"HS"
1873,41.5894028308611,"HS"
1874,41.5894028308611,"HS"
1875,41.5894028308611,"HS"
1876,41.5894028308611,"HS"
1877,41.5894028308611,"HS"
1878,41.5894028308611,"HS"
1879,41.5894028308611,"HS"
1880,41.5894028308611,"HS"
1881,41.5894028308611,"HS"
1882,41.5894028308611,"HS"
1883,41.5894028308611,"HS"
1884,41.5894028308611,"HS"
1885,41.5894028308611,"HS"
1886,41.5894028308611,"HS"
1887,41.5894028308611,"HS"
1888,41.5894028308611,"HS"
1889,41.5894028308611,"HS"
1890,41.5894028308611,"HS"
1891,41.5894028308611,"HS"
1892,41.5894028308611,"HS"
1893,41.5894028308611,"HS"
1894,41.5894028308611,"HS"
1895,41.5894028308611,"HS"
1896,41.5894028308611,"HS"
1897,41.5894028308611,"HS"
1898,41.5894028308611,"HS"
1899,41.5894028308611,"HS"
1900,41.5894028308611,"HS"
1901,41.5894028308611,"HS"
1902,41.5894028308611,"HS"
1903,41.5894028308611,"HS"
1904,41.5894028308611,"HS"
1905,41.5894028308611,"HS"
1906,41.5894028308611,"HS"
1907,41.5894028308611,"HS"
1908,41.5894028308611,"HS"
1909,41.5894028308611,"HS"
1910,41.5894028308611,"HS"
1911,41.5894028308611,"HS"
1912,41.5894028308611,"HS"
1913,41.5894028308611,"HS"
1914,41.5894028308611,"HS"
1915,41.5894028308611,"HS"
1916,41.5894028308611,"HS"
1917,41.5894028308611,"HS"
1918,41.5894028308611,"HS"
1919,41.5894028308611,"HS"
1920,41.5894028308611,"HS"
1921,41.5894028308611,"HS"
1922,41.5894028308611,"HS"
1923,41.5894028308611,"HS"
1924,41.5894028308611,"HS"
1925,41.5894028308611,"HS"
1926,41.5894028308611,"HS"
1927,41.5894028308611,"HS"
1928,41.5894028308611,"HS"
1929,41.5894028308611,"HS"
1930,41.5894028308611,"HS"
1931,41.5894028308611,"HS"
1932,41.5894028308611,"HS"
1933,41.5894028308611,"HS"
1934,41.5894028308611,"HS"
1935,41.5894028308611,"HS"
1936,41.5894028308611,"HS"
1937,41.5894028308611,"HS"
1938,41.5894028308611,"HS"
1939,41.5894028308611,"HS"
1940,41.5894028308611,"HS"
1941,41.5894028308611,"HS"
1942,41.5894028308611,"HS"
1943,41.5894028308611,"HS"
1944,41.5894028308611,"HS"
1945,41.5894028308611,"HS"
1946,41.5894028308611,"HS"
1947,41.5894028308611,"HS"
1948,41.5894028308611,"HS"
1949,41.5894028308611,"HS"
1950,41.5894028308611,"HS"
1951,41.5894028308611,"HS"
1952,41.5894028308611,"HS"
1953,41.5894028308611,"HS"
1954,41.5894028308611,"HS"
1955,41.5894028308611,"HS"
1956,41.5894028308611,"HS"
1957,41.5894028308611,"HS"
1958,41.5894028308611,"HS"
1959,41.5894028308611,"HS"
1960,41.5894028308611,"HS"
1961,41.5894028308611,"HS"
1962,41.5894028308611,"HS"
1963,41.5894028308611,"HS"
1964,41.5894028308611,"HS"
1965,41.5894028308611,"HS"
1966,41.5894028308611,"HS"
1967,41.5894028308611,"HS"
1968,41.5894028308611,"HS"
1969,41.5894028308611,"HS"
1970,41.5894028308611,"HS"
1971,41.5894028308611,"HS"
1972,41.5894028308611,"HS"
1973,41.5894028308611,"HS"
1974,41.5894028308611,"HS"
1975,41.5894028308611,"HS"
1976,41.5894028308611,"HS"
1977,41.5894028308611,"HS"
1978,41.5894028308611,"HS"
1979,41.5894028308611,"HS"
1980,41.5894028308611,"HS"
1981,41.5894028308611,"HS"
1982,41.5894028308611,"HS"
1983,41.5894028308611,"HS"
1984,41.5894028308611,"HS"
1985,41.5894028308611,"HS"
1986,41.5894028308611,"HS"
1987,41.5894028308611,"HS"
1988,41.5894028308611,"HS"
1989,41.5894028308611,"HS"
1990,41.5894028308611,"HS"
1991,41.5894028308611,"HS"
1992,41.5894028308611,"HS"
1993,41.5894028308611,"HS"
1994,41.5894028308611,"HS"
1995,41.5894028308611,"HS"
1996,41.5894028308611,"HS"
1997,41.5894028308611,"HS"
1998,41.5894028308611,"HS"
1999,41.5894028308611,"HS"
2000,41.5894028308611,"HS"
2001,41.5894028308611,"HS"
2002,41.5894028308611,"HS"
2003,41.5894028308611,"HS"
2004,41.5894028308611,"HS"
2005,41.5894028308611,"HS"
2006,41.5894028308611,"HS"
2007,41.5894028308611,"HS"
2008,41.5894028308611,"HS"
2009,41.5894028308611,"HS"
2010,41.5894028308611,"HS"
2011,41.5894028308611,"HS"
2012,41.5894028308611,"HS"
2013,41.5894028308611,"HS"
2014,41.5894028308611,"HS"
2015,41.5894028308611,"HS"
2016,41.5894028308611,"HS"
2017,41.5894028308611,"HS"
2018,41.5894028308611,"HS"
2019,41.5894028308611,"HS"
2020,41.5894028308611,"HS"
2021,41.5894028308611,"HS"
2022,41.5894028308611,"HS"
2023,41.5894028308611,"HS"
2024,41.5894028308611,"HS"
2025,41.5894028308611,"HS"
2026,41.5894028308611,"HS"
2027,41.5894028308611,"HS"
2028,41.5894028308611,"HS"
2029,41.5894028308611,"HS"
2030,41.5894028308611,"HS"
2031,41.5894028308611,"HS"
2032,41.5894028308611,"HS"
2033,41.5894028308611,"HS"
2034,41.5894028308611,"HS"
2035,41.5894028308611,"HS"
2036,41.5894028308611,"HS"
2037,41.5894028308611,"HS"
2038,41.5894028308611,"HS"
2039,41.5894028308611,"HS"
2040,41.5894028308611,"HS"
2041,41.5894028308611,"HS"
2042,41.5894028308611,"HS"
2043,41.5894028308611,"HS"
2044,41.5894028308611,"HS"
2045,41.5894028308611,"HS"
2046,41.5894028308611,"HS"
2047,41.5894028308611,"HS"
2048,41.5894028308611,"HS"
2049,41.5894028308611,"HS"
2050,41.5894028308611,"HS"
2051,41.5894028308611,"HS"
2052,41.5894028308611,"HS"
2053,41.5894028308611,"HS"
2054,41.5894028308611,"HS"
2055,41.5894028308611,"HS"
2056,41.5894028308611,"HS"
2057,41.5894028308611,"HS"
2058,41.5894028308611,"HS"
2059,41.5894028308611,"HS"
2060,41.5894028308611,"HS"
2061,41.5894028308611,"HS"
2062,41.5894028308611,"HS"
2063,41.5894028308611,"HS"
2064,41.5894028308611,"HS"
2065,41.5894028308611,"HS"
2066,41.5894028308611,"HS"
2067,41.5894028308611,"HS"
2068,41.5894028308611,"HS"
2069,41.5894028308611,"HS"
2070,41.5894028308611,"HS"
2071,41.5894028308611,"HS"
2072,41.5894028308611,"HS"
2073,41.5894028308611,"HS"
2074,41.5894028308611,"HS"
2075,41.5894028308611,"HS"
2076,41.5894028308611,"HS"
2077,41.5894028308611,"HS"
2078,41.5894028308611,"HS"
2079,41.5894028308611,"HS"
2080,41.5894028308611,"HS"
2081,41.5894028308611,"HS"
2082,41.5894028308611,"HS"
2083,41.5894028308611,"HS"
2084,41.5894028308611,"HS"
2085,41.5894028308611,"HS"
2086,41.5894028308611,"HS"
2087,41.5894028308611,"HS"
2088,41.5894028308611,"HS"
2089,41.5894028308611,"HS"
2090,41.5894028308611,"HS"
2091,41.5894028308611,"HS"
2092,41.5894028308611,"HS"
2093,41.5894028308611,"HS"
2094,41.5894028308611,"HS"
2095,41.5894028308611,"HS"
2096,41.5894028308611,"HS"
2097,41.5894028308611,"HS"
2098,41.5894028308611,"HS"
2099,41.5894028308611,"HS"
2100,41.5894028308611,"HS"
2101,41.5894028308611,"HS"
2102,41.5894028308611,"HS"
2103,41.5894028308611,"HS"
2104,41.5894028308611,"HS"
2105,41.5894028308611,"HS"
2106,41.5894028308611,"HS"
2107,41.5894028308611,"HS"
2108,41.5894028308611,"HS"
2109,41.5894028308611,"HS"
2110,41.5894028308611,"HS"
2111,41.5894028308611,"HS"
2112,41.5894028308611,"HS"
2113,41.5894028308611,"HS"
2114,41.5894028308611,"HS"
2115,41.5894028308611,"HS"
2116,41.5894028308611,"HS"
2117,41.5894028308611,"HS"
2118,41.5894028308611,"HS"
2119,41.5894028308611,"HS"
2120,41.5894028308611,"HS"
2121,41.5894028308611,"HS"
2122,41.5894028308611,"HS"
2123,41.5894028308611,"HS"
2124,41.5894028308611,"HS"
2125,41.5894028308611,"HS"
2126,41.5894028308611,"HS"
2127,41.5894028308611,"HS"
2128,41.5894028308611,"HS"
2129,41.5894028308611,"HS"
2130,41.5894028308611,"HS"
2131,41.5894028308611,"HS"
2132,41.5894028308611,"HS"
2133,41.5894028308611,"HS"
2134,41.5894028308611,"HS"
2135,41.5894028308611,"HS"
2136,41.5894028308611,"HS"
2137,41.5894028308611,"HS"
2138,41.5894028308611,"HS"
2139,41.5894028308611,"HS"
2140,41.5894028308611,"HS"
2141,41.5894028308611,"HS"
2142,41.5894028308611,"HS"
2143,41.5894028308611,"HS"
2144,41.5894028308611,"HS"
2145,41.5894028308611,"HS"
2146,41.5894028308611,"HS"
2147,41.5894028308611,"HS"
2148,41.5894028308611,"HS"
2149,41.5894028308611,"HS"
2150,41.5894028308611,"HS"
2151,41.5894028308611,"HS"
2152,41.5894028308611,"HS"
2153,41.5894028308611,"HS"
2154,41.5894028308611,"HS"
2155,41.5894028308611,"HS"
2156,41.5894028308611,"HS"
2157,41.5894028308611,"HS"
2158,41.5894028308611,"HS"
2159,41.5894028308611,"HS"
2160,41.5894028308611,"HS"
2161,41.5894028308611,"HS"
2162,41.5894028308611,"HS"
2163,41.5894028308611,"HS"
2164,41.5894028308611,"HS"
2165,41.5894028308611,"HS"
2166,41.5894028308611,"HS"
2167,41.5894028308611,"HS"
2168,41.5894028308611,"HS"
2169,41.5894028308611,"HS"
2170,41.5894028308611,"HS"
2171,41.5894028308611,"HS"
2172,41.5894028308611,"HS"
2173,41.5894028308611,"HS"
2174,41.5894028308611,"HS"
2175,41.5894028308611,"HS"
2176,41.5894028308611,"HS"
2177,41.5894028308611,"HS"
2178,41.5894028308611,"HS"
2179,41.5894028308611,"HS"
2180,41.5894028308611,"HS"
2181,41.5894028308611,"HS"
2182,41.5894028308611,"HS"
2183,41.5894028308611,"HS"
2184,41.5894028308611,"HS"
2185,41.5894028308611,"HS"
2186,41.5894028308611,"HS"
2187,41.5894028308611,"HS"
2188,41.5894028308611,"HS"
2189,41.5894028308611,"HS"
2190,41.5894028308611,"HS"
2191,41.5894028308611,"HS"
2192,41.5894028308611,"HS"
2193,41.5894028308611,"HS"
2194,41.5894028308611,"HS"
2195,41.5894028308611,"HS"
2196,41.5894028308611,"HS"
2197,41.5894028308611,"HS"
2198,41.5894028308611,"HS"
2199,41.5894028308611,"HS"
2200,41.5894028308611,"HS"
2201,41.5894028308611,"HS"
2202,41.5894028308611,"HS"
2203,41.5894028308611,"HS"
2204,41.5894028308611,"HS"
2205,41.5894028308611,"HS"
2206,41.5894028308611,"HS"
2207,41.5894028308611,"HS"
2208,41.5894028308611,"HS"
2209,41.5894028308611,"HS"
2210,41.5894028308611,"HS"
2211,41.5894028308611,"HS"
2212,41.5894028308611,"HS"
2213,41.5894028308611,"HS"
2214,41.5894028308611,"HS"
2215,41.5894028308611,"HS"
2216,41.5894028308611,"HS"
2217,41.5894028308611,"HS"
2218,41.5894028308611,"HS"
2219,41.5894028308611,"HS"
2220,41.5894028308611,"HS"
2221,41.5894028308611,"HS"
2222,41.5894028308611,"HS"
2223,41.5894028308611,"HS"
2224,41.5894028308611,"HS"
2225,41.5894028308611,"HS"
2226,41.5894028308611,"HS"
2227,41.5894028308611,"HS"
2228,41.5894028308611,"HS"
2229,41.5894028308611,"HS"
2230,41.5894028308611,"HS"
2231,41.5894028308611,"HS"
2232,41.5894028308611,"HS"
2233,41.5894028308611,"HS"
2234,41.5894028308611,"HS"
2235,41.5894028308611,"HS"
2236,41.5894028308611,"HS"
2237,41.5894028308611,"HS"
2238,41.5894028308611,"HS"
2239,41.5894028308611,"HS"
2240,41.5894028308611,"HS"
2241,41.5894028308611,"HS"
2242,41.5894028308611,"HS"
2243,41.5894028308611,"HS"
2244,41.5894028308611,"HS"
2245,41.5894028308611,"HS"
2246,41.5894028308611,"HS"
2247,41.5894028308611,"HS"
2248,41.5894028308611,"HS"
2249,41.5894028308611,"HS"
2250,41.5894028308611,"HS"
2251,41.5894028308611,"HS"
2252,41.5894028308611,"HS"
2253,41.5894028308611,"HS"
2254,41.5894028308611,"HS"
2255,41.5894028308611,"HS"
2256,41.5894028308611,"HS"
2257,41.5894028308611,"HS"
2258,41.5894028308611,"HS"
2259,41.5894028308611,"HS"
2260,41.5894028308611,"HS"
2261,41.5894028308611,"HS"
2262,41.5894028308611,"HS"
2263,41.5894028308611,"HS"
2264,41.5894028308611,"HS"
2265,41.5894028308611,"HS"
2266,41.5894028308611,"HS"
2267,41.5894028308611,"HS"
2268,41.5894028308611,"HS"
2269,41.5894028308611,"HS"
2270,41.5894028308611,"HS"
2271,41.5894028308611,"HS"
2272,41.5894028308611,"HS"
2273,41.5894028308611,"HS"
2274,41.5894028308611,"HS"
2275,41.5894028308611,"HS"
2276,41.5894028308611,"HS"
2277,41.5894028308611,"HS"
2278,41.5894028308611,"HS"
2279,41.5894028308611,"HS"
2280,41.5894028308611,"HS"
2281,41.5894028308611,"HS"
2282,41.5894028308611,"HS"
2283,41.5894028308611,"HS"
2284,41.5894028308611,"HS"
2285,41.5894028308611,"HS"
2286,41.5894028308611,"HS"
2287,41.5894028308611,"HS"
2288,41.5894028308611,"HS"
2289,41.5894028308611,"HS"
2290,41.5894028308611,"HS"
2291,41.5894028308611,"HS"
2292,41.5894028308611,"HS"
2293,41.5894028308611,"HS"
2294,41.5894028308611,"HS"
2295,41.5894028308611,"HS"
2296,41.5894028308611,"HS"
2297,41.5894028308611,"HS"
2298,41.5894028308611,"HS"
2299,41.5894028308611,"HS"
2300,41.5894028308611,"HS"
2301,41.5894028308611,"HS"
2302,41.5894028308611,"HS"
2303,41.5894028308611,"HS"
2304,41.5894028308611,"HS"
2305,41.5894028308611,"HS"
2306,41.5894028308611,"HS"
2307,41.5894028308611,"HS"
2308,41.5894028308611,"HS"
2309,41.5894028308611,"HS"
2310,41.5894028308611,"HS"
2311,41.5894028308611,"HS"
2312,41.5894028308611,"HS"
2313,41.5894028308611,"HS"
2314,41.5894028308611,"HS"
2315,41.5894028308611,"HS"
2316,41.5894028308611,"HS"
2317,41.5894028308611,"HS"
2318,41.5894028308611,"HS"
2319,41.5894028308611,"HS"
2320,41.5894028308611,"HS"
2321,41.5894028308611,"HS"
2322,41.5894028308611,"HS"
2323,41.5894028308611,"HS"
2324,41.5894028308611,"HS"
2325,41.5894028308611,"HS"
2326,41.5894028308611,"HS"
2327,41.5894028308611,"HS"
2328,41.5894028308611,"HS"
2329,41.5894028308611,"HS"
2330,41.5894028308611,"HS"
2331,41.5894028308611,"HS"
2332,41.5894028308611,"HS"
2333,41.5894028308611,"HS"
2334,41.5894028308611,"HS"
2335,41.5894028308611,"HS"
2336,41.5894028308611,"HS"
2337,41.5894028308611,"HS"
2338,41.5894028308611,"HS"
2339,41.5894028308611,"HS"
2340,41.5894028308611,"HS"
2341,41.5894028308611,"HS"
2342,41.5894028308611,"HS"
2343,41.5894028308611,"HS"
2344,41.5894028308611,"HS"
2345,41.5894028308611,"HS"
2346,41.5894028308611,"HS"
2347,41.5894028308611,"HS"
2348,41.5894028308611,"HS"
2349,41.5894028308611,"HS"
2350,41.5894028308611,"HS"
2351,41.5894028308611,"HS"
2352,41.5894028308611,"HS"
2353,41.5894028308611,"HS"
2354,41.5894028308611,"HS"
2355,41.5894028308611,"HS"
2356,41.5894028308611,"HS"
2357,41.5894028308611,"HS"
2358,41.5894028308611,"HS"
2359,41.5894028308611,"HS"
2360,41.5894028308611,"HS"
2361,41.5894028308611,"HS"
2362,41.5894028308611,"HS"
2363,41.5894028308611,"HS"
2364,41.5894028308611,"HS"
2365,41.5894028308611,"HS"
2366,41.5894028308611,"HS"
2367,41.5894028308611,"HS"
2368,41.5894028308611,"HS"
2369,41.5894028308611,"HS"
2370,41.5894028308611,"HS"
2371,41.5894028308611,"HS"
2372,41.5894028308611,"HS"
2373,41.5894028308611,"HS"
2374,41.5894028308611,"HS"
2375,41.5894028308611,"HS"
2376,41.5894028308611,"HS"
2377,41.5894028308611,"HS"
2378,41.5894028308611,"HS"
2379,41.5894028308611,"HS"
2380,41.5894028308611,"HS"
2381,41.5894028308611,"HS"
2382,41.5894028308611,"HS"
2383,41.5894028308611,"HS"
2384,41.5894028308611,"HS"
2385,41.5894028308611,"HS"
2386,41.5894028308611,"HS"
2387,41.5894028308611,"HS"
2388,41.5894028308611,"HS"
2389,41.5894028308611,"HS"
2390,41.5894028308611,"HS"
2391,41.5894028308611,"HS"
2392,41.5894028308611,"HS"
2393,41.5894028308611,"HS"
2394,41.5894028308611,"HS"
2395,41.5894028308611,"HS"
2396,41.5894028308611,"HS"
2397,41.5894028308611,"HS"
2398,41.5894028308611,"HS"
2399,41.5894028308611,"HS"
2400,41.5894028308611,"HS"
2401,41.5894028308611,"HS"
2402,41.5894028308611,"HS"
2403,41.5894028308611,"HS"
2404,41.5894028308611,"HS"
2405,41.5894028308611,"HS"
2406,41.5894028308611,"HS"
2407,41.5894028308611,"HS"
2408,41.5894028308611,"HS"
2409,41.5894028308611,"HS"
2410,41.5894028308611,"HS"
2411,41.5894028308611,"HS"
2412,41.5894028308611,"HS"
2413,41.5894028308611,"HS"
2414,41.5894028308611,"HS"
2415,41.5894028308611,"HS"
2416,41.5894028308611,"HS"
2417,41.5894028308611,"HS"
2418,41.5894028308611,"HS"
2419,41.5894028308611,"HS"
2420,41.5894028308611,"HS"
2421,41.5894028308611,"HS"
2422,41.5894028308611,"HS"
2423,41.5894028308611,"HS"
2424,41.5894028308611,"HS"
2425,41.5894028308611,"HS"
2426,41.5894028308611,"HS"
2427,41.5894028308611,"HS"
2428,41.5894028308611,"HS"
2429,41.5894028308611,"HS"
2430,41.5894028308611,"HS"
2431,41.5894028308611,"HS"
2432,41.5894028308611,"HS"
2433,41.5894028308611,"HS"
2434,41.5894028308611,"HS"
2435,41.5894028308611,"HS"
2436,41.5894028308611,"HS"
2437,41.5894028308611,"HS"
2438,41.5894028308611,"HS"
2439,41.5894028308611,"HS"
2440,41.5894028308611,"HS"
2441,41.5894028308611,"HS"
2442,41.5894028308611,"HS"
2443,41.5894028308611,"HS"
2444,41.5894028308611,"HS"
2445,41.5894028308611,"HS"
2446,41.5894028308611,"HS"
2447,41.5894028308611,"HS"
2448,41.5894028308611,"HS"
2449,41.5894028308611,"HS"
2450,41.5894028308611,"HS"
2451,41.5894028308611,"HS"
2452,41.5894028308611,"HS"
2453,41.5894028308611,"HS"
2454,41.5894028308611,"HS"
2455,41.5894028308611,"HS"
2456,41.5894028308611,"HS"
2457,41.5894028308611,"HS"
2458,41.5894028308611,"HS"
2459,41.5894028308611,"HS"
2460,41.5894028308611,"HS"
2461,41.5894028308611,"HS"
2462,41.5894028308611,"HS"
2463,41.5894028308611,"HS"
2464,41.5894028308611,"HS"
2465,41.5894028308611,"HS"
2466,41.5894028308611,"HS"
2467,41.5894028308611,"HS"
2468,41.5894028308611,"HS"
2469,41.5894028308611,"HS"
2470,41.5894028308611,"HS"
2471,41.5894028308611,"HS"
2472,41.5894028308611,"HS"
2473,41.5894028308611,"HS"
2474,41.5894028308611,"HS"
2475,41.5894028308611,"HS"
2476,41.5894028308611,"HS"
2477,41.5894028308611,"HS"
2478,41.5894028308611,"HS"
2479,41.5894028308611,"HS"
2480,41.5894028308611,"HS"
2481,41.5894028308611,"HS"
2482,41.5894028308611,"HS"
2483,41.5894028308611,"HS"
2484,41.5894028308611,"HS"
2485,41.5894028308611,"HS"
2486,41.5894028308611,"HS"
2487,41.5894028308611,"HS"
2488,41.5894028308611,"HS"
2489,41.5894028308611,"HS"
2490,41.5894028308611,"HS"
2491,41.5894028308611,"HS"
2492,41.5894028308611,"HS"
2493,41.5894028308611,"HS"
2494,41.5894028308611,"HS"
2495,41.5894028308611,"HS"
2496,41.5894028308611,"HS"
2497,41.5894028308611,"HS"
2498,41.5894028308611,"HS"
2499,41.5894028308611,"HS"
2500,41.5894028308611,"HS"
2501,41.5894028308611,"HS"
2502,41.5894028308611,"HS"
2503,41.5894028308611,"HS"
2504,41.5894028308611,"HS"
2505,41.5894028308611,"HS"
2506,41.5894028308611,"HS"
2507,41.5894028308611,"HS"
2508,41.5894028308611,"HS"
2509,41.5894028308611,"HS"
2510,41.5894028308611,"HS"
2511,41.5894028308611,"HS"
2512,41.5894028308611,"HS"
2513,41.5894028308611,"HS"
2514,41.5894028308611,"HS"
2515,41.5894028308611,"HS"
2516,41.5894028308611,"HS"
2517,41.5894028308611,"HS"
2518,41.5894028308611,"HS"
2519,41.5894028308611,"HS"
2520,41.5894028308611,"HS"
2521,41.5894028308611,"HS"
2522,41.5894028308611,"HS"
2523,41.5894028308611,"HS"
2524,41.5894028308611,"HS"
2525,41.5894028308611,"HS"
2526,41.5894028308611,"HS"
2527,41.5894028308611,"HS"
2528,41.5894028308611,"HS"
2529,41.5894028308611,"HS"
2530,41.5894028308611,"HS"
2531,41.5894028308611,"HS"
2532,41.5894028308611,"HS"
2533,41.5894028308611,"HS"
2534,41.5894028308611,"HS"
2535,41.5894028308611,"HS"
2536,41.5894028308611,"HS"
2537,41.5894028308611,"HS"
2538,41.5894028308611,"HS"
2539,41.5894028308611,"HS"
2540,41.5894028308611,"HS"
2541,41.5894028308611,"HS"
2542,41.5894028308611,"HS"
2543,41.5894028308611,"HS"
2544,41.5894028308611,"HS"
2545,41.5894028308611,"HS"
2546,41.5894028308611,"HS"
2547,41.5894028308611,"HS"
2548,41.5894028308611,"HS"
2549,41.5894028308611,"HS"
2550,41.5894028308611,"HS"
2551,41.5894028308611,"HS"
2552,41.5894028308611,"HS"
2553,41.5894028308611,"HS"
2554,41.5894028308611,"HS"
2555,41.5894028308611,"HS"
2556,41.5894028308611,"HS"
2557,41.5894028308611,"HS"
2558,41.5894028308611,"HS"
2559,41.5894028308611,"HS"
2560,41.5894028308611,"HS"
2561,41.5894028308611,"HS"
2562,41.5894028308611,"HS"
2563,41.5894028308611,"HS"
2564,41.5894028308611,"HS"
2565,41.5894028308611,"HS"
2566,41.5894028308611,"HS"
2567,41.5894028308611,"HS"
2568,41.5894028308611,"HS"
2569,41.5894028308611,"HS"
2570,41.5894028308611,"HS"
2571,41.5894028308611,"HS"
2572,41.5894028308611,"HS"
2573,41.5894028308611,"HS"
2574,41.5894028308611,"HS"
2575,41.5894028308611,"HS"
2576,41.5894028308611,"HS"
2577,41.5894028308611,"HS"
2578,41.5894028308611,"HS"
2579,41.5894028308611,"HS"
2580,41.5894028308611,"HS"
2581,41.5894028308611,"HS"
2582,41.5894028308611,"HS"
2583,41.5894028308611,"HS"
2584,41.5894028308611,"HS"
2585,41.5894028308611,"HS"
2586,41.5894028308611,"HS"
2587,41.5894028308611,"HS"
2588,41.5894028308611,"HS"
2589,41.5894028308611,"HS"
2590,41.5894028308611,"HS"
2591,41.5894028308611,"HS"
2592,41.5894028308611,"HS"
2593,41.5894028308611,"HS"
2594,41.5894028308611,"HS"
2595,41.5894028308611,"HS"
2596,41.5894028308611,"HS"
2597,41.5894028308611,"HS"
2598,41.5894028308611,"HS"
2599,41.5894028308611,"HS"
2600,41.5894028308611,"HS"
2601,41.5894028308611,"HS"
2602,41.5894028308611,"HS"
2603,41.5894028308611,"HS"
2604,41.5894028308611,"HS"
2605,41.5894028308611,"HS"
2606,41.5894028308611,"HS"
2607,41.5894028308611,"HS"
2608,41.5894028308611,"HS"
2609,41.5894028308611,"HS"
2610,41.5894028308611,"HS"
2611,41.5894028308611,"HS"
2612,41.5894028308611,"HS"
2613,41.5894028308611,"HS"
2614,41.5894028308611,"HS"
2615,41.5894028308611,"HS"
2616,41.5894028308611,"HS"
2617,41.5894028308611,"HS"
2618,41.5894028308611,"HS"
2619,41.5894028308611,"HS"
2620,41.5894028308611,"HS"
2621,41.5894028308611,"HS"
2622,41.5894028308611,"HS"
2623,41.5894028308611,"HS"
2624,41.5894028308611,"HS"
2625,41.5894028308611,"HS"
2626,41.5894028308611,"HS"
2627,41.5894028308611,"HS"
2628,41.5894028308611,"HS"
2629,41.5894028308611,"HS"
2630,41.5894028308611,"HS"
2631,41.5894028308611,"HS"
2632,41.5894028308611,"HS"
2633,41.5894028308611,"HS"
2634,41.5894028308611,"HS"
2635,41.5894028308611,"HS"
2636,41.5894028308611,"HS"
2637,41.5894028308611,"HS"
2638,41.5894028308611,"HS"
2639,41.5894028308611,"HS"
2640,41.5894028308611,"HS"
2641,41.5894028308611,"HS"
2642,41.5894028308611,"HS"
2643,41.5894028308611,"HS"
2644,41.5894028308611,"HS"
2645,41.5894028308611,"HS"
2646,41.5894028308611,"HS"
2647,41.5894028308611,"HS"
2648,41.5894028308611,"HS"
2649,41.5894028308611,"HS"
2650,41.5894028308611,"HS"
2651,41.5894028308611,"HS"
2652,41.5894028308611,"HS"
2653,41.5894028308611,"HS"
2654,41.5894028308611,"HS"
2655,41.5894028308611,"HS"
2656,41.5894028308611,"HS"
2657,41.5894028308611,"HS"
2658,41.5894028308611,"HS"
2659,41.5894028308611,"HS"
2660,41.5894028308611,"HS"
2661,41.5894028308611,"HS"
2662,41.5894028308611,"HS"
2663,41.5894028308611,"HS"
2664,41.5894028308611,"HS"
2665,41.5894028308611,"HS"
2666,41.5894028308611,"HS"
2667,41.5894028308611,"HS"
2668,41.5894028308611,"HS"
2669,41.5894028308611,"HS"
2670,41.5894028308611,"HS"
2671,41.5894028308611,"HS"
2672,41.5894028308611,"HS"
2673,41.5894028308611,"HS"
2674,41.5894028308611,"HS"
2675,41.5894028308611,"HS"
2676,41.5894028308611,"HS"
2677,41.5894028308611,"HS"
2678,41.5894028308611,"HS"
2679,41.5894028308611,"HS"
2680,41.5894028308611,"HS"
2681,41.5894028308611,"HS"
2682,41.5894028308611,"HS"
2683,41.5894028308611,"HS"
2684,41.5894028308611,"HS"
2685,41.5894028308611,"HS"
2686,41.5894028308611,"HS"
2687,41.5894028308611,"HS"
2688,41.5894028308611,"HS"
2689,41.5894028308611,"HS"
2690,41.5894028308611,"HS"
2691,41.5894028308611,"HS"
2692,41.5894028308611,"HS"
2693,41.5894028308611,"HS"
2694,41.5894028308611,"HS"
2695,41.5894028308611,"HS"
2696,41.5894028308611,"HS"
2697,41.5894028308611,"HS"
2698,41.5894028308611,"HS"
2699,41.5894028308611,"HS"
2700,41.5894028308611,"HS"
2701,41.5894028308611,"HS"
2702,41.5894028308611,"HS"
2703,41.5894028308611,"HS"
2704,41.5894028308611,"HS"
2705,41.5894028308611,"HS"
2706,41.5894028308611,"HS"
2707,41.5894028308611,"HS"
2708,41.5894028308611,"HS"
2709,41.5894028308611,"HS"
2710,41.5894028308611,"HS"
2711,41.5894028308611,"HS"
2712,41.5894028308611,"HS"
2713,41.5894028308611,"HS"
2714,41.5894028308611,"HS"
2715,41.5894028308611,"HS"
2716,41.5894028308611,"HS"
2717,41.5894028308611,"HS"
2718,41.5894028308611,"HS"
2719,41.5894028308611,"HS"
2720,41.5894028308611,"HS"
2721,41.5894028308611,"HS"
2722,41.5894028308611,"HS"
2723,41.5894028308611,"HS"
2724,41.5894028308611,"HS"
2725,41.5894028308611,"HS"
2726,41.5894028308611,"HS"
2727,41.5894028308611,"HS"
2728,41.5894028308611,"HS"
2729,41.5894028308611,"HS"
2730,41.5894028308611,"HS"
2731,41.5894028308611,"HS"
2732,41.5894028308611,"HS"
2733,41.5894028308611,"HS"
2734,41.5894028308611,"HS"
2735,41.5894028308611,"HS"
2736,41.5894028308611,"HS"
2737,41.5894028308611,"HS"
2738,41.5894028308611,"HS"
2739,41.5894028308611,"HS"
2740,41.5894028308611,"HS"
2741,41.5894028308611,"HS"
2742,41.5894028308611,"HS"
2743,41.5894028308611,"HS"
2744,41.5894028308611,"HS"
2745,41.5894028308611,"HS"
2746,41.5894028308611,"HS"
2747,41.5894028308611,"HS"
2748,41.5894028308611,"HS"
2749,41.5894028308611,"HS"
2750,41.5894028308611,"HS"
2751,41.5894028308611,"HS"
2752,41.5894028308611,"HS"
2753,41.5894028308611,"HS"
2754,41.5894028308611,"HS"
2755,41.5894028308611,"HS"
2756,41.5894028308611,"HS"
2757,41.5894028308611,"HS"
2758,41.5894028308611,"HS"
2759,41.5894028308611,"HS"
2760,41.5894028308611,"HS"
2761,41.5894028308611,"HS"
2762,41.5894028308611,"HS"
2763,41.5894028308611,"HS"
2764,41.5894028308611,"HS"
2765,41.5894028308611,"HS"
2766,41.5894028308611,"HS"
2767,41.5894028308611,"HS"
2768,41.5894028308611,"HS"
2769,41.5894028308611,"HS"
2770,41.5894028308611,"HS"
2771,41.5894028308611,"HS"
2772,41.5894028308611,"HS"
2773,41.5894028308611,"HS"
2774,41.5894028308611,"HS"
2775,41.5894028308611,"HS"
2776,41.5894028308611,"HS"
2777,41.5894028308611,"HS"
2778,41.5894028308611,"HS"
2779,41.5894028308611,"HS"
2780,41.5894028308611,"HS"
2781,41.5894028308611,"HS"
2782,41.5894028308611,"HS"
2783,41.5894028308611,"HS"
2784,41.5894028308611,"HS"
2785,41.5894028308611,"HS"
2786,41.5894028308611,"HS"
2787,41.5894028308611,"HS"
2788,41.5894028308611,"HS"
2789,41.5894028308611,"HS"
2790,41.5894028308611,"HS"
2791,41.5894028308611,"HS"
2792,41.5894028308611,"HS"
2793,41.5894028308611,"HS"
2794,41.5894028308611,"HS"
2795,41.5894028308611,"HS"
2796,41.5894028308611,"HS"
2797,41.5894028308611,"HS"
2798,41.5894028308611,"HS"
2799,41.5894028308611,"HS"
2800,41.5894028308611,"HS"
2801,41.5894028308611,"HS"
2802,41.5894028308611,"HS"
2803,41.5894028308611,"HS"
2804,41.5894028308611,"HS"
2805,41.5894028308611,"HS"
2806,41.5894028308611,"HS"
2807,41.5894028308611,"HS"
2808,41.5894028308611,"HS"
2809,41.5894028308611,"HS"
2810,41.5894028308611,"HS"
2811,41.5894028308611,"HS"
2812,41.5894028308611,"HS"
2813,41.5894028308611,"HS"
2814,41.5894028308611,"HS"
2815,41.5894028308611,"HS"
2816,41.5894028308611,"HS"
2817,41.5894028308611,"HS"
2818,41.5894028308611,"HS"
2819,41.5894028308611,"HS"
2820,41.5894028308611,"HS"
2821,41.5894028308611,"HS"
2822,41.5894028308611,"HS"
2823,41.5894028308611,"HS"
2824,41.5894028308611,"HS"
2825,41.5894028308611,"HS"
2826,41.5894028308611,"HS"
2827,41.5894028308611,"HS"
2828,41.5894028308611,"HS"
2829,41.5894028308611,"HS"
2830,41.5894028308611,"HS"
2831,41.5894028308611,"HS"
2832,41.5894028308611,"HS"
2833,41.5894028308611,"HS"
2834,41.5894028308611,"HS"
2835,41.5894028308611,"HS"
2836,41.5894028308611,"HS"
2837,41.5894028308611,"HS"
2838,41.5894028308611,"HS"
2839,41.5894028308611,"HS"
2840,41.5894028308611,"HS"
2841,41.5894028308611,"HS"
2842,41.5894028308611,"HS"
2843,41.5894028308611,"HS"
2844,41.5894028308611,"HS"
2845,41.5894028308611,"HS"
2846,41.5894028308611,"HS"
2847,41.5894028308611,"HS"
2848,41.5894028308611,"HS"
2849,41.5894028308611,"HS"
2850,41.5894028308611,"HS"
2851,41.5894028308611,"HS"
2852,41.5894028308611,"HS"
2853,41.5894028308611,"HS"
2854,41.5894028308611,"HS"
2855,41.5894028308611,"HS"
2856,41.5894028308611,"HS"
2857,41.5894028308611,"HS"
2858,41.5894028308611,"HS"
2859,41.5894028308611,"HS"
2860,41.5894028308611,"HS"
2861,41.5894028308611,"HS"
2862,41.5894028308611,"HS"
2863,41.5894028308611,"HS"
2864,41.5894028308611,"HS"
2865,41.5894028308611,"HS"
2866,41.5894028308611,"HS"
2867,41.5894028308611,"HS"
2868,41.5894028308611,"HS"
2869,41.5894028308611,"HS"
2870,41.5894028308611,"HS"
2871,41.5894028308611,"HS"
2872,41.5894028308611,"HS"
2873,41.5894028308611,"HS"
2874,41.5894028308611,"HS"
2875,41.5894028308611,"HS"
2876,41.5894028308611,"HS"
2877,41.5894028308611,"HS"
2878,41.5894028308611,"HS"
2879,41.5894028308611,"HS"
2880,41.5894028308611,"HS"
2881,41.5894028308611,"HS"
2882,41.5894028308611,"HS"
2883,41.5894028308611,"HS"
2884,41.5894028308611,"HS"
2885,41.5894028308611,"HS"
2886,41.5894028308611,"HS"
2887,41.5894028308611,"HS"
2888,41.5894028308611,"HS"
2889,41.5894028308611,"HS"
2890,41.5894028308611,"HS"
2891,41.5894028308611,"HS"
2892,41.5894028308611,"HS"
2893,41.5894028308611,"HS"
2894,41.5894028308611,"HS"
2895,41.5894028308611,"HS"
2896,41.5894028308611,"HS"
2897,41.5894028308611,"HS"
2898,41.5894028308611,"HS"
2899,41.5894028308611,"HS"
2900,41.5894028308611,"HS"
2901,41.5894028308611,"HS"
2902,41.5894028308611,"HS"
2903,41.5894028308611,"HS"
2904,41.5894028308611,"HS"
2905,41.5894028308611,"HS"
2906,41.5894028308611,"HS"
2907,41.5894028308611,"HS"
2908,41.5894028308611,"HS"
2909,41.5894028308611,"HS"
2910,41.5894028308611,"HS"
2911,41.5894028308611,"HS"
2912,41.5894028308611,"HS"
2913,41.5894028308611,"HS"
2914,41.5894028308611,"HS"
2915,41.5894028308611,"HS"
2916,41.5894028308611,"HS"
2917,41.5894028308611,"HS"
2918,41.5894028308611,"HS"
2919,41.5894028308611,"HS"
2920,41.5894028308611,"HS"
2921,41.5894028308611,"HS"
2922,41.5894028308611,"HS"
2923,41.5894028308611,"HS"
2924,41.5894028308611,"HS"
2925,41.5894028308611,"HS"
2926,41.5894028308611,"HS"
2927,41.5894028308611,"HS"
2928,41.5894028308611,"HS"
2929,41.5894028308611,"HS"
2930,41.5894028308611,"HS"
2931,41.5894028308611,"HS"
2932,41.5894028308611,"HS"
2933,41.5894028308611,"HS"
2934,41.5894028308611,"HS"
2935,41.5894028308611,"HS"
2936,41.5894028308611,"HS"
2937,41.5894028308611,"HS"
2938,41.5894028308611,"HS"
2939,41.5894028308611,"HS"
2940,41.5894028308611,"HS"
2941,41.5894028308611,"HS"
2942,41.5894028308611,"HS"
2943,41.5894028308611,"HS"
2944,41.5894028308611,"HS"
2945,41.5894028308611,"HS"
2946,41.5894028308611,"HS"
2947,41.5894028308611,"HS"
2948,41.5894028308611,"HS"
2949,41.5894028308611,"HS"
2950,41.5894028308611,"HS"
2951,41.5894028308611,"HS"
2952,41.5894028308611,"HS"
2953,41.5894028308611,"HS"
2954,41.5894028308611,"HS"
2955,41.5894028308611,"HS"
2956,41.5894028308611,"HS"
2957,41.5894028308611,"HS"
2958,41.5894028308611,"HS"
2959,41.5894028308611,"HS"
2960,41.5894028308611,"HS"
2961,41.5894028308611,"HS"
2962,41.5894028308611,"HS"
2963,41.5894028308611,"HS"
2964,41.5894028308611,"HS"
2965,41.5894028308611,"HS"
2966,41.5894028308611,"HS"
2967,41.5894028308611,"HS"
2968,41.5894028308611,"HS"
2969,41.5894028308611,"HS"
2970,41.5894028308611,"HS"
2971,41.5894028308611,"HS"
2972,41.5894028308611,"HS"
2973,41.5894028308611,"HS"
2974,41.5894028308611,"HS"
2975,41.5894028308611,"HS"
2976,41.5894028308611,"HS"
2977,41.5894028308611,"HS"
2978,41.5894028308611,"HS"
2979,41.5894028308611,"HS"
2980,41.5894028308611,"HS"
2981,41.5894028308611,"HS"
2982,41.5894028308611,"HS"
2983,41.5894028308611,"HS"
2984,41.5894028308611,"HS"
2985,41.5894028308611,"HS"
2986,41.5894028308611,"HS"
2987,41.5894028308611,"HS"
2988,41.5894028308611,"HS"
2989,41.5894028308611,"HS"
2990,41.5894028308611,"HS"
2991,41.5894028308611,"HS"
2992,41.5894028308611,"HS"
2993,41.5894028308611,"HS"
2994,41.5894028308611,"HS"
2995,41.5894028308611,"HS"
2996,41.5894028308611,"HS"
2997,41.5894028308611,"HS"
2998,41.5894028308611,"HS"
2999,41.5894028308611,"HS"
3000,41.5894028308611,"HS"
3001,41.5894028308611,"HS"
3002,41.5894028308611,"HS"
3003,41.5894028308611,"HS"
3004,41.5894028308611,"HS"
3005,41.5894028308611,"HS"
3006,41.5894028308611,"HS"
3007,41.5894028308611,"HS"
3008,41.5894028308611,"HS"
3009,41.5894028308611,"HS"
3010,41.5894028308611,"HS"
3011,41.5894028308611,"HS"
3012,41.5894028308611,"HS"
3013,41.5894028308611,"HS"
3014,41.5894028308611,"HS"
3015,41.5894028308611,"HS"
3016,41.5894028308611,"HS"
3017,41.5894028308611,"HS"
3018,41.5894028308611,"HS"
3019,41.5894028308611,"HS"
3020,41.5894028308611,"HS"
3021,41.5894028308611,"HS"
3022,41.5894028308611,"HS"
3023,41.5894028308611,"HS"
3024,41.5894028308611,"HS"
3025,41.5894028308611,"HS"
3026,41.5894028308611,"HS"
3027,41.5894028308611,"HS"
3028,41.5894028308611,"HS"
3029,41.5894028308611,"HS"
3030,41.5894028308611,"HS"
3031,41.5894028308611,"HS"
3032,41.5894028308611,"HS"
3033,41.5894028308611,"HS"
3034,41.5894028308611,"HS"
3035,41.5894028308611,"HS"
3036,41.5894028308611,"HS"
3037,41.5894028308611,"HS"
3038,41.5894028308611,"HS"
3039,41.5894028308611,"HS"
3040,41.5894028308611,"HS"
3041,41.5894028308611,"HS"
3042,41.5894028308611,"HS"
3043,41.5894028308611,"HS"
3044,41.5894028308611,"HS"
3045,41.5894028308611,"HS"
3046,41.5894028308611,"HS"
3047,41.5894028308611,"HS"
3048,41.5894028308611,"HS"
3049,41.5894028308611,"HS"
3050,41.5894028308611,"HS"
3051,41.5894028308611,"HS"
3052,41.5894028308611,"HS"
3053,41.5894028308611,"HS"
3054,41.5894028308611,"HS"
3055,41.5894028308611,"HS"
3056,41.5894028308611,"HS"
3057,41.5894028308611,"HS"
3058,41.5894028308611,"HS"
3059,41.5894028308611,"HS"
3060,41.5894028308611,"HS"
3061,41.5894028308611,"HS"
3062,41.5894028308611,"HS"
3063,41.5894028308611,"HS"
3064,41.5894028308611,"HS"
3065,41.5894028308611,"HS"
3066,41.5894028308611,"HS"
3067,41.5894028308611,"HS"
3068,41.5894028308611,"HS"
3069,41.5894028308611,"HS"
3070,41.5894028308611,"HS"
3071,41.5894028308611,"HS"
3072,41.5894028308611,"HS"
3073,41.5894028308611,"HS"
3074,41.5894028308611,"HS"
3075,41.5894028308611,"HS"
3076,41.5894028308611,"HS"
3077,41.5894028308611,"HS"
3078,41.5894028308611,"HS"
3079,41.5894028308611,"HS"
3080,41.5894028308611,"HS"
3081,41.5894028308611,"HS"
3082,41.5894028308611,"HS"
3083,41.5894028308611,"HS"
3084,41.5894028308611,"HS"
3085,41.5894028308611,"HS"
3086,41.5894028308611,"HS"
3087,41.5894028308611,"HS"
3088,41.5894028308611,"HS"
3089,41.5894028308611,"HS"
3090,41.5894028308611,"HS"
3091,41.5894028308611,"HS"
3092,41.5894028308611,"HS"
3093,41.5894028308611,"HS"
3094,41.5894028308611,"HS"
3095,41.5894028308611,"HS"
3096,41.5894028308611,"HS"
3097,41.5894028308611,"HS"
3098,41.5894028308611,"HS"
3099,41.5894028308611,"HS"
3100,41.5894031394001,"HS"
3101,39.2555321382643,"HS"
3102,35.0712195789249,"HS"
3103,31.0779968397889,"HS"
3104,28.3435770958465,"HS"
3105,26.6069945983222,"HS"
3106,25.4417310199856,"HS"
3107,24.6906690674788,"HS"
3108,24.2667707936632,"HS"
3109,24.1059264612247,"HS"
3110,24.1571397865965,"HS"
3111,24.3797159786628,"HS"
3112,24.74037107043,"HS"
3113,25.203096622175,"HS"
3114,25.7325955306369,"HS"
3115,26.3064087384909,"HS"
3116,26.9103391239974,"HS"
3117,27.5346829722793,"HS"
3118,28.170758188692,"HS"
3119,28.810117092459,"HS"
3120,29.447700033911,"HS"
3121,30.0785432817567,"HS"
3122,30.6969180664766,"HS"
3123,31.3453683265235,"HS"
3124,32.0449258505038,"HS"
3125,32.7636621006095,"HS"
3126,33.4788252145687,"HS"
3127,34.1745765514952,"HS"
3128,34.8402684818375,"HS"
3129,35.4691286447186,"HS"
3130,36.0572476975479,"HS"
3131,34.7188306918566,"HS"
3132,31.7797553753851,"HS"
3133,28.8545451222544,"HS"
3134,26.8641076184018,"HS"
3135,25.6266106539567,"HS"
3136,24.8067482550492,"HS"
3137,24.2944099467992,"HS"
3138,24.0330979599693,"HS"
3139,23.9810457946062,"HS"
3140,24.1031813884762,"HS"
3141,24.3704786930498,"HS"
3142,24.758217370909,"HS"
3143,25.2364227009748,"HS"
3144,25.7736019825556,"HS"
3145,26.3501659910639,"HS"
3146,26.953771718133,"HS"
3147,27.5759512872656,"HS"
3148,28.2088208071188,"HS"
3149,28.8445339086741,"HS"
3150,29.4783150866452,"HS"
3151,30.1054704812429,"HS"
3152,30.7204030635358,"HS"
3153,31.365970206469,"HS"
3154,32.0628721811438,"HS"
3155,32.7792095576945,"HS"
3156,33.4922358713613,"HS"
3157,34.186103565141,"HS"
3158,34.8501480940427,"HS"
3159,35.4775764935111,"HS"
3160,36.064466210475,"HS"
3161,34.7313392982908,"HS"
3162,31.7918133349857,"HS"
3163,28.8647130544824,"HS"
3164,26.8726729238884,"HS"
3165,25.6336471751594,"HS"
3166,24.8123798024035,"HS"
3167,24.2988059593663,"HS"
3168,24.0365295963592,"HS"
3169,23.983657161078,"HS"
3170,24.1052132095324,"HS"
3171,24.3719769831321,"HS"
3172,24.7593737862254,"HS"
3173,25.2371442224209,"HS"
3174,25.7740495140565,"HS"
3175,26.350605294585,"HS"
3176,26.9541599859564,"HS"
3177,27.5763235249107,"HS"
3178,28.2092171138344,"HS"
3179,28.8449728694773,"HS"
3180,29.4787732521835,"HS"
3181,30.1059280638789,"HS"
3182,30.7208166490268,"HS"
3183,31.3657993166701,"HS"
3184,32.062268220524,"HS"
3185,32.7782937889694,"HS"
3186,33.4911046870554,"HS"
3187,34.1848329425939,"HS"
3188,34.8487972644513,"HS"
3189,35.4761912018458,"HS"
3190,36.0630809880659,"HS"
3191,36.60764067398,"HS"
3192,37.1095680331267,"HS"
3193,37.5696408148602,"HS"
3194,37.9893798662379,"HS"
3195,38.3707955636814,"HS"
3196,38.7161977091634,"HS"
3197,39.0280547875696,"HS"
3198,39.3088908315247,"HS"
3199,39.5612113067694,"HS"
3200,39.7874510562998,"HS"
3201,39.9899390395497,"HS"
3202,40.1708757562932,"HS"
3203,40.3323201363304,"HS"
3204,40.4761834621219,"HS"
3205,40.6042283953915,"HS"
3206,40.7180716637691,"HS"
3207,40.8191892784768,"HS"
3208,40.908923440235,"HS"
3209,40.9884904834504,"HS"
3210,41.0589893898459,"HS"
3211,41.1214105057211,"HS"
3212,41.1766442170846,"HS"
3213,41.2254893952575,"HS"
3214,41.2686614874711,"HS"
3215,41.3068001790891,"HS"
3216,41.3404765686371,"HS"
3217,41.3701998426481,"HS"
3218,41.3964234382337,"HS"
3219,41.4195507017219,"HS"
3220,41.43994006415,"HS"
3221,41.4579097492261,"HS"
3222,41.4737420472367,"HS"
3223,41.4876871793445,"HS"
3224,41.4999667824353,"HS"
3225,41.5107770469167,"HS"
3226,41.5202915321392,"HS"
3227,41.5286636913759,"HS"
3228,41.5360291305821,"HS"
3229,41.5425076257791,"HS"
3230,41.5482049241012,"HS"
3231,41.553214347402,"HS"
3232,41.557618220332,"HS"
3233,41.5614891399509,"HS"
3234,41.5648911030561,"HS"
3235,41.5678805074172,"HS"
3236,41.5705070390245,"HS"
3237,41.5728144586784,"HS"
3238,41.5748412985792,"HS"
3239,41.576621478493,"HS"
3240,41.5781848511497,"HS"
3241,41.5795576840523,"HS"
3242,41.5807630853195,"HS"
3243,41.5818213798375,"HS"
3244,41.5827504411123,"HS"
3245,41.5835659843243,"HS"
3246,41.5842818246714,"HS"
3247,41.5849101052057,"HS"
3248,41.5854614977304,"HS"
3249,41.5859453797076,"HS"
3250,41.5863699902224,"HS"
3251,41.5867425672732,"HS"
3252,41.5870694686547,"HS"
3253,41.5873562784155,"HS"
3254,41.5876079004781,"HS"
3255,41.5878286410716,"HS"
3256,41.5880222812212,"HS"
3257,41.588192140496,"HS"
3258,41.5883411330999,"HS"
3259,41.5884718171495,"HS"
3260,41.5885864380218,"HS"
3261,41.5886869664462,"HS"
3262,41.5887751319708,"HS"
3263,41.5888524523894,"HS"
3264,41.5889202595759,"HS"
3265,41.5889797221919,"HS"
3266,41.5890318656318,"HS"
3267,41.5890775895319,"HS"
3268,41.5891176831591,"HS"
3269,41.5891528389137,"HS"
3270,41.5891836641904,"HS"
3271,41.5892106917924,"HS"
3272,41.5892343890691,"HS"
3273,41.589255165943,"HS"
3274,41.5892733819506,"HS"
3275,41.5892893524248,"HS"
3276,41.5893033539203,"HS"
3277,41.5893156289729,"HS"
3278,41.5893263902789,"HS"
3279,41.5893358243598,"HS"
3280,41.5893440947785,"HS"
3281,41.589351344962,"HS"
3282,41.5893577006761,"HS"
3283,41.5893632721979,"HS"
3284,41.589368156221,"HS"
3285,41.5893724375261,"HS"
3286,41.589376190448,"HS"
3287,41.5893794801603,"HS"
3288,41.5893823638041,"HS"
3289,41.5893848914764,"HS"
3290,41.5893871070981,"HS"
3291,41.5893890491744,"HS"
3292,41.5893907514623,"HS"
3293,41.5893922435555,"HS"
3294,41.5893935513972,"HS"
3295,41.5893946977307,"HS"
3296,41.5893957024932,"HS"
3297,41.5893965831621,"HS"
3298,41.5893973550581,"HS"
3299,41.5893980316114,"HS"
3300,41.5893986245946,"HS"
3301,41.5893991443274,"HS"
3302,41.5893995998555,"HS"
3303,41.5893999991081,"HS"
3304,41.5894003490356,"HS"
3305,41.58940065573,"HS"
3306,41.5894009245315,"HS"
3307,41.5894011601207,"HS"
3308,41.5894013666002,"HS"
3309,41.5894015475661,"HS"
3310,41.5894017061702,"HS"
3311,41.5894018451753,"HS"
3312,41.5894019670027,"HS"
3313,41.5894020737748,"HS"
3314,41.5894021673517,"HS"
3315,41.5894022493639,"HS"
3316,41.5894023212403,"HS"
3317,41.5894023842335,"HS"
3318,41.5894024394411,"HS"
3319,41.5894024878253,"HS"
3320,41.5894025302292,"HS"
3321,41.589402567392,"HS"
3322,41.5894025999613,"HS"
3323,41.5894026285049,"HS"
3324,41.5894026535202,"HS"
3325,41.5894026754435,"HS"
3326,41.5894026946567,"HS"
3327,41.5894027114949,"HS"
3328,41.5894027262517,"HS"
3329,41.5894027391843,"HS"
3330,41.5894027505182,"HS"
3331,41.589402760451,"HS"
3332,41.5894027691558,"HS"
3333,41.5894027767846,"HS"
3334,41.5894027834702,"HS"
3335,41.5894027893294,"HS"
3336,41.5894027944641,"HS"
3337,41.5894027989641,"HS"
3338,41.5894028029078,"HS"
3339,41.5894028063639,"HS"
3340,41.5894028093927,"HS"
3341,41.589402812047,"HS"
3342,41.5894028143732,"HS"
3343,41.5894028164118,"HS"
3344,41.5894028181983,"HS"
3345,41.589402819764,"HS"
3346,41.5894028211361,"HS"
3347,41.5894028223385,"HS"
3348,41.5894028233923,"HS"
3349,41.5894028243157,"HS"
3350,41.5894028251251,"HS"
3351,41.5894028258343,"HS"
3352,41.5894028264559,"HS"
3353,41.5894028270005,"HS"
3354,41.5894028274779,"HS"
3355,41.5894028278962,"HS"
3356,41.5894028282628,"HS"
3357,41.5894028285841,"HS"
3358,41.5894028288657,"HS"
3359,41.5894028291124,"HS"
3360,41.5894028293286,"HS"
3361,41.5894028295181,"HS"
3362,41.5894028296842,"HS"
3363,41.5894028298297,"HS"
3364,41.5894028299573,"HS"
3365,41.589402830069,"HS"
3366,41.589402830167,"HS"
3367,41.5894028302528,"HS"
3368,41.589402830328,"HS"
3369,41.5894028303939,"HS"
3370,41.5894028304517,"HS"
3371,41.5894028305023,"HS"
3372,41.5894028305467,"HS"
3373,41.5894028305856,"HS"
3374,41.5894028306197,"HS"
3375,41.5894028306495,"HS"
3376,41.5894028306757,"HS"
3377,41.5894028306986,"HS"
3378,41.5894028307187,"HS"
3379,41.5894028307363,"HS"
3380,41.5894028307518,"HS"
3381,41.5894028307653,"HS"
3382,41.5894028307771,"HS"
3383,41.5894028307875,"HS"
3384,41.5894028307966,"HS"
3385,41.5894028308046,"HS"
3386,41.5894028308116,"HS"
3387,41.5894028308177,"HS"
3388,41.5894028308231,"HS"
3389,41.5894028308278,"HS"
3390,41.5894028308319,"HS"
3391,41.5894028308355,"HS"
3392,41.5894028308387,"HS"
3393,41.5894028308415,"HS"
3394,41.5894028308439,"HS"
3395,41.589402830846,"HS"
3396,41.5894028308479,"HS"
3397,41.5894028308495,"HS"
3398,41.589402830851,"HS"
3399,41.5894028308522,"HS"
3400,41.5894028308533,"HS"
3401,41.5894028308543,"HS"
3402,41.5894028308551,"HS"
3403,41.5894028308559,"HS"
3404,41.5894028308565,"HS"
3405,41.5894028308571,"HS"
3406,41.5894028308576,"HS"
3407,41.589402830858,"HS"
3408,41.5894028308584,"HS"
3409,41.5894028308588,"HS"
3410,41.5894028308591,"HS"
3411,41.5894028308593,"HS"
3412,41.5894028308595,"HS"
3413,41.5894028308597,"HS"
3414,41.5894028308599,"HS"
3415,41.5894028308601,"HS"
3416,41.5894028308602,"HS"
3417,41.5894028308603,"HS"
3418,41.5894028308604,"HS"
3419,41.5894028308605,"HS"
3420,41.5894028308606,"HS"
3421,41.5894028308606,"HS"
3422,41.5894028308607,"HS"
3423,41.5894028308608,"HS"
3424,41.5894028308608,"HS"
3425,41.5894028308608,"HS"
3426,41.5894028308609,"HS"
3427,41.5894028308609,"HS"
3428,41.5894028308609,"HS"
3429,41.589402830861,"HS"
3430,41.589402830861,"HS"
3431,41.589402830861,"HS"
3432,41.589402830861,"HS"
3433,41.589402830861,"HS"
3434,41.589402830861,"HS"
3435,41.5894028308611,"HS"
3436,41.5894028308611,"HS"
3437,41.5894028308611,"HS"
3438,41.5894028308611,"HS"
3439,41.5894028308611,"HS"
3440,41.5894028308611,"HS"
3441,41.5894028308611,"HS"
3442,41.5894028308611,"HS"
3443,41.5894028308611,"HS"
3444,41.5894028308611,"HS"
3445,41.5894028308611,"HS"
3446,41.5894028308611,"HS"
3447,41.5894028308611,"HS"
3448,41.5894028308611,"HS"
3449,41.5894028308611,"HS"
3450,41.5894028308611,"HS"
3451,41.5894028308611,"HS"
3452,41.5894028308611,"HS"
3453,41.5894028308611,"HS"
3454,41.5894028308611,"HS"
3455,41.5894028308611,"HS"
3456,41.5894028308611,"HS"
3457,41.5894028308611,"HS"
3458,41.5894028308611,"HS"
3459,41.5894028308611,"HS"
3460,41.5894028308611,"HS"
3461,41.5894028308611,"HS"
3462,41.5894028308611,"HS"
3463,41.5894028308611,"HS"
3464,41.5894028308611,"HS"
3465,41.5894028308611,"HS"
3466,41.5894028308611,"HS"
3467,41.5894028308611,"HS"
3468,41.5894028308611,"HS"
3469,41.5894028308611,"HS"
3470,41.5894028308611,"HS"
3471,41.5894028308611,"HS"
3472,41.5894028308611,"HS"
3473,41.5894028308611,"HS"
3474,41.5894028308611,"HS"
3475,41.5894028308611,"HS"
3476,41.5894028308611,"HS"
3477,41.5894028308611,"HS"
3478,41.5894028308611,"HS"
3479,41.5894028308611,"HS"
3480,41.5894028308611,"HS"
3481,41.5894028308611,"HS"
3482,41.5894028308611,"HS"
3483,41.5894028308611,"HS"
3484,41.5894028308611,"HS"
3485,41.5894028308611,"HS"
3486,41.5894028308611,"HS"
3487,41.5894028308611,"HS"
3488,41.5894028308611,"HS"
3489,41.5894028308611,"HS"
3490,41.5894028308611,"HS"
3491,41.5894028308611,"HS"
3492,41.5894028308611,"HS"
3493,41.5894028308611,"HS"
3494,41.5894028308611,"HS"
3495,41.5894028308611,"HS"
3496,41.5894028308611,"HS"
3497,41.5894028308611,"HS"
3498,41.5894028308611,"HS"
3499,41.5894028308611,"HS"
3500,41.5894028308611,"HS"
3501,41.5894028308611,"HS"
3502,41.5894028308611,"HS"
3503,41.5894028308611,"HS"
3504,41.5894028308611,"HS"
3505,41.5894028308611,"HS"
3506,41.5894028308611,"HS"
3507,41.5894028308611,"HS"
3508,41.5894028308611,"HS"
3509,41.5894028308611,"HS"
3510,41.5894028308611,"HS"
3511,41.5894028308611,"HS"
3512,41.5894028308611,"HS"
3513,41.5894028308611,"HS"
3514,41.5894028308611,"HS"
3515,41.5894028308611,"HS"
3516,41.5894028308611,"HS"
3517,41.5894028308611,"HS"
3518,41.5894028308611,"HS"
3519,41.5894028308611,"HS"
3520,41.5894028308611,"HS"
3521,41.5894028308611,"HS"
3522,41.5894028308611,"HS"
3523,41.5894028308611,"HS"
3524,41.5894028308611,"HS"
3525,41.5894028308611,"HS"
3526,41.5894028308611,"HS"
3527,41.5894028308611,"HS"
3528,41.5894028308611,"HS"
3529,41.5894028308611,"HS"
3530,41.5894028308611,"HS"
3531,41.5894028308611,"HS"
3532,41.5894028308611,"HS"
3533,41.5894028308611,"HS"
3534,41.5894028308611,"HS"
3535,41.5894028308611,"HS"
3536,41.5894028308611,"HS"
3537,41.5894028308611,"HS"
3538,41.5894028308611,"HS"
3539,41.5894028308611,"HS"
3540,41.5894028308611,"HS"
3541,41.5894028308611,"HS"
3542,41.5894028308611,"HS"
3543,41.5894028308611,"HS"
3544,41.5894028308611,"HS"
3545,41.5894028308611,"HS"
3546,41.5894028308611,"HS"
3547,41.5894028308611,"HS"
3548,41.5894028308611,"HS"
3549,41.5894028308611,"HS"
3550,41.5894028308611,"HS"
3551,41.5894028308611,"HS"
3552,41.5894028308611,"HS"
3553,41.5894028308611,"HS"
3554,41.5894028308611,"HS"
3555,41.5894028308611,"HS"
3556,41.5894028308611,"HS"
3557,41.5894028308611,"HS"
3558,41.5894028308611,"HS"
3559,41.5894028308611,"HS"
3560,41.5894028308611,"HS"
3561,41.5894028308611,"HS"
3562,41.5894028308611,"HS"
3563,41.5894028308611,"HS"
3564,41.5894028308611,"HS"
3565,41.5894028308611,"HS"
3566,41.5894028308611,"HS"
3567,41.5894028308611,"HS"
3568,41.5894028308611,"HS"
3569,41.5894028308611,"HS"
3570,41.5894028308611,"HS"
3571,41.5894028308611,"HS"
3572,41.5894028308611,"HS"
3573,41.5894028308611,"HS"
3574,41.5894028308611,"HS"
3575,41.5894028308611,"HS"
3576,41.5894028308611,"HS"
3577,41.5894028308611,"HS"
3578,41.5894028308611,"HS"
3579,41.5894028308611,"HS"
3580,41.5894028308611,"HS"
3581,41.5894028308611,"HS"
3582,41.5894028308611,"HS"
3583,41.5894028308611,"HS"
3584,41.5894028308611,"HS"
3585,41.5894028308611,"HS"
3586,41.5894028308611,"HS"
3587,41.5894028308611,"HS"
3588,41.5894028308611,"HS"
3589,41.5894028308611,"HS"
3590,41.5894028308611,"HS"
3591,41.5894028308611,"HS"
3592,41.5894028308611,"HS"
3593,41.5894028308611,"HS"
3594,41.5894028308611,"HS"
3595,41.5894028308611,"HS"
3596,41.5894028308611,"HS"
3597,41.5894028308611,"HS"
3598,41.5894028308611,"HS"
3599,41.5894028308611,"HS"
3600,41.5894028308611,"HS"
3601,41.5894028308611,"HS"
3602,41.5894028308611,"HS"
3603,41.5894028308611,"HS"
3604,41.5894028308611,"HS"
3605,41.5894028308611,"HS"
3606,41.5894028308611,"HS"
3607,41.5894028308611,"HS"
3608,41.5894028308611,"HS"
3609,41.5894028308611,"HS"
3610,41.5894028308611,"HS"
3611,41.5894028308611,"HS"
3612,41.5894028308611,"HS"
3613,41.5894028308611,"HS"
3614,41.5894028308611,"HS"
3615,41.5894028308611,"HS"
3616,41.5894028308611,"HS"
3617,41.5894028308611,"HS"
3618,41.5894028308611,"HS"
3619,41.5894028308611,"HS"
3620,41.5894028308611,"HS"
3621,41.5894028308611,"HS"
3622,41.5894028308611,"HS"
3623,41.5894028308611,"HS"
3624,41.5894028308611,"HS"
3625,41.5894028308611,"HS"
3626,41.5894028308611,"HS"
3627,41.5894028308611,"HS"
3628,41.5894028308611,"HS"
3629,41.5894028308611,"HS"
3630,41.5894028308611,"HS"
3631,41.5894028308611,"HS"
3632,41.5894028308611,"HS"
3633,41.5894028308611,"HS"
3634,41.5894028308611,"HS"
3635,41.5894028308611,"HS"
3636,41.5894028308611,"HS"
3637,41.5894028308611,"HS"
3638,41.5894028308611,"HS"
3639,41.5894028308611,"HS"
3640,41.5894028308611,"HS"
3641,41.5894028308611,"HS"
3642,41.5894028308611,"HS"
3643,41.5894028308611,"HS"
3644,41.5894028308611,"HS"
3645,41.5894028308611,"HS"
3646,41.5894028308611,"HS"
3647,41.5894028308611,"HS"
3648,41.5894028308611,"HS"
3649,41.5894028308611,"HS"
3650,41.5894028308611,"HS"
1,41.5894028308611,"NC"
2,41.5894028308611,"NC"
3,41.5894028308611,"NC"
4,41.5894028308611,"NC"
5,41.5894028308611,"NC"
6,41.5894028308611,"NC"
7,41.5894028308611,"NC"
8,41.5894028308611,"NC"
9,41.5894028308611,"NC"
10,41.5894028308611,"NC"
11,41.5894028308611,"NC"
12,41.5894028308611,"NC"
13,41.5894028308611,"NC"
14,41.5894028308611,"NC"
15,41.5894028308611,"NC"
16,41.5894028308611,"NC"
17,41.5894028308611,"NC"
18,41.5894028308611,"NC"
19,41.5894028308611,"NC"
20,41.5894028308611,"NC"
21,41.5894028308611,"NC"
22,41.5894028308611,"NC"
23,41.5894028308611,"NC"
24,41.5894028308611,"NC"
25,41.5894028308611,"NC"
26,41.5894028308611,"NC"
27,41.5894028308611,"NC"
28,41.5894028308611,"NC"
29,41.5894028308611,"NC"
30,41.5894028308611,"NC"
31,41.5894028308611,"NC"
32,41.5894028308611,"NC"
33,41.5894028308611,"NC"
34,41.5894028308611,"NC"
35,41.5894028308611,"NC"
36,41.5894028308611,"NC"
37,41.5894028308611,"NC"
38,41.5894028308611,"NC"
39,41.5894028308611,"NC"
40,41.5894028308611,"NC"
41,41.5894028308611,"NC"
42,41.5894028308611,"NC"
43,41.5894028308611,"NC"
44,41.5894028308611,"NC"
45,41.5894028308611,"NC"
46,41.5894028308611,"NC"
47,41.5894028308611,"NC"
48,41.5894028308611,"NC"
49,41.5894028308611,"NC"
50,41.5894028308611,"NC"
51,41.5894028308611,"NC"
52,41.5894028308611,"NC"
53,41.5894028308611,"NC"
54,41.5894028308611,"NC"
55,41.5894028308611,"NC"
56,41.5894028308611,"NC"
57,41.5894028308611,"NC"
58,41.5894028308611,"NC"
59,41.5894028308611,"NC"
60,41.5894028308611,"NC"
61,41.5894028308611,"NC"
62,41.5894028308611,"NC"
63,41.5894028308611,"NC"
64,41.5894028308611,"NC"
65,41.5894028308611,"NC"
66,41.5894028308611,"NC"
67,41.5894028308611,"NC"
68,41.5894028308611,"NC"
69,41.5894028308611,"NC"
70,41.5894028308611,"NC"
71,41.5894028308611,"NC"
72,41.5894028308611,"NC"
73,41.5894028308611,"NC"
74,41.5894028308611,"NC"
75,41.5894028308611,"NC"
76,41.5894028308611,"NC"
77,41.5894028308611,"NC"
78,41.5894028308611,"NC"
79,41.5894028308611,"NC"
80,41.5894028308611,"NC"
81,41.5894028308611,"NC"
82,41.5894028308611,"NC"
83,41.5894028308611,"NC"
84,41.5894028308611,"NC"
85,41.5894028308611,"NC"
86,41.5894028308611,"NC"
87,41.5894028308611,"NC"
88,41.5894028308611,"NC"
89,41.5894028308611,"NC"
90,41.5894028308611,"NC"
91,41.5894028308611,"NC"
92,41.5894028308611,"NC"
93,41.5894028308611,"NC"
94,41.5894028308611,"NC"
95,41.5894028308611,"NC"
96,41.5894028308611,"NC"
97,41.5894028308611,"NC"
98,41.5894028308611,"NC"
99,41.5894028308611,"NC"
100,41.5894028308611,"NC"
101,41.5894028308611,"NC"
102,41.5894028308611,"NC"
103,41.5894028308611,"NC"
104,41.5894028308611,"NC"
105,41.5894028308611,"NC"
106,41.5894028308611,"NC"
107,41.5894028308611,"NC"
108,41.5894028308611,"NC"
109,41.5894028308611,"NC"
110,41.5894028308611,"NC"
111,41.5894028308611,"NC"
112,41.5894028308611,"NC"
113,41.5894028308611,"NC"
114,41.5894028308611,"NC"
115,41.5894028308611,"NC"
116,41.5894028308611,"NC"
117,41.5894028308611,"NC"
118,41.5894028308611,"NC"
119,41.5894028308611,"NC"
120,41.5894028308611,"NC"
121,41.5894028308611,"NC"
122,41.5894028308611,"NC"
123,41.5894028308611,"NC"
124,41.5894028308611,"NC"
125,41.5894028308611,"NC"
126,41.5894028308611,"NC"
127,41.5894028308611,"NC"
128,41.5894028308611,"NC"
129,41.5894028308611,"NC"
130,41.5894028308611,"NC"
131,41.5894028308611,"NC"
132,41.5894028308611,"NC"
133,41.5894028308611,"NC"
134,41.5894028308611,"NC"
135,41.5894028308611,"NC"
136,41.5894028308611,"NC"
137,41.5894028308611,"NC"
138,41.5894028308611,"NC"
139,41.5894028308611,"NC"
140,41.5894028308611,"NC"
141,41.5894028308611,"NC"
142,41.5894028308611,"NC"
143,41.5894028308611,"NC"
144,41.5894028308611,"NC"
145,41.5894028308611,"NC"
146,41.5894028308611,"NC"
147,41.5894028308611,"NC"
148,41.5894028308611,"NC"
149,41.5894028308611,"NC"
150,41.5894028308611,"NC"
151,41.5894028308611,"NC"
152,41.5894028308611,"NC"
153,41.5894028308611,"NC"
154,41.5894028308611,"NC"
155,41.5894028308611,"NC"
156,41.5894028308611,"NC"
157,41.5894028308611,"NC"
158,41.5894028308611,"NC"
159,41.5894028308611,"NC"
160,41.5894028308611,"NC"
161,41.5894028308611,"NC"
162,41.5894028308611,"NC"
163,41.5894028308611,"NC"
164,41.5894028308611,"NC"
165,41.5894028308611,"NC"
166,41.5894028308611,"NC"
167,41.5894028308611,"NC"
168,41.5894028308611,"NC"
169,41.5894028308611,"NC"
170,41.5894028308611,"NC"
171,41.5894028308611,"NC"
172,41.5894028308611,"NC"
173,41.5894028308611,"NC"
174,41.5894028308611,"NC"
175,41.5894028308611,"NC"
176,41.5894028308611,"NC"
177,41.5894028308611,"NC"
178,41.5894028308611,"NC"
179,41.5894028308611,"NC"
180,41.5894028308611,"NC"
181,41.5894028308611,"NC"
182,41.5894028308611,"NC"
183,41.5894028308611,"NC"
184,41.5894028308611,"NC"
185,41.5894028308611,"NC"
186,41.5894028308611,"NC"
187,41.5894028308611,"NC"
188,41.5894028308611,"NC"
189,41.5894028308611,"NC"
190,41.5894028308611,"NC"
191,41.5894028308611,"NC"
192,41.5894028308611,"NC"
193,41.5894028308611,"NC"
194,41.5894028308611,"NC"
195,41.5894028308611,"NC"
196,41.5894028308611,"NC"
197,41.5894028308611,"NC"
198,41.5894028308611,"NC"
199,41.5894028308611,"NC"
200,41.5894028308611,"NC"
201,41.5894028308611,"NC"
202,41.5894028308611,"NC"
203,41.5894028308611,"NC"
204,41.5894028308611,"NC"
205,41.5894028308611,"NC"
206,41.5894028308611,"NC"
207,41.5894028308611,"NC"
208,41.5894028308611,"NC"
209,41.5894028308611,"NC"
210,41.5894028308611,"NC"
211,41.5894028308611,"NC"
212,41.5894028308611,"NC"
213,41.5894028308611,"NC"
214,41.5894028308611,"NC"
215,41.5894028308611,"NC"
216,41.5894028308611,"NC"
217,41.5894028308611,"NC"
218,41.5894028308611,"NC"
219,41.5894028308611,"NC"
220,41.5894028308611,"NC"
221,41.5894028308611,"NC"
222,41.5894028308611,"NC"
223,41.5894028308611,"NC"
224,41.5894028308611,"NC"
225,41.5894028308611,"NC"
226,41.5894028308611,"NC"
227,41.5894028308611,"NC"
228,41.5894028308611,"NC"
229,41.5894028308611,"NC"
230,41.5894028308611,"NC"
231,41.5894028308611,"NC"
232,41.5894028308611,"NC"
233,41.5894028308611,"NC"
234,41.5894028308611,"NC"
235,41.5894028308611,"NC"
236,41.5894028308611,"NC"
237,41.5894028308611,"NC"
238,41.5894028308611,"NC"
239,41.5894028308611,"NC"
240,41.5894028308611,"NC"
241,41.5894028308611,"NC"
242,41.5894028308611,"NC"
243,41.5894028308611,"NC"
244,41.5894028308611,"NC"
245,41.5894028308611,"NC"
246,41.5894028308611,"NC"
247,41.5894028308611,"NC"
248,41.5894028308611,"NC"
249,41.5894028308611,"NC"
250,41.5894028308611,"NC"
251,41.5894028308611,"NC"
252,41.5894028308611,"NC"
253,41.5894028308611,"NC"
254,41.5894028308611,"NC"
255,41.5894028308611,"NC"
256,41.5894028308611,"NC"
257,41.5894028308611,"NC"
258,41.5894028308611,"NC"
259,41.5894028308611,"NC"
260,41.5894028308611,"NC"
261,41.5894028308611,"NC"
262,41.5894028308611,"NC"
263,41.5894028308611,"NC"
264,41.5894028308611,"NC"
265,41.5894028308611,"NC"
266,41.5894028308611,"NC"
267,41.5894028308611,"NC"
268,41.5894028308611,"NC"
269,41.5894028308611,"NC"
270,41.5894028308611,"NC"
271,41.5894028308611,"NC"
272,41.5894028308611,"NC"
273,41.5894028308611,"NC"
274,41.5894028308611,"NC"
275,41.5894028308611,"NC"
276,41.5894028308611,"NC"
277,41.5894028308611,"NC"
278,41.5894028308611,"NC"
279,41.5894028308611,"NC"
280,41.5894028308611,"NC"
281,41.5894028308611,"NC"
282,41.5894028308611,"NC"
283,41.5894028308611,"NC"
284,41.5894028308611,"NC"
285,41.5894028308611,"NC"
286,41.5894028308611,"NC"
287,41.5894028308611,"NC"
288,41.5894028308611,"NC"
289,41.5894028308611,"NC"
290,41.5894028308611,"NC"
291,41.5894028308611,"NC"
292,41.5894028308611,"NC"
293,41.5894028308611,"NC"
294,41.5894028308611,"NC"
295,41.5894028308611,"NC"
296,41.5894028308611,"NC"
297,41.5894028308611,"NC"
298,41.5894028308611,"NC"
299,41.5894028308611,"NC"
300,41.5894028308611,"NC"
301,41.5894028308611,"NC"
302,41.5894028308611,"NC"
303,41.5894028308611,"NC"
304,41.5894028308611,"NC"
305,41.5894028308611,"NC"
306,41.5894028308611,"NC"
307,41.5894028308611,"NC"
308,41.5894028308611,"NC"
309,41.5894028308611,"NC"
310,41.5894028308611,"NC"
311,41.5894028308611,"NC"
312,41.5894028308611,"NC"
313,41.5894028308611,"NC"
314,41.5894028308611,"NC"
315,41.5894028308611,"NC"
316,41.5894028308611,"NC"
317,41.5894028308611,"NC"
318,41.5894028308611,"NC"
319,41.5894028308611,"NC"
320,41.5894028308611,"NC"
321,41.5894028308611,"NC"
322,41.5894028308611,"NC"
323,41.5894028308611,"NC"
324,41.5894028308611,"NC"
325,41.5894028308611,"NC"
326,41.5894028308611,"NC"
327,41.5894028308611,"NC"
328,41.5894028308611,"NC"
329,41.5894028308611,"NC"
330,41.5894028308611,"NC"
331,41.5894028308611,"NC"
332,41.5894028308611,"NC"
333,41.5894028308611,"NC"
334,41.5894028308611,"NC"
335,41.5894028308611,"NC"
336,41.5894028308611,"NC"
337,41.5894028308611,"NC"
338,41.5894028308611,"NC"
339,41.5894028308611,"NC"
340,41.5894028308611,"NC"
341,41.5894028308611,"NC"
342,41.5894028308611,"NC"
343,41.5894028308611,"NC"
344,41.5894028308611,"NC"
345,41.5894028308611,"NC"
346,41.5894028308611,"NC"
347,41.5894028308611,"NC"
348,41.5894028308611,"NC"
349,41.5894028308611,"NC"
350,41.5894028308611,"NC"
351,41.5894028308611,"NC"
352,41.5894028308611,"NC"
353,41.5894028308611,"NC"
354,41.5894028308611,"NC"
355,41.5894028308611,"NC"
356,41.5894028308611,"NC"
357,41.5894028308611,"NC"
358,41.5894028308611,"NC"
359,41.5894028308611,"NC"
360,41.5894028308611,"NC"
361,41.5894028308611,"NC"
362,41.5894028308611,"NC"
363,41.5894028308611,"NC"
364,41.5894028308611,"NC"
365,41.5894028308611,"NC"
366,41.5894028308611,"NC"
367,41.5894028308611,"NC"
368,41.5894028308611,"NC"
369,41.5894028308611,"NC"
370,41.5894028308611,"NC"
371,41.5894028308611,"NC"
372,41.5894028308611,"NC"
373,41.5894028308611,"NC"
374,41.5894028308611,"NC"
375,41.5894028308611,"NC"
376,41.5894028308611,"NC"
377,41.5894028308611,"NC"
378,41.5894028308611,"NC"
379,41.5894028308611,"NC"
380,41.5894028308611,"NC"
381,41.5894028308611,"NC"
382,41.5894028308611,"NC"
383,41.5894028308611,"NC"
384,41.5894028308611,"NC"
385,41.5894028308611,"NC"
386,41.5894028308611,"NC"
387,41.5894028308611,"NC"
388,41.5894028308611,"NC"
389,41.5894028308611,"NC"
390,41.5894028308611,"NC"
391,41.5894028308611,"NC"
392,41.5894028308611,"NC"
393,41.5894028308611,"NC"
394,41.5894028308611,"NC"
395,41.5894028308611,"NC"
396,41.5894028308611,"NC"
397,41.5894028308611,"NC"
398,41.5894028308611,"NC"
399,41.5894028308611,"NC"
400,41.5894028308611,"NC"
401,41.5894028308611,"NC"
402,41.5894028308611,"NC"
403,41.5894028308611,"NC"
404,41.5894028308611,"NC"
405,41.5894028308611,"NC"
406,41.5894028308611,"NC"
407,41.5894028308611,"NC"
408,41.5894028308611,"NC"
409,41.5894028308611,"NC"
410,41.5894028308611,"NC"
411,41.5894028308611,"NC"
412,41.5894028308611,"NC"
413,41.5894028308611,"NC"
414,41.5894028308611,"NC"
415,41.5894028308611,"NC"
416,41.5894028308611,"NC"
417,41.5894028308611,"NC"
418,41.5894028308611,"NC"
419,41.5894028308611,"NC"
420,41.5894028308611,"NC"
421,41.5894028308611,"NC"
422,41.5894028308611,"NC"
423,41.5894028308611,"NC"
424,41.5894028308611,"NC"
425,41.5894028308611,"NC"
426,41.5894028308611,"NC"
427,41.5894028308611,"NC"
428,41.5894028308611,"NC"
429,41.5894028308611,"NC"
430,41.5894028308611,"NC"
431,41.5894028308611,"NC"
432,41.5894028308611,"NC"
433,41.5894028308611,"NC"
434,41.5894028308611,"NC"
435,41.5894028308611,"NC"
436,41.5894028308611,"NC"
437,41.5894028308611,"NC"
438,41.5894028308611,"NC"
439,41.5894028308611,"NC"
440,41.5894028308611,"NC"
441,41.5894028308611,"NC"
442,41.5894028308611,"NC"
443,41.5894028308611,"NC"
444,41.5894028308611,"NC"
445,41.5894028308611,"NC"
446,41.5894028308611,"NC"
447,41.5894028308611,"NC"
448,41.5894028308611,"NC"
449,41.5894028308611,"NC"
450,41.5894028308611,"NC"
451,41.5894028308611,"NC"
452,41.5894028308611,"NC"
453,41.5894028308611,"NC"
454,41.5894028308611,"NC"
455,41.5894028308611,"NC"
456,41.5894028308611,"NC"
457,41.5894028308611,"NC"
458,41.5894028308611,"NC"
459,41.5894028308611,"NC"
460,41.5894028308611,"NC"
461,41.5894028308611,"NC"
462,41.5894028308611,"NC"
463,41.5894028308611,"NC"
464,41.5894028308611,"NC"
465,41.5894028308611,"NC"
466,41.5894028308611,"NC"
467,41.5894028308611,"NC"
468,41.5894028308611,"NC"
469,41.5894028308611,"NC"
470,41.5894028308611,"NC"
471,41.5894028308611,"NC"
472,41.5894028308611,"NC"
473,41.5894028308611,"NC"
474,41.5894028308611,"NC"
475,41.5894028308611,"NC"
476,41.5894028308611,"NC"
477,41.5894028308611,"NC"
478,41.5894028308611,"NC"
479,41.5894028308611,"NC"
480,41.5894028308611,"NC"
481,41.5894028308611,"NC"
482,41.5894028308611,"NC"
483,41.5894028308611,"NC"
484,41.5894028308611,"NC"
485,41.5894028308611,"NC"
486,41.5894028308611,"NC"
487,41.5894028308611,"NC"
488,41.5894028308611,"NC"
489,41.5894028308611,"NC"
490,41.5894028308611,"NC"
491,41.5894028308611,"NC"
492,41.5894028308611,"NC"
493,41.5894028308611,"NC"
494,41.5894028308611,"NC"
495,41.5894028308611,"NC"
496,41.5894028308611,"NC"
497,41.5894028308611,"NC"
498,41.5894028308611,"NC"
499,41.5894028308611,"NC"
500,41.5894028308611,"NC"
501,41.5894028308611,"NC"
502,41.5894028308611,"NC"
503,41.5894028308611,"NC"
504,41.5894028308611,"NC"
505,41.5894028308611,"NC"
506,41.5894028308611,"NC"
507,41.5894028308611,"NC"
508,41.5894028308611,"NC"
509,41.5894028308611,"NC"
510,41.5894028308611,"NC"
511,41.5894028308611,"NC"
512,41.5894028308611,"NC"
513,41.5894028308611,"NC"
514,41.5894028308611,"NC"
515,41.5894028308611,"NC"
516,41.5894028308611,"NC"
517,41.5894028308611,"NC"
518,41.5894028308611,"NC"
519,41.5894028308611,"NC"
520,41.5894028308611,"NC"
521,41.5894028308611,"NC"
522,41.5894028308611,"NC"
523,41.5894028308611,"NC"
524,41.5894028308611,"NC"
525,41.5894028308611,"NC"
526,41.5894028308611,"NC"
527,41.5894028308611,"NC"
528,41.5894028308611,"NC"
529,41.5894028308611,"NC"
530,41.5894028308611,"NC"
531,41.5894028308611,"NC"
532,41.5894028308611,"NC"
533,41.5894028308611,"NC"
534,41.5894028308611,"NC"
535,41.5894028308611,"NC"
536,41.5894028308611,"NC"
537,41.5894028308611,"NC"
538,41.5894028308611,"NC"
539,41.5894028308611,"NC"
540,41.5894028308611,"NC"
541,41.5894028308611,"NC"
542,41.5894028308611,"NC"
543,41.5894028308611,"NC"
544,41.5894028308611,"NC"
545,41.5894028308611,"NC"
546,41.5894028308611,"NC"
547,41.5894028308611,"NC"
548,41.5894028308611,"NC"
549,41.5894028308611,"NC"
550,41.5894028308611,"NC"
551,41.5894028308611,"NC"
552,41.5894028308611,"NC"
553,41.5894028308611,"NC"
554,41.5894028308611,"NC"
555,41.5894028308611,"NC"
556,41.5894028308611,"NC"
557,41.5894028308611,"NC"
558,41.5894028308611,"NC"
559,41.5894028308611,"NC"
560,41.5894028308611,"NC"
561,41.5894028308611,"NC"
562,41.5894028308611,"NC"
563,41.5894028308611,"NC"
564,41.5894028308611,"NC"
565,41.5894028308611,"NC"
566,41.5894028308611,"NC"
567,41.5894028308611,"NC"
568,41.5894028308611,"NC"
569,41.5894028308611,"NC"
570,41.5894028308611,"NC"
571,41.5894028308611,"NC"
572,41.5894028308611,"NC"
573,41.5894028308611,"NC"
574,41.5894028308611,"NC"
575,41.5894028308611,"NC"
576,41.5894028308611,"NC"
577,41.5894028308611,"NC"
578,41.5894028308611,"NC"
579,41.5894028308611,"NC"
580,41.5894028308611,"NC"
581,41.5894028308611,"NC"
582,41.5894028308611,"NC"
583,41.5894028308611,"NC"
584,41.5894028308611,"NC"
585,41.5894028308611,"NC"
586,41.5894028308611,"NC"
587,41.5894028308611,"NC"
588,41.5894028308611,"NC"
589,41.5894028308611,"NC"
590,41.5894028308611,"NC"
591,41.5894028308611,"NC"
592,41.5894028308611,"NC"
593,41.5894028308611,"NC"
594,41.5894028308611,"NC"
595,41.5894028308611,"NC"
596,41.5894028308611,"NC"
597,41.5894028308611,"NC"
598,41.5894028308611,"NC"
599,41.5894028308611,"NC"
600,41.5894028308611,"NC"
601,41.5894028308611,"NC"
602,41.5894028308611,"NC"
603,41.5894028308611,"NC"
604,41.5894028308611,"NC"
605,41.5894028308611,"NC"
606,41.5894028308611,"NC"
607,41.5894028308611,"NC"
608,41.5894028308611,"NC"
609,41.5894028308611,"NC"
610,41.5894028308611,"NC"
611,41.5894028308611,"NC"
612,41.5894028308611,"NC"
613,41.5894028308611,"NC"
614,41.5894028308611,"NC"
615,41.5894028308611,"NC"
616,41.5894028308611,"NC"
617,41.5894028308611,"NC"
618,41.5894028308611,"NC"
619,41.5894028308611,"NC"
620,41.5894028308611,"NC"
621,41.5894028308611,"NC"
622,41.5894028308611,"NC"
623,41.5894028308611,"NC"
624,41.5894028308611,"NC"
625,41.5894028308611,"NC"
626,41.5894028308611,"NC"
627,41.5894028308611,"NC"
628,41.5894028308611,"NC"
629,41.5894028308611,"NC"
630,41.5894028308611,"NC"
631,41.5894028308611,"NC"
632,41.5894028308611,"NC"
633,41.5894028308611,"NC"
634,41.5894028308611,"NC"
635,41.5894028308611,"NC"
636,41.5894028308611,"NC"
637,41.5894028308611,"NC"
638,41.5894028308611,"NC"
639,41.5894028308611,"NC"
640,41.5894028308611,"NC"
641,41.5894028308611,"NC"
642,41.5894028308611,"NC"
643,41.5894028308611,"NC"
644,41.5894028308611,"NC"
645,41.5894028308611,"NC"
646,41.5894028308611,"NC"
647,41.5894028308611,"NC"
648,41.5894028308611,"NC"
649,41.5894028308611,"NC"
650,41.5894028308611,"NC"
651,41.5894028308611,"NC"
652,41.5894028308611,"NC"
653,41.5894028308611,"NC"
654,41.5894028308611,"NC"
655,41.5894028308611,"NC"
656,41.5894028308611,"NC"
657,41.5894028308611,"NC"
658,41.5894028308611,"NC"
659,41.5894028308611,"NC"
660,41.5894028308611,"NC"
661,41.5894028308611,"NC"
662,41.5894028308611,"NC"
663,41.5894028308611,"NC"
664,41.5894028308611,"NC"
665,41.5894028308611,"NC"
666,41.5894028308611,"NC"
667,41.5894028308611,"NC"
668,41.5894028308611,"NC"
669,41.5894028308611,"NC"
670,41.5894028308611,"NC"
671,41.5894028308611,"NC"
672,41.5894028308611,"NC"
673,41.5894028308611,"NC"
674,41.5894028308611,"NC"
675,41.5894028308611,"NC"
676,41.5894028308611,"NC"
677,41.5894028308611,"NC"
678,41.5894028308611,"NC"
679,41.5894028308611,"NC"
680,41.5894028308611,"NC"
681,41.5894028308611,"NC"
682,41.5894028308611,"NC"
683,41.5894028308611,"NC"
684,41.5894028308611,"NC"
685,41.5894028308611,"NC"
686,41.5894028308611,"NC"
687,41.5894028308611,"NC"
688,41.5894028308611,"NC"
689,41.5894028308611,"NC"
690,41.5894028308611,"NC"
691,41.5894028308611,"NC"
692,41.5894028308611,"NC"
693,41.5894028308611,"NC"
694,41.5894028308611,"NC"
695,41.5894028308611,"NC"
696,41.5894028308611,"NC"
697,41.5894028308611,"NC"
698,41.5894028308611,"NC"
699,41.5894028308611,"NC"
700,41.5894028308611,"NC"
701,41.5894028308611,"NC"
702,41.5894028308611,"NC"
703,41.5894028308611,"NC"
704,41.5894028308611,"NC"
705,41.5894028308611,"NC"
706,41.5894028308611,"NC"
707,41.5894028308611,"NC"
708,41.5894028308611,"NC"
709,41.5894028308611,"NC"
710,41.5894028308611,"NC"
711,41.5894028308611,"NC"
712,41.5894028308611,"NC"
713,41.5894028308611,"NC"
714,41.5894028308611,"NC"
715,41.5894028308611,"NC"
716,41.5894028308611,"NC"
717,41.5894028308611,"NC"
718,41.5894028308611,"NC"
719,41.5894028308611,"NC"
720,41.5894028308611,"NC"
721,41.5894028308611,"NC"
722,41.5894028308611,"NC"
723,41.5894028308611,"NC"
724,41.5894028308611,"NC"
725,41.5894028308611,"NC"
726,41.5894028308611,"NC"
727,41.5894028308611,"NC"
728,41.5894028308611,"NC"
729,41.5894028308611,"NC"
730,41.5894028308611,"NC"
731,41.5894028308611,"NC"
732,41.5894028308611,"NC"
733,41.5894028308611,"NC"
734,41.5894028308611,"NC"
735,41.5894028308611,"NC"
736,41.5894028308611,"NC"
737,41.5894028308611,"NC"
738,41.5894028308611,"NC"
739,41.5894028308611,"NC"
740,41.5894028308611,"NC"
741,41.5894028308611,"NC"
742,41.5894028308611,"NC"
743,41.5894028308611,"NC"
744,41.5894028308611,"NC"
745,41.5894028308611,"NC"
746,41.5894028308611,"NC"
747,41.5894028308611,"NC"
748,41.5894028308611,"NC"
749,41.5894028308611,"NC"
750,41.5894028308611,"NC"
751,41.5894028308611,"NC"
752,41.5894028308611,"NC"
753,41.5894028308611,"NC"
754,41.5894028308611,"NC"
755,41.5894028308611,"NC"
756,41.5894028308611,"NC"
757,41.5894028308611,"NC"
758,41.5894028308611,"NC"
759,41.5894028308611,"NC"
760,41.5894028308611,"NC"
761,41.5894028308611,"NC"
762,41.5894028308611,"NC"
763,41.5894028308611,"NC"
764,41.5894028308611,"NC"
765,41.5894028308611,"NC"
766,41.5894028308611,"NC"
767,41.5894028308611,"NC"
768,41.5894028308611,"NC"
769,41.5894028308611,"NC"
770,41.5894028308611,"NC"
771,41.5894028308611,"NC"
772,41.5894028308611,"NC"
773,41.5894028308611,"NC"
774,41.5894028308611,"NC"
775,41.5894028308611,"NC"
776,41.5894028308611,"NC"
777,41.5894028308611,"NC"
778,41.5894028308611,"NC"
779,41.5894028308611,"NC"
780,41.5894028308611,"NC"
781,41.5894028308611,"NC"
782,41.5894028308611,"NC"
783,41.5894028308611,"NC"
784,41.5894028308612,"NC"
785,41.5894028308611,"NC"
786,41.5894028308611,"NC"
787,41.5894028308611,"NC"
788,41.5894028308611,"NC"
789,41.5894028308611,"NC"
790,41.5894028308611,"NC"
791,41.5894028308611,"NC"
792,41.5894028308611,"NC"
793,41.5894028308611,"NC"
794,41.5894028308611,"NC"
795,41.5894028308611,"NC"
796,41.5894028308611,"NC"
797,41.5894028308611,"NC"
798,41.5894028308611,"NC"
799,41.5894028308611,"NC"
800,41.5894028308611,"NC"
801,41.5894028308611,"NC"
802,41.5894028308611,"NC"
803,41.5894028308611,"NC"
804,41.5894028308611,"NC"
805,41.5894028308611,"NC"
806,41.5894028308611,"NC"
807,41.5894028308611,"NC"
808,41.5894028308611,"NC"
809,41.5894028308611,"NC"
810,41.5894028308611,"NC"
811,41.5894028308611,"NC"
812,41.5894028308611,"NC"
813,41.5894028308611,"NC"
814,41.5894028308611,"NC"
815,41.5894028308611,"NC"
816,41.5894028308611,"NC"
817,41.5894028308611,"NC"
818,41.5894028308611,"NC"
819,41.5894028308611,"NC"
820,41.5894028308611,"NC"
821,41.5894028308611,"NC"
822,41.5894028308611,"NC"
823,41.5894028308611,"NC"
824,41.5894028308611,"NC"
825,41.5894028308611,"NC"
826,41.5894028308611,"NC"
827,41.5894028308611,"NC"
828,41.5894028308611,"NC"
829,41.5894028308611,"NC"
830,41.5894028308611,"NC"
831,41.5894028308611,"NC"
832,41.5894028308611,"NC"
833,41.5894028308611,"NC"
834,41.5894028308611,"NC"
835,41.5894028308611,"NC"
836,41.5894028308611,"NC"
837,41.5894028308611,"NC"
838,41.5894028308611,"NC"
839,41.5894028308611,"NC"
840,41.5894028308611,"NC"
841,41.5894028308611,"NC"
842,41.5894028308611,"NC"
843,41.5894028308611,"NC"
844,41.5894028308611,"NC"
845,41.5894028308611,"NC"
846,41.5894028308611,"NC"
847,41.5894028308611,"NC"
848,41.5894028308611,"NC"
849,41.5894028308611,"NC"
850,41.5894028308611,"NC"
851,41.5894028308611,"NC"
852,41.5894028308611,"NC"
853,41.5894028308611,"NC"
854,41.5894028308611,"NC"
855,41.5894028308611,"NC"
856,41.5894028308611,"NC"
857,41.5894028308611,"NC"
858,41.5894028308611,"NC"
859,41.5894028308611,"NC"
860,41.5894028308611,"NC"
861,41.5894028308611,"NC"
862,41.5894028308611,"NC"
863,41.5894028308611,"NC"
864,41.5894028308611,"NC"
865,41.5894028308611,"NC"
866,41.5894028308611,"NC"
867,41.5894028308611,"NC"
868,41.5894028308611,"NC"
869,41.5894028308611,"NC"
870,41.5894028308611,"NC"
871,41.5894028308611,"NC"
872,41.5894028308611,"NC"
873,41.5894028308611,"NC"
874,41.5894028308611,"NC"
875,41.5894028308611,"NC"
876,41.5894028308611,"NC"
877,41.5894028308611,"NC"
878,41.5894028308611,"NC"
879,41.5894028308611,"NC"
880,41.5894028308611,"NC"
881,41.5894028308611,"NC"
882,41.5894028308611,"NC"
883,41.5894028308611,"NC"
884,41.5894028308611,"NC"
885,41.5894028308611,"NC"
886,41.5894028308611,"NC"
887,41.5894028308611,"NC"
888,41.5894028308611,"NC"
889,41.5894028308611,"NC"
890,41.5894028308611,"NC"
891,41.5894028308611,"NC"
892,41.5894028308611,"NC"
893,41.5894028308611,"NC"
894,41.5894028308611,"NC"
895,41.5894028308611,"NC"
896,41.5894028308611,"NC"
897,41.5894028308611,"NC"
898,41.5894028308611,"NC"
899,41.5894028308611,"NC"
900,41.5894028308611,"NC"
901,41.5894028308611,"NC"
902,41.5894028308611,"NC"
903,41.5894028308611,"NC"
904,41.5894028308611,"NC"
905,41.5894028308611,"NC"
906,41.5894028308611,"NC"
907,41.5894028308611,"NC"
908,41.5894028308611,"NC"
909,41.5894028308611,"NC"
910,41.5894028308611,"NC"
911,41.5894028308611,"NC"
912,41.5894028308611,"NC"
913,41.5894028308611,"NC"
914,41.5894028308611,"NC"
915,41.5894028308611,"NC"
916,41.5894028308611,"NC"
917,41.5894028308611,"NC"
918,41.5894028308611,"NC"
919,41.5894028308611,"NC"
920,41.5894028308611,"NC"
921,41.5894028308611,"NC"
922,41.5894028308611,"NC"
923,41.5894028308611,"NC"
924,41.5894028308611,"NC"
925,41.5894028308611,"NC"
926,41.5894028308611,"NC"
927,41.5894028308611,"NC"
928,41.5894028308611,"NC"
929,41.5894028308611,"NC"
930,41.5894028308611,"NC"
931,41.5894028308611,"NC"
932,41.5894028308611,"NC"
933,41.5894028308611,"NC"
934,41.5894028308611,"NC"
935,41.5894028308611,"NC"
936,41.5894028308611,"NC"
937,41.5894028308611,"NC"
938,41.5894028308611,"NC"
939,41.5894028308611,"NC"
940,41.5894028308611,"NC"
941,41.5894028308611,"NC"
942,41.5894028308611,"NC"
943,41.5894028308611,"NC"
944,41.5894028308611,"NC"
945,41.5894028308611,"NC"
946,41.5894028308611,"NC"
947,41.5894028308611,"NC"
948,41.5894028308611,"NC"
949,41.5894028308611,"NC"
950,41.5894028308611,"NC"
951,41.5894028308611,"NC"
952,41.5894028308611,"NC"
953,41.5894028308611,"NC"
954,41.5894028308611,"NC"
955,41.5894028308611,"NC"
956,41.5894028308611,"NC"
957,41.5894028308611,"NC"
958,41.5894028308611,"NC"
959,41.5894028308611,"NC"
960,41.5894028308611,"NC"
961,41.5894028308611,"NC"
962,41.5894028308611,"NC"
963,41.5894028308611,"NC"
964,41.5894028308611,"NC"
965,41.5894028308611,"NC"
966,41.5894028308611,"NC"
967,41.5894028308611,"NC"
968,41.5894028308611,"NC"
969,41.5894028308611,"NC"
970,41.5894028308611,"NC"
971,41.5894028308611,"NC"
972,41.5894028308611,"NC"
973,41.5894028308611,"NC"
974,41.5894028308611,"NC"
975,41.5894028308611,"NC"
976,41.5894028308611,"NC"
977,41.5894028308611,"NC"
978,41.5894028308611,"NC"
979,41.5894028308611,"NC"
980,41.5894028308611,"NC"
981,41.5894028308611,"NC"
982,41.5894028308611,"NC"
983,41.5894028308611,"NC"
984,41.5894028308611,"NC"
985,41.5894028308611,"NC"
986,41.5894028308611,"NC"
987,41.5894028308611,"NC"
988,41.5894028308611,"NC"
989,41.5894028308611,"NC"
990,41.5894028308611,"NC"
991,41.5894028308611,"NC"
992,41.5894028308611,"NC"
993,41.5894028308611,"NC"
994,41.5894028308611,"NC"
995,41.5894028308611,"NC"
996,41.5894028308611,"NC"
997,41.5894028308611,"NC"
998,41.5894028308611,"NC"
999,41.5894028308611,"NC"
1000,41.5894028308611,"NC"
1001,41.5894028308611,"NC"
1002,41.5894028308611,"NC"
1003,41.5894028308611,"NC"
1004,41.5894028308611,"NC"
1005,41.5894028308611,"NC"
1006,41.5894028308611,"NC"
1007,41.5894028308611,"NC"
1008,41.5894028308611,"NC"
1009,41.5894028308611,"NC"
1010,41.5894028308611,"NC"
1011,41.5894028308611,"NC"
1012,41.5894028308611,"NC"
1013,41.5894028308611,"NC"
1014,41.5894028308611,"NC"
1015,41.5894028308611,"NC"
1016,41.5894028308611,"NC"
1017,41.5894028308611,"NC"
1018,41.5894028308611,"NC"
1019,41.5894028308611,"NC"
1020,41.5894028308611,"NC"
1021,41.5894028308611,"NC"
1022,41.5894028308611,"NC"
1023,41.5894028308611,"NC"
1024,41.5894028308611,"NC"
1025,41.5894028308611,"NC"
1026,41.5894028308611,"NC"
1027,41.5894028308611,"NC"
1028,41.5894028308611,"NC"
1029,41.5894028308611,"NC"
1030,41.5894028308611,"NC"
1031,41.5894028308611,"NC"
1032,41.5894028308611,"NC"
1033,41.5894028308611,"NC"
1034,41.5894028308611,"NC"
1035,41.5894028308611,"NC"
1036,41.5894028308611,"NC"
1037,41.5894028308611,"NC"
1038,41.5894028308611,"NC"
1039,41.5894028308611,"NC"
1040,41.5894028308611,"NC"
1041,41.5894028308611,"NC"
1042,41.5894028308611,"NC"
1043,41.5894028308611,"NC"
1044,41.5894028308611,"NC"
1045,41.5894028308611,"NC"
1046,41.5894028308611,"NC"
1047,41.5894028308611,"NC"
1048,41.5894028308611,"NC"
1049,41.5894028308611,"NC"
1050,41.5894028308611,"NC"
1051,41.5894028308611,"NC"
1052,41.5894028308611,"NC"
1053,41.5894028308611,"NC"
1054,41.5894028308611,"NC"
1055,41.5894028308611,"NC"
1056,41.5894028308611,"NC"
1057,41.5894028308611,"NC"
1058,41.5894028308611,"NC"
1059,41.5894028308611,"NC"
1060,41.5894028308611,"NC"
1061,41.5894028308611,"NC"
1062,41.5894028308611,"NC"
1063,41.5894028308611,"NC"
1064,41.5894028308611,"NC"
1065,41.5894028308611,"NC"
1066,41.5894028308611,"NC"
1067,41.5894028308611,"NC"
1068,41.5894028308611,"NC"
1069,41.5894028308611,"NC"
1070,41.5894028308611,"NC"
1071,41.5894028308611,"NC"
1072,41.5894028308611,"NC"
1073,41.5894028308611,"NC"
1074,41.5894028308611,"NC"
1075,41.5894028308611,"NC"
1076,41.5894028308611,"NC"
1077,41.5894028308611,"NC"
1078,41.5894028308611,"NC"
1079,41.5894028308611,"NC"
1080,41.5894028308611,"NC"
1081,41.5894028308611,"NC"
1082,41.5894028308611,"NC"
1083,41.5894028308611,"NC"
1084,41.5894028308611,"NC"
1085,41.5894028308611,"NC"
1086,41.5894028308611,"NC"
1087,41.5894028308611,"NC"
1088,41.5894028308611,"NC"
1089,41.5894028308611,"NC"
1090,41.5894028308611,"NC"
1091,41.5894028308611,"NC"
1092,41.5894028308611,"NC"
1093,41.5894028308611,"NC"
1094,41.5894028308611,"NC"
1095,41.5894028308611,"NC"
1096,41.5894028308611,"NC"
1097,41.5894028308611,"NC"
1098,41.5894028308611,"NC"
1099,41.5894028308611,"NC"
1100,41.5894028308611,"NC"
1101,41.5894028308611,"NC"
1102,41.5894028308611,"NC"
1103,41.5894028308611,"NC"
1104,41.5894028308611,"NC"
1105,41.5894028308611,"NC"
1106,41.5894028308611,"NC"
1107,41.5894028308611,"NC"
1108,41.5894028308611,"NC"
1109,41.5894028308611,"NC"
1110,41.5894028308611,"NC"
1111,41.5894028308611,"NC"
1112,41.5894028308611,"NC"
1113,41.5894028308611,"NC"
1114,41.5894028308611,"NC"
1115,41.5894028308611,"NC"
1116,41.5894028308611,"NC"
1117,41.5894028308611,"NC"
1118,41.5894028308611,"NC"
1119,41.5894028308611,"NC"
1120,41.5894028308611,"NC"
1121,41.5894028308611,"NC"
1122,41.5894028308611,"NC"
1123,41.5894028308611,"NC"
1124,41.5894028308611,"NC"
1125,41.5894028308611,"NC"
1126,41.5894028308611,"NC"
1127,41.5894028308611,"NC"
1128,41.5894028308611,"NC"
1129,41.5894028308611,"NC"
1130,41.5894028308611,"NC"
1131,41.5894028308611,"NC"
1132,41.5894028308611,"NC"
1133,41.5894028308611,"NC"
1134,41.5894028308611,"NC"
1135,41.5894028308611,"NC"
1136,41.5894028308611,"NC"
1137,41.5894028308611,"NC"
1138,41.5894028308611,"NC"
1139,41.5894028308611,"NC"
1140,41.5894028308611,"NC"
1141,41.5894028308611,"NC"
1142,41.5894028308611,"NC"
1143,41.5894028308611,"NC"
1144,41.5894028308611,"NC"
1145,41.5894028308611,"NC"
1146,41.5894028308611,"NC"
1147,41.5894028308611,"NC"
1148,41.5894028308611,"NC"
1149,41.5894028308611,"NC"
1150,41.5894028308611,"NC"
1151,41.5894028308611,"NC"
1152,41.5894028308611,"NC"
1153,41.5894028308611,"NC"
1154,41.5894028308611,"NC"
1155,41.5894028308611,"NC"
1156,41.5894028308611,"NC"
1157,41.5894028308611,"NC"
1158,41.5894028308611,"NC"
1159,41.5894028308611,"NC"
1160,41.5894028308611,"NC"
1161,41.5894028308611,"NC"
1162,41.5894028308611,"NC"
1163,41.5894028308611,"NC"
1164,41.5894028308611,"NC"
1165,41.5894028308611,"NC"
1166,41.5894028308611,"NC"
1167,41.5894028308611,"NC"
1168,41.5894028308611,"NC"
1169,41.5894028308611,"NC"
1170,41.5894028308611,"NC"
1171,41.5894028308611,"NC"
1172,41.5894028308611,"NC"
1173,41.5894028308611,"NC"
1174,41.5894028308611,"NC"
1175,41.5894028308611,"NC"
1176,41.5894028308611,"NC"
1177,41.5894028308611,"NC"
1178,41.5894028308611,"NC"
1179,41.5894028308611,"NC"
1180,41.5894028308611,"NC"
1181,41.5894028308611,"NC"
1182,41.5894028308611,"NC"
1183,41.5894028308611,"NC"
1184,41.5894028308611,"NC"
1185,41.5894028308611,"NC"
1186,41.5894028308611,"NC"
1187,41.5894028308611,"NC"
1188,41.5894028308611,"NC"
1189,41.5894028308611,"NC"
1190,41.5894028308611,"NC"
1191,41.5894028308611,"NC"
1192,41.5894028308611,"NC"
1193,41.5894028308611,"NC"
1194,41.5894028308611,"NC"
1195,41.5894028308611,"NC"
1196,41.5894028308611,"NC"
1197,41.5894028308611,"NC"
1198,41.5894028308611,"NC"
1199,41.5894028308611,"NC"
1200,41.5894028308611,"NC"
1201,41.5894028308611,"NC"
1202,41.5894028308611,"NC"
1203,41.5894028308611,"NC"
1204,41.5894028308611,"NC"
1205,41.5894028308611,"NC"
1206,41.5894028308611,"NC"
1207,41.5894028308611,"NC"
1208,41.5894028308611,"NC"
1209,41.5894028308611,"NC"
1210,41.5894028308611,"NC"
1211,41.5894028308611,"NC"
1212,41.5894028308611,"NC"
1213,41.5894028308611,"NC"
1214,41.5894028308611,"NC"
1215,41.5894028308611,"NC"
1216,41.5894028308611,"NC"
1217,41.5894028308611,"NC"
1218,41.5894028308611,"NC"
1219,41.5894028308611,"NC"
1220,41.5894028308611,"NC"
1221,41.5894028308611,"NC"
1222,41.5894028308611,"NC"
1223,41.5894028308611,"NC"
1224,41.5894028308611,"NC"
1225,41.5894028308611,"NC"
1226,41.5894028308611,"NC"
1227,41.5894028308611,"NC"
1228,41.5894028308611,"NC"
1229,41.5894028308611,"NC"
1230,41.5894028308611,"NC"
1231,41.5894028308611,"NC"
1232,41.5894028308611,"NC"
1233,41.5894028308611,"NC"
1234,41.5894028308611,"NC"
1235,41.5894028308611,"NC"
1236,41.5894028308611,"NC"
1237,41.5894028308611,"NC"
1238,41.5894028308611,"NC"
1239,41.5894028308611,"NC"
1240,41.5894028308611,"NC"
1241,41.5894028308611,"NC"
1242,41.5894028308611,"NC"
1243,41.5894028308611,"NC"
1244,41.5894028308611,"NC"
1245,41.5894028308611,"NC"
1246,41.5894028308611,"NC"
1247,41.5894028308611,"NC"
1248,41.5894028308611,"NC"
1249,41.5894028308611,"NC"
1250,41.5894028308611,"NC"
1251,41.5894028308611,"NC"
1252,41.5894028308611,"NC"
1253,41.5894028308611,"NC"
1254,41.5894028308611,"NC"
1255,41.5894028308611,"NC"
1256,41.5894028308611,"NC"
1257,41.5894028308611,"NC"
1258,41.5894028308611,"NC"
1259,41.5894028308611,"NC"
1260,41.5894028308611,"NC"
1261,41.5894028308611,"NC"
1262,41.5894028308611,"NC"
1263,41.5894028308611,"NC"
1264,41.5894028308611,"NC"
1265,41.5894028308611,"NC"
1266,41.5894028308611,"NC"
1267,41.5894028308611,"NC"
1268,41.5894028308611,"NC"
1269,41.5894028308611,"NC"
1270,41.5894028308611,"NC"
1271,41.5894028308611,"NC"
1272,41.5894028308611,"NC"
1273,41.5894028308611,"NC"
1274,41.5894028308611,"NC"
1275,41.5894028308611,"NC"
1276,41.5894028308611,"NC"
1277,41.5894028308611,"NC"
1278,41.5894028308611,"NC"
1279,41.5894028308611,"NC"
1280,41.5894028308611,"NC"
1281,41.5894028308611,"NC"
1282,41.5894028308611,"NC"
1283,41.5894028308611,"NC"
1284,41.5894028308611,"NC"
1285,41.5894028308611,"NC"
1286,41.5894028308611,"NC"
1287,41.5894028308611,"NC"
1288,41.5894028308611,"NC"
1289,41.5894028308611,"NC"
1290,41.5894028308611,"NC"
1291,41.5894028308611,"NC"
1292,41.5894028308611,"NC"
1293,41.5894028308611,"NC"
1294,41.5894028308611,"NC"
1295,41.5894028308611,"NC"
1296,41.5894028308611,"NC"
1297,41.5894028308611,"NC"
1298,41.5894028308611,"NC"
1299,41.5894028308611,"NC"
1300,41.5894028308611,"NC"
1301,41.5894028308611,"NC"
1302,41.5894028308611,"NC"
1303,41.5894028308611,"NC"
1304,41.5894028308611,"NC"
1305,41.5894028308611,"NC"
1306,41.5894028308611,"NC"
1307,41.5894028308611,"NC"
1308,41.5894028308611,"NC"
1309,41.5894028308611,"NC"
1310,41.5894028308611,"NC"
1311,41.5894028308611,"NC"
1312,41.5894028308611,"NC"
1313,41.5894028308611,"NC"
1314,41.5894028308611,"NC"
1315,41.5894028308611,"NC"
1316,41.5894028308611,"NC"
1317,41.5894028308611,"NC"
1318,41.5894028308611,"NC"
1319,41.5894028308611,"NC"
1320,41.5894028308611,"NC"
1321,41.5894028308611,"NC"
1322,41.5894028308611,"NC"
1323,41.5894028308611,"NC"
1324,41.5894028308611,"NC"
1325,41.5894028308611,"NC"
1326,41.5894028308611,"NC"
1327,41.5894028308611,"NC"
1328,41.5894028308611,"NC"
1329,41.5894028308611,"NC"
1330,41.5894028308611,"NC"
1331,41.5894028308611,"NC"
1332,41.5894028308611,"NC"
1333,41.5894028308611,"NC"
1334,41.5894028308611,"NC"
1335,41.5894028308611,"NC"
1336,41.5894028308611,"NC"
1337,41.5894028308611,"NC"
1338,41.5894028308611,"NC"
1339,41.5894028308611,"NC"
1340,41.5894028308611,"NC"
1341,41.5894028308611,"NC"
1342,41.5894028308611,"NC"
1343,41.5894028308611,"NC"
1344,41.5894028308611,"NC"
1345,41.5894028308611,"NC"
1346,41.5894028308611,"NC"
1347,41.5894028308611,"NC"
1348,41.5894028308611,"NC"
1349,41.5894028308611,"NC"
1350,41.5894028308611,"NC"
1351,41.5894028308611,"NC"
1352,41.5894028308611,"NC"
1353,41.5894028308611,"NC"
1354,41.5894028308611,"NC"
1355,41.5894028308611,"NC"
1356,41.5894028308611,"NC"
1357,41.5894028308611,"NC"
1358,41.5894028308611,"NC"
1359,41.5894028308611,"NC"
1360,41.5894028308611,"NC"
1361,41.5894028308611,"NC"
1362,41.5894028308611,"NC"
1363,41.5894028308611,"NC"
1364,41.5894028308611,"NC"
1365,41.5894028308611,"NC"
1366,41.5894028308611,"NC"
1367,41.5894028308611,"NC"
1368,41.5894028308611,"NC"
1369,41.5894028308611,"NC"
1370,41.5894028308611,"NC"
1371,41.5894028308611,"NC"
1372,41.5894028308611,"NC"
1373,41.5894028308611,"NC"
1374,41.5894028308611,"NC"
1375,41.5894028308611,"NC"
1376,41.5894028308611,"NC"
1377,41.5894028308611,"NC"
1378,41.5894028308611,"NC"
1379,41.5894028308611,"NC"
1380,41.5894028308611,"NC"
1381,41.5894028308611,"NC"
1382,41.5894028308611,"NC"
1383,41.5894028308611,"NC"
1384,41.5894028308611,"NC"
1385,41.5894028308611,"NC"
1386,41.5894028308611,"NC"
1387,41.5894028308611,"NC"
1388,41.5894028308611,"NC"
1389,41.5894028308611,"NC"
1390,41.5894028308611,"NC"
1391,41.5894028308611,"NC"
1392,41.5894028308611,"NC"
1393,41.5894028308611,"NC"
1394,41.5894028308611,"NC"
1395,41.5894028308611,"NC"
1396,41.5894028308611,"NC"
1397,41.5894028308611,"NC"
1398,41.5894028308611,"NC"
1399,41.5894028308611,"NC"
1400,41.5894028308611,"NC"
1401,41.5894028308611,"NC"
1402,41.5894028308611,"NC"
1403,41.5894028308611,"NC"
1404,41.5894028308611,"NC"
1405,41.5894028308611,"NC"
1406,41.5894028308611,"NC"
1407,41.5894028308611,"NC"
1408,41.5894028308611,"NC"
1409,41.5894028308611,"NC"
1410,41.5894028308611,"NC"
1411,41.5894028308611,"NC"
1412,41.5894028308611,"NC"
1413,41.5894028308611,"NC"
1414,41.5894028308611,"NC"
1415,41.5894028308611,"NC"
1416,41.5894028308611,"NC"
1417,41.5894028308611,"NC"
1418,41.5894028308611,"NC"
1419,41.5894028308611,"NC"
1420,41.5894028308611,"NC"
1421,41.5894028308611,"NC"
1422,41.5894028308611,"NC"
1423,41.5894028308611,"NC"
1424,41.5894028308611,"NC"
1425,41.5894028308611,"NC"
1426,41.5894028308611,"NC"
1427,41.5894028308611,"NC"
1428,41.5894028308611,"NC"
1429,41.5894028308611,"NC"
1430,41.5894028308611,"NC"
1431,41.5894028308611,"NC"
1432,41.5894028308611,"NC"
1433,41.5894028308611,"NC"
1434,41.5894028308611,"NC"
1435,41.5894028308611,"NC"
1436,41.5894028308611,"NC"
1437,41.5894028308611,"NC"
1438,41.5894028308611,"NC"
1439,41.5894028308611,"NC"
1440,41.5894028308611,"NC"
1441,41.5894028308611,"NC"
1442,41.5894028308611,"NC"
1443,41.5894028308611,"NC"
1444,41.5894028308611,"NC"
1445,41.5894028308611,"NC"
1446,41.5894028308611,"NC"
1447,41.5894028308611,"NC"
1448,41.5894028308611,"NC"
1449,41.5894028308611,"NC"
1450,41.5894028308611,"NC"
1451,41.5894028308611,"NC"
1452,41.5894028308611,"NC"
1453,41.5894028308611,"NC"
1454,41.5894028308611,"NC"
1455,41.5894028308611,"NC"
1456,41.5894028308611,"NC"
1457,41.5894028308611,"NC"
1458,41.5894028308611,"NC"
1459,41.5894028308611,"NC"
1460,41.5894028308611,"NC"
1461,41.5894028308611,"NC"
1462,41.5894028308611,"NC"
1463,41.5894028308611,"NC"
1464,41.5894028308611,"NC"
1465,41.5894028308611,"NC"
1466,41.5894028308611,"NC"
1467,41.5894028308611,"NC"
1468,41.5894028308611,"NC"
1469,41.5894028308611,"NC"
1470,41.5894028308611,"NC"
1471,41.5894028308611,"NC"
1472,41.5894028308611,"NC"
1473,41.5894028308611,"NC"
1474,41.5894028308611,"NC"
1475,41.5894028308611,"NC"
1476,41.5894028308611,"NC"
1477,41.5894028308611,"NC"
1478,41.5894028308611,"NC"
1479,41.5894028308611,"NC"
1480,41.5894028308611,"NC"
1481,41.5894028308611,"NC"
1482,41.5894028308611,"NC"
1483,41.5894028308611,"NC"
1484,41.5894028308611,"NC"
1485,41.5894028308611,"NC"
1486,41.5894028308611,"NC"
1487,41.5894028308611,"NC"
1488,41.5894028308611,"NC"
1489,41.5894028308611,"NC"
1490,41.5894028308611,"NC"
1491,41.5894028308611,"NC"
1492,41.5894028308611,"NC"
1493,41.5894028308611,"NC"
1494,41.5894028308611,"NC"
1495,41.5894028308611,"NC"
1496,41.5894028308611,"NC"
1497,41.5894028308611,"NC"
1498,41.5894028308611,"NC"
1499,41.5894028308611,"NC"
1500,41.5894028308611,"NC"
1501,41.5894028308611,"NC"
1502,41.5894028308611,"NC"
1503,41.5894028308611,"NC"
1504,41.5894028308611,"NC"
1505,41.5894028308611,"NC"
1506,41.5894028308611,"NC"
1507,41.5894028308611,"NC"
1508,41.5894028308611,"NC"
1509,41.5894028308611,"NC"
1510,41.5894028308611,"NC"
1511,41.5894028308611,"NC"
1512,41.5894028308611,"NC"
1513,41.5894028308611,"NC"
1514,41.5894028308611,"NC"
1515,41.5894028308611,"NC"
1516,41.5894028308611,"NC"
1517,41.5894028308611,"NC"
1518,41.5894028308611,"NC"
1519,41.5894028308611,"NC"
1520,41.5894028308611,"NC"
1521,41.5894028308611,"NC"
1522,41.5894028308611,"NC"
1523,41.5894028308611,"NC"
1524,41.5894028308611,"NC"
1525,41.5894028308611,"NC"
1526,41.5894028308611,"NC"
1527,41.5894028308611,"NC"
1528,41.5894028308611,"NC"
1529,41.5894028308611,"NC"
1530,41.5894028308611,"NC"
1531,41.5894028308611,"NC"
1532,41.5894028308611,"NC"
1533,41.5894028308611,"NC"
1534,41.5894028308611,"NC"
1535,41.5894028308611,"NC"
1536,41.5894028308611,"NC"
1537,41.5894028308611,"NC"
1538,41.5894028308611,"NC"
1539,41.5894028308611,"NC"
1540,41.5894028308611,"NC"
1541,41.5894028308611,"NC"
1542,41.5894028308611,"NC"
1543,41.5894028308611,"NC"
1544,41.5894028308611,"NC"
1545,41.5894028308611,"NC"
1546,41.5894028308611,"NC"
1547,41.5894028308611,"NC"
1548,41.5894028308611,"NC"
1549,41.5894028308611,"NC"
1550,41.5894028308611,"NC"
1551,41.5894028308611,"NC"
1552,41.5894028308611,"NC"
1553,41.5894028308611,"NC"
1554,41.5894028308611,"NC"
1555,41.5894028308611,"NC"
1556,41.5894028308611,"NC"
1557,41.5894028308611,"NC"
1558,41.5894028308611,"NC"
1559,41.5894028308611,"NC"
1560,41.5894028308611,"NC"
1561,41.5894028308611,"NC"
1562,41.5894028308611,"NC"
1563,41.5894028308611,"NC"
1564,41.5894028308611,"NC"
1565,41.5894028308611,"NC"
1566,41.5894028308611,"NC"
1567,41.5894028308611,"NC"
1568,41.5894028308611,"NC"
1569,41.5894028308611,"NC"
1570,41.5894028308611,"NC"
1571,41.5894028308611,"NC"
1572,41.5894028308611,"NC"
1573,41.5894028308611,"NC"
1574,41.5894028308611,"NC"
1575,41.5894028308611,"NC"
1576,41.5894028308611,"NC"
1577,41.5894028308611,"NC"
1578,41.5894028308611,"NC"
1579,41.5894028308611,"NC"
1580,41.5894028308611,"NC"
1581,41.5894028308611,"NC"
1582,41.5894028308611,"NC"
1583,41.5894028308611,"NC"
1584,41.5894028308611,"NC"
1585,41.5894028308611,"NC"
1586,41.5894028308611,"NC"
1587,41.5894028308611,"NC"
1588,41.5894028308611,"NC"
1589,41.5894028308611,"NC"
1590,41.5894028308611,"NC"
1591,41.5894028308611,"NC"
1592,41.5894028308611,"NC"
1593,41.5894028308611,"NC"
1594,41.5894028308611,"NC"
1595,41.5894028308611,"NC"
1596,41.5894028308611,"NC"
1597,41.5894028308611,"NC"
1598,41.5894028308611,"NC"
1599,41.5894028308611,"NC"
1600,41.5894028308611,"NC"
1601,41.5894028308611,"NC"
1602,41.5894028308611,"NC"
1603,41.5894028308611,"NC"
1604,41.5894028308611,"NC"
1605,41.5894028308611,"NC"
1606,41.5894028308611,"NC"
1607,41.5894028308611,"NC"
1608,41.5894028308611,"NC"
1609,41.5894028308611,"NC"
1610,41.5894028308611,"NC"
1611,41.5894028308611,"NC"
1612,41.5894028308611,"NC"
1613,41.5894028308611,"NC"
1614,41.5894028308611,"NC"
1615,41.5894028308611,"NC"
1616,41.5894028308611,"NC"
1617,41.5894028308611,"NC"
1618,41.5894028308611,"NC"
1619,41.5894028308611,"NC"
1620,41.5894028308611,"NC"
1621,41.5894028308611,"NC"
1622,41.5894028308611,"NC"
1623,41.5894028308611,"NC"
1624,41.5894028308611,"NC"
1625,41.5894028308611,"NC"
1626,41.5894028308611,"NC"
1627,41.5894028308611,"NC"
1628,41.5894028308611,"NC"
1629,41.5894028308611,"NC"
1630,41.5894028308611,"NC"
1631,41.5894028308611,"NC"
1632,41.5894028308611,"NC"
1633,41.5894028308611,"NC"
1634,41.5894028308611,"NC"
1635,41.5894028308611,"NC"
1636,41.5894028308611,"NC"
1637,41.5894028308611,"NC"
1638,41.5894028308611,"NC"
1639,41.5894028308611,"NC"
1640,41.5894028308611,"NC"
1641,41.5894028308611,"NC"
1642,41.5894028308611,"NC"
1643,41.5894028308611,"NC"
1644,41.5894028308611,"NC"
1645,41.5894028308611,"NC"
1646,41.5894028308611,"NC"
1647,41.5894028308611,"NC"
1648,41.5894028308611,"NC"
1649,41.5894028308611,"NC"
1650,41.5894028308611,"NC"
1651,41.5894028308611,"NC"
1652,41.5894028308611,"NC"
1653,41.5894028308611,"NC"
1654,41.5894028308611,"NC"
1655,41.5894028308611,"NC"
1656,41.5894028308611,"NC"
1657,41.5894028308611,"NC"
1658,41.5894028308611,"NC"
1659,41.5894028308611,"NC"
1660,41.5894028308611,"NC"
1661,41.5894028308611,"NC"
1662,41.5894028308611,"NC"
1663,41.5894028308611,"NC"
1664,41.5894028308611,"NC"
1665,41.5894028308611,"NC"
1666,41.5894028308611,"NC"
1667,41.5894028308611,"NC"
1668,41.5894028308611,"NC"
1669,41.5894028308611,"NC"
1670,41.5894028308611,"NC"
1671,41.5894028308611,"NC"
1672,41.5894028308611,"NC"
1673,41.5894028308611,"NC"
1674,41.5894028308611,"NC"
1675,41.5894028308611,"NC"
1676,41.5894028308611,"NC"
1677,41.5894028308611,"NC"
1678,41.5894028308611,"NC"
1679,41.5894028308611,"NC"
1680,41.5894028308611,"NC"
1681,41.5894028308611,"NC"
1682,41.5894028308611,"NC"
1683,41.5894028308611,"NC"
1684,41.5894028308611,"NC"
1685,41.5894028308611,"NC"
1686,41.5894028308611,"NC"
1687,41.5894028308611,"NC"
1688,41.5894028308611,"NC"
1689,41.5894028308611,"NC"
1690,41.5894028308611,"NC"
1691,41.5894028308611,"NC"
1692,41.5894028308611,"NC"
1693,41.5894028308611,"NC"
1694,41.5894028308611,"NC"
1695,41.5894028308611,"NC"
1696,41.5894028308611,"NC"
1697,41.5894028308611,"NC"
1698,41.5894028308611,"NC"
1699,41.5894028308611,"NC"
1700,41.5894028308611,"NC"
1701,41.5894028308611,"NC"
1702,41.5894028308611,"NC"
1703,41.5894028308611,"NC"
1704,41.5894028308611,"NC"
1705,41.5894028308611,"NC"
1706,41.5894028308611,"NC"
1707,41.5894028308611,"NC"
1708,41.5894028308611,"NC"
1709,41.5894028308611,"NC"
1710,41.5894028308611,"NC"
1711,41.5894028308611,"NC"
1712,41.5894028308611,"NC"
1713,41.5894028308611,"NC"
1714,41.5894028308611,"NC"
1715,41.5894028308611,"NC"
1716,41.5894028308611,"NC"
1717,41.5894028308611,"NC"
1718,41.5894028308611,"NC"
1719,41.5894028308611,"NC"
1720,41.5894028308611,"NC"
1721,41.5894028308611,"NC"
1722,41.5894028308611,"NC"
1723,41.5894028308611,"NC"
1724,41.5894028308611,"NC"
1725,41.5894028308611,"NC"
1726,41.5894028308611,"NC"
1727,41.5894028308611,"NC"
1728,41.5894028308611,"NC"
1729,41.5894028308611,"NC"
1730,41.5894028308611,"NC"
1731,41.5894028308611,"NC"
1732,41.5894028308611,"NC"
1733,41.5894028308611,"NC"
1734,41.5894028308611,"NC"
1735,41.5894028308611,"NC"
1736,41.5894028308611,"NC"
1737,41.5894028308611,"NC"
1738,41.5894028308611,"NC"
1739,41.5894028308611,"NC"
1740,41.5894028308611,"NC"
1741,41.5894028308611,"NC"
1742,41.5894028308611,"NC"
1743,41.5894028308611,"NC"
1744,41.5894028308611,"NC"
1745,41.5894028308611,"NC"
1746,41.5894028308611,"NC"
1747,41.5894028308611,"NC"
1748,41.5894028308611,"NC"
1749,41.5894028308611,"NC"
1750,41.5894028308611,"NC"
1751,41.5894028308611,"NC"
1752,41.5894028308611,"NC"
1753,41.5894028308611,"NC"
1754,41.5894028308611,"NC"
1755,41.5894028308611,"NC"
1756,41.5894028308611,"NC"
1757,41.5894028308611,"NC"
1758,41.5894028308611,"NC"
1759,41.5894028308611,"NC"
1760,41.5894028308611,"NC"
1761,41.5894028308611,"NC"
1762,41.5894028308611,"NC"
1763,41.5894028308611,"NC"
1764,41.5894028308611,"NC"
1765,41.5894028308611,"NC"
1766,41.5894028308611,"NC"
1767,41.5894028308611,"NC"
1768,41.5894028308611,"NC"
1769,41.5894028308611,"NC"
1770,41.5894028308611,"NC"
1771,41.5894028308611,"NC"
1772,41.5894028308611,"NC"
1773,41.5894028308611,"NC"
1774,41.5894028308611,"NC"
1775,41.5894028308611,"NC"
1776,41.5894028308611,"NC"
1777,41.5894028308611,"NC"
1778,41.5894028308611,"NC"
1779,41.5894028308611,"NC"
1780,41.5894028308611,"NC"
1781,41.5894028308611,"NC"
1782,41.5894028308611,"NC"
1783,41.5894028308611,"NC"
1784,41.5894028308611,"NC"
1785,41.5894028308611,"NC"
1786,41.5894028308611,"NC"
1787,41.5894028308611,"NC"
1788,41.5894028308611,"NC"
1789,41.5894028308611,"NC"
1790,41.5894028308611,"NC"
1791,41.5894028308611,"NC"
1792,41.5894028308611,"NC"
1793,41.5894028308611,"NC"
1794,41.5894028308611,"NC"
1795,41.5894028308611,"NC"
1796,41.5894028308611,"NC"
1797,41.5894028308611,"NC"
1798,41.5894028308611,"NC"
1799,41.5894028308611,"NC"
1800,41.5894028308611,"NC"
1801,41.5894028308611,"NC"
1802,41.5894028308611,"NC"
1803,41.5894028308611,"NC"
1804,41.5894028308611,"NC"
1805,41.5894028308611,"NC"
1806,41.5894028308611,"NC"
1807,41.5894028308611,"NC"
1808,41.5894028308611,"NC"
1809,41.5894028308611,"NC"
1810,41.5894028308611,"NC"
1811,41.5894028308611,"NC"
1812,41.5894028308611,"NC"
1813,41.5894028308611,"NC"
1814,41.5894028308611,"NC"
1815,41.5894028308611,"NC"
1816,41.5894028308611,"NC"
1817,41.5894028308611,"NC"
1818,41.5894028308611,"NC"
1819,41.5894028308611,"NC"
1820,41.5894028308611,"NC"
1821,41.5894028308611,"NC"
1822,41.5894028308611,"NC"
1823,41.5894028308611,"NC"
1824,41.5894028308611,"NC"
1825,41.5894028308611,"NC"
1826,41.5894028308611,"NC"
1827,41.5894028308611,"NC"
1828,41.5894028308611,"NC"
1829,41.5894028308611,"NC"
1830,41.5894028308611,"NC"
1831,41.5894028308611,"NC"
1832,41.5894028308611,"NC"
1833,41.5894028308611,"NC"
1834,41.5894028308611,"NC"
1835,41.5894028308611,"NC"
1836,41.5894028308611,"NC"
1837,41.5894028308611,"NC"
1838,41.5894028308611,"NC"
1839,41.5894028308611,"NC"
1840,41.5894028308611,"NC"
1841,41.5894028308611,"NC"
1842,41.5894028308611,"NC"
1843,41.5894028308611,"NC"
1844,41.5894028308611,"NC"
1845,41.5894028308611,"NC"
1846,41.5894028308611,"NC"
1847,41.5894028308611,"NC"
1848,41.5894028308611,"NC"
1849,41.5894028308611,"NC"
1850,41.5894028308611,"NC"
1851,41.5894028308611,"NC"
1852,41.5894028308611,"NC"
1853,41.5894028308611,"NC"
1854,41.5894028308611,"NC"
1855,41.5894028308611,"NC"
1856,41.5894028308611,"NC"
1857,41.5894028308611,"NC"
1858,41.5894028308611,"NC"
1859,41.5894028308611,"NC"
1860,41.5894028308611,"NC"
1861,41.5894028308611,"NC"
1862,41.5894028308611,"NC"
1863,41.5894028308611,"NC"
1864,41.5894028308611,"NC"
1865,41.5894028308611,"NC"
1866,41.5894028308611,"NC"
1867,41.5894028308611,"NC"
1868,41.5894028308611,"NC"
1869,41.5894028308611,"NC"
1870,41.5894028308611,"NC"
1871,41.5894028308611,"NC"
1872,41.5894028308611,"NC"
1873,41.5894028308611,"NC"
1874,41.5894028308611,"NC"
1875,41.5894028308611,"NC"
1876,41.5894028308611,"NC"
1877,41.5894028308611,"NC"
1878,41.5894028308611,"NC"
1879,41.5894028308611,"NC"
1880,41.5894028308611,"NC"
1881,41.5894028308611,"NC"
1882,41.5894028308611,"NC"
1883,41.5894028308611,"NC"
1884,41.5894028308611,"NC"
1885,41.5894028308611,"NC"
1886,41.5894028308611,"NC"
1887,41.5894028308611,"NC"
1888,41.5894028308611,"NC"
1889,41.5894028308611,"NC"
1890,41.5894028308611,"NC"
1891,41.5894028308611,"NC"
1892,41.5894028308611,"NC"
1893,41.5894028308611,"NC"
1894,41.5894028308611,"NC"
1895,41.5894028308611,"NC"
1896,41.5894028308611,"NC"
1897,41.5894028308611,"NC"
1898,41.5894028308611,"NC"
1899,41.5894028308611,"NC"
1900,41.5894028308611,"NC"
1901,41.5894028308611,"NC"
1902,41.5894028308611,"NC"
1903,41.5894028308611,"NC"
1904,41.5894028308611,"NC"
1905,41.5894028308611,"NC"
1906,41.5894028308611,"NC"
1907,41.5894028308611,"NC"
1908,41.5894028308611,"NC"
1909,41.5894028308611,"NC"
1910,41.5894028308611,"NC"
1911,41.5894028308611,"NC"
1912,41.5894028308611,"NC"
1913,41.5894028308611,"NC"
1914,41.5894028308611,"NC"
1915,41.5894028308611,"NC"
1916,41.5894028308611,"NC"
1917,41.5894028308611,"NC"
1918,41.5894028308611,"NC"
1919,41.5894028308611,"NC"
1920,41.5894028308611,"NC"
1921,41.5894028308611,"NC"
1922,41.5894028308611,"NC"
1923,41.5894028308611,"NC"
1924,41.5894028308611,"NC"
1925,41.5894028308611,"NC"
1926,41.5894028308611,"NC"
1927,41.5894028308611,"NC"
1928,41.5894028308611,"NC"
1929,41.5894028308611,"NC"
1930,41.5894028308611,"NC"
1931,41.5894028308611,"NC"
1932,41.5894028308611,"NC"
1933,41.5894028308611,"NC"
1934,41.5894028308611,"NC"
1935,41.5894028308611,"NC"
1936,41.5894028308611,"NC"
1937,41.5894028308611,"NC"
1938,41.5894028308611,"NC"
1939,41.5894028308611,"NC"
1940,41.5894028308611,"NC"
1941,41.5894028308611,"NC"
1942,41.5894028308611,"NC"
1943,41.5894028308611,"NC"
1944,41.5894028308611,"NC"
1945,41.5894028308611,"NC"
1946,41.5894028308611,"NC"
1947,41.5894028308611,"NC"
1948,41.5894028308611,"NC"
1949,41.5894028308611,"NC"
1950,41.5894028308611,"NC"
1951,41.5894028308611,"NC"
1952,41.5894028308611,"NC"
1953,41.5894028308611,"NC"
1954,41.5894028308611,"NC"
1955,41.5894028308611,"NC"
1956,41.5894028308611,"NC"
1957,41.5894028308611,"NC"
1958,41.5894028308611,"NC"
1959,41.5894028308611,"NC"
1960,41.5894028308611,"NC"
1961,41.5894028308611,"NC"
1962,41.5894028308611,"NC"
1963,41.5894028308611,"NC"
1964,41.5894028308611,"NC"
1965,41.5894028308611,"NC"
1966,41.5894028308611,"NC"
1967,41.5894028308611,"NC"
1968,41.5894028308611,"NC"
1969,41.5894028308611,"NC"
1970,41.5894028308611,"NC"
1971,41.5894028308611,"NC"
1972,41.5894028308611,"NC"
1973,41.5894028308611,"NC"
1974,41.5894028308611,"NC"
1975,41.5894028308611,"NC"
1976,41.5894028308611,"NC"
1977,41.5894028308611,"NC"
1978,41.5894028308611,"NC"
1979,41.5894028308611,"NC"
1980,41.5894028308611,"NC"
1981,41.5894028308611,"NC"
1982,41.5894028308611,"NC"
1983,41.5894028308611,"NC"
1984,41.5894028308611,"NC"
1985,41.5894028308611,"NC"
1986,41.5894028308611,"NC"
1987,41.5894028308611,"NC"
1988,41.5894028308611,"NC"
1989,41.5894028308611,"NC"
1990,41.5894028308611,"NC"
1991,41.5894028308611,"NC"
1992,41.5894028308611,"NC"
1993,41.5894028308611,"NC"
1994,41.5894028308611,"NC"
1995,41.5894028308611,"NC"
1996,41.5894028308611,"NC"
1997,41.5894028308611,"NC"
1998,41.5894028308611,"NC"
1999,41.5894028308611,"NC"
2000,41.5894028308611,"NC"
2001,41.5894028308611,"NC"
2002,41.5894028308611,"NC"
2003,41.5894028308611,"NC"
2004,41.5894028308611,"NC"
2005,41.5894028308611,"NC"
2006,41.5894028308611,"NC"
2007,41.5894028308611,"NC"
2008,41.5894028308611,"NC"
2009,41.5894028308611,"NC"
2010,41.5894028308611,"NC"
2011,41.5894028308611,"NC"
2012,41.5894028308611,"NC"
2013,41.5894028308611,"NC"
2014,41.5894028308611,"NC"
2015,41.5894028308611,"NC"
2016,41.5894028308611,"NC"
2017,41.5894028308611,"NC"
2018,41.5894028308611,"NC"
2019,41.5894028308611,"NC"
2020,41.5894028308611,"NC"
2021,41.5894028308611,"NC"
2022,41.5894028308611,"NC"
2023,41.5894028308611,"NC"
2024,41.5894028308611,"NC"
2025,41.5894028308611,"NC"
2026,41.5894028308611,"NC"
2027,41.5894028308611,"NC"
2028,41.5894028308611,"NC"
2029,41.5894028308611,"NC"
2030,41.5894028308611,"NC"
2031,41.5894028308611,"NC"
2032,41.5894028308611,"NC"
2033,41.5894028308611,"NC"
2034,41.5894028308611,"NC"
2035,41.5894028308611,"NC"
2036,41.5894028308611,"NC"
2037,41.5894028308611,"NC"
2038,41.5894028308611,"NC"
2039,41.5894028308611,"NC"
2040,41.5894028308611,"NC"
2041,41.5894028308611,"NC"
2042,41.5894028308611,"NC"
2043,41.5894028308611,"NC"
2044,41.5894028308611,"NC"
2045,41.5894028308611,"NC"
2046,41.5894028308611,"NC"
2047,41.5894028308611,"NC"
2048,41.5894028308611,"NC"
2049,41.5894028308611,"NC"
2050,41.5894028308611,"NC"
2051,41.5894028308611,"NC"
2052,41.5894028308611,"NC"
2053,41.5894028308611,"NC"
2054,41.5894028308611,"NC"
2055,41.5894028308611,"NC"
2056,41.5894028308611,"NC"
2057,41.5894028308611,"NC"
2058,41.5894028308611,"NC"
2059,41.5894028308611,"NC"
2060,41.5894028308611,"NC"
2061,41.5894028308611,"NC"
2062,41.5894028308611,"NC"
2063,41.5894028308611,"NC"
2064,41.5894028308611,"NC"
2065,41.5894028308611,"NC"
2066,41.5894028308611,"NC"
2067,41.5894028308611,"NC"
2068,41.5894028308611,"NC"
2069,41.5894028308611,"NC"
2070,41.5894028308611,"NC"
2071,41.5894028308611,"NC"
2072,41.5894028308611,"NC"
2073,41.5894028308611,"NC"
2074,41.5894028308611,"NC"
2075,41.5894028308611,"NC"
2076,41.5894028308611,"NC"
2077,41.5894028308611,"NC"
2078,41.5894028308611,"NC"
2079,41.5894028308611,"NC"
2080,41.5894028308611,"NC"
2081,41.5894028308611,"NC"
2082,41.5894028308611,"NC"
2083,41.5894028308611,"NC"
2084,41.5894028308611,"NC"
2085,41.5894028308611,"NC"
2086,41.5894028308611,"NC"
2087,41.5894028308611,"NC"
2088,41.5894028308611,"NC"
2089,41.5894028308611,"NC"
2090,41.5894028308611,"NC"
2091,41.5894028308611,"NC"
2092,41.5894028308611,"NC"
2093,41.5894028308611,"NC"
2094,41.5894028308611,"NC"
2095,41.5894028308611,"NC"
2096,41.5894028308611,"NC"
2097,41.5894028308611,"NC"
2098,41.5894028308611,"NC"
2099,41.5894028308611,"NC"
2100,41.5894028308611,"NC"
2101,41.5894028308611,"NC"
2102,41.5894028308611,"NC"
2103,41.5894028308611,"NC"
2104,41.5894028308611,"NC"
2105,41.5894028308611,"NC"
2106,41.5894028308611,"NC"
2107,41.5894028308611,"NC"
2108,41.5894028308611,"NC"
2109,41.5894028308611,"NC"
2110,41.5894028308611,"NC"
2111,41.5894028308611,"NC"
2112,41.5894028308611,"NC"
2113,41.5894028308611,"NC"
2114,41.5894028308611,"NC"
2115,41.5894028308611,"NC"
2116,41.5894028308611,"NC"
2117,41.5894028308611,"NC"
2118,41.5894028308611,"NC"
2119,41.5894028308611,"NC"
2120,41.5894028308611,"NC"
2121,41.5894028308611,"NC"
2122,41.5894028308611,"NC"
2123,41.5894028308611,"NC"
2124,41.5894028308611,"NC"
2125,41.5894028308611,"NC"
2126,41.5894028308611,"NC"
2127,41.5894028308611,"NC"
2128,41.5894028308611,"NC"
2129,41.5894028308611,"NC"
2130,41.5894028308611,"NC"
2131,41.5894028308611,"NC"
2132,41.5894028308611,"NC"
2133,41.5894028308611,"NC"
2134,41.5894028308611,"NC"
2135,41.5894028308611,"NC"
2136,41.5894028308611,"NC"
2137,41.5894028308611,"NC"
2138,41.5894028308611,"NC"
2139,41.5894028308611,"NC"
2140,41.5894028308611,"NC"
2141,41.5894028308611,"NC"
2142,41.5894028308611,"NC"
2143,41.5894028308611,"NC"
2144,41.5894028308611,"NC"
2145,41.5894028308611,"NC"
2146,41.5894028308611,"NC"
2147,41.5894028308611,"NC"
2148,41.5894028308611,"NC"
2149,41.5894028308611,"NC"
2150,41.5894028308611,"NC"
2151,41.5894028308611,"NC"
2152,41.5894028308611,"NC"
2153,41.5894028308611,"NC"
2154,41.5894028308611,"NC"
2155,41.5894028308611,"NC"
2156,41.5894028308611,"NC"
2157,41.5894028308611,"NC"
2158,41.5894028308611,"NC"
2159,41.5894028308611,"NC"
2160,41.5894028308611,"NC"
2161,41.5894028308611,"NC"
2162,41.5894028308611,"NC"
2163,41.5894028308611,"NC"
2164,41.5894028308611,"NC"
2165,41.5894028308611,"NC"
2166,41.5894028308611,"NC"
2167,41.5894028308611,"NC"
2168,41.5894028308611,"NC"
2169,41.5894028308611,"NC"
2170,41.5894028308611,"NC"
2171,41.5894028308611,"NC"
2172,41.5894028308611,"NC"
2173,41.5894028308611,"NC"
2174,41.5894028308611,"NC"
2175,41.5894028308611,"NC"
2176,41.5894028308611,"NC"
2177,41.5894028308611,"NC"
2178,41.5894028308611,"NC"
2179,41.5894028308611,"NC"
2180,41.5894028308611,"NC"
2181,41.5894028308611,"NC"
2182,41.5894028308611,"NC"
2183,41.5894028308611,"NC"
2184,41.5894028308611,"NC"
2185,41.5894028308611,"NC"
2186,41.5894028308611,"NC"
2187,41.5894028308611,"NC"
2188,41.5894028308611,"NC"
2189,41.5894028308611,"NC"
2190,41.5894028308611,"NC"
2191,41.5894028308611,"NC"
2192,41.5894028308611,"NC"
2193,41.5894028308611,"NC"
2194,41.5894028308611,"NC"
2195,41.5894028308611,"NC"
2196,41.5894028308611,"NC"
2197,41.5894028308611,"NC"
2198,41.5894028308611,"NC"
2199,41.5894028308611,"NC"
2200,41.5894028308611,"NC"
2201,41.5894028308611,"NC"
2202,41.5894028308611,"NC"
2203,41.5894028308611,"NC"
2204,41.5894028308611,"NC"
2205,41.5894028308611,"NC"
2206,41.5894028308611,"NC"
2207,41.5894028308611,"NC"
2208,41.5894028308611,"NC"
2209,41.5894028308611,"NC"
2210,41.5894028308611,"NC"
2211,41.5894028308611,"NC"
2212,41.5894028308611,"NC"
2213,41.5894028308611,"NC"
2214,41.5894028308611,"NC"
2215,41.5894028308611,"NC"
2216,41.5894028308611,"NC"
2217,41.5894028308611,"NC"
2218,41.5894028308611,"NC"
2219,41.5894028308611,"NC"
2220,41.5894028308611,"NC"
2221,41.5894028308611,"NC"
2222,41.5894028308611,"NC"
2223,41.5894028308611,"NC"
2224,41.5894028308611,"NC"
2225,41.5894028308611,"NC"
2226,41.5894028308611,"NC"
2227,41.5894028308611,"NC"
2228,41.5894028308611,"NC"
2229,41.5894028308611,"NC"
2230,41.5894028308611,"NC"
2231,41.5894028308611,"NC"
2232,41.5894028308611,"NC"
2233,41.5894028308611,"NC"
2234,41.5894028308611,"NC"
2235,41.5894028308611,"NC"
2236,41.5894028308611,"NC"
2237,41.5894028308611,"NC"
2238,41.5894028308611,"NC"
2239,41.5894028308611,"NC"
2240,41.5894028308611,"NC"
2241,41.5894028308611,"NC"
2242,41.5894028308611,"NC"
2243,41.5894028308611,"NC"
2244,41.5894028308611,"NC"
2245,41.5894028308611,"NC"
2246,41.5894028308611,"NC"
2247,41.5894028308611,"NC"
2248,41.5894028308611,"NC"
2249,41.5894028308611,"NC"
2250,41.5894028308611,"NC"
2251,41.5894028308611,"NC"
2252,41.5894028308611,"NC"
2253,41.5894028308611,"NC"
2254,41.5894028308611,"NC"
2255,41.5894028308611,"NC"
2256,41.5894028308611,"NC"
2257,41.5894028308611,"NC"
2258,41.5894028308611,"NC"
2259,41.5894028308611,"NC"
2260,41.5894028308611,"NC"
2261,41.5894028308611,"NC"
2262,41.5894028308611,"NC"
2263,41.5894028308611,"NC"
2264,41.5894028308611,"NC"
2265,41.5894028308611,"NC"
2266,41.5894028308611,"NC"
2267,41.5894028308611,"NC"
2268,41.5894028308611,"NC"
2269,41.5894028308611,"NC"
2270,41.5894028308611,"NC"
2271,41.5894028308611,"NC"
2272,41.5894028308611,"NC"
2273,41.5894028308611,"NC"
2274,41.5894028308611,"NC"
2275,41.5894028308611,"NC"
2276,41.5894028308611,"NC"
2277,41.5894028308611,"NC"
2278,41.5894028308611,"NC"
2279,41.5894028308611,"NC"
2280,41.5894028308611,"NC"
2281,41.5894028308611,"NC"
2282,41.5894028308611,"NC"
2283,41.5894028308611,"NC"
2284,41.5894028308611,"NC"
2285,41.5894028308611,"NC"
2286,41.5894028308611,"NC"
2287,41.5894028308611,"NC"
2288,41.5894028308611,"NC"
2289,41.5894028308611,"NC"
2290,41.5894028308611,"NC"
2291,41.5894028308611,"NC"
2292,41.5894028308611,"NC"
2293,41.5894028308611,"NC"
2294,41.5894028308611,"NC"
2295,41.5894028308611,"NC"
2296,41.5894028308611,"NC"
2297,41.5894028308611,"NC"
2298,41.5894028308611,"NC"
2299,41.5894028308611,"NC"
2300,41.5894028308611,"NC"
2301,41.5894028308611,"NC"
2302,41.5894028308611,"NC"
2303,41.5894028308611,"NC"
2304,41.5894028308611,"NC"
2305,41.5894028308611,"NC"
2306,41.5894028308611,"NC"
2307,41.5894028308611,"NC"
2308,41.5894028308611,"NC"
2309,41.5894028308611,"NC"
2310,41.5894028308611,"NC"
2311,41.5894028308611,"NC"
2312,41.5894028308611,"NC"
2313,41.5894028308611,"NC"
2314,41.5894028308611,"NC"
2315,41.5894028308611,"NC"
2316,41.5894028308611,"NC"
2317,41.5894028308611,"NC"
2318,41.5894028308611,"NC"
2319,41.5894028308611,"NC"
2320,41.5894028308611,"NC"
2321,41.5894028308611,"NC"
2322,41.5894028308611,"NC"
2323,41.5894028308611,"NC"
2324,41.5894028308611,"NC"
2325,41.5894028308611,"NC"
2326,41.5894028308611,"NC"
2327,41.5894028308611,"NC"
2328,41.5894028308611,"NC"
2329,41.5894028308611,"NC"
2330,41.5894028308611,"NC"
2331,41.5894028308611,"NC"
2332,41.5894028308611,"NC"
2333,41.5894028308611,"NC"
2334,41.5894028308611,"NC"
2335,41.5894028308611,"NC"
2336,41.5894028308611,"NC"
2337,41.5894028308611,"NC"
2338,41.5894028308611,"NC"
2339,41.5894028308611,"NC"
2340,41.5894028308611,"NC"
2341,41.5894028308611,"NC"
2342,41.5894028308611,"NC"
2343,41.5894028308611,"NC"
2344,41.5894028308611,"NC"
2345,41.5894028308611,"NC"
2346,41.5894028308611,"NC"
2347,41.5894028308611,"NC"
2348,41.5894028308611,"NC"
2349,41.5894028308611,"NC"
2350,41.5894028308611,"NC"
2351,41.5894028308611,"NC"
2352,41.5894028308611,"NC"
2353,41.5894028308611,"NC"
2354,41.5894028308611,"NC"
2355,41.5894028308611,"NC"
2356,41.5894028308611,"NC"
2357,41.5894028308611,"NC"
2358,41.5894028308611,"NC"
2359,41.5894028308611,"NC"
2360,41.5894028308611,"NC"
2361,41.5894028308611,"NC"
2362,41.5894028308611,"NC"
2363,41.5894028308611,"NC"
2364,41.5894028308611,"NC"
2365,41.5894028308611,"NC"
2366,41.5894028308611,"NC"
2367,41.5894028308611,"NC"
2368,41.5894028308611,"NC"
2369,41.5894028308611,"NC"
2370,41.5894028308611,"NC"
2371,41.5894028308611,"NC"
2372,41.5894028308611,"NC"
2373,41.5894028308611,"NC"
2374,41.5894028308611,"NC"
2375,41.5894028308611,"NC"
2376,41.5894028308611,"NC"
2377,41.5894028308611,"NC"
2378,41.5894028308611,"NC"
2379,41.5894028308611,"NC"
2380,41.5894028308611,"NC"
2381,41.5894028308611,"NC"
2382,41.5894028308611,"NC"
2383,41.5894028308611,"NC"
2384,41.5894028308611,"NC"
2385,41.5894028308611,"NC"
2386,41.5894028308611,"NC"
2387,41.5894028308611,"NC"
2388,41.5894028308611,"NC"
2389,41.5894028308611,"NC"
2390,41.5894028308611,"NC"
2391,41.5894028308611,"NC"
2392,41.5894028308611,"NC"
2393,41.5894028308611,"NC"
2394,41.5894028308611,"NC"
2395,41.5894028308611,"NC"
2396,41.5894028308611,"NC"
2397,41.5894028308611,"NC"
2398,41.5894028308611,"NC"
2399,41.5894028308611,"NC"
2400,41.5894028308611,"NC"
2401,41.5894028308611,"NC"
2402,41.5894028308611,"NC"
2403,41.5894028308611,"NC"
2404,41.5894028308611,"NC"
2405,41.5894028308611,"NC"
2406,41.5894028308611,"NC"
2407,41.5894028308611,"NC"
2408,41.5894028308611,"NC"
2409,41.5894028308611,"NC"
2410,41.5894028308611,"NC"
2411,41.5894028308611,"NC"
2412,41.5894028308611,"NC"
2413,41.5894028308611,"NC"
2414,41.5894028308611,"NC"
2415,41.5894028308611,"NC"
2416,41.5894028308611,"NC"
2417,41.5894028308611,"NC"
2418,41.5894028308611,"NC"
2419,41.5894028308611,"NC"
2420,41.5894028308611,"NC"
2421,41.5894028308611,"NC"
2422,41.5894028308611,"NC"
2423,41.5894028308611,"NC"
2424,41.5894028308611,"NC"
2425,41.5894028308611,"NC"
2426,41.5894028308611,"NC"
2427,41.5894028308611,"NC"
2428,41.5894028308611,"NC"
2429,41.5894028308611,"NC"
2430,41.5894028308611,"NC"
2431,41.5894028308611,"NC"
2432,41.5894028308611,"NC"
2433,41.5894028308611,"NC"
2434,41.5894028308611,"NC"
2435,41.5894028308611,"NC"
2436,41.5894028308611,"NC"
2437,41.5894028308611,"NC"
2438,41.5894028308611,"NC"
2439,41.5894028308611,"NC"
2440,41.5894028308611,"NC"
2441,41.5894028308611,"NC"
2442,41.5894028308611,"NC"
2443,41.5894028308611,"NC"
2444,41.5894028308611,"NC"
2445,41.5894028308611,"NC"
2446,41.5894028308611,"NC"
2447,41.5894028308611,"NC"
2448,41.5894028308611,"NC"
2449,41.5894028308611,"NC"
2450,41.5894028308611,"NC"
2451,41.5894028308611,"NC"
2452,41.5894028308611,"NC"
2453,41.5894028308611,"NC"
2454,41.5894028308611,"NC"
2455,41.5894028308611,"NC"
2456,41.5894028308611,"NC"
2457,41.5894028308611,"NC"
2458,41.5894028308611,"NC"
2459,41.5894028308611,"NC"
2460,41.5894028308611,"NC"
2461,41.5894028308611,"NC"
2462,41.5894028308611,"NC"
2463,41.5894028308611,"NC"
2464,41.5894028308611,"NC"
2465,41.5894028308611,"NC"
2466,41.5894028308611,"NC"
2467,41.5894028308611,"NC"
2468,41.5894028308611,"NC"
2469,41.5894028308611,"NC"
2470,41.5894028308611,"NC"
2471,41.5894028308611,"NC"
2472,41.5894028308611,"NC"
2473,41.5894028308611,"NC"
2474,41.5894028308611,"NC"
2475,41.5894028308611,"NC"
2476,41.5894028308611,"NC"
2477,41.5894028308611,"NC"
2478,41.5894028308611,"NC"
2479,41.5894028308611,"NC"
2480,41.5894028308611,"NC"
2481,41.5894028308611,"NC"
2482,41.5894028308611,"NC"
2483,41.5894028308611,"NC"
2484,41.5894028308611,"NC"
2485,41.5894028308611,"NC"
2486,41.5894028308611,"NC"
2487,41.5894028308611,"NC"
2488,41.5894028308611,"NC"
2489,41.5894028308611,"NC"
2490,41.5894028308611,"NC"
2491,41.5894028308611,"NC"
2492,41.5894028308611,"NC"
2493,41.5894028308611,"NC"
2494,41.5894028308611,"NC"
2495,41.5894028308611,"NC"
2496,41.5894028308611,"NC"
2497,41.5894028308611,"NC"
2498,41.5894028308611,"NC"
2499,41.5894028308611,"NC"
2500,41.5894028308611,"NC"
2501,41.5894028308611,"NC"
2502,41.5894028308611,"NC"
2503,41.5894028308611,"NC"
2504,41.5894028308611,"NC"
2505,41.5894028308611,"NC"
2506,41.5894028308611,"NC"
2507,41.5894028308611,"NC"
2508,41.5894028308611,"NC"
2509,41.5894028308611,"NC"
2510,41.5894028308611,"NC"
2511,41.5894028308611,"NC"
2512,41.5894028308611,"NC"
2513,41.5894028308611,"NC"
2514,41.5894028308611,"NC"
2515,41.5894028308611,"NC"
2516,41.5894028308611,"NC"
2517,41.5894028308611,"NC"
2518,41.5894028308611,"NC"
2519,41.5894028308611,"NC"
2520,41.5894028308611,"NC"
2521,41.5894028308611,"NC"
2522,41.5894028308611,"NC"
2523,41.5894028308611,"NC"
2524,41.5894028308611,"NC"
2525,41.5894028308611,"NC"
2526,41.5894028308611,"NC"
2527,41.5894028308611,"NC"
2528,41.5894028308611,"NC"
2529,41.5894028308611,"NC"
2530,41.5894028308611,"NC"
2531,41.5894028308611,"NC"
2532,41.5894028308611,"NC"
2533,41.5894028308611,"NC"
2534,41.5894028308611,"NC"
2535,41.5894028308611,"NC"
2536,41.5894028308611,"NC"
2537,41.5894028308611,"NC"
2538,41.5894028308611,"NC"
2539,41.5894028308611,"NC"
2540,41.5894028308611,"NC"
2541,41.5894028308611,"NC"
2542,41.5894028308611,"NC"
2543,41.5894028308611,"NC"
2544,41.5894028308611,"NC"
2545,41.5894028308611,"NC"
2546,41.5894028308611,"NC"
2547,41.5894028308611,"NC"
2548,41.5894028308611,"NC"
2549,41.5894028308611,"NC"
2550,41.5894028308611,"NC"
2551,41.5894028308611,"NC"
2552,41.5894028308611,"NC"
2553,41.5894028308611,"NC"
2554,41.5894028308611,"NC"
2555,41.5894028308611,"NC"
2556,41.5894028308611,"NC"
2557,41.5894028308611,"NC"
2558,41.5894028308611,"NC"
2559,41.5894028308611,"NC"
2560,41.5894028308611,"NC"
2561,41.5894028308611,"NC"
2562,41.5894028308611,"NC"
2563,41.5894028308611,"NC"
2564,41.5894028308611,"NC"
2565,41.5894028308611,"NC"
2566,41.5894028308611,"NC"
2567,41.5894028308611,"NC"
2568,41.5894028308611,"NC"
2569,41.5894028308611,"NC"
2570,41.5894028308611,"NC"
2571,41.5894028308611,"NC"
2572,41.5894028308611,"NC"
2573,41.5894028308611,"NC"
2574,41.5894028308611,"NC"
2575,41.5894028308611,"NC"
2576,41.5894028308611,"NC"
2577,41.5894028308611,"NC"
2578,41.5894028308611,"NC"
2579,41.5894028308611,"NC"
2580,41.5894028308611,"NC"
2581,41.5894028308611,"NC"
2582,41.5894028308611,"NC"
2583,41.5894028308611,"NC"
2584,41.5894028308611,"NC"
2585,41.5894028308611,"NC"
2586,41.5894028308611,"NC"
2587,41.5894028308611,"NC"
2588,41.5894028308611,"NC"
2589,41.5894028308611,"NC"
2590,41.5894028308611,"NC"
2591,41.5894028308611,"NC"
2592,41.5894028308611,"NC"
2593,41.5894028308611,"NC"
2594,41.5894028308611,"NC"
2595,41.5894028308611,"NC"
2596,41.5894028308611,"NC"
2597,41.5894028308611,"NC"
2598,41.5894028308611,"NC"
2599,41.5894028308611,"NC"
2600,41.5894028308611,"NC"
2601,41.5894028308611,"NC"
2602,41.5894028308611,"NC"
2603,41.5894028308611,"NC"
2604,41.5894028308611,"NC"
2605,41.5894028308611,"NC"
2606,41.5894028308611,"NC"
2607,41.5894028308611,"NC"
2608,41.5894028308611,"NC"
2609,41.5894028308611,"NC"
2610,41.5894028308611,"NC"
2611,41.5894028308611,"NC"
2612,41.5894028308611,"NC"
2613,41.5894028308611,"NC"
2614,41.5894028308611,"NC"
2615,41.5894028308611,"NC"
2616,41.5894028308611,"NC"
2617,41.5894028308611,"NC"
2618,41.5894028308611,"NC"
2619,41.5894028308611,"NC"
2620,41.5894028308611,"NC"
2621,41.5894028308611,"NC"
2622,41.5894028308611,"NC"
2623,41.5894028308611,"NC"
2624,41.5894028308611,"NC"
2625,41.5894028308611,"NC"
2626,41.5894028308611,"NC"
2627,41.5894028308611,"NC"
2628,41.5894028308611,"NC"
2629,41.5894028308611,"NC"
2630,41.5894028308611,"NC"
2631,41.5894028308611,"NC"
2632,41.5894028308611,"NC"
2633,41.5894028308611,"NC"
2634,41.5894028308611,"NC"
2635,41.5894028308611,"NC"
2636,41.5894028308611,"NC"
2637,41.5894028308611,"NC"
2638,41.5894028308611,"NC"
2639,41.5894028308611,"NC"
2640,41.5894028308611,"NC"
2641,41.5894028308611,"NC"
2642,41.5894028308611,"NC"
2643,41.5894028308611,"NC"
2644,41.5894028308611,"NC"
2645,41.5894028308611,"NC"
2646,41.5894028308611,"NC"
2647,41.5894028308611,"NC"
2648,41.5894028308611,"NC"
2649,41.5894028308611,"NC"
2650,41.5894028308611,"NC"
2651,41.5894028308611,"NC"
2652,41.5894028308611,"NC"
2653,41.5894028308611,"NC"
2654,41.5894028308611,"NC"
2655,41.5894028308611,"NC"
2656,41.5894028308611,"NC"
2657,41.5894028308611,"NC"
2658,41.5894028308611,"NC"
2659,41.5894028308611,"NC"
2660,41.5894028308611,"NC"
2661,41.5894028308611,"NC"
2662,41.5894028308611,"NC"
2663,41.5894028308611,"NC"
2664,41.5894028308611,"NC"
2665,41.5894028308611,"NC"
2666,41.5894028308611,"NC"
2667,41.5894028308611,"NC"
2668,41.5894028308611,"NC"
2669,41.5894028308611,"NC"
2670,41.5894028308611,"NC"
2671,41.5894028308611,"NC"
2672,41.5894028308611,"NC"
2673,41.5894028308611,"NC"
2674,41.5894028308611,"NC"
2675,41.5894028308611,"NC"
2676,41.5894028308611,"NC"
2677,41.5894028308611,"NC"
2678,41.5894028308611,"NC"
2679,41.5894028308611,"NC"
2680,41.5894028308611,"NC"
2681,41.5894028308611,"NC"
2682,41.5894028308611,"NC"
2683,41.5894028308611,"NC"
2684,41.5894028308611,"NC"
2685,41.5894028308611,"NC"
2686,41.5894028308611,"NC"
2687,41.5894028308611,"NC"
2688,41.5894028308611,"NC"
2689,41.5894028308611,"NC"
2690,41.5894028308611,"NC"
2691,41.5894028308611,"NC"
2692,41.5894028308611,"NC"
2693,41.5894028308611,"NC"
2694,41.5894028308611,"NC"
2695,41.5894028308611,"NC"
2696,41.5894028308611,"NC"
2697,41.5894028308611,"NC"
2698,41.5894028308611,"NC"
2699,41.5894028308611,"NC"
2700,41.5894028308611,"NC"
2701,41.5894028308611,"NC"
2702,41.5894028308611,"NC"
2703,41.5894028308611,"NC"
2704,41.5894028308611,"NC"
2705,41.5894028308611,"NC"
2706,41.5894028308611,"NC"
2707,41.5894028308611,"NC"
2708,41.5894028308611,"NC"
2709,41.5894028308611,"NC"
2710,41.5894028308611,"NC"
2711,41.5894028308611,"NC"
2712,41.5894028308611,"NC"
2713,41.5894028308611,"NC"
2714,41.5894028308611,"NC"
2715,41.5894028308611,"NC"
2716,41.5894028308611,"NC"
2717,41.5894028308611,"NC"
2718,41.5894028308611,"NC"
2719,41.5894028308611,"NC"
2720,41.5894028308611,"NC"
2721,41.5894028308611,"NC"
2722,41.5894028308611,"NC"
2723,41.5894028308611,"NC"
2724,41.5894028308611,"NC"
2725,41.5894028308611,"NC"
2726,41.5894028308611,"NC"
2727,41.5894028308611,"NC"
2728,41.5894028308611,"NC"
2729,41.5894028308611,"NC"
2730,41.5894028308611,"NC"
2731,41.5894028308611,"NC"
2732,41.5894028308611,"NC"
2733,41.5894028308611,"NC"
2734,41.5894028308611,"NC"
2735,41.5894028308611,"NC"
2736,41.5894028308611,"NC"
2737,41.5894028308611,"NC"
2738,41.5894028308611,"NC"
2739,41.5894028308611,"NC"
2740,41.5894028308611,"NC"
2741,41.5894028308611,"NC"
2742,41.5894028308611,"NC"
2743,41.5894028308611,"NC"
2744,41.5894028308611,"NC"
2745,41.5894028308611,"NC"
2746,41.5894028308611,"NC"
2747,41.5894028308611,"NC"
2748,41.5894028308611,"NC"
2749,41.5894028308611,"NC"
2750,41.5894028308611,"NC"
2751,41.5894028308611,"NC"
2752,41.5894028308611,"NC"
2753,41.5894028308611,"NC"
2754,41.5894028308611,"NC"
2755,41.5894028308611,"NC"
2756,41.5894028308611,"NC"
2757,41.5894028308611,"NC"
2758,41.5894028308611,"NC"
2759,41.5894028308611,"NC"
2760,41.5894028308611,"NC"
2761,41.5894028308611,"NC"
2762,41.5894028308611,"NC"
2763,41.5894028308611,"NC"
2764,41.5894028308611,"NC"
2765,41.5894028308611,"NC"
2766,41.5894028308611,"NC"
2767,41.5894028308611,"NC"
2768,41.5894028308611,"NC"
2769,41.5894028308611,"NC"
2770,41.5894028308611,"NC"
2771,41.5894028308611,"NC"
2772,41.5894028308611,"NC"
2773,41.5894028308611,"NC"
2774,41.5894028308611,"NC"
2775,41.5894028308611,"NC"
2776,41.5894028308611,"NC"
2777,41.5894028308611,"NC"
2778,41.5894028308611,"NC"
2779,41.5894028308611,"NC"
2780,41.5894028308611,"NC"
2781,41.5894028308611,"NC"
2782,41.5894028308611,"NC"
2783,41.5894028308611,"NC"
2784,41.5894028308611,"NC"
2785,41.5894028308611,"NC"
2786,41.5894028308611,"NC"
2787,41.5894028308611,"NC"
2788,41.5894028308611,"NC"
2789,41.5894028308611,"NC"
2790,41.5894028308611,"NC"
2791,41.5894028308611,"NC"
2792,41.5894028308611,"NC"
2793,41.5894028308611,"NC"
2794,41.5894028308611,"NC"
2795,41.5894028308611,"NC"
2796,41.5894028308611,"NC"
2797,41.5894028308611,"NC"
2798,41.5894028308611,"NC"
2799,41.5894028308611,"NC"
2800,41.5894028308611,"NC"
2801,41.5894028308611,"NC"
2802,41.5894028308611,"NC"
2803,41.5894028308611,"NC"
2804,41.5894028308611,"NC"
2805,41.5894028308611,"NC"
2806,41.5894028308611,"NC"
2807,41.5894028308611,"NC"
2808,41.5894028308611,"NC"
2809,41.5894028308611,"NC"
2810,41.5894028308611,"NC"
2811,41.5894028308611,"NC"
2812,41.5894028308611,"NC"
2813,41.5894028308611,"NC"
2814,41.5894028308611,"NC"
2815,41.5894028308611,"NC"
2816,41.5894028308611,"NC"
2817,41.5894028308611,"NC"
2818,41.5894028308611,"NC"
2819,41.5894028308611,"NC"
2820,41.5894028308611,"NC"
2821,41.5894028308611,"NC"
2822,41.5894028308611,"NC"
2823,41.5894028308611,"NC"
2824,41.5894028308611,"NC"
2825,41.5894028308611,"NC"
2826,41.5894028308611,"NC"
2827,41.5894028308611,"NC"
2828,41.5894028308611,"NC"
2829,41.5894028308611,"NC"
2830,41.5894028308611,"NC"
2831,41.5894028308611,"NC"
2832,41.5894028308611,"NC"
2833,41.5894028308611,"NC"
2834,41.5894028308611,"NC"
2835,41.5894028308611,"NC"
2836,41.5894028308611,"NC"
2837,41.5894028308611,"NC"
2838,41.5894028308611,"NC"
2839,41.5894028308611,"NC"
2840,41.5894028308611,"NC"
2841,41.5894028308611,"NC"
2842,41.5894028308611,"NC"
2843,41.5894028308611,"NC"
2844,41.5894028308611,"NC"
2845,41.5894028308611,"NC"
2846,41.5894028308611,"NC"
2847,41.5894028308611,"NC"
2848,41.5894028308611,"NC"
2849,41.5894028308611,"NC"
2850,41.5894028308611,"NC"
2851,41.5894028308611,"NC"
2852,41.5894028308611,"NC"
2853,41.5894028308611,"NC"
2854,41.5894028308611,"NC"
2855,41.5894028308611,"NC"
2856,41.5894028308611,"NC"
2857,41.5894028308611,"NC"
2858,41.5894028308611,"NC"
2859,41.5894028308611,"NC"
2860,41.5894028308611,"NC"
2861,41.5894028308611,"NC"
2862,41.5894028308611,"NC"
2863,41.5894028308611,"NC"
2864,41.5894028308611,"NC"
2865,41.5894028308611,"NC"
2866,41.5894028308611,"NC"
2867,41.5894028308611,"NC"
2868,41.5894028308611,"NC"
2869,41.5894028308611,"NC"
2870,41.5894028308611,"NC"
2871,41.5894028308611,"NC"
2872,41.5894028308611,"NC"
2873,41.5894028308611,"NC"
2874,41.5894028308611,"NC"
2875,41.5894028308611,"NC"
2876,41.5894028308611,"NC"
2877,41.5894028308611,"NC"
2878,41.5894028308611,"NC"
2879,41.5894028308611,"NC"
2880,41.5894028308611,"NC"
2881,41.5894028308611,"NC"
2882,41.5894028308611,"NC"
2883,41.5894028308611,"NC"
2884,41.5894028308611,"NC"
2885,41.5894028308611,"NC"
2886,41.5894028308611,"NC"
2887,41.5894028308611,"NC"
2888,41.5894028308611,"NC"
2889,41.5894028308611,"NC"
2890,41.5894028308611,"NC"
2891,41.5894028308611,"NC"
2892,41.5894028308611,"NC"
2893,41.5894028308611,"NC"
2894,41.5894028308611,"NC"
2895,41.5894028308611,"NC"
2896,41.5894028308611,"NC"
2897,41.5894028308611,"NC"
2898,41.5894028308611,"NC"
2899,41.5894028308611,"NC"
2900,41.5894028308611,"NC"
2901,41.5894028308611,"NC"
2902,41.5894028308611,"NC"
2903,41.5894028308611,"NC"
2904,41.5894028308611,"NC"
2905,41.5894028308611,"NC"
2906,41.5894028308611,"NC"
2907,41.5894028308611,"NC"
2908,41.5894028308611,"NC"
2909,41.5894028308611,"NC"
2910,41.5894028308611,"NC"
2911,41.5894028308611,"NC"
2912,41.5894028308611,"NC"
2913,41.5894028308611,"NC"
2914,41.5894028308611,"NC"
2915,41.5894028308611,"NC"
2916,41.5894028308611,"NC"
2917,41.5894028308611,"NC"
2918,41.5894028308611,"NC"
2919,41.5894028308611,"NC"
2920,41.5894028308611,"NC"
2921,41.5894028308611,"NC"
2922,41.5894028308611,"NC"
2923,41.5894028308611,"NC"
2924,41.5894028308611,"NC"
2925,41.5894028308611,"NC"
2926,41.5894028308611,"NC"
2927,41.5894028308611,"NC"
2928,41.5894028308611,"NC"
2929,41.5894028308611,"NC"
2930,41.5894028308611,"NC"
2931,41.5894028308611,"NC"
2932,41.5894028308611,"NC"
2933,41.5894028308611,"NC"
2934,41.5894028308611,"NC"
2935,41.5894028308611,"NC"
2936,41.5894028308611,"NC"
2937,41.5894028308611,"NC"
2938,41.5894028308611,"NC"
2939,41.5894028308611,"NC"
2940,41.5894028308611,"NC"
2941,41.5894028308611,"NC"
2942,41.5894028308611,"NC"
2943,41.5894028308611,"NC"
2944,41.5894028308611,"NC"
2945,41.5894028308611,"NC"
2946,41.5894028308611,"NC"
2947,41.5894028308611,"NC"
2948,41.5894028308611,"NC"
2949,41.5894028308611,"NC"
2950,41.5894028308611,"NC"
2951,41.5894028308611,"NC"
2952,41.5894028308611,"NC"
2953,41.5894028308611,"NC"
2954,41.5894028308611,"NC"
2955,41.5894028308611,"NC"
2956,41.5894028308611,"NC"
2957,41.5894028308611,"NC"
2958,41.5894028308611,"NC"
2959,41.5894028308611,"NC"
2960,41.5894028308611,"NC"
2961,41.5894028308611,"NC"
2962,41.5894028308611,"NC"
2963,41.5894028308611,"NC"
2964,41.5894028308611,"NC"
2965,41.5894028308611,"NC"
2966,41.5894028308611,"NC"
2967,41.5894028308611,"NC"
2968,41.5894028308611,"NC"
2969,41.5894028308611,"NC"
2970,41.5894028308611,"NC"
2971,41.5894028308611,"NC"
2972,41.5894028308611,"NC"
2973,41.5894028308611,"NC"
2974,41.5894028308611,"NC"
2975,41.5894028308611,"NC"
2976,41.5894028308611,"NC"
2977,41.5894028308611,"NC"
2978,41.5894028308611,"NC"
2979,41.5894028308611,"NC"
2980,41.5894028308611,"NC"
2981,41.5894028308611,"NC"
2982,41.5894028308611,"NC"
2983,41.5894028308611,"NC"
2984,41.5894028308611,"NC"
2985,41.5894028308611,"NC"
2986,41.5894028308611,"NC"
2987,41.5894028308611,"NC"
2988,41.5894028308611,"NC"
2989,41.5894028308611,"NC"
2990,41.5894028308611,"NC"
2991,41.5894028308611,"NC"
2992,41.5894028308611,"NC"
2993,41.5894028308611,"NC"
2994,41.5894028308611,"NC"
2995,41.5894028308611,"NC"
2996,41.5894028308611,"NC"
2997,41.5894028308611,"NC"
2998,41.5894028308611,"NC"
2999,41.5894028308611,"NC"
3000,41.5894028308611,"NC"
3001,41.5894028308611,"NC"
3002,41.5894028308611,"NC"
3003,41.5894028308611,"NC"
3004,41.5894028308611,"NC"
3005,41.5894028308611,"NC"
3006,41.5894028308611,"NC"
3007,41.5894028308611,"NC"
3008,41.5894028308611,"NC"
3009,41.5894028308611,"NC"
3010,41.5894028308611,"NC"
3011,41.5894028308611,"NC"
3012,41.5894028308611,"NC"
3013,41.5894028308611,"NC"
3014,41.5894028308611,"NC"
3015,41.5894028308611,"NC"
3016,41.5894028308611,"NC"
3017,41.5894028308611,"NC"
3018,41.5894028308611,"NC"
3019,41.5894028308611,"NC"
3020,41.5894028308611,"NC"
3021,41.5894028308611,"NC"
3022,41.5894028308611,"NC"
3023,41.5894028308611,"NC"
3024,41.5894028308611,"NC"
3025,41.5894028308611,"NC"
3026,41.5894028308611,"NC"
3027,41.5894028308611,"NC"
3028,41.5894028308611,"NC"
3029,41.5894028308611,"NC"
3030,41.5894028308611,"NC"
3031,41.5894028308611,"NC"
3032,41.5894028308611,"NC"
3033,41.5894028308611,"NC"
3034,41.5894028308611,"NC"
3035,41.5894028308611,"NC"
3036,41.5894028308611,"NC"
3037,41.5894028308611,"NC"
3038,41.5894028308611,"NC"
3039,41.5894028308611,"NC"
3040,41.5894028308611,"NC"
3041,41.5894028308611,"NC"
3042,41.5894028308611,"NC"
3043,41.5894028308611,"NC"
3044,41.5894028308611,"NC"
3045,41.5894028308611,"NC"
3046,41.5894028308611,"NC"
3047,41.5894028308611,"NC"
3048,41.5894028308611,"NC"
3049,41.5894028308611,"NC"
3050,41.5894028308611,"NC"
3051,41.5894028308611,"NC"
3052,41.5894028308611,"NC"
3053,41.5894028308611,"NC"
3054,41.5894028308611,"NC"
3055,41.5894028308611,"NC"
3056,41.5894028308611,"NC"
3057,41.5894028308611,"NC"
3058,41.5894028308611,"NC"
3059,41.5894028308611,"NC"
3060,41.5894028308611,"NC"
3061,41.5894028308611,"NC"
3062,41.5894028308611,"NC"
3063,41.5894028308611,"NC"
3064,41.5894028308611,"NC"
3065,41.5894028308611,"NC"
3066,41.5894028308611,"NC"
3067,41.5894028308611,"NC"
3068,41.5894028308611,"NC"
3069,41.5894028308611,"NC"
3070,41.5894028308611,"NC"
3071,41.5894028308611,"NC"
3072,41.5894028308611,"NC"
3073,41.5894028308611,"NC"
3074,41.5894028308611,"NC"
3075,41.5894028308611,"NC"
3076,41.5894028308611,"NC"
3077,41.5894028308611,"NC"
3078,41.5894028308611,"NC"
3079,41.5894028308611,"NC"
3080,41.5894028308611,"NC"
3081,41.5894028308611,"NC"
3082,41.5894028308611,"NC"
3083,41.5894028308611,"NC"
3084,41.5894028308611,"NC"
3085,41.5894028308611,"NC"
3086,41.5894028308611,"NC"
3087,41.5894028308611,"NC"
3088,41.5894028308611,"NC"
3089,41.5894028308611,"NC"
3090,41.5894028308611,"NC"
3091,41.5894028308611,"NC"
3092,41.5894028308611,"NC"
3093,41.5894028308611,"NC"
3094,41.5894028308611,"NC"
3095,41.5894028308611,"NC"
3096,41.5894028308611,"NC"
3097,41.5894028308611,"NC"
3098,41.5894028308611,"NC"
3099,41.5894028308611,"NC"
3100,41.5894028872175,"NC"
3101,40.7773816609612,"NC"
3102,38.999215524482,"NC"
3103,36.9066790174376,"NC"
3104,34.8470065556559,"NC"
3105,32.9873023585621,"NC"
3106,31.3915442139933,"NC"
3107,30.0674980681165,"NC"
3108,28.9947100640693,"NC"
3109,28.1407333029751,"NC"
3110,27.4701446426353,"NC"
3111,26.9492258581776,"NC"
3112,26.5481037689905,"NC"
3113,26.2414549782611,"NC"
3114,26.0084448040954,"NC"
3115,25.8322966486925,"NC"
3116,25.6997188406605,"NC"
3117,25.6003128509583,"NC"
3118,25.5260252184215,"NC"
3119,25.4706698082682,"NC"
3120,25.4295271622915,"NC"
3121,25.3990173674006,"NC"
3122,25.3764392372311,"NC"
3123,25.7161593104887,"NC"
3124,26.5538745385522,"NC"
3125,27.652881385228,"NC"
3126,28.8625408428584,"NC"
3127,30.0892094842593,"NC"
3128,31.2767613180828,"NC"
3129,32.3935251310023,"NC"
3130,33.4235874258084,"NC"
3131,33.707979703122,"NC"
3132,33.097832056016,"NC"
3133,32.1041052009045,"NC"
3134,31.0112562742541,"NC"
3135,29.9674308761846,"NC"
3136,29.0407983112768,"NC"
3137,28.2542783220123,"NC"
3138,27.6065861442003,"NC"
3139,27.0846989343983,"NC"
3140,26.6710084050742,"NC"
3141,26.347232764633,"NC"
3142,26.0963925019976,"NC"
3143,25.9036616487528,"NC"
3144,25.7565923831039,"NC"
3145,25.6450127096748,"NC"
3146,25.5607731825596,"NC"
3147,25.4974423161776,"NC"
3148,25.4500040614361,"NC"
3149,25.4145833003364,"NC"
3150,25.3882095674432,"NC"
3151,25.36862058407,"NC"
3152,25.3541022675047,"NC"
3153,25.6980163382945,"NC"
3154,26.5389421250294,"NC"
3155,27.6404490936037,"NC"
3156,28.8520874442585,"NC"
3157,30.0803471186773,"NC"
3158,31.2691964542943,"NC"
3159,32.387031939058,"NC"
3160,33.4179893100435,"NC"
3161,33.7030964137344,"NC"
3162,33.093734955892,"NC"
3163,32.1007588391953,"NC"
3164,31.0085762802239,"NC"
3165,29.9653164568453,"NC"
3166,29.0391496156686,"NC"
3167,28.2530048707386,"NC"
3168,27.6056101335381,"NC"
3169,27.083955711358,"NC"
3170,26.6704455256722,"NC"
3171,26.346808449373,"NC"
3172,26.0960739205921,"NC"
3173,25.9034232855605,"NC"
3174,25.7564145816853,"NC"
3175,25.644880438002,"NC"
3176,25.5606750148517,"NC"
3177,25.4973696127489,"NC"
3178,25.4499503181989,"NC"
3179,25.4145436396216,"NC"
3180,25.3881803435245,"NC"
3181,25.3685990799001,"NC"
3182,25.3540870502958,"NC"
3183,25.6967952524564,"NC"
3184,26.5370569329711,"NC"
3185,27.6382445766212,"NC"
3186,28.849783715595,"NC"
3187,30.0780782939924,"NC"
3188,31.2670369488448,"NC"
3189,32.3850245575573,"NC"
3190,33.4161524553337,"NC"
3191,34.3544965268695,"NC"
3192,35.2002694253706,"NC"
3193,35.9573090819875,"NC"
3194,36.6314468934086,"NC"
3195,37.2294601486388,"NC"
3196,37.7584149455481,"NC"
3197,38.2252647217797,"NC"
3198,38.636617548842,"NC"
3199,38.9986118856523,"NC"
3200,39.3168619999326,"NC"
3201,39.5964465922408,"NC"
3202,39.8419235744644,"NC"
3203,40.0573596835495,"NC"
3204,40.2463677349979,"NC"
3205,40.4121468609266,"NC"
3206,40.5575229544586,"NC"
3207,40.684987559713,"NC"
3208,40.7967343279363,"NC"
3209,40.8946925433188,"NC"
3210,40.9805575724907,"NC"
3211,41.0558182889472,"NC"
3212,41.1217815761649,"NC"
3213,41.17959415048,"NC"
3214,41.2302618971181,"NC"
3215,41.2746669695679,"NC"
3216,41.3135828812109,"NC"
3217,41.3476877905748,"NC"
3218,41.3775762000674,"NC"
3219,41.4037692328238,"NC"
3220,41.4267236622381,"NC"
3221,41.4468398413579,"NC"
3222,41.4644686568292,"NC"
3223,41.4799176344045,"NC"
3224,41.4934562905798,"NC"
3225,41.5053208263422,"NC"
3226,41.5157182438162,"NC"
3227,41.5248299527055,"NC"
3228,41.532814934187,"NC"
3229,41.539812512666,"NC"
3230,41.5459447854075,"NC"
3231,41.5513187528824,"NC"
3232,41.5560281844817,"NC"
3233,41.5601552549009,"NC"
3234,41.5637719776062,"NC"
3235,41.5669414610442,"NC"
3236,41.5697190101188,"NC"
3237,41.5721530907364,"NC"
3238,41.5742861756997,"NC"
3239,41.5761554857611,"NC"
3240,41.5777936389287,"NC"
3241,41.5792292198334,"NC"
3242,41.5804872783007,"NC"
3243,41.5815897665481,"NC"
3244,41.582555922245,"NC"
3245,41.5834026040975,"NC"
3246,41.5841445861383,"NC"
3247,41.584794815429,"NC"
3248,41.5853646380125,"NC"
3249,41.5858639969158,"NC"
3250,41.5863016055904,"NC"
3251,41.5866851000169,"NC"
3252,41.5870211719072,"NC"
3253,41.5873156854785,"NC"
3254,41.5875737798001,"NC"
3255,41.5877999584321,"NC"
3256,41.5879981680407,"NC"
3257,41.5881718672478,"NC"
3258,41.5883240869814,"NC"
3259,41.5884574833768,"NC"
3260,41.5885743841055,"NC"
3261,41.5886768290064,"NC"
3262,41.5887666056739,"NC"
3263,41.5888452806465,"NC"
3264,41.5889142267516,"NC"
3265,41.5889746470495,"NC"
3266,41.5890275958332,"NC"
3267,41.5890739970237,"NC"
3268,41.5891146602884,"NC"
3269,41.5891502951748,"NC"
3270,41.5891815234865,"NC"
3271,41.589208890136,"NC"
3272,41.5892328726533,"NC"
3273,41.589253889516,"NC"
3274,41.5892723074545,"NC"
3275,41.5892884478491,"NC"
3276,41.5893025923385,"NC"
3277,41.5893149877345,"NC"
3278,41.5893258503281,"NC"
3279,41.5893353696642,"NC"
3280,41.5893437118487,"NC"
3281,41.5893510224469,"NC"
3282,41.5893574290239,"NC"
3283,41.5893630433699,"NC"
3284,41.5893679634514,"NC"
3285,41.5893722751206,"NC"
3286,41.5893760536131,"NC"
3287,41.5893793648609,"NC"
3288,41.5893822666432,"NC"
3289,41.5893848095939,"NC"
3290,41.5893870380859,"NC"
3291,41.5893889910047,"NC"
3292,41.5893907024276,"NC"
3293,41.5893922022176,"NC"
3294,41.5893935165451,"NC"
3295,41.5893946683442,"NC"
3296,41.5893956777129,"NC"
3297,41.5893965622641,"NC"
3298,41.5893973374325,"NC"
3299,41.5893980167445,"NC"
3300,41.5893986120533,"NC"
3301,41.5893991337469,"NC"
3302,41.5893995909284,"NC"
3303,41.5893999915752,"NC"
3304,41.5894003426785,"NC"
3305,41.5894006503647,"NC"
3306,41.5894009200027,"NC"
3307,41.5894011562976,"NC"
3308,41.5894013633724,"NC"
3309,41.5894015448406,"NC"
3310,41.5894017038686,"NC"
3311,41.5894018432314,"NC"
3312,41.5894019653607,"NC"
3313,41.5894020723876,"NC"
3314,41.5894021661797,"NC"
3315,41.5894022483736,"NC"
3316,41.5894023204034,"NC"
3317,41.5894023835261,"NC"
3318,41.5894024388431,"NC"
3319,41.5894024873197,"NC"
3320,41.5894025298016,"NC"
3321,41.5894025670304,"NC"
3322,41.5894025996554,"NC"
3323,41.5894026282461,"NC"
3324,41.5894026533013,"NC"
3325,41.5894026752581,"NC"
3326,41.5894026944999,"NC"
3327,41.5894027113621,"NC"
3328,41.5894027261393,"NC"
3329,41.5894027390891,"NC"
3330,41.5894027504375,"NC"
3331,41.5894027603826,"NC"
3332,41.5894027690979,"NC"
3333,41.5894027767355,"NC"
3334,41.5894027834286,"NC"
3335,41.5894027892941,"NC"
3336,41.5894027944342,"NC"
3337,41.5894027989387,"NC"
3338,41.5894028028862,"NC"
3339,41.5894028063456,"NC"
3340,41.5894028093772,"NC"
3341,41.5894028120338,"NC"
3342,41.589402814362,"NC"
3343,41.5894028164023,"NC"
3344,41.5894028181902,"NC"
3345,41.5894028197571,"NC"
3346,41.5894028211302,"NC"
3347,41.5894028223335,"NC"
3348,41.5894028233881,"NC"
3349,41.5894028243122,"NC"
3350,41.589402825122,"NC"
3351,41.5894028258317,"NC"
3352,41.5894028264536,"NC"
3353,41.5894028269987,"NC"
3354,41.5894028274763,"NC"
3355,41.5894028278949,"NC"
3356,41.5894028282617,"NC"
3357,41.5894028285831,"NC"
3358,41.5894028288648,"NC"
3359,41.5894028291117,"NC"
3360,41.589402829328,"NC"
3361,41.5894028295176,"NC"
3362,41.5894028296837,"NC"
3363,41.5894028298293,"NC"
3364,41.5894028299569,"NC"
3365,41.5894028300687,"NC"
3366,41.5894028301667,"NC"
3367,41.5894028302526,"NC"
3368,41.5894028303278,"NC"
3369,41.5894028303938,"NC"
3370,41.5894028304516,"NC"
3371,41.5894028305022,"NC"
3372,41.5894028305466,"NC"
3373,41.5894028305855,"NC"
3374,41.5894028306196,"NC"
3375,41.5894028306495,"NC"
3376,41.5894028306756,"NC"
3377,41.5894028306986,"NC"
3378,41.5894028307187,"NC"
3379,41.5894028307363,"NC"
3380,41.5894028307517,"NC"
3381,41.5894028307653,"NC"
3382,41.5894028307771,"NC"
3383,41.5894028307875,"NC"
3384,41.5894028307966,"NC"
3385,41.5894028308046,"NC"
3386,41.5894028308116,"NC"
3387,41.5894028308177,"NC"
3388,41.5894028308231,"NC"
3389,41.5894028308278,"NC"
3390,41.5894028308319,"NC"
3391,41.5894028308355,"NC"
3392,41.5894028308387,"NC"
3393,41.5894028308415,"NC"
3394,41.5894028308439,"NC"
3395,41.589402830846,"NC"
3396,41.5894028308479,"NC"
3397,41.5894028308495,"NC"
3398,41.589402830851,"NC"
3399,41.5894028308522,"NC"
3400,41.5894028308533,"NC"
3401,41.5894028308543,"NC"
3402,41.5894028308551,"NC"
3403,41.5894028308559,"NC"
3404,41.5894028308565,"NC"
3405,41.5894028308571,"NC"
3406,41.5894028308576,"NC"
3407,41.589402830858,"NC"
3408,41.5894028308584,"NC"
3409,41.5894028308588,"NC"
3410,41.5894028308591,"NC"
3411,41.5894028308593,"NC"
3412,41.5894028308595,"NC"
3413,41.5894028308597,"NC"
3414,41.5894028308599,"NC"
3415,41.5894028308601,"NC"
3416,41.5894028308602,"NC"
3417,41.5894028308603,"NC"
3418,41.5894028308604,"NC"
3419,41.5894028308605,"NC"
3420,41.5894028308606,"NC"
3421,41.5894028308606,"NC"
3422,41.5894028308607,"NC"
3423,41.5894028308608,"NC"
3424,41.5894028308608,"NC"
3425,41.5894028308608,"NC"
3426,41.5894028308609,"NC"
3427,41.5894028308609,"NC"
3428,41.5894028308609,"NC"
3429,41.589402830861,"NC"
3430,41.589402830861,"NC"
3431,41.589402830861,"NC"
3432,41.589402830861,"NC"
3433,41.589402830861,"NC"
3434,41.589402830861,"NC"
3435,41.5894028308611,"NC"
3436,41.5894028308611,"NC"
3437,41.5894028308611,"NC"
3438,41.5894028308611,"NC"
3439,41.5894028308611,"NC"
3440,41.5894028308611,"NC"
3441,41.5894028308611,"NC"
3442,41.5894028308611,"NC"
3443,41.5894028308611,"NC"
3444,41.5894028308611,"NC"
3445,41.5894028308611,"NC"
3446,41.5894028308611,"NC"
3447,41.5894028308611,"NC"
3448,41.5894028308611,"NC"
3449,41.5894028308611,"NC"
3450,41.5894028308611,"NC"
3451,41.5894028308611,"NC"
3452,41.5894028308611,"NC"
3453,41.5894028308611,"NC"
3454,41.5894028308611,"NC"
3455,41.5894028308611,"NC"
3456,41.5894028308611,"NC"
3457,41.5894028308611,"NC"
3458,41.5894028308611,"NC"
3459,41.5894028308611,"NC"
3460,41.5894028308611,"NC"
3461,41.5894028308611,"NC"
3462,41.5894028308611,"NC"
3463,41.5894028308611,"NC"
3464,41.5894028308611,"NC"
3465,41.5894028308611,"NC"
3466,41.5894028308611,"NC"
3467,41.5894028308611,"NC"
3468,41.5894028308611,"NC"
3469,41.5894028308611,"NC"
3470,41.5894028308611,"NC"
3471,41.5894028308611,"NC"
3472,41.5894028308611,"NC"
3473,41.5894028308611,"NC"
3474,41.5894028308611,"NC"
3475,41.5894028308611,"NC"
3476,41.5894028308611,"NC"
3477,41.5894028308611,"NC"
3478,41.5894028308611,"NC"
3479,41.5894028308611,"NC"
3480,41.5894028308611,"NC"
3481,41.5894028308611,"NC"
3482,41.5894028308611,"NC"
3483,41.5894028308611,"NC"
3484,41.5894028308611,"NC"
3485,41.5894028308611,"NC"
3486,41.5894028308611,"NC"
3487,41.5894028308611,"NC"
3488,41.5894028308611,"NC"
3489,41.5894028308611,"NC"
3490,41.5894028308611,"NC"
3491,41.5894028308611,"NC"
3492,41.5894028308611,"NC"
3493,41.5894028308611,"NC"
3494,41.5894028308611,"NC"
3495,41.5894028308611,"NC"
3496,41.5894028308611,"NC"
3497,41.5894028308611,"NC"
3498,41.5894028308611,"NC"
3499,41.5894028308611,"NC"
3500,41.5894028308611,"NC"
3501,41.5894028308611,"NC"
3502,41.5894028308611,"NC"
3503,41.5894028308611,"NC"
3504,41.5894028308611,"NC"
3505,41.5894028308611,"NC"
3506,41.5894028308611,"NC"
3507,41.5894028308611,"NC"
3508,41.5894028308611,"NC"
3509,41.5894028308611,"NC"
3510,41.5894028308611,"NC"
3511,41.5894028308611,"NC"
3512,41.5894028308611,"NC"
3513,41.5894028308611,"NC"
3514,41.5894028308611,"NC"
3515,41.5894028308611,"NC"
3516,41.5894028308611,"NC"
3517,41.5894028308611,"NC"
3518,41.5894028308611,"NC"
3519,41.5894028308611,"NC"
3520,41.5894028308611,"NC"
3521,41.5894028308611,"NC"
3522,41.5894028308611,"NC"
3523,41.5894028308611,"NC"
3524,41.5894028308611,"NC"
3525,41.5894028308611,"NC"
3526,41.5894028308611,"NC"
3527,41.5894028308611,"NC"
3528,41.5894028308611,"NC"
3529,41.5894028308611,"NC"
3530,41.5894028308611,"NC"
3531,41.5894028308611,"NC"
3532,41.5894028308611,"NC"
3533,41.5894028308611,"NC"
3534,41.5894028308611,"NC"
3535,41.5894028308611,"NC"
3536,41.5894028308611,"NC"
3537,41.5894028308611,"NC"
3538,41.5894028308611,"NC"
3539,41.5894028308611,"NC"
3540,41.5894028308611,"NC"
3541,41.5894028308611,"NC"
3542,41.5894028308611,"NC"
3543,41.5894028308611,"NC"
3544,41.5894028308611,"NC"
3545,41.5894028308611,"NC"
3546,41.5894028308611,"NC"
3547,41.5894028308611,"NC"
3548,41.5894028308611,"NC"
3549,41.5894028308611,"NC"
3550,41.5894028308611,"NC"
3551,41.5894028308611,"NC"
3552,41.5894028308611,"NC"
3553,41.5894028308611,"NC"
3554,41.5894028308611,"NC"
3555,41.5894028308611,"NC"
3556,41.5894028308611,"NC"
3557,41.5894028308611,"NC"
3558,41.5894028308611,"NC"
3559,41.5894028308611,"NC"
3560,41.5894028308611,"NC"
3561,41.5894028308611,"NC"
3562,41.5894028308611,"NC"
3563,41.5894028308611,"NC"
3564,41.5894028308611,"NC"
3565,41.5894028308611,"NC"
3566,41.5894028308611,"NC"
3567,41.5894028308611,"NC"
3568,41.5894028308611,"NC"
3569,41.5894028308611,"NC"
3570,41.5894028308611,"NC"
3571,41.5894028308611,"NC"
3572,41.5894028308611,"NC"
3573,41.5894028308611,"NC"
3574,41.5894028308611,"NC"
3575,41.5894028308611,"NC"
3576,41.5894028308611,"NC"
3577,41.5894028308611,"NC"
3578,41.5894028308611,"NC"
3579,41.5894028308611,"NC"
3580,41.5894028308611,"NC"
3581,41.5894028308611,"NC"
3582,41.5894028308611,"NC"
3583,41.5894028308611,"NC"
3584,41.5894028308611,"NC"
3585,41.5894028308611,"NC"
3586,41.5894028308611,"NC"
3587,41.5894028308611,"NC"
3588,41.5894028308611,"NC"
3589,41.5894028308611,"NC"
3590,41.5894028308611,"NC"
3591,41.5894028308611,"NC"
3592,41.5894028308611,"NC"
3593,41.5894028308611,"NC"
3594,41.5894028308611,"NC"
3595,41.5894028308611,"NC"
3596,41.5894028308611,"NC"
3597,41.5894028308611,"NC"
3598,41.5894028308611,"NC"
3599,41.5894028308611,"NC"
3600,41.5894028308611,"NC"
3601,41.5894028308611,"NC"
3602,41.5894028308611,"NC"
3603,41.5894028308611,"NC"
3604,41.5894028308611,"NC"
3605,41.5894028308611,"NC"
3606,41.5894028308611,"NC"
3607,41.5894028308611,"NC"
3608,41.5894028308611,"NC"
3609,41.5894028308611,"NC"
3610,41.5894028308611,"NC"
3611,41.5894028308611,"NC"
3612,41.5894028308611,"NC"
3613,41.5894028308611,"NC"
3614,41.5894028308611,"NC"
3615,41.5894028308611,"NC"
3616,41.5894028308611,"NC"
3617,41.5894028308611,"NC"
3618,41.5894028308611,"NC"
3619,41.5894028308611,"NC"
3620,41.5894028308611,"NC"
3621,41.5894028308611,"NC"
3622,41.5894028308611,"NC"
3623,41.5894028308611,"NC"
3624,41.5894028308611,"NC"
3625,41.5894028308611,"NC"
3626,41.5894028308611,"NC"
3627,41.5894028308611,"NC"
3628,41.5894028308611,"NC"
3629,41.5894028308611,"NC"
3630,41.5894028308611,"NC"
3631,41.5894028308611,"NC"
3632,41.5894028308611,"NC"
3633,41.5894028308611,"NC"
3634,41.5894028308611,"NC"
3635,41.5894028308611,"NC"
3636,41.5894028308611,"NC"
3637,41.5894028308611,"NC"
3638,41.5894028308611,"NC"
3639,41.5894028308611,"NC"
3640,41.5894028308611,"NC"
3641,41.5894028308611,"NC"
3642,41.5894028308611,"NC"
3643,41.5894028308611,"NC"
3644,41.5894028308611,"NC"
3645,41.5894028308611,"NC"
3646,41.5894028308611,"NC"
3647,41.5894028308611,"NC"
3648,41.5894028308611,"NC"
3649,41.5894028308611,"NC"
3650,41.5894028308611,"NC"
