"t","mv","Q","avhc","av_mosq_sum","itn_cov","ivm_cov","Sxtot","Extot","Ixtot","mvxtot","FOIv","lag_FOIv","d_ITN0","d_ITN","r_ITN0","r_ITN","s_ITN","ITN_decay","itn_loss","Sx_dead","Ex_dead","Ix_dead","mvx_dead","ref"
1,41.5894028308611,0.92,0.306666666666667,0.613333333333333,0.6,0,0,0,0,0,0.0083786967516791,0.0083786967516791,0.25,0,0.75,0,1,0,0.000719330822498905,0,0,0,0,1
2,41.5894028308611,0.92,0.306666666666667,0.613333333333333,0.6,0,0,0,0,0,0.0083786967516791,0.00837869675167909,0.25,0,0.75,0,1,0,0.000719330822498905,0,0,0,0,1
3,41.5894028308611,0.92,0.306666666666667,0.613333333333333,0.6,0,0,0,0,0,0.0083786967516791,0.00837869675167909,0.25,0,0.75,0,1,0,0.000719330822498905,0,0,0,0,1
4,41.5894028308611,0.92,0.306666666666667,0.613333333333333,0.6,0,0,0,0,0,0.0083786967516791,0.00837869675167909,0.25,0,0.75,0,1,0,0.000719330822498905,0,0,0,0,1
5,41.5894028308611,0.92,0.306666666666667,0.613333333333333,0.6,0,0,0,0,0,0.0083786967516791,0.00837869675167909,0.25,0,0.75,0,1,0,0.000719330822498905,0,0,0,0,1
6,41.5894028308611,0.92,0.306666666666667,0.613333333333333,0.6,0,0,0,0,0,0.0083786967516791,0.00837869675167909,0.25,0,0.75,0,1,0,0.000719330822498905,0,0,0,0,1
7,41.5894028308611,0.92,0.306666666666667,0.613333333333333,0.6,0,0,0,0,0,0.0083786967516791,0.00837869675167909,0.25,0,0.75,0,1,0,0.000719330822498905,0,0,0,0,1
8,41.5894028308611,0.92,0.306666666666667,0.613333333333333,0.6,0,0,0,0,0,0.0083786967516791,0.00837869675167909,0.25,0,0.75,0,1,0,0.000719330822498905,0,0,0,0,1
9,41.5894028308611,0.92,0.306666666666667,0.613333333333333,0.6,0,0,0,0,0,0.0083786967516791,0.00837869675167909,0.25,0,0.75,0,1,0,0.000719330822498905,0,0,0,0,1
10,41.5894028308611,0.92,0.306666666666667,0.613333333333333,0.6,0,0,0,0,0,0.0083786967516791,0.00837869675167909,0.25,0,0.75,0,1,0,0.000719330822498905,0,0,0,0,1
11,41.5894028308611,0.92,0.306666666666667,0.613333333333333,0.6,0,0,0,0,0,0.0083786967516791,0.00837869675167909,0.25,0,0.75,0,1,0,0.000719330822498905,0,0,0,0,1
12,41.5894028308611,0.92,0.306666666666667,0.613333333333333,0.6,0,0,0,0,0,0.0083786967516791,0.00837869675167909,0.25,0,0.75,0,1,0,0.000719330822498905,0,0,0,0,1
13,41.5894028308611,0.92,0.306666666666667,0.613333333333333,0.6,0,0,0,0,0,0.0083786967516791,0.00837869173369723,0.25,0,0.75,0,1,0,0.000719330822498905,0,0,0,0,1
14,41.5894028308611,0.92,0.306666666666667,0.613333333333333,0.6,0,0,0,0,0,0.0083786967516791,0.00838094109825011,0.25,0,0.75,0,1,0,0.000719330822498905,0,0,0,0,1
15,41.5894028308611,0.92,0.306666666666667,0.613333333333333,0.6,0,0,0,0,0,0.00837869675167909,0.00838585264657682,0.25,0,0.75,0,1,0,0.000719330822498905,0,0,0,0,1
16,41.5894028308611,0.92,0.306666666666667,0.613333333333333,0.6,0,0,0,0,0,0.00837869675167909,0.00839157649289328,0.25,0,0.75,0,1,0,0.000719330822498905,0,0,0,0,1
17,41.5894028308611,0.92,0.306666666666667,0.613333333333333,0.6,0,0,0,0,0,0.00837869675167909,0.00839701837925579,0.25,0,0.75,0,1,0,0.000719330822498905,0,0,0,0,1
18,41.5894028308611,0.92,0.306666666666667,0.613333333333333,0.6,0,0,0,0,0,0.00837869675167909,0.0084015720198714,0.25,0,0.75,0,1,0,0.000719330822498905,0,0,0,0,1
19,41.5894028308611,0.92,0.306666666666667,0.613333333333333,0.6,0,0,0,0,0,0.00837869675167909,0.00840497217470951,0.25,0,0.75,0,1,0,0.000719330822498905,0,0,0,0,1
20,41.5894028308611,0.92,0.306666666666667,0.613333333333333,0.6,0,0,0,0,0,0.00837869675167909,0.00840720169645189,0.25,0,0.75,0,1,0,0.000719330822498905,0,0,0,0,1
21,41.5894028308611,0.92,0.306666666666667,0.613333333333333,0.6,0,0,0,0,0,0.00837869675167909,0.00840840775006448,0.25,0,0.75,0,1,0,0.000719330822498905,0,0,0,0,1
22,41.5894028308611,0.92,0.306666666666667,0.613333333333333,0.6,0,0,0,0,0,0.00837869675167909,0.00840882105686234,0.25,0,0.75,0,1,0,0.000719330822498905,0,0,0,0,1
23,41.5894028308611,0.92,0.306666666666667,0.613333333333333,0.6,0,0,0,0,0,0.00837869675167909,0.00840868827667364,0.25,0,0.75,0,1,0,0.000719330822498905,0,0,0,0,1
24,41.5894028308611,0.92,0.306666666666667,0.613333333333333,0.6,0,0,0,0,0,0.00837869675167909,0.00840822708642558,0.25,0,0.75,0,1,0,0.000719330822498905,0,0,0,0,1
25,41.5894028308611,0.92,0.306666666666667,0.613333333333333,0.6,0,0,0,0,0,0.00837869675167909,0.00840760510725847,0.25,0,0.75,0,1,0,0.000719330822498905,0,0,0,0,1
26,41.5894028308611,0.92,0.306666666666667,0.613333333333333,0.6,0,0,0,0,0,0.0083793306959102,0.00840693734615795,0.25,0,0.75,0,1,0,0.000719330822498905,0,0,0,0,1
27,41.5894028308611,0.92,0.306666666666667,0.613333333333333,0.6,0,0,0,0,0,0.00838320146585718,0.00840629402059979,0.25,0,0.75,0,1,0,0.000719330822498905,0,0,0,0,1
28,41.5894028308611,0.92,0.306666666666667,0.613333333333333,0.6,0,0,0,0,0,0.00838869529162464,0.00840571228861397,0.25,0,0.75,0,1,0,0.000719330822498905,0,0,0,0,1
29,41.5894028308611,0.92,0.306666666666667,0.613333333333333,0.6,0,0,0,0,0,0.0083943798475748,0.00840520748865379,0.25,0,0.75,0,1,0,0.000719330822498905,0,0,0,0,1
30,41.5894028308611,0.92,0.306666666666667,0.613333333333333,0.6,0,0,0,0,0,0.00839942960819415,0.00840478195769242,0.25,0,0.75,0,1,0,0.000719330822498905,0,0,0,0,1
31,41.5894028308611,0.92,0.306666666666667,0.613333333333333,0.6,0,0,0,0,0,0.00840342218600972,0.00840443114522742,0.25,0,0.75,0,1,0,0.000719330822498905,0,0,0,0,1
32,41.5894028308611,0.92,0.306666666666667,0.613333333333333,0.6,0,0,0,0,0,0.00840622694305113,0.00840414742739372,0.25,0,0.75,0,1,0,0.000719330822498905,0,0,0,0,1
33,41.5894028308611,0.92,0.306666666666667,0.613333333333333,0.6,0,0,0,0,0,0.00840791931309712,0.00840392228798262,0.25,0,0.75,0,1,0,0.000719330822498905,0,0,0,0,1
34,41.5894028308611,0.92,0.306666666666667,0.613333333333333,0.6,0,0,0,0,0,0.00840869779586213,0.00840374744636293,0.25,0,0.75,0,1,0,0.000719330822498905,0,0,0,0,1
35,41.5894028308611,0.92,0.306666666666667,0.613333333333333,0.6,0,0,0,0,0,0.00840880828955798,0.00840361536210182,0.25,0,0.75,0,1,0,0.000719330822498905,0,0,0,0,1
36,41.5894028308611,0.92,0.306666666666667,0.613333333333333,0.6,0,0,0,0,0,0.00840848698419632,0.00840351940334293,0.25,0,0.75,0,1,0,0.000719330822498905,0,0,0,0,1
37,41.5894028308611,0.92,0.306666666666667,0.613333333333333,0.6,0,0,0,0,0,0.00840792783267568,0.0084034538456961,0.25,0,0.75,0,1,0,0.000719330822498905,0,0,0,0,1
38,41.5894028308611,0.92,0.306666666666667,0.613333333333333,0.6,0,0,0,0,0,0.00840727164307534,0.00840341379734575,0.25,0,0.75,0,1,0,0.000719330822498905,0,0,0,0,1
39,41.5894028308611,0.92,0.306666666666667,0.613333333333333,0.6,0,0,0,0,0,0.00840660967296703,0.00840339509926522,0.25,0,0.75,0,1,0,0.000719330822498905,0,0,0,0,1
40,41.5894028308611,0.92,0.306666666666667,0.613333333333333,0.6,0,0,0,0,0,0.0084059941021441,0.0084033942235948,0.25,0,0.75,0,1,0,0.000719330822498905,0,0,0,0,1
41,41.5894028308611,0.92,0.306666666666667,0.613333333333333,0.6,0,0,0,0,0,0.00840544990572711,0.00840340818073518,0.25,0,0.75,0,1,0,0.000719330822498905,0,0,0,0,1
42,41.5894028308611,0.92,0.306666666666667,0.613333333333333,0.6,0,0,0,0,0,0.00840498499190711,0.00840343444128408,0.25,0,0.75,0,1,0,0.000719330822498905,0,0,0,0,1
43,41.5894028308611,0.92,0.306666666666667,0.613333333333333,0.6,0,0,0,0,0,0.00840459764804407,0.00840347088401929,0.25,0,0.75,0,1,0,0.000719330822498905,0,0,0,0,1
44,41.5894028308611,0.92,0.306666666666667,0.613333333333333,0.6,0,0,0,0,0,0.00840428142799027,0.00840351578293819,0.25,0,0.75,0,1,0,0.000719330822498905,0,0,0,0,1
45,41.5894028308611,0.92,0.306666666666667,0.613333333333333,0.6,0,0,0,0,0,0.00840402806653364,0.0084035678277541,0.25,0,0.75,0,1,0,0.000719330822498905,0,0,0,0,1
46,41.5894028308611,0.92,0.306666666666667,0.613333333333333,0.6,0,0,0,0,0,0.00840382907168925,0.00840362614399266,0.25,0,0.75,0,1,0,0.000719330822498905,0,0,0,0,1
47,41.5894028308611,0.92,0.306666666666667,0.613333333333333,0.6,0,0,0,0,0,0.00840367649587172,0.0084036902695576,0.25,0,0.75,0,1,0,0.000719330822498905,0,0,0,0,1
48,41.5894028308611,0.92,0.306666666666667,0.613333333333333,0.6,0,0,0,0,0,0.00840356324540268,0.0084037600648056,0.25,0,0.75,0,1,0,0.000719330822498905,0,0,0,0,1
49,41.5894028308611,0.92,0.306666666666667,0.613333333333333,0.6,0,0,0,0,0,0.0084034831485104,0.00840383556751609,0.25,0,0.75,0,1,0,0.000719330822498905,0,0,0,0,1
50,41.5894028308611,0.92,0.306666666666667,0.613333333333333,0.6,0,0,0,0,0,0.00840343090875494,0.00840391682772316,0.25,0,0.75,0,1,0,0.000719330822498905,0,0,0,0,1
51,41.5894028308611,0.92,0.306666666666667,0.613333333333333,0.6,0,0,0,0,0,0.00840340201366041,0.00840400376343582,0.25,0,0.75,0,1,0,0.000719330822498905,0,0,0,0,1
52,41.5894028308611,0.92,0.306666666666667,0.613333333333333,0.6,0,0,0,0,0,0.00840339263208925,0.00840409606674832,0.25,0,0.75,0,1,0,0.000719330822498905,0,0,0,0,1
53,41.5894028308611,0.92,0.306666666666667,0.613333333333333,0.6,0,0,0,0,0,0.00840339951616163,0.00840419317097265,0.25,0,0.75,0,1,0,0.000719330822498905,0,0,0,0,1
54,41.5894028308611,0.92,0.306666666666667,0.613333333333333,0.6,0,0,0,0,0,0.00840341991486581,0.00840429427389489,0.25,0,0.75,0,1,0,0.000719330822498905,0,0,0,0,1
55,41.5894028308611,0.92,0.306666666666667,0.613333333333333,0.6,0,0,0,0,0,0.00840345150714942,0.008404398399997,0.25,0,0.75,0,1,0,0.000719330822498905,0,0,0,0,1
56,41.5894028308611,0.92,0.306666666666667,0.613333333333333,0.6,0,0,0,0,0,0.0084034923684423,0.00840450448217977,0.25,0,0.75,0,1,0,0.000719330822498905,0,0,0,0,1
57,41.5894028308611,0.92,0.306666666666667,0.613333333333333,0.6,0,0,0,0,0,0.00840354097700728,0.00840461144449823,0.25,0,0.75,0,1,0,0.000719330822498905,0,0,0,0,1
58,41.5894028308611,0.92,0.306666666666667,0.613333333333333,0.6,0,0,0,0,0,0.00840359623977149,0.00840471827317288,0.25,0,0.75,0,1,0,0.000719330822498905,0,0,0,0,1
59,41.5894028308611,0.92,0.306666666666667,0.613333333333333,0.6,0,0,0,0,0,0.00840365749539148,0.00840482406847444,0.25,0,0.75,0,1,0,0.000719330822498905,0,0,0,0,1
60,41.5894028308611,0.92,0.306666666666667,0.613333333333333,0.6,0,0,0,0,0,0.00840372445832915,0.00840492807591956,0.25,0,0.75,0,1,0,0.000719330822498905,0,0,0,0,1
61,41.5894028308611,0.92,0.306666666666667,0.613333333333333,0.6,0,0,0,0,0,0.00840379709800131,0.00840502969857517,0.25,0,0.75,0,1,0,0.000719330822498905,0,0,0,0,1
62,41.5894028308611,0.92,0.306666666666667,0.613333333333333,0.6,0,0,0,0,0,0.008403875478575,0.00840512849421556,0.25,0,0.75,0,1,0,0.000719330822498905,0,0,0,0,1
63,41.5894028308611,0.92,0.306666666666667,0.613333333333333,0.6,0,0,0,0,0,0.0084039595994006,0.00840522416244735,0.25,0,0.75,0,1,0,0.000719330822498905,0,0,0,0,1
64,41.5894028308611,0.92,0.306666666666667,0.613333333333333,0.6,0,0,0,0,0,0.00840404927352821,0.0084053165255655,0.25,0,0.75,0,1,0,0.000719330822498905,0,0,0,0,1
65,41.5894028308611,0.92,0.306666666666667,0.613333333333333,0.6,0,0,0,0,0,0.00840414406395167,0.00840540550711385,0.25,0,0.75,0,1,0,0.000719330822498905,0,0,0,0,1
66,41.5894028308611,0.92,0.306666666666667,0.613333333333333,0.6,0,0,0,0,0,0.00840424328041583,0.00840549111052032,0.25,0,0.75,0,1,0,0.000719330822498905,0,0,0,0,1
67,41.5894028308611,0.92,0.306666666666667,0.613333333333333,0.6,0,0,0,0,0,0.00840434602459871,0.00840557339933231,0.25,0,0.75,0,1,0,0.000719330822498905,0,0,0,0,1
68,41.5894028308611,0.92,0.306666666666667,0.613333333333333,0.6,0,0,0,0,0,0.00840445126452975,0.00840565248018083,0.25,0,0.75,0,1,0,0.000719330822498905,0,0,0,0,1
69,41.5894028308611,0.92,0.306666666666667,0.613333333333333,0.6,0,0,0,0,0,0.00840455791885299,0.00840572848849773,0.25,0,0.75,0,1,0,0.000719330822498905,0,0,0,0,1
70,41.5894028308611,0.92,0.306666666666667,0.613333333333333,0.6,0,0,0,0,0,0.00840466493490923,0.00840580157713015,0.25,0,0.75,0,1,0,0.000719330822498905,0,0,0,0,1
71,41.5894028308611,0.92,0.306666666666667,0.613333333333333,0.6,0,0,0,0,0,0.00840477135078537,0.00840587190753038,0.25,0,0.75,0,1,0,0.000719330822498905,0,0,0,0,1
72,41.5894028308611,0.92,0.306666666666667,0.613333333333333,0.6,0,0,0,0,0,0.00840487633670695,0.00840593964312426,0.25,0,0.75,0,1,0,0.000719330822498905,0,0,0,0,1
73,41.5894028308611,0.92,0.306666666666667,0.613333333333333,0.6,0,0,0,0,0,0.00840497921650049,0.00840600494456691,0.25,0,0.75,0,1,0,0.000719330822498905,0,0,0,0,1
74,41.5894028308611,0.92,0.306666666666667,0.613333333333333,0.6,0,0,0,0,0,0.00840507947166757,0.00840606796644163,0.25,0,0.75,0,1,0,0.000719330822498905,0,0,0,0,1
75,41.5894028308611,0.92,0.306666666666667,0.613333333333333,0.6,0,0,0,0,0,0.00840517673299013,0.00840612885513536,0.25,0,0.75,0,1,0,0.000719330822498905,0,0,0,0,1
76,41.5894028308611,0.92,0.306666666666667,0.613333333333333,0.6,0,0,0,0,0,0.00840527076404324,0.00840618774760916,0.25,0,0.75,0,1,0,0.000719330822498905,0,0,0,0,1
77,41.5894028308611,0.92,0.306666666666667,0.613333333333333,0.6,0,0,0,0,0,0.00840536144045043,0.00840624477083991,0.25,0,0.75,0,1,0,0.000719330822498905,0,0,0,0,1
78,41.5894028308611,0.92,0.306666666666667,0.613333333333333,0.6,0,0,0,0,0,0.00840544872830937,0.00840630004177125,0.25,0,0.75,0,1,0,0.000719330822498905,0,0,0,0,1
79,41.5894028308611,0.92,0.306666666666667,0.613333333333333,0.6,0,0,0,0,0,0.00840553266341472,0.00840635366762081,0.25,0,0.75,0,1,0,0.000719330822498905,0,0,0,0,1
80,41.5894028308611,0.92,0.306666666666667,0.613333333333333,0.6,0,0,0,0,0,0.00840561333281459,0.00840640574643325,0.25,0,0.75,0,1,0,0.000719330822498905,0,0,0,0,1
81,41.5894028308611,0.92,0.306666666666667,0.613333333333333,0.6,0,0,0,0,0,0.00840569085914663,0.00840645636777218,0.25,0,0.75,0,1,0,0.000719330822498905,0,0,0,0,1
82,41.5894028308611,0.92,0.306666666666667,0.613333333333333,0.6,0,0,0,0,0,0.00840576538779759,0.0084065056134754,0.25,0,0.75,0,1,0,0.000719330822498905,0,0,0,0,1
83,41.5894028308611,0.92,0.306666666666667,0.613333333333333,0.6,0,0,0,0,0,0.00840583707687791,0.00840655355839611,0.25,0,0.75,0,1,0,0.000719330822498905,0,0,0,0,1
84,41.5894028308611,0.92,0.306666666666667,0.613333333333333,0.6,0,0,0,0,0,0.00840590608952724,0.0084066002710868,0.25,0,0.75,0,1,0,0.000719330822498905,0,0,0,0,1
85,41.5894028308611,0.92,0.306666666666667,0.613333333333333,0.6,0,0,0,0,0,0.00840597258828062,0.00840664581439553,0.25,0,0.75,0,1,0,0.000719330822498905,0,0,0,0,1
86,41.5894028308611,0.92,0.306666666666667,0.613333333333333,0.6,0,0,0,0,0,0.00840603673109093,0.00840669024595518,0.25,0,0.75,0,1,0,0.000719330822498905,0,0,0,0,1
87,41.5894028308611,0.92,0.306666666666667,0.613333333333333,0.6,0,0,0,0,0,0.00840609866864569,0.0084067336185839,0.25,0,0.75,0,1,0,0.000719330822498905,0,0,0,0,1
88,41.5894028308611,0.92,0.306666666666667,0.613333333333333,0.6,0,0,0,0,0,0.00840615854272708,0.00840677598060105,0.25,0,0.75,0,1,0,0.000719330822498905,0,0,0,0,1
89,41.5894028308611,0.92,0.306666666666667,0.613333333333333,0.6,0,0,0,0,0,0.00840621648533791,0.00840681737608952,0.25,0,0.75,0,1,0,0.000719330822498905,0,0,0,0,1
90,41.5894028308611,0.92,0.306666666666667,0.613333333333333,0.6,0,0,0,0,0,0.00840627261841953,0.0084068578451318,0.25,0,0.75,0,1,0,0.000719330822498905,0,0,0,0,1
91,41.5894028308611,0.92,0.306666666666667,0.613333333333333,0.6,0,0,0,0,0,0.0084063270539961,0.0084068974240323,0.25,0,0.75,0,1,0,0.000719330822498905,0,0,0,0,1
92,41.5894028308611,0.92,0.306666666666667,0.613333333333333,0.6,0,0,0,0,0,0.00840637989461888,0.00840693614555623,0.25,0,0.75,0,1,0,0.000719330822498905,0,0,0,0,1
93,41.5894028308611,0.92,0.306666666666667,0.613333333333333,0.6,0,0,0,0,0,0.0084064312339999,0.00840697403918378,0.25,0,0.75,0,1,0,0.000719330822498905,0,0,0,0,1
94,41.5894028308611,0.92,0.306666666666667,0.613333333333333,0.6,0,0,0,0,0,0.00840648115774458,0.00840701113138778,0.25,0,0.75,0,1,0,0.000719330822498905,0,0,0,0,1
95,41.5894028308611,0.92,0.306666666666667,0.613333333333333,0.6,0,0,0,0,0,0.0084065297441089,0.00840704744593406,0.25,0,0.75,0,1,0,0.000719330822498905,0,0,0,0,1
96,41.5894028308611,0.92,0.306666666666667,0.613333333333333,0.6,0,0,0,0,0,0.00840657706471471,0.00840708300419139,0.25,0,0.75,0,1,0,0.000719330822498905,0,0,0,0,1
97,41.5894028308611,0.92,0.306666666666667,0.613333333333333,0.6,0,0,0,0,0,0.00840662318519471,0.00840711782544951,0.25,0,0.75,0,1,0,0.000719330822498905,0,0,0,0,1
98,41.5894028308611,0.92,0.306666666666667,0.613333333333333,0.6,0,0,0,0,0,0.00840666816573411,0.00840715192723026,0.25,0,0.75,0,1,0,0.000719330822498905,0,0,0,0,1
99,41.5894028308611,0.92,0.306666666666667,0.613333333333333,0.6,0,0,0,0,0,0.00840671206151373,0.00840718532558503,0.25,0,0.75,0,1,0,0.000719330822498905,0,0,0,0,1
100,41.5952299003498,0.842742569586413,0.247678437106438,0.58996365920203,0.6,0,0,0,0,0,0.00840675492306735,0.00679006507634935,0.25,0.25,0.75,0.75,0,1,0.000719330822498905,0,0,0,0,1
101,39.2571062632568,0.842825519965545,0.247725501935088,0.589964866023086,0.6,0,0,0,0,0,0.00840679679656502,0.00679138122915882,0.25,0.249820231958473,0.75,0.749633273195286,0.000546494846240808,0.999280927833894,0.000719330822498905,0,0,0,0,1
102,37.3104831157267,0.842908323328213,0.247772502923802,0.589966097061001,0.6,0,0,0,0,0,0.00840683772406155,0.00679269510718865,0.25,0.249640593183142,0.75,0.749266810093609,0.00109259672324891,0.998562372732567,0.000719330822498905,0,0,0,0,1
103,35.7099121998747,0.842990980043549,0.247819440197588,0.589967352207467,0.6,0,0,0,0,0,0.00840687774372193,0.00679400672376064,0.25,0.249461083581054,0.75,0.748900610505349,0.00163830591359715,0.997844334324214,0.000719330822498905,0,0,0,0,1
104,34.3940819360694,0.843073490479456,0.247866313881109,0.58996863135463,0.6,0,0,0,0,0,0.00840691689004993,0.00679531609188455,0.25,0.249281703059324,0.75,0.74853467424102,0.002183622699656,0.997126812237295,0.000719330822498905,0,0,0,0,1
105,33.3125585952467,0.843155855002612,0.247913124098679,0.589969934395087,0.6,0,0,0,0,0,0.00840695519413548,0.00679662322435736,0.25,0.249102451525134,0.75,0.748169001111274,0.00272854736359229,0.996409806100537,0.000719330822498905,0,0,0,0,1
106,32.4238540323707,0.843238073978473,0.247959870974269,0.589971261221888,0.6,0,0,0,0,0,0.00840699268391848,0.0067979281338396,0.25,0.248923328885734,0.75,0.747803590926896,0.00327308018737005,0.995693315542934,0.000719330822498905,0,0,0,0,1
107,31.6938362552959,0.843320147771282,0.248006554631503,0.589972611728525,0.6,0,0,0,0,0,0.00840702938448013,0.00679923083291371,0.25,0.248744335048437,0.75,0.747438443498812,0.00381722145275065,0.994977340193749,0.000719330822498905,0,0,0,0,1
108,31.0944234254092,0.843402076744069,0.248053175193663,0.589973985808939,0.6,0,0,0,0,0,0.00840706531834823,0.00680053133412271,0.25,0.248565469920627,0.75,0.74707355863808,0.00436097144129299,0.994261879682509,0.000719330822498905,0,0,0,0,1
109,30.6025097507389,0.84348386125866,0.248099732783692,0.589975383357513,0.6,0,0,0,0,0,0.00840710050581236,0.00680182964999629,0.25,0.248386733409752,0.75,0.746708936155895,0.00490433043435323,0.993546933639009,0.000719330822498905,0,0,0,0,1
110,30.1990829406028,0.843565501675682,0.248146227524189,0.589976804269072,0.6,0,0,0,0,0,0.00840713496524026,0.00680312579306106,0.25,0.248208125423327,0.75,0.746344575863587,0.00544729871308525,0.992832501693309,0.000719330822498905,0,0,0,0,1
111,29.8684974392261,0.843646998354566,0.248192659537417,0.589978248438879,0.6,0,0,0,0,0,0.00840716871338236,0.00680441977584666,0.25,0.248029645868934,0.75,0.745980477572625,0.00598987655844108,0.992118583475735,0.000719330822498905,0,0,0,0,1
112,29.5978778407739,0.843728351653551,0.248239028945298,0.589979715762636,0.6,0,0,0,0,0,0.00840720176566026,0.00680644335306557,0.25,0.24785129465422,0.75,0.745616641094609,0.00653206425117037,0.991405178616881,0.000719330822498905,0,0,0,0,1
113,29.3766274851029,0.843809561929692,0.248285335869421,0.589981206136476,0.6,0,0,0,0,0,0.00679072343794964,0.0068190186642447,0.25,0.247673071686901,0.75,0.745253066241278,0.00707386207182092,0.990692286747604,0.000719330822498905,0,0,0,0,1
114,29.1960246789211,0.843890629538866,0.248331580431037,0.589982719456971,0.6,0,0,0,0,0,0.00679203845167976,0.00682585006420107,0.25,0.247494976874757,0.75,0.744889752824504,0.00761527030073905,0.989979907499028,0.000719330822498905,0,0,0,0,1
115,29.0488904457309,0.843971554835769,0.248377762751064,0.589984255621119,0.6,0,0,0,0,0,0.00679335119733757,0.00682919821377545,0.25,0.247317010125635,0.75,0.744526700656296,0.00815628921806921,0.98926804050254,0.000719330822498905,0,0,0,0,1
116,28.929315298646,0.844052338173932,0.248423882950086,0.58998581452635,0.6,0,0,0,0,0,0.0067946616880747,0.00683006218656046,0.25,0.247139171347449,0.75,0.744163909548796,0.00869691910375459,0.988556685389797,0.000719330822498905,0,0,0,0,1
117,28.8324345752956,0.844132979905715,0.248469941148357,0.589987396070521,0.6,0,0,0,0,0,0.00679596993678361,0.00682905027308851,0.25,0.246961460448179,0.75,0.743801379314284,0.00923716023753707,0.987845841792714,0.000719330822498905,0,0,0,0,1
118,28.754243010653,0.844213480382321,0.2485159374658,0.589989000151912,0.6,0,0,0,0,0,0.00679727595618467,0.00682657891659503,0.25,0.246783877335869,0.75,0.743439109765173,0.00977701289895738,0.987135509343477,0.000719330822498905,0,0,0,0,1
119,28.6914432030861,0.844293839953794,0.248561872022009,0.58999062666923,0.6,0,0,0,0,0,0.00679857975889302,0.00682294753531911,0.25,0.246606421918633,0.75,0.743077100714012,0.0103164773673549,0.986425687674533,0.000719330822498905,0,0,0,0,1
120,28.6413200577744,0.844374058969027,0.248607744936248,0.589992275521599,0.6,0,0,0,0,0,0.00679988135746821,0.00681837912888995,0.25,0.246429094104649,0.75,0.742715351973483,0.0108555539218684,0.985716376418594,0.000719330822498905,0,0,0,0,1
121,28.6016379156154,0.844454137775768,0.248653556327457,0.589993946608565,0.6,0,0,0,0,0,0.00680118076444354,0.00681304503294888,0.25,0.246251893802159,0.75,0.742353863356405,0.0113942428414364,0.985007575208636,0.000719330822498905,0,0,0,0,1
122,28.5705557337492,0.844534076720621,0.248699306314248,0.589995639830092,0.6,0,0,0,0,0,0.00680247799234661,0.00680708156099654,0.25,0.246074820919475,0.75,0.741992634675729,0.0119325444047962,0.9842992836779,0.000719330822498905,0,0,0,0,1
123,28.5465573330992,0.844613876149053,0.248744995014911,0.589997355086557,0.6,0,0,0,0,0,0.00680377305370595,0.00680060112378822,0.25,0.245897875364972,0.75,0.741631665744543,0.0124704588904847,0.983591501459889,0.000719330822498905,0,0,0,0,1
124,28.5283940202181,0.844693536405398,0.24879062254741,0.589999092278753,0.6,0,0,0,0,0,0.0068050659610493,0.00679369950345455,0.25,0.245721057047093,0.75,0.741270956376069,0.0130079865768388,0.98288422818837,0.000719330822498905,0,0,0,0,1
125,28.5150373230216,0.844773057832862,0.248836189029389,0.590000851307884,0.6,0,0,0,0,0,0.00681371490087892,0.00678646047414966,0.25,0.245544365874344,0.75,0.740910506383661,0.0135451277419951,0.982177463497375,0.000719330822498905,0,0,0,0,1
126,28.5056400845506,0.844852440773529,0.24888169457817,0.590002632075562,0.6,0,0,0,0,0,0.00682295990207992,0.00677895860216771,0.25,0.245367801755299,0.75,0.74055031558081,0.0140818826638903,0.981471207021197,0.000719330822498905,0,0,0,0,1
127,28.4995044692945,0.844931685568361,0.248927139310756,0.590004434483811,0.6,0,0,0,0,0,0.00682788395258579,0.00677126084325885,0.25,0.245191364598598,0.75,0.740190383781141,0.0146182516202611,0.980765458394393,0.000719330822498905,0,0,0,0,1
128,28.4960556076208,0.845010792557208,0.248972523343832,0.590006258435056,0.6,0,0,0,0,0,0.00682989683852499,0.00676342684752014,0.25,0.245015054312946,0.75,0.739830710798409,0.0151542348886448,0.980060217251783,0.000719330822498905,0,0,0,0,1
129,28.4948198867848,0.84508976207881,0.249017846793762,0.590008103832132,0.6,0,0,0,0,0,0.00682976131840303,0.00675550587592032,0.25,0.244838870807112,0.75,0.739471296446509,0.0156898327463786,0.979355483228449,0.000719330822498905,0,0,0,0,1
130,28.4954070981115,0.845168594470801,0.249063109776598,0.590009970578271,0.6,0,0,0,0,0,0.00682797614867339,0.00674752935244691,0.25,0.244662813989934,0.75,0.739112140539465,0.0162250454706006,0.978651255959736,0.000719330822498905,0,0,0,0,1
131,28.4974957331051,0.845247290069715,0.249108312408075,0.590011858577108,0.6,0,0,0,0,0,0.00682489283912572,0.00673950489572211,0.25,0.244486883770313,0.75,0.738753242891438,0.0167598733382497,0.97794753508125,0.000719330822498905,0,0,0,0,1
132,28.5008208642939,0.845325849210989,0.249153454803615,0.590013767732679,0.6,0,0,0,0,0,0.00682076877109879,0.0067314194623302,0.25,0.244311080057215,0.75,0.738394603316719,0.0172943166260656,0.977244320228861,0.000719330822498905,0,0,0,0,1
133,28.5051641763339,0.84540427222897,0.249198537078325,0.590015697949412,0.6,0,0,0,0,0,0.00681579860039228,0.00672325139419455,0.25,0.244135402759675,0.75,0.738036221629736,0.0178283756105888,0.976541611038699,0.000719330822498905,0,0,0,0,1
134,28.5103457569172,0.845482559456914,0.249243559347001,0.590017649132134,0.6,0,0,0,0,0,0.00681013448325861,0.0067149844958226,0.25,0.243959851786789,0.75,0.73767809764505,0.0183620505681611,0.975839407147156,0.000719330822498905,0,0,0,0,1
135,28.5162173294352,0.845560711226997,0.249288521724131,0.590019621186065,0.6,0,0,0,0,0,0.00680389965380074,0.0067066174458546,0.25,0.243784427047722,0.75,0.737320231177352,0.0188953417749257,0.975137708190887,0.000719330822498905,0,0,0,0,1
136,28.5226566821588,0.845638727870317,0.24933342432389,0.590021614016814,0.6,0,0,0,0,0,0.00679719748380285,0.00669816621254444,0.25,0.243609128451702,0.75,0.736962622041471,0.0194282495068271,0.974436513806806,0.000719330822498905,0,0,0,0,1
137,28.5295630823891,0.845716609716896,0.249378267260147,0.590023627530381,0.6,0,0,0,0,0,0.00679011731166235,0.00668966098887943,0.25,0.243433955908023,0.75,0.736605270052366,0.0199607740396115,0.97373582363209,0.000719330822498905,0,0,0,0,1
138,28.5368534957351,0.845794357095686,0.249423050646462,0.590025661633156,0.6,0,0,0,0,0,0.00678273804295917,0.00668114056248261,0.25,0.243258909326044,0.75,0.73624817502513,0.0204929156488266,0.973035637304176,0.000719330822498905,0,0,0,0,1
139,28.5444594713392,0.845871970334575,0.249467774596091,0.590027716231914,0.6,0,0,0,0,0,0.00677513029774172,0.00667264658864157,0.25,0.24308398861519,0.75,0.735891336774988,0.0210246746098218,0.972335954460761,0.000719330822498905,0,0,0,0,1
140,28.5523245783267,0.845949449760388,0.249512439221982,0.590029791233812,0.6,0,0,0,0,0,0.00676735748079973,0.00666421913127144,0.25,0.242909193684951,0.75,0.7355347551173,0.0215560511977494,0.971636774739803,0.000719330822498905,0,0,0,0,1
141,28.5604022925547,0.846026795698896,0.249557044636781,0.590031886546393,0.6,0,0,0,0,0,0.00675947474924637,0.00665589387369729,0.25,0.242734524444881,0.75,0.735178429867557,0.0220870456875628,0.970938097779523,0.000719330822498905,0,0,0,0,1
142,28.5686542542154,0.846104008474815,0.249601590952832,0.590034002077579,0.6,0,0,0,0,0,0.00675152350616997,0.0066477008364799,0.25,0.242559980804599,0.75,0.734822360841383,0.0226176583540181,0.970239923218397,0.000719330822498905,0,0,0,0,1
143,28.5770488338324,0.846181088411813,0.249646078282174,0.590036137735674,0.6,0,0,0,0,0,0.00674352355744213,0.00663966417599501,0.25,0.242385562673791,0.75,0.734466547854534,0.0231478894716741,0.969542250695166,0.000719330822498905,0,0,0,0,1
144,28.5855599502654,0.846258035832514,0.249690506736549,0.590038293429356,0.6,0,0,0,0,0,0.00673547112862137,0.00663180256236866,0.25,0.242211269962207,0.75,0.734110990722902,0.0236777393148917,0.968845079848827,0.000719330822498905,0,0,0,0,1
145,28.594166095725,0.846334851058503,0.249734876427398,0.590040469067681,0.6,0,0,0,0,0,0.00672734704205929,0.00662412973793132,0.25,0.24203710257966,0.75,0.733755689262505,0.0242072081578349,0.968148410318638,0.000719330822498905,0,0,0,0,1
146,28.6028495330247,0.846411534410328,0.249779187465861,0.590042664560078,0.6,0,0,0,0,0,0.00671913079144875,0.00661665506782043,0.25,0.24186306043603,0.75,0.7334006432895,0.0247362962744704,0.967452241744118,0.000719330822498905,0,0,0,0,1
147,28.6115956340475,0.846488086207507,0.249823439962784,0.59004487981635,0.6,0,0,0,0,0,0.00671081288073877,0.00660938405245029,0.25,0.241689143441261,0.75,0.733045852620172,0.0252650039385676,0.966756573765043,0.000719330822498905,0,0,0,0,1
148,28.6203923339648,0.846564506768528,0.249867634028715,0.59004711474667,0.6,0,0,0,0,0,0.00670240073781714,0.00660231883096708,0.25,0.241515351505362,0.75,0.732691317070938,0.0257933314236997,0.966061406021448,0.000719330822498905,0,0,0,0,1
149,28.6292296815748,0.846640796410858,0.249911769773906,0.59004936926158,0.6,0,0,0,0,0,0.00669391805577989,0.00659545870471995,0.25,0.241341684538407,0.75,0.73233703645835,0.0263212790032425,0.965366738153628,0.000719330822498905,0,0,0,0,1
150,28.6380994688271,0.846716955450945,0.249955847308317,0.590051643271989,0.6,0,0,0,0,0,0.00668540007965198,0.00658880067701695,0.25,0.241168142450534,0.75,0.73198301059909,0.0268488469503758,0.964672569802137,0.000719330822498905,0,0,0,0,1
151,28.6469949251553,0.84679298420422,0.249999866741611,0.590053936689172,0.6,0,0,0,0,0,0.00667688768654496,0.00658233997912311,0.25,0.240994725151947,0.75,0.731629239309971,0.0273760355380825,0.963978900607786,0.000719330822498905,0,0,0,0,1
152,28.6559104654641,0.846868882985105,0.250043828183162,0.590056249424769,0.6,0,0,0,0,0,0.00666842219097259,0.00657607055240742,0.25,0.240821432552911,0.75,0.731275722407939,0.0279028450391496,0.963285730211645,0.000719330822498905,0,0,0,0,1
153,28.6648414825211,0.846944652107013,0.250087731742052,0.590058581390782,0.6,0,0,0,0,0,0.00666004171246316,0.00656998546687799,0.25,0.240648264563761,0.75,0.730922459710072,0.0284292757261676,0.962593058255043,0.000719330822498905,0,0,0,0,1
154,28.6737841756683,0.847020291882357,0.250131577527072,0.590060932499573,0.6,0,0,0,0,0,0.0066517791829386,0.00656407726532407,0.25,0.240475221094891,0.75,0.730569451033578,0.0289553278715313,0.961900884379564,0.000719330822498905,0,0,0,0,1
155,28.6827354095192,0.847095802622547,0.250175365646724,0.590063302663865,0.6,0,0,0,0,0,0.00664366166979345,0.00655833823364246,0.25,0.240302302056763,0.75,0.730216696195797,0.0294810017474392,0.961209208227054,0.000719330822498905,0,0,0,0,1
156,28.6916925975492,0.847171184638001,0.250219096209223,0.590065691796737,0.6,0,0,0,0,0,0.00663571052091735,0.00655276060691294,0.25,0.240129507359903,0.75,0.729864195014202,0.0300062976258945,0.960518029439613,0.000719330822498905,0,0,0,0,1
157,28.7006536060406,0.847246438238146,0.250262769322495,0.590068099811625,0.6,0,0,0,0,0,0.00662794186972541,0.0065473367213093,0.25,0.2399568369149,0.75,0.729511947306396,0.0305312157787047,0.959827347659599,0.000719330822498905,0,0,0,0,1
158,28.7096166748294,0.847321563731422,0.250306385094182,0.59007052662232,0.6,0,0,0,0,0,0.006620367204832,0.00654205912185184,0.25,0.239784290632407,0.75,0.729159952890111,0.0310557564774816,0.959137162529629,0.000719330822498905,0,0,0,0,1
159,28.7185803519917,0.847396561425284,0.25034994363164,0.590072972142963,0.6,0,0,0,0,0,0.00661299389697131,0.00653692063658352,0.25,0.239611868423144,0.75,0.728808211583214,0.0315799199936422,0.958447473692576,0.000719330822498905,0,0,0,0,1
160,28.7275434399411,0.847471431626209,0.250393445041939,0.59007543628805,0.6,0,0,0,0,0,0.00660582570103252,0.00653191442453365,0.25,0.239439570197892,0.75,0.7284567232037,0.0321037065984077,0.957758280791569,0.000719330822498905,0,0,0,0,1
161,28.7365049509579,0.8475461746397,0.25043688943187,0.590077918972425,0.6,0,0,0,0,0,0.00659886327052276,0.00652703400253175,0.25,0.239267395867498,0.75,0.728105487569697,0.0326271165628047,0.957069583469994,0.000719330822498905,0,0,0,0,1
162,28.7454640705258,0.847620790770287,0.250480276907939,0.590080420111278,0.6,0,0,0,0,0,0.00659210469100681,0.00652227325554014,0.25,0.239095345342873,0.75,0.727754504499462,0.0331501501576649,0.956381381371494,0.000719330822498905,0,0,0,0,1
163,28.7544201270654,0.847695280321533,0.25052360757637,0.590082939620151,0.6,0,0,0,0,0,0.00658554601563919,0.00651762643401185,0.25,0.238923418534992,0.75,0.727403773811383,0.0336728076536251,0.955693674139967,0.000719330822498905,0,0,0,0,1
164,28.7633725669611,0.847769643596038,0.250566881543111,0.590085477414925,0.6,0,0,0,0,0,0.00657918177389718,0.00651308814140384,0.25,0.238751615354892,0.75,0.72705329532398,0.0341950893211277,0.955006461419569,0.000719330822498905,0,0,0,0,1
165,28.7723209339779,0.84784388089544,0.250610098913826,0.590088033411828,0.6,0,0,0,0,0,0.00657300542419142,0.00650865331565266,0.25,0.238579935713678,0.75,0.726703068855902,0.0347169954304203,0.95431974285471,0.000719330822498905,0,0,0,0,1
166,28.781264852255,0.847917992520424,0.250653259793905,0.590090607527429,0.6,0,0,0,0,0,0.0065670097344957,0.00650431720836326,0.25,0.238408379522514,0.75,0.72635309422593,0.035238526251556,0.953633518090058,0.000719330822498905,0,0,0,0,1
167,28.7902040122682,0.847991978770721,0.250696364288458,0.590093199678638,0.6,0,0,0,0,0,0.00656118708935809,0.00650007536470598,0.25,0.238236946692633,0.75,0.726003371252972,0.0357596820543948,0.952947786770533,0.000719330822498905,0,0,0,0,1
168,28.7991381592738,0.848065839945112,0.250739412502321,0.590095809782703,0.6,0,0,0,0,0,0.00655552972743303,0.00649592360621411,0.25,0.238065637135328,0.75,0.72565389975607,0.0362804631086016,0.952262548541314,0.000719330822498905,0,0,0,0,1
169,28.8080670837501,0.848139576341437,0.250782404540052,0.59009843775721,0.6,0,0,0,0,0,0.006550029918355,0.0064918580175085,0.25,0.237894450761958,0.75,0.725304679554394,0.0368008696836475,0.951577803047832,0.000719330822498905,0,0,0,0,1
170,28.8169906134935,0.848213188256592,0.250825340505937,0.590101083520082,0.6,0,0,0,0,0,0.00654468009136533,0.0064878749366506,0.25,0.237723387483944,0.75,0.724955710467246,0.0373209020488103,0.950893549935776,0.000719330822498905,0,0,0,0,1
171,28.8259086071331,0.848286675986537,0.250868220503988,0.590103746989573,0.6,0,0,0,0,0,0.00653947292564382,0.0064839709480755,0.25,0.237552447212772,0.75,0.724606992314054,0.037840560473174,0.950209788851087,0.000719330822498905,0,0,0,0,1
172,28.8348209487578,0.848360039826297,0.250911044637945,0.590106428084273,0.6,0,0,0,0,0,0.00653440141019969,0.00648014287677945,0.25,0.237381629859991,0.75,0.724258524914381,0.0383598452256286,0.949526519439962,0.000719330822498905,0,0,0,0,1
173,28.8437275434573,0.84843328006997,0.250953813011275,0.590109126723102,0.6,0,0,0,0,0,0.00652945888062388,0.00647638778238811,0.25,0.237210935337213,0.75,0.723910308087915,0.0388787565748716,0.948843741348853,0.000719330822498905,0,0,0,0,1
174,28.8526283136817,0.848506397010725,0.250996525727178,0.590111842825312,0.6,0,0,0,0,0,0.00652463903745204,0.00647270295205344,0.25,0.237040363556116,0.75,0.723562341654477,0.0393972947894066,0.948161454224465,0.000719330822498905,0,0,0,0,1
175,28.8615231962255,0.848579390940808,0.25103918288858,0.59011457631048,0.6,0,0,0,0,0,0.00651993594945893,0.00646908589163301,0.25,0.236869914428439,0.75,0.723214625434016,0.0399154601375445,0.947479657713757,0.000719330822498905,0,0,0,0,1
176,28.8704121397047,0.84865226215155,0.251081784598143,0.590117327098513,0.6,0,0,0,0,0,0.0065153440455757,0.00646553431497503,0.25,0.236699587865986,0.75,0.722867159246611,0.040433252887403,0.946798351463943,0.000719330822498905,0,0,0,0,1
177,28.8792951025121,0.848725010933362,0.251124330958256,0.590120095109642,0.6,0,0,0,0,0,0.00651085809904474,0.00646204613144201,0.25,0.236529383780623,0.75,0.72251994291247,0.0409506733069074,0.94611753512249,0.000719330822498905,0,0,0,0,1
178,28.888172051128,0.848797637575746,0.251166822071047,0.590122880264423,0.6,0,0,0,0,0,0.00650647320728853,0.00645861943206425,0.25,0.23635930208428,0.75,0.72217297625193,0.04146772166379,0.945437208337119,0.000719330822498905,0,0,0,0,1
179,28.8970429586903,0.848870142367294,0.251209258038375,0.590125682483735,0.6,0,0,0,0,0,0.00650218477104137,0.00645525247479223,0.25,0.23618934268895,0.75,0.721826259085459,0.0419843982255905,0.944757370755802,0.000719330822498905,0,0,0,0,1
180,28.9059078038405,0.848942525595696,0.251251638961833,0.590128501688777,0.6,0,0,0,0,0,0.00649798847555968,0.00645194366929939,0.25,0.236019505506692,0.75,0.721479791233651,0.0425007032596566,0.944078022026768,0.000719330822498905,0,0,0,0,1
181,28.9147665697843,0.849014787547738,0.251293964942753,0.590131337801068,0.6,0,0,0,0,0,0.00649388027535587,0.00644869156179071,0.25,0.235849790449624,0.75,0.721133572517233,0.0430166370331434,0.943399161798495,0.000719330822498905,0,0,0,0,1
182,28.9236192434787,0.849086928509311,0.251336236082202,0.590134190742446,0.6,0,0,0,0,0,0.00648985638277788,0.00644549482021935,0.25,0.23568019742993,0.75,0.720787602757056,0.0435321998130143,0.942720789719718,0.000719330822498905,0,0,0,0,1
183,28.9324658149754,0.849158948765409,0.251378452480986,0.590137060435067,0.6,0,0,0,0,0,0.00648591325983645,0.00644235222018635,0.25,0.235510726359855,0.75,0.720441881774105,0.0440473918660401,0.942042905439421,0.000719330822498905,0,0,0,0,1
184,28.9413062769038,0.849230848600139,0.251420614239649,0.5901399468014,0.6,0,0,0,0,0,0.00648204761196344,0.0064392626317511,0.25,0.23534137715171,0.75,0.720096409389489,0.0445622134588006,0.941365508606841,0.000719330822498905,0,0,0,0,1
185,28.9501406240098,0.849302628296717,0.251462721458475,0.590142849764232,0.6,0,0,0,0,0,0.00647825638226387,0.00643622500734749,0.25,0.235172149717867,0.75,0.719751185424449,0.0450766648576831,0.94068859887147,0.000719330822498905,0,0,0,0,1
186,28.9589688527745,0.849374288137479,0.251504774237488,0.590145769246659,0.6,0,0,0,0,0,0.00647453674510647,0.00643323837086819,0.25,0.235003043970762,0.75,0.719406209700354,0.0455907463288839,0.940012175883048,0.000719330822498905,0,0,0,0,1
187,28.967790961136,0.849445828403879,0.251546772676454,0.59014870517209,0.6,0,0,0,0,0,0.00647088609822392,0.00643030180793015,0.25,0.234834059822892,0.75,0.7190614820387,0.0461044581384076,0.939336239291569,0.000719330822498905,0,0,0,0,1
188,28.9766069482289,0.849517249376494,0.251588716874881,0.590151657464245,0.6,0,0,0,0,0,0.00646730205292573,0.00642741445735842,0.25,0.23466519718682,0.75,0.718717002261112,0.0466178005520677,0.938660788747279,0.000719330822498905,0,0,0,0,1
189,28.985416814156,0.849588551335029,0.251630606932021,0.590154626047152,0.6,0,0,0,0,0,0.00646378242246647,0.00642457550381574,0.25,0.234496455975169,0.75,0.718372770189345,0.0471307738354864,0.937985823900676,0.000719330822498905,0,0,0,0,1
190,28.9942205598434,0.849659734558318,0.251672442946869,0.590157610845146,0.6,0,0,0,0,0,0.00646032520884556,0.00642178417146384,0.25,0.234327836100627,0.75,0.718028785645278,0.0476433782540951,0.937311344402506,0.000719330822498905,0,0,0,0,1
191,29.0030181868961,0.849730799324329,0.251714225018166,0.590160611782869,0.6,0,0,0,0,0,0.0064569285884388,0.00641903971861734,0.25,0.234159337475943,0.75,0.717685048450923,0.0481556140731341,0.936637349903771,0.000719330822498905,0,0,0,0,1
192,29.0118096974553,0.849801745910165,0.251755953244398,0.590163628785266,0.6,0,0,0,0,0,0.00645359089696002,0.00641634143327641,0.25,0.23399096001393,0.75,0.717341558428417,0.0486674815576533,0.935963840055719,0.000719330822498905,0,0,0,0,1
193,29.0205950941259,0.849872574592073,0.251797627723799,0.590166661777586,0.6,0,0,0,0,0,0.00645031061423217,0.00641368862938433,0.25,0.233822703627463,0.75,0.716998315400025,0.0491789809725114,0.935290814509853,0.000719330822498905,0,0,0,0,1
194,29.0293743799003,0.84994328564544,0.251839248554348,0.590169710685382,0.6,0,0,0,0,0,0.00644708634915232,0.00641108064375793,0.25,0.233654568229481,0.75,0.716655319188141,0.0496901125823775,0.934618272917924,0.000719330822498905,0,0,0,0,1
195,29.0381475580646,0.850013879344801,0.251880815833776,0.590172775434505,0.6,0,0,0,0,0,0.00644391682519998,0.00640851683359408,0.25,0.233486553732984,0.75,0.716312569615287,0.0502008766517297,0.933946214931935,0.000719330822498905,0,0,0,0,1
196,29.0469146321638,0.850084355963841,0.25192232965956,0.590175855951106,0.6,0,0,0,0,0,0.00644080086678643,0.00640599657441127,0.25,0.233318660051034,0.75,0.71597006650411,0.050711273444856,0.933274640204137,0.000719330822498905,0,0,0,0,1
197,29.0556756059657,0.8501547157754,0.251963790128929,0.590178952161635,0.6,0,0,0,0,0,0.00643773738660715,0.00640351925838669,0.25,0.233150887096758,0.75,0.715627809677387,0.0512213032258549,0.932603548387033,0.000719330822498905,0,0,0,0,1
198,29.0644304833972,0.850224959051472,0.252005197338863,0.590182063992839,0.6,0,0,0,0,0,0.00643472537410968,0.00640108429302969,0.25,0.232983234783344,0.75,0.715285798958022,0.0517309662586344,0.931932939133376,0.000719330822498905,0,0,0,0,1
199,29.0731792685259,0.850295086063213,0.252046551386094,0.590185191371757,0.6,0,0,0,0,0,0.00643176388518306,0.00639869110008385,0.25,0.232815703024042,0.75,0.714944034169045,0.0522402628069127,0.931262812096167,0.000719330822498905,0,0,0,0,1
200,29.0819219655497,0.85036509708094,0.252087852367105,0.590188334225728,0.6,0,0,0,0,0,0.00642885203305149,0.00639633911463385,0.25,0.232648291732165,0.75,0.714602515133616,0.0527491931342191,0.930593166928659,0.000719330822498905,0,0,0,0,1
201,29.0906585787512,0.850434992374139,0.252129100378135,0.590191492482378,0.6,0,0,0,0,0,0.0064259889803097,0.00639402778439633,0.25,0.232481000821088,0.75,0.714261241675019,0.0532577575038925,0.929924003284352,0.000719330822498905,0,0,0,0,1
202,29.0993891124851,0.850504772211465,0.252170295515176,0.590194666069628,0.6,0,0,0,0,0,0.00642317393208882,0.00639175656912109,0.25,0.232313830204249,0.75,0.713920213616668,0.0537659561790831,0.929255320816996,0.000719330822498905,0,0,0,0,1
203,29.1081135711841,0.850574436860744,0.252211437873975,0.59019785491569,0.6,0,0,0,0,0,0.00642040613024948,0.00638952494008957,0.25,0.232146779795148,0.75,0.713579430782101,0.0542737894227515,0.92858711918059,0.000719330822498905,0,0,0,0,1
204,29.116831959325,0.85064398658898,0.252252527550035,0.590201058949061,0.6,0,0,0,0,0,0.006417684848459,0.00638733237971654,0.25,0.231979849507346,0.75,0.713238892994985,0.0547812574976693,0.927919398029383,0.000719330822498905,0,0,0,0,1
205,29.1255442814171,0.850713421662356,0.252293564638618,0.590204278098529,0.6,0,0,0,0,0,0.00641500938810171,0.00638517838120661,0.25,0.231813039254467,0.75,0.712898600079113,0.0552883606664192,0.927252157017869,0.000719330822498905,0,0,0,0,1
206,29.1342505420171,0.850782742346235,0.25233454923474,0.590207512293169,0.6,0,0,0,0,0,0.00641237907491281,0.00638306244825412,0.25,0.231646348950199,0.75,0.712558551858406,0.0557950991913951,0.926585395800796,0.000719330822498905,0,0,0,0,1
207,29.1429507457049,0.85085194890517,0.252375481433179,0.590210761462338,0.6,0,0,0,0,0,0.00640979325618374,0.00638098409480487,0.25,0.231479778508289,0.75,0.712218748156909,0.0563014733348024,0.925919114033155,0.000719330822498905,0,0,0,0,1
208,29.1516448970694,0.850921041602897,0.252416361328471,0.590214025535681,0.6,0,0,0,0,0,0.0064072512984923,0.00637894284484659,0.25,0.231313327842547,0.75,0.711879188798796,0.0568074833586575,0.925253311370188,0.000719330822498905,0,0,0,0,1
209,29.1603330007289,0.850990020702349,0.252457189014911,0.590217304443124,0.6,0,0,0,0,0,0.00640475258587835,0.00637693823221235,0.25,0.231146996866846,0.75,0.711539873608366,0.0573131295247885,0.924587987467384,0.000719330822498905,0,0,0,0,1
210,29.1690150613148,0.851058886465649,0.252497964586557,0.590220598114872,0.6,0,0,0,0,0,0.00640229651833969,0.00637496980041949,0.25,0.23098078549512,0.75,0.711200802410045,0.0578184120948355,0.92392314198048,0.000719330822498905,0,0,0,0,1
211,29.1776910834531,0.851127639154123,0.252538688137228,0.590223906481415,0.6,0,0,0,0,0,0.00639988251061665,0.00637303710252037,0.25,0.230814693641365,0.75,0.710861975028384,0.0583233313302506,0.92325877456546,0.000719330822498905,0,0,0,0,1
212,29.1863610717888,0.851196279028293,0.252579359760504,0.590227229473519,0.6,0,0,0,0,0,0.00639750999122626,0.00637113970094559,0.25,0.230648721219639,0.75,0.710523391288064,0.0588278874922972,0.922594884878556,0.000719330822498905,0,0,0,0,1
213,29.1950250309748,0.851264806347888,0.252619979549731,0.590230567022229,0.6,0,0,0,0,0,0.00639517840165594,0.00636927716736281,0.25,0.230482868144062,0.75,0.710185051013887,0.0593320808420514,0.921931472576248,0.000719330822498905,0,0,0,0,1
214,29.203682965651,0.851333221371844,0.252660547598018,0.590233919058866,0.6,0,0,0,0,0,0.00639288719569938,0.00636744908253589,0.25,0.230317134328815,0.75,0.709846954030783,0.0598359116404016,0.921268537315261,0.000719330822498905,0,0,0,0,1
215,29.212334880469,0.851401524358305,0.252701063998238,0.590237285515028,0.6,0,0,0,0,0,0.00639063583892895,0.00636565503616366,0.25,0.230151519688142,0.75,0.70950910016381,0.0603393801480483,0.920606078752568,0.000719330822498905,0,0,0,0,1
216,29.2209807800867,0.851469715564631,0.252741528843031,0.590240666322585,0.6,0,0,0,0,0,0.00638842380824515,0.00636389462672151,0.25,0.229986024136347,0.75,0.709171489238148,0.0608424866255046,0.919944096545389,0.000719330822498905,0,0,0,0,1
217,29.2296206691443,0.851537795247395,0.252781942224803,0.590244061413682,0.6,0,0,0,0,0,0.0063862505914917,0.00636216746129796,0.25,0.229820647587797,0.75,0.708834121079106,0.0613452313330962,0.919282590351189,0.000719330822498905,0,0,0,0,1
218,29.2382545522892,0.851605763662391,0.252822304235727,0.590247470720734,0.6,0,0,0,0,0,0.00638411568715038,0.00636047315540623,0.25,0.22965538995692,0.75,0.708496995512118,0.0618476145309621,0.918621559827681,0.000719330822498905,0,0,0,0,1
219,29.2468824341743,0.851673621064635,0.252862614967746,0.590250894176431,0.6,0,0,0,0,0,0.00638201860407546,0.00635881133279329,0.25,0.229490251158206,0.75,0.70816011236274,0.0623496364790537,0.917961004632824,0.000719330822498905,0,0,0,0,1
220,29.2555043194331,0.851741367708368,0.25290287451257,0.590254331713726,0.6,0,0,0,0,0,0.00637995886125473,0.00635718162524452,0.25,0.229325231106205,0.75,0.707823471456659,0.0628512974371355,0.917300924424822,0.000719330822498905,0,0,0,0,1
221,29.2641202127023,0.851809003847058,0.252943082961678,0.590257783265847,0.6,0,0,0,0,0,0.00637793598761821,0.00635558367236523,0.25,0.229160329715531,0.75,0.707487072619683,0.0633525976647856,0.916641318862124,0.000719330822498905,0,0,0,0,1
222,29.2727301186245,0.851876529733404,0.252983240406321,0.590261248766284,0.6,0,0,0,0,0,0.00637594952186646,0.00635401712136011,0.25,0.228995546900857,0.75,0.707150915677748,0.0638535374213952,0.915982187603427,0.000719330822498905,0,0,0,0,1
223,29.2813340418225,0.851943945619339,0.253023346937521,0.590264728148796,0.6,0,0,0,0,0,0.00637399901230061,0.00635248162681238,0.25,0.228830882576918,0.75,0.706815000456913,0.064354116966169,0.915323530307673,0.000719330822498905,0,0,0,0,1
224,29.2899319869186,0.852011251756035,0.253063402646072,0.590268221347407,0.6,0,0,0,0,0,0.00637208401667721,0.00635097685044589,0.25,0.228666336658512,0.75,0.706479326783364,0.0648543365581249,0.914665346634046,0.000719330822498905,0,0,0,0,1
225,29.2985239585424,0.852078448393899,0.253103407622538,0.590271728296403,0.6,0,0,0,0,0,0.00637020410206846,0.00634950246088768,0.25,0.228501909060495,0.75,0.70614389448341,0.0653541964560956,0.914007636241979,0.000719330822498905,0,0,0,0,1
226,29.3071099613031,0.852145535782584,0.253143361957261,0.590275248930335,0.6,0,0,0,0,0,0.0063683588447074,0.00634805813343608,0.25,0.228337599697787,0.75,0.705808703383486,0.0658536969187266,0.913350398791149,0.000719330822498905,0,0,0,0,1
227,29.3156899998076,0.852212514170988,0.253183265740354,0.590278783184013,0.6,0,0,0,0,0,0.00636654782984142,0.00634664354981829,0.25,0.228173408485369,0.75,0.705473753310153,0.066352838204478,0.912693633941476,0.000719330822498905,0,0,0,0,1
228,29.3242640786698,0.852279383807255,0.253223119061706,0.590282330992509,0.6,0,0,0,0,0,0.00636477065158255,0.00634525839795163,0.25,0.228009335338282,0.75,0.705139044090095,0.0668516205716239,0.912037341353127,0.000719330822498905,0,0,0,0,1
229,29.332832202485,0.852346144938782,0.253262922010982,0.590285892291154,0.6,0,0,0,0,0,0.00636302691273412,0.00634390237171536,0.25,0.227845380171627,0.75,0.70480457555012,0.0673500442782525,0.91138152068651,0.000719330822498905,0,0,0,0,1
230,29.3413943758431,0.85241279781222,0.253302674677622,0.590289467015538,0.6,0,0,0,0,0,0.00636131622461669,0.00634257517071748,0.25,0.22768154290057,0.75,0.704470347517163,0.0678481095822668,0.910726171602281,0.000719330822498905,0,0,0,0,1
231,29.349950603342,0.852479342673474,0.253342377150845,0.590293055101505,0.6,0,0,0,0,0,0.00635963820688868,0.00634127650006774,0.25,0.227517823440334,0.75,0.704136359818282,0.0683458167413842,0.910071293761337,0.000719330822498905,0,0,0,0,1
232,29.3585008895617,0.852545779767713,0.253382029519647,0.590296656485159,0.6,0,0,0,0,0,0.00635799248734219,0.00634000607016427,0.25,0.227354221706205,0.75,0.703802612280658,0.0688431660131364,0.90941688682482,0.000719330822498905,0,0,0,0,1
233,29.3670452390751,0.852612109339364,0.253421631872802,0.590300271102857,0.6,0,0,0,0,0,0.00635637870169614,0.00633876359647954,0.25,0.227190737613529,0.75,0.7034691047316,0.0693401576548707,0.908762950454118,0.000719330822498905,0,0,0,0,1
234,29.3755836564632,0.852678331632121,0.253461184298865,0.590303898891208,0.6,0,0,0,0,0,0.00635479649338654,0.00633754879935322,0.25,0.227027371077714,0.75,0.703135836998537,0.0698367919237483,0.908109484310857,0.000719330822498905,0,0,0,0,1
235,29.3841161462908,0.852744446888945,0.25350068688617,0.590307539787076,0.6,0,0,0,0,0,0.00635324551333671,0.0063363614038006,0.25,0.226864122014228,0.75,0.702802808909025,0.0703330690767467,0.907456488056912,0.000719330822498905,0,0,0,0,1
236,29.3926427131136,0.852810455352068,0.253540139722833,0.590311193727577,0.6,0,0,0,0,0,0.00635172541972619,0.00633520113932258,0.25,0.2267009903386,0.75,0.702470020290743,0.0708289893706575,0.906803961354398,0.000719330822498905,0,0,0,0,1
237,29.4011633614954,0.852876357262996,0.253579542896749,0.590314860650075,0.6,0,0,0,0,0,0.00635023587776254,0.00633406773972256,0.25,0.226537975966418,0.75,0.702137470971493,0.0713245530620885,0.906151903865673,0.000719330822498905,0,0,0,0,1
238,29.4096780959855,0.85294215286251,0.253618896495599,0.590318540492186,0.6,0,0,0,0,0,0.00634877655943916,0.00633296094293913,0.25,0.226375078813335,0.75,0.701805160779203,0.0718197604074624,0.905500315253339,0.000719330822498905,0,0,0,0,1
239,29.4181869211223,0.853007842390669,0.253658200606843,0.590322233191772,0.6,0,0,0,0,0,0.00634734714329545,0.00633188049088174,0.25,0.22621229879506,0.75,0.701473089541922,0.0723146116630179,0.90484919518024,0.000719330822498905,0,0,0,0,1
240,29.4266898414528,0.853073426086816,0.253697455317727,0.590325938686945,0.6,0,0,0,0,0,0.00634594731418501,0.00633082612927217,0.25,0.226049635827365,0.75,0.701141257087825,0.072809107084809,0.904198543309462,0.000719330822498905,0,0,0,0,1
241,29.4351868615103,0.853138904189574,0.253736660715283,0.59032965691606,0.6,0,0,0,0,0,0.00634457676303635,0.00632979760750153,0.25,0.225887089826084,0.75,0.70080966324521,0.0733032469287062,0.903548359304334,0.000719330822498905,0,0,0,0,1
242,29.4436779858162,0.853204276936857,0.253775816886324,0.59033338781772,0.6,0,0,0,0,0,0.0063432351866187,0.00632879467849044,0.25,0.225724660707107,0.75,0.700478307842498,0.0737970314503953,0.902898642828427,0.000719330822498905,0,0,0,0,1
243,29.4521632189005,0.853269544565866,0.253814923917452,0.590337131330771,0.6,0,0,0,0,0,0.00634192228732004,0.00632781709855406,0.25,0.225562348386389,0.75,0.700147190708233,0.0742904609053788,0.902249393545554,0.000719330822498905,0,0,0,0,1
244,29.4606425652806,0.853334707313094,0.253853981895054,0.590340887394301,0.6,0,0,0,0,0,0.00634063777292264,0.00632686462728137,0.25,0.225400152779942,0.75,0.699816311671082,0.0747835355489754,0.901600611119769,0.000719330822498905,0,0,0,0,1
245,29.4691160294611,0.853399765414331,0.253892990905306,0.590344655947643,0.6,0,0,0,0,0,0.00633938135638522,0.00632593702741782,0.25,0.225238073803842,0.75,0.699485670559838,0.07527625563632,0.900952295215368,0.000719330822498905,0,0,0,0,1
246,29.477583615955,0.853464719104661,0.25393195103417,0.590348436930368,0.6,0,0,0,0,0,0.00633815275563988,0.00632503406475132,0.25,0.225076111374222,0.75,0.699155267203414,0.0757686214223641,0.900304445496889,0.000719330822498905,0,0,0,0,1
247,29.4860453292639,0.853529568618471,0.253970862367397,0.590352230282289,0.6,0,0,0,0,0,0.00633695169338975,0.00632415550801147,0.25,0.224914265407278,0.75,0.698825101430847,0.0762606331618757,0.899657061629111,0.000719330822498905,0,0,0,0,1
248,29.4945011738757,0.853594314189449,0.254009724990529,0.590356035943455,0.6,0,0,0,0,0,0.00633577789691355,0.00632330112877163,0.25,0.224752535819263,0.75,0.698495173071297,0.0767522911094403,0.899010143277052,0.000719330822498905,0,0,0,0,1
249,29.5029511542864,0.853658956050588,0.254048538988896,0.590359853854158,0.6,0,0,0,0,0,0.00633463109788608,0.00632247070135319,0.25,0.224590922526494,0.75,0.698165481954047,0.0772435955194594,0.898363690105974,0.000719330822498905,0,0,0,0,1
250,29.5113952749819,0.85372349443419,0.254087304447619,0.590363683954922,0.6,0,0,0,0,0,0.00633351103220094,0.00632166400274174,0.25,0.224429425445345,0.75,0.697836027908503,0.0777345466461521,0.897717701781379,0.000719330822498905,0,0,0,0,1
251,29.5198335404335,0.853787929571866,0.254126021451611,0.59036752618651,0.6,0,0,0,0,0,0.00633241743979991,0.00632088081250567,0.25,0.224268044492252,0.75,0.697506810764193,0.0782251447435549,0.897072177969007,0.000719330822498905,0,0,0,0,1
252,29.5282659551206,0.853852261694541,0.254164690085577,0.590371380489918,0.6,0,0,0,0,0,0.00633135006451784,0.00632012091271578,0.25,0.22410677958371,0.75,0.697177830350769,0.0787153900655211,0.896427118334841,0.000719330822498905,0,0,0,0,1
253,29.5366925235131,0.853916491032453,0.254203310434015,0.590375246806378,0.6,0,0,0,0,0,0.00633030865393082,0.00631938408787552,0.25,0.223945630636276,0.75,0.696849086498003,0.0792052828657216,0.895782522545103,0.000719330822498905,0,0,0,0,1
254,29.5451132500659,0.853980617815163,0.254241882581215,0.590379125077353,0.6,0,0,0,0,0,0.00632929295920969,0.0063186701248533,0.25,0.223784597566564,0.75,0.696520579035791,0.079694823397645,0.895138390266257,0.000719330822498905,0,0,0,0,1
255,29.5535281392421,0.854044642271546,0.254280406611263,0.590383015244539,0.6,0,0,0,0,0,0.00632830273498844,0.00631797881281462,0.25,0.223623680291251,0.75,0.696192307794151,0.0801840119145979,0.894494721165003,0.000719330822498905,0,0,0,0,1
256,29.5619371954957,0.854108564629806,0.254318882608038,0.590386917249861,0.6,0,0,0,0,0,0.006327337739236,0.00631730994316389,0.25,0.223462878727071,0.75,0.695864272603225,0.0806728486697043,0.893851514908284,0.000719330822498905,0,0,0,0,1
257,29.5703404232653,0.854172385117469,0.254357310655215,0.590390831035478,0.6,0,0,0,0,0,0.00632639773313206,0.00631666330948772,0.25,0.22330219279082,0.75,0.695536473293274,0.0811613339159061,0.893208771163281,0.000719330822498905,0,0,0,0,1
258,29.5787378269976,0.854236103961389,0.254395690836265,0.590394756543774,0.6,0,0,0,0,0,0.00632548248095665,0.00631603870749725,0.25,0.223141622399354,0.75,0.695208909694682,0.0816494679059639,0.892566489597416,0.000719330822498905,0,0,0,0,1
259,29.5871294111308,0.854299721387752,0.254434023234458,0.590398693717364,0.6,0,0,0,0,0,0.00632459174998292,0.00631543593497927,0.25,0.222981167469587,0.75,0.694881581637957,0.0821372508924563,0.891924669878347,0.000719330822498905,0,0,0,0,1
260,29.5955151800875,0.854363237622077,0.254472307932857,0.590402642499087,0.6,0,0,0,0,0,0.00632372531037263,0.00631485479174824,0.25,0.222820827918493,0.75,0.694554488953727,0.0826246831277798,0.891283311673974,0.000719330822498905,0,0,0,0,1
261,29.6038951382984,0.854426652889216,0.254510545014326,0.590406602832011,0.6,0,0,0,0,0,0.00632288293508416,0.00631429507959684,0.25,0.222660603663109,0.75,0.694227631472741,0.0831117648641502,0.890642414652434,0.000719330822498905,0,0,0,0,1
262,29.6122692901856,0.854489967413363,0.254548734561528,0.590410574659428,0.6,0,0,0,0,0,0.00632206439978329,0.00631375660225446,0.25,0.222500494620526,0.75,0.693901009025873,0.0835984963536013,0.890001978482104,0.000719330822498905,0,0,0,0,1
263,29.6206376401559,0.854553181418047,0.254586876656923,0.590414557924853,0.6,0,0,0,0,0,0.00632126948275545,0.00631323916534626,0.25,0.222340500707899,0.75,0.693574621444115,0.0840848778479857,0.889362002831598,0.000719330822498905,0,0,0,0,1
264,29.6290001926241,0.854616295126145,0.254624971382773,0.590418552572026,0.6,0,0,0,0,0,0.00632049796482927,0.00631274257635019,0.25,0.222180621842442,0.75,0.693248468558582,0.0845709095989756,0.888722487369769,0.000719330822498905,0,0,0,0,1
265,29.6373569519965,0.854679308759875,0.25466301882114,0.590422558544909,0.6,0,0,0,0,0,0.00631974962930241,0.00631226664456154,0.25,0.222020857941427,0.75,0.692922550200511,0.0850565918580616,0.888083431765708,0.000719330822498905,0,0,0,0,1
266,29.645707922664,0.854742222540806,0.254701019053887,0.590426575787685,0.6,0,0,0,0,0,0.00631902426186774,0.00631181118105735,0.25,0.221861208922186,0.75,0.69259686620126,0.0855419248765533,0.887444835688746,0.000719330822498905,0,0,0,0,1
267,29.6540531090257,0.854805036689854,0.254738972162679,0.590430604244757,0.6,0,0,0,0,0,0.00631832165054964,0.00631137599865899,0.25,0.221701674702112,0.75,0.692271416392308,0.0860269089055805,0.886806698808447,0.000719330822498905,0,0,0,0,1
268,29.6623925154721,0.854867751427289,0.254776878228985,0.590434643860749,0.6,0,0,0,0,0,0.00631764158564217,0.00631096091190129,0.25,0.221542255198654,0.75,0.691946200605255,0.0865115441960909,0.886169020794617,0.000719330822498905,0,0,0,0,1
269,29.6707261463786,0.854930366972735,0.254814737334075,0.590438694580501,0.6,0,0,0,0,0,0.00631698385964652,0.00631056573700154,0.25,0.221382950329324,0.75,0.691621218671822,0.0869958309988536,0.885531801317298,0.000719330822498905,0,0,0,0,1
270,29.6790540061287,0.854992883545173,0.254852549559023,0.590442756349073,0.6,0,0,0,0,0,0.0063163482672178,0.0063101902918264,0.25,0.221223760011692,0.75,0.691296470423852,0.0874797695644558,0.884895040046769,0.000719330822498905,0,0,0,0,1
271,29.687376099097,0.855055301362944,0.254890314984709,0.590446829111741,0.6,0,0,0,0,0,0.00631573460511284,0.00630983439586491,0.25,0.221064684163386,0.75,0.690971955693308,0.0879633601433054,0.884258736653545,0.000719330822498905,0,0,0,0,1
272,29.6956924296434,0.855117620643751,0.254928033691817,0.590450912813996,0.6,0,0,0,0,0,0.00631514267213698,0.00630949787020125,0.25,0.220905722702095,0.75,0.690647674312275,0.08844660298563,0.883622890808382,0.000719330822498905,0,0,0,0,1
273,29.7040030021361,0.855179841604661,0.254965705760837,0.590455007401546,0.6,0,0,0,0,0,0.00631457226909904,0.0063091805374852,0.25,0.220746875545567,0.75,0.690323626112956,0.0889294983414772,0.882987502182267,0.000719330822498905,0,0,0,0,1
274,29.7123078209341,0.855241964462105,0.255003331272064,0.590459112820311,0.6,0,0,0,0,0,0.00631402319876696,0.00630888222190851,0.25,0.220588142611607,0.75,0.689999810927678,0.0894120464607149,0.882352570446428,0.000719330822498905,0,0,0,0,1
275,29.7206068903817,0.855303989431886,0.255040910305603,0.590463229016424,0.6,0,0,0,0,0,0.00631349526582197,0.00630860274918059,0.25,0.220429523818082,0.75,0.689676228588887,0.0898942475930313,0.881718095272327,0.000719330822498905,0,0,0,0,1
276,29.7289002148321,0.855365916729177,0.255078442941364,0.590467355936232,0.6,0,0,0,0,0,0.00631298827682007,0.00630834194650214,0.25,0.220271019082916,0.75,0.689352878929149,0.0903761019879349,0.881084076331665,0.000719330822498905,0,0,0,0,1
277,29.7371877986283,0.855427746568524,0.255115929259065,0.590471493526292,0.6,0,0,0,0,0,0.00631250204015403,0.00630809964254434,0.25,0.220112628324094,0.75,0.689029761781151,0.090857609894755,0.880450513296375,0.000719330822498905,0,0,0,0,1
278,29.7454696460997,0.855489479163848,0.255153369338235,0.590475641733371,0.6,0,0,0,0,0,0.00631203636601331,0.00630787566742705,0.25,0.219954351459657,0.75,0.688706876977701,0.0913387715626416,0.87981740583863,0.000719330822498905,0,0,0,0,1
279,29.7537457615844,0.855551114728449,0.255190763258209,0.590479800504448,0.6,0,0,0,0,0,0.00631159106635098,0.00630766985269509,0.25,0.219796188407709,0.75,0.688384224351726,0.0918195872405654,0.879184753630835,0.000719330822498905,0,0,0,0,1
280,29.7620161494096,0.855612653475006,0.255228111098136,0.590483969786707,0.6,0,0,0,0,0,0.00631116595485061,0.00630748203129997,0.25,0.219638139086409,0.75,0.688061803736273,0.0923000571773182,0.878552556345634,0.000719330822498905,0,0,0,0,1
281,29.7702808138897,0.855674095615581,0.255265412936972,0.590488149527544,0.6,0,0,0,0,0,0.00631076084689107,0.00630731203758009,0.25,0.219480203413976,0.75,0.687739614964511,0.0927801816215128,0.877920813655904,0.000719330822498905,0,0,0,0,1
282,29.7785397593479,0.855735441361622,0.255302668853486,0.590492339674557,0.6,0,0,0,0,0,0.00631037555951771,0.00630715970723951,0.25,0.21932238130869,0.75,0.687417657869727,0.0932599608215832,0.877289525234759,0.000719330822498905,0,0,0,0,1
283,29.7867929900956,0.855796690923961,0.255339878926259,0.590496540175555,0.6,0,0,0,0,0,0.00631000991141331,0.00630702487733172,0.25,0.219164672688886,0.75,0.687095932285328,0.0937393950257851,0.876658690755546,0.000719330822498905,0,0,0,0,1
284,29.7950405104327,0.855857844512822,0.255377043233683,0.590500750978549,0.6,0,0,0,0,0,0.00630966372286687,0.0063069073862417,0.25,0.219007077472962,0.75,0.686774438044843,0.0942184844821953,0.876028309891848,0.000719330822498905,0,0,0,0,1
285,29.8032823246674,0.855918902337817,0.255414161853965,0.590504972031756,0.6,0,0,0,0,0,0.00630933681574833,0.0063068070736668,0.25,0.218849595579371,0.75,0.686453174981917,0.0946972294387123,0.875398382317484,0.000719330822498905,0,0,0,0,1
286,29.8115184370954,0.855979864607955,0.255451234865123,0.590509203283594,0.6,0,0,0,0,0,0.00630902901348297,0.00630672378060238,0.25,0.218692226926626,0.75,0.686132142930318,0.0951756301430562,0.874768907706505,0.000719330822498905,0,0,0,0,1
287,29.8197488520019,0.856040731531639,0.255488262344992,0.590513444682688,0.6,0,0,0,0,0,0.0063087401410233,0.00630665734932542,0.25,0.218534971433299,0.75,0.685811341723931,0.0956536868427696,0.874139885733198,0.000719330822498905,0,0,0,0,1
288,29.8279735736807,0.856101503316669,0.25552524437122,0.59051769617786,0.6,0,0,0,0,0,0.00630847002482714,0.00630660762337722,0.25,0.218377829018021,0.75,0.685490771196763,0.0961313997852163,0.873511316072084,0.000719330822498905,0,0,0,0,1
289,29.8361926064116,0.856162180170246,0.25556218102127,0.590521957718136,0.6,0,0,0,0,0,0.00630821849283446,0.00630657444755081,0.25,0.218220799599479,0.75,0.685170431182938,0.0966087692175828,0.872883198397917,0.000719330822498905,0,0,0,0,1
290,29.8444059544655,0.856222762298974,0.255599072372421,0.590526229252742,0.6,0,0,0,0,0,0.00630798537444242,0.00630655766787577,0.25,0.218063883096422,0.75,0.684850321516701,0.0970857953868774,0.872255532385688,0.000719330822498905,0,0,0,0,1
291,29.8526136221217,0.85628324990886,0.25563591850177,0.590530510731101,0.6,0,0,0,0,0,0.00630777050048588,0.00630655713160272,0.25,0.217907079427654,0.75,0.684530442032415,0.0975624785399313,0.871628317710617,0.000719330822498905,0,0,0,0,1
292,29.8608156136441,0.856343643205319,0.255672719486231,0.590534802102837,0.6,0,0,0,0,0,0.00630757370321667,0.00630657268719208,0.25,0.21775038851204,0.75,0.684210792564562,0.0980388189233978,0.871001554048161,0.000719330822498905,0,0,0,0,1
293,29.8690119332896,0.856403942393172,0.255709475402533,0.590539103317771,0.6,0,0,0,0,0,0.00630739481628108,0.00630660418430009,0.25,0.217593810268502,0.75,0.683891372947745,0.0985148167837528,0.870375241074009,0.000719330822498905,0,0,0,0,1
294,29.8772025853229,0.856464147676654,0.255746186327225,0.59054341432592,0.6,0,0,0,0,0,0.00630723367470269,0.00630665147376477,0.25,0.217437344616021,0.75,0.683572183016683,0.0989904723672954,0.869749378464085,0.000719330822498905,0,0,0,0,1
295,29.8853875739924,0.856524259259411,0.255782852336677,0.590547735077497,0.6,0,0,0,0,0,0.00630709011486359,0.00630671440759599,0.25,0.217280991473636,0.75,0.683253222606217,0.0994657859201473,0.869123965894543,0.000719330822498905,0,0,0,0,1
296,29.893566903541,0.856584277344504,0.255819473507073,0.59055206552291,0.6,0,0,0,0,0,0.00630696397448411,0.00630679283896239,0.25,0.217124750760443,0.75,0.682934491551304,0.0999407576882529,0.868499003041772,0.000719330822498905,0,0,0,0,1
297,29.901740578219,0.856644202134412,0.255856049914422,0.590556405612764,0.6,0,0,0,0,0,0.00630685509260762,0.00630688662217879,0.25,0.216968622395598,0.75,0.682615989687021,0.100415387917381,0.867874489582394,0.000719330822498905,0,0,0,0,1
298,29.909908602259,0.856704033831033,0.255892581634551,0.590560755297854,0.6,0,0,0,0,0,0.00630676330958348,0.00630699561269727,0.25,0.216812606298315,0.75,0.682297716848563,0.100889676853121,0.867250425193261,0.000719330822498905,0,0,0,0,1
299,29.9180709798904,0.856763772635685,0.255929068743109,0.590565114529169,0.6,0,0,0,0,0,0.00630668846704869,0.00630711966709496,0.25,0.216656702387865,0.75,0.681979672871245,0.10136362474089,0.866626809551461,0.000719330822498905,0,0,0,0,1
300,29.926227715349,0.856823418749112,0.255965511315565,0.59056948325789,0.6,0,0,0,0,0,0.00630663040791457,0.00630725864306263,0.25,0.216500910583578,0.75,0.681661857590499,0.101837231825924,0.866003642334311,0.000719330822498905,0,0,0,0,1
301,29.9343788128519,0.85688297237148,0.256001909427213,0.590573861435391,0.6,0,0,0,0,0,0.00630658897635093,0.00630741239939676,0.25,0.21634523080484,0.75,0.681344270841874,0.102310498353285,0.865380923219362,0.000719330822498905,0,0,0,0,1
302,29.942524276615,0.856942433702385,0.256038263153167,0.590578249013233,0.6,0,0,0,0,0,0.00630656401776974,0.00630758079598795,0.25,0.216189662971099,0.75,0.681026912461042,0.10278342456786,0.864758651884395,0.000719330822498905,0,0,0,0,1
303,29.9506641108596,0.857001802940852,0.256074572568366,0.590582645943168,0.6,0,0,0,0,0,0.00630655537881318,0.00630776369381069,0.25,0.216034207001856,0.75,0.680709782283787,0.103256010714357,0.864136828007426,0.000719330822498905,0,0,0,0,1
304,29.9587983197875,0.857061080285338,0.256110837747571,0.590587052177137,0.6,0,0,0,0,0,0.00630656290733916,0.00630796095491616,0.25,0.215878862816674,0.75,0.680392880146016,0.10372825703731,0.863515451266698,0.000719330822498905,0,0,0,0,1
305,29.9669269076014,0.857120265933732,0.25614705876537,0.590591467667271,0.6,0,0,0,0,0,0.00630658645240647,0.00630817244242122,0.25,0.215723630335172,0.75,0.680076205883752,0.104200163781076,0.862894521340689,0.000719330822498905,0,0,0,0,1
306,29.9750498785078,0.857179360083359,0.256183235696173,0.590595892365884,0.6,0,0,0,0,0,0.00630662586426432,0.00630839802049928,0.25,0.215568509477027,0.75,0.679759759333135,0.104671731189838,0.862274037908108,0.000719330822498905,0,0,0,0,1
307,29.9831672366936,0.857238362930984,0.256219368614218,0.590600326225479,0.6,0,0,0,0,0,0.00630668099433875,0.00630863755437361,0.25,0.215413500161973,0.75,0.679443540330425,0.105142959507602,0.861654000647892,0.000719330822498905,0,0,0,0,1
308,29.9912789863483,0.857297274672809,0.256255457593569,0.590604769198744,0.6,0,0,0,0,0,0.00630675169521935,0.00630889091030684,0.25,0.215258602309803,0.75,0.679127548711998,0.105613848978199,0.861034409239212,0.000719330822498905,0,0,0,0,1
309,29.9993851316637,0.857356095504478,0.256291502708113,0.590609221238553,0.6,0,0,0,0,0,0.00630683782064989,0.00630915795559291,0.25,0.215103815840367,0.75,0.678811784314349,0.106084399845284,0.860415263361468,0.000719330822498905,0,0,0,0,1
310,30.0074856768118,0.857414825621079,0.256327504031568,0.590613682297964,0.6,0,0,0,0,0,0.00630693922551566,0.00630943855855063,0.25,0.214949140673573,0.75,0.678496246974089,0.106554612352338,0.859796562694291,0.000719330822498905,0,0,0,0,1
311,30.0155806259694,0.857473465217147,0.256363461637478,0.590618152330215,0.6,0,0,0,0,0,0.0063070557658315,0.00630973258851383,0.25,0.214794576729386,0.75,0.678180936527948,0.107024486742666,0.859178306917544,0.000719330822498905,0,0,0,0,1
312,30.0236699833131,0.857532014486661,0.256399375599216,0.590622631288732,0.6,0,0,0,0,0,0.00630718729873337,0.00631003991582407,0.25,0.214640123927829,0.75,0.677865852812772,0.107494023259399,0.858560495711317,0.000719330822498905,0,0,0,0,1
313,30.0317537530006,0.857590473623055,0.256435245989982,0.590627119127119,0.6,0,0,0,0,0,0.00630733368246649,0.00631036041182446,0.25,0.214485782188983,0.75,0.677550995665526,0.107963222145491,0.857943128755933,0.000719330822498905,0,0,0,0,1
314,30.039831939196,0.857648842819208,0.256471072882807,0.590631615799162,0.6,0,0,0,0,0,0.00630749477637456,0.00631069394885037,0.25,0.214331551432986,0.75,0.677236364923291,0.108432083643724,0.857326205731942,0.000719330822498905,0,0,0,0,1
315,30.0479045460605,0.857707122267457,0.256506856350552,0.590636121258829,0.6,0,0,0,0,0,0.00630767044089213,0.00631104040022288,0.25,0.214177431580032,0.75,0.676921960423265,0.108900607996704,0.856709726320127,0.000719330822498905,0,0,0,0,1
316,30.055971577738,0.857765312159594,0.256542596465905,0.590640635460265,0.6,0,0,0,0,0,0.00630786053753339,0.0063113996402427,0.25,0.214023422550374,0.75,0.676607782002764,0.109368795446862,0.856093690201498,0.000719330822498905,0,0,0,0,1
317,30.0640330383797,0.857823412686865,0.256578293301389,0.590645158357796,0.6,0,0,0,0,0,0.00630806492888248,0.0063117715441814,0.25,0.213869524264324,0.75,0.67629382949922,0.109836646236456,0.855478097057294,0.000719330822498905,0,0,0,0,1
318,30.0720889321316,0.85788142403998,0.256613946929356,0.590649689905924,0.6,0,0,0,0,0,0.00630828347858654,0.00631215598827555,0.25,0.213715736642247,0.75,0.675980102750183,0.11030416060757,0.854862946568987,0.000719330822498905,0,0,0,0,1
319,30.0801392631239,0.857939346409105,0.256649557421989,0.590654230059331,0.6,0,0,0,0,0,0.00630851605134499,0.00631255284972064,0.25,0.213562059604568,0.75,0.675666601593319,0.110771338802112,0.854248238418273,0.000719330822498905,0,0,0,0,1
320,30.0881840354953,0.857997179983874,0.256685124851307,0.590658778772875,0.6,0,0,0,0,0,0.00630876251290095,0.00631296200666283,0.25,0.21340849307177,0.75,0.675353325866412,0.111238181061818,0.853633972287081,0.000719330822498905,0,0,0,0,1
321,30.096223253376,0.858054924953382,0.256720649289158,0.590663336001588,0.6,0,0,0,0,0,0.00630902273003467,0.00631338333819365,0.25,0.213255036964392,0.75,0.675040275407359,0.111704687628249,0.853020147857567,0.000719330822498905,0,0,0,0,1
322,30.1042569208832,0.858112581506193,0.256756130807226,0.590667901700679,0.6,0,0,0,0,0,0.00630929657055337,0.0063138167243439,0.25,0.213101691203029,0.75,0.674727450054178,0.112170858742793,0.852406764812115,0.000719330822498905,0,0,0,0,1
323,30.1122850421429,0.858170149830339,0.256791569477026,0.590672475825532,0.6,0,0,0,0,0,0.00630958390328361,0.00631426204607584,0.25,0.212948455708334,0.75,0.674414849645002,0.112636694646664,0.851793822833337,0.000719330822498905,0,0,0,0,1
324,30.1203076212697,0.858227630113322,0.256826965369911,0.590677058331703,0.6,0,0,0,0,0,0.00630988459806495,0.00631471918527848,0.25,0.212795330401019,0.75,0.674102474018079,0.113102195580902,0.851181321604077,0.000719330822498905,0,0,0,0,1
325,30.1283246623681,0.858285022542118,0.256862318557067,0.590681649174923,0.6,0,0,0,0,0,0.00631019852574041,0.00631518802476129,0.25,0.21264231520185,0.75,0.673790323011775,0.113567361786375,0.850569260807401,0.000719330822498905,0,0,0,0,1
326,30.1363361695513,0.858342327303176,0.256897629109514,0.590686248311094,0.6,0,0,0,0,0,0.00631052555814954,0.00631566844824695,0.25,0.212489410031652,0.75,0.673478396464571,0.114032193503777,0.849957640126609,0.000719330822498905,0,0,0,0,1
327,30.144342146918,0.85839954458242,0.256932897098111,0.59069085569629,0.6,0,0,0,0,0,0.00631086556812236,0.00631616034036702,0.25,0.212336614811306,0.75,0.673166694215065,0.114496690973629,0.849346459245225,0.000719330822498905,0,0,0,0,1
328,30.1523425985608,0.858456674565255,0.256968122593552,0.590695471286756,0.6,0,0,0,0,0,0.00631121842947024,0.00631666358665545,0.25,0.21218392946175,0.75,0.67285521610197,0.11496085443628,0.848735717847001,0.000719330822498905,0,0,0,0,1
329,30.1603375285797,0.858513717436564,0.257003305666367,0.590700095038908,0.6,0,0,0,0,0,0.00631158401697978,0.00631717807354198,0.25,0.212031353903979,0.75,0.672543961964117,0.115424684131904,0.848125415615916,0.000719330822498905,0,0,0,0,1
330,30.168326941058,0.858570673380711,0.257038446386925,0.590704726909331,0.6,0,0,0,0,0,0.00631196220640673,0.00631770368834799,0.25,0.211878888059045,0.75,0.672232931640452,0.115888180300504,0.84751555223618,0.000719330822498905,0,0,0,0,1
331,30.1763108400762,0.858627542581544,0.257073544825432,0.590709366854778,0.6,0,0,0,0,0,0.00631235287446743,0.0063182403192799,0.25,0.211726531848056,0.75,0.671922124970034,0.116351343181909,0.846906127392224,0.000719330822498905,0,0,0,0,1
332,30.1842892297209,0.858684325222397,0.257108601051933,0.590714014832172,0.6,0,0,0,0,0,0.0063127558988333,0.00631878785542312,0.25,0.211574285192178,0.75,0.671611541792043,0.116814173015779,0.846297140768712,0.000719330822498905,0,0,0,0,1
333,30.1922621140606,0.858741021486091,0.257143615136311,0.590718670798602,0.6,0,0,0,0,0,0.00631317115812473,0.00631934618673805,0.25,0.211422148012632,0.75,0.67130118194577,0.117276670041598,0.845688592050529,0.000719330822498905,0,0,0,0,1
334,30.200229497164,0.858797631554934,0.257178587148289,0.590723334711325,0.6,0,0,0,0,0,0.00631359853190305,0.00631991520405337,0.25,0.211270120230698,0.75,0.670991045270624,0.117738834498678,0.845080480922792,0.000719330822498905,0,0,0,0,1
335,30.2081913831038,0.858854155610727,0.257213517157429,0.590728006527763,0.6,0,0,0,0,0,0.00631403790066558,0.00632049479906052,0.25,0.21111820176771,0.75,0.670681131606129,0.118200666626161,0.844472807070841,0.000719330822498905,0,0,0,0,1
336,30.2161477759339,0.858910593834762,0.257248405233137,0.590732686205504,0.6,0,0,0,0,0,0.00631448914583932,0.00632108486430972,0.25,0.210966392545061,0.75,0.670371440791924,0.118662166663016,0.843865570180243,0.000719330822498905,0,0,0,0,1
337,30.2240986797117,0.858966946407825,0.257283251444654,0.590737373702301,0.6,0,0,0,0,0,0.00631495214977358,0.00632168529320326,0.25,0.210814692484198,0.75,0.670061972667763,0.119123334848039,0.84325876993679,0.000719330822498905,0,0,0,0,1
338,30.2320440984954,0.859023213510199,0.257318055861068,0.590742068976071,0.6,0,0,0,0,0,0.00631542679573537,0.00632229597999049,0.25,0.210663101506626,0.75,0.669752727073517,0.119584171419857,0.842652406026504,0.000719330822498905,0,0,0,0,1
339,30.239984036325,0.859079395321665,0.257352818551304,0.590746771984893,0.6,0,0,0,0,0,0.00631591296790302,0.00632291681976367,0.25,0.210511619533907,0.75,0.66944370384917,0.120044676616923,0.842046478135628,0.000719330822498905,0,0,0,0,1
340,30.2479184972468,0.859135492021501,0.257387539584133,0.590751482687013,0.6,0,0,0,0,0,0.00631641055135927,0.00632354770845138,0.25,0.210360246487658,0.75,0.669134902834822,0.120504850677519,0.841440985950632,0.000719330822498905,0,0,0,0,1
341,30.2558474853038,0.859191503788489,0.257422219028167,0.590756201040834,0.6,0,0,0,0,0,0.00631691943208706,0.00632418854281402,0.25,0.210208982289554,0.75,0.668826323870689,0.120964693839757,0.840835929158214,0.000719330822498905,0,0,0,0,1
342,30.2637710045229,0.859247430800913,0.257456856951862,0.590760927004923,0.6,0,0,0,0,0,0.00631743949696297,0.00632483922043931,0.25,0.210057826861324,0.75,0.6685179667971,0.121424206341576,0.840231307445294,0.000719330822498905,0,0,0,0,1
343,30.2716890589392,0.85930327323656,0.257491453423517,0.590765660538009,0.6,0,0,0,0,0,0.00631797063375088,0.00632549963973604,0.25,0.209906780124755,0.75,0.6682098314545,0.121883388420745,0.839627120499019,0.000719330822498905,0,0,0,0,1
344,30.2796016525803,0.859359031272725,0.257526008511275,0.590770401598977,0.6,0,0,0,0,0,0.0063185127310979,0.00632616969992981,0.25,0.20975584200169,0.75,0.667901917683448,0.122342240314862,0.83902336800676,0.000719330822498905,0,0,0,0,1
345,30.2875087894607,0.859414705086212,0.257560522283125,0.590775150146877,0.6,0,0,0,0,0,0.00631906567852778,0.00632684930105836,0.25,0.209605012414028,0.75,0.667594225324618,0.122800762261353,0.838420049656114,0.000719330822498905,0,0,0,0,1
346,30.2954104736039,0.859470294853333,0.257594994806901,0.590779906140914,0.6,0,0,0,0,0,0.00631962936643505,0.00632753834396552,0.25,0.209454291283725,0.75,0.667286754218799,0.123258954497475,0.837817165134901,0.000719330822498905,0,0,0,0,1
347,30.303306709022,0.859525800749912,0.257629426150281,0.590784669540451,0.6,0,0,0,0,0,0.00632020368608106,0.00632823673029729,0.25,0.209303678532791,0.75,0.666979504206895,0.123716817260314,0.837214714131166,0.000719330822498905,0,0,0,0,1
348,30.3111974997179,0.859581222951286,0.25766381638079,0.590789440305012,0.6,0,0,0,0,0,0.00632078852958728,0.00632894436249683,0.25,0.209153174083295,0.75,0.666672475129922,0.124174350786784,0.83661269633318,0.000719330822498905,0,0,0,0,1
349,30.3190828497032,0.859636561632308,0.257698165565799,0.590794218394274,0.6,0,0,0,0,0,0.00632138378993008,0.00632966114379873,0.25,0.209002777857359,0.75,0.666365666829012,0.124631555313629,0.836011111429435,0.000719330822498905,0,0,0,0,1
350,30.3269627629743,0.859691816967347,0.257732473772529,0.590799003768073,0.6,0,0,0,0,0,0.00632198936093655,0.00633038697822539,0.25,0.208852489777163,0.75,0.666059079145412,0.125088431077426,0.835409959108651,0.000719330822498905,0,0,0,0,1
351,30.3348372435233,0.859746989130289,0.257766741068044,0.590803796386399,0.6,0,0,0,0,0,0.00632260513727797,0.00633112177058157,0.25,0.208702309764942,0.75,0.665752711920481,0.125544978314577,0.834809239059768,0.000719330822498905,0,0,0,0,1
352,30.342706295349,0.859802078294541,0.257800967519259,0.590808596209399,0.6,0,0,0,0,0,0.00632323101446502,0.0063318654264492,0.25,0.208552237742988,0.75,0.665446564995695,0.126001197261317,0.834208950971951,0.000719330822498905,0,0,0,0,1
353,30.3505699224329,0.859857084633032,0.257835153192936,0.590813403197371,0.6,0,0,0,0,0,0.00632386688884343,0.00633261785218367,0.25,0.208402273633648,0.75,0.665140638212641,0.126457088153711,0.833609094534591,0.000719330822498905,0,0,0,0,1
354,30.3584281287566,0.859912008318213,0.257869298155686,0.590818217310771,0.6,0,0,0,0,0,0.00632451265758757,0.00633337895490832,0.25,0.208252417359324,0.75,0.664834931413022,0.126912651227654,0.833009669437298,0.000719330822498905,0,0,0,0,1
355,30.3662809183054,0.859966849522061,0.257903402473971,0.590823038510206,0.6,0,0,0,0,0,0.00632516821869612,0.00633414864250953,0.25,0.208102668842477,0.75,0.664529444438653,0.12736788671887,0.832410675369908,0.000719330822498905,0,0,0,0,1
356,30.3741282950466,0.860021608416078,0.257937466214099,0.590827866756434,0.6,0,0,0,0,0,0.00632583347098743,0.00633492682363302,0.25,0.20795302800562,0.75,0.664224177131465,0.127822794862916,0.83181211202248,0.000719330822498905,0,0,0,0,1
357,30.3819702629514,0.860076285171296,0.257971489442232,0.590832702010367,0.6,0,0,0,0,0,0.0063265083140934,0.00633571340767818,0.25,0.207803494771323,0.75,0.6639191293335,0.128277375895177,0.831213979085294,0.000719330822498905,0,0,0,0,1
358,30.389806825991,0.860130879958276,0.25800547222438,0.590837544233069,0.6,0,0,0,0,0,0.00632719264845538,0.00633650830479361,0.25,0.207654069062214,0.75,0.663614300886916,0.12873163005087,0.830616276248855,0.000719330822498905,0,0,0,0,1
359,30.3976379881193,0.860185392947108,0.258039414626406,0.590842393385752,0.6,0,0,0,0,0,0.00632788637531932,0.00633731142587321,0.25,0.207504750800972,0.75,0.663309691633984,0.129185557565044,0.83001900320389,0.000719330822498905,0,0,0,0,1
360,30.4054637532972,0.860239824307419,0.258073316714023,0.590847249429781,0.6,0,0,0,0,0,0.00632858939672995,0.00633812268255047,0.25,0.207355539910337,0.75,0.663005301417087,0.129639158672577,0.829422159641346,0.000719330822498905,0,0,0,0,1
361,30.4132841254809,0.860294174208368,0.258107178552798,0.590852112326668,0.6,0,0,0,0,0,0.00632930161552689,0.00633894198719447,0.25,0.207206436313099,0.75,0.662701130078722,0.130092433608179,0.828825745252397,0.000719330822498905,0,0,0,0,1
362,30.4210991086122,0.860348442818651,0.258141000208147,0.590856982038076,0.6,0,0,0,0,0,0.00633002293533954,0.00633976925290556,0.25,0.207057439932108,0.75,0.662397177461501,0.130545382606391,0.828229759728433,0.000719330822498905,0,0,0,0,1
363,30.4289087066415,0.860402630306501,0.258174781745343,0.590861858525814,0.6,0,0,0,0,0,0.00633075326058157,0.00634060439350994,0.25,0.206908550690268,0.75,0.662093443408146,0.130998005901586,0.827634202761072,0.000719330822498905,0,0,0,0,1
364,30.4367129235094,0.860456736839691,0.258208523229509,0.590866741751841,0.6,0,0,0,0,0,0.00633149249644723,0.00634144732355581,0.25,0.206759768510537,0.75,0.661789927761496,0.131450303727967,0.827039074042148,0.000719330822498905,0,0,0,0,1
365,30.4445117631466,0.860510762585535,0.258242224725622,0.590871631678261,0.6,0,0,0,0,0,0.00633224054890592,0.00634229795830877,0.25,0.206611093315931,0.75,0.661486630364498,0.131902276319571,0.826444373263722,0.000719330822498905,0,0,0,0,1
366,30.4523052294924,0.860564707710889,0.258275886298516,0.590876528267326,0.6,0,0,0,0,0,0.00633299732469712,0.0063431562137467,0.25,0.206462525029518,0.75,0.661183551060217,0.132353923910264,0.825850100118073,0.000719330822498905,0,0,0,0,1
367,30.4600933264719,0.860618572382153,0.258309508012877,0.590881431481434,0.6,0,0,0,0,0,0.00633376273132668,0.00634402200655597,0.25,0.206314063574426,0.75,0.660880689691828,0.132805246733746,0.825256254297702,0.000719330822498905,0,0,0,0,1
368,30.4678760580056,0.860672356765273,0.258343089933246,0.590886341283127,0.6,0,0,0,0,0,0.00633453667706124,0.00634489525412666,0.25,0.206165708873833,0.75,0.660578046102619,0.133256245023548,0.824662835495331,0.000719330822498905,0,0,0,0,1
369,30.4756534280207,0.860726061025742,0.25837663212402,0.590891257635093,0.6,0,0,0,0,0,0.00633531907092354,0.00634577587454766,0.25,0.206017460850976,0.75,0.660275620135991,0.133706919013033,0.824069843403904,0.000719330822498905,0,0,0,0,1
370,30.4834254404275,0.860779685328601,0.258410134649454,0.590896180500163,0.6,0,0,0,0,0,0.00633610982268864,0.00634666378660297,0.25,0.205869319429146,0.75,0.659973411635458,0.134157268935395,0.823477277716585,0.000719330822498905,0,0,0,0,1
371,30.4911920991366,0.860833229838443,0.258443597573655,0.590901109841313,0.6,0,0,0,0,0,0.00633690884287816,0.00634755890976668,0.25,0.20572128453169,0.75,0.659671420444647,0.134607295023664,0.822885138126758,0.000719330822498905,0,0,0,0,1
372,30.4989534080622,0.860886694719411,0.258477020960589,0.59090604562166,0.6,0,0,0,0,0,0.00633771604275618,0.00634846116419843,0.25,0.205573356082007,0.75,0.659369646407294,0.135056997510698,0.822293424328028,0.000719330822498905,0,0,0,0,1
373,30.5067093711007,0.860940080135203,0.258510404874082,0.590910987804466,0.6,0,0,0,0,0,0.00633853133432496,0.00634937047073962,0.25,0.205425534003555,0.75,0.659068089367253,0.135506376629191,0.821702136014222,0.000719330822498905,0,0,0,0,1
374,30.5144599921533,0.860993386249069,0.258543749377811,0.590915936353133,0.6,0,0,0,0,0,0.0063393546303195,0.00635028675090826,0.25,0.205277818219846,0.75,0.658766749168486,0.135955432611668,0.821111272879384,0.000719330822498905,0,0,0,0,1
375,30.5222052751198,0.861046613223818,0.258577054535318,0.590920891231204,0.6,0,0,0,0,0,0.00634018584420362,0.0063512099268948,0.25,0.205130208654445,0.75,0.658465625655068,0.136404165690487,0.82052083461778,0.000719330822498905,0,0,0,0,1
376,30.5299452238842,0.861099761221816,0.258610320409998,0.590925852402365,0.6,0,0,0,0,0,0.00634102489016539,0.0063521399215581,0.25,0.204982705230974,0.75,0.658164718671187,0.136852576097839,0.819930820923896,0.000719330822498905,0,0,0,0,1
377,30.5376798423379,0.861152830404989,0.258643547065108,0.590930819830439,0.6,0,0,0,0,0,0.00634187168311195,0.00635307665842037,0.25,0.204835307873109,0.75,0.657864028061143,0.137300664065748,0.819341231492437,0.000719330822498905,0,0,0,0,1
378,30.5454091343658,0.861205820934821,0.258676734563763,0.590935793479392,0.6,0,0,0,0,0,0.0063427261386657,0.00635402006166322,0.25,0.204688016504582,0.75,0.657563553669347,0.137748429826071,0.818752066018328,0.000719330822498905,0,0,0,0,1
379,30.5531331038405,0.861258732972363,0.258709882968939,0.590940773313325,0.6,0,0,0,0,0,0.00634358817315954,0.00635497005612337,0.25,0.204540831049178,0.75,0.657263295340323,0.138195873610499,0.818163324196712,0.000719330822498905,0,0,0,0,1
380,30.5608517546434,0.861311566678225,0.258742992343469,0.590945759296482,0.6,0,0,0,0,0,0.00634445770363191,0.00635592656728779,0.25,0.204393751430738,0.75,0.656963252918706,0.138642995650556,0.817575005722953,0.000719330822498905,0,0,0,0,1
381,30.5685650906438,0.861364322212585,0.258776062750049,0.590950751393242,0.6,0,0,0,0,0,0.00634533464782305,0.0063568895212899,0.25,0.204246777573158,0.75,0.656663426249243,0.139089796177599,0.816987110292633,0.000719330822498905,0,0,0,0,1
382,30.5762731157044,0.861416999735189,0.258809094251237,0.590955749568121,0.6,0,0,0,0,0,0.00634621892417009,0.006357858844905,0.25,0.204099909400388,0.75,0.656363815176793,0.139536275422819,0.816399637601554,0.000719330822498905,0,0,0,0,1
383,30.5839758336955,0.861469599405347,0.258842086909449,0.590960753785774,0.6,0,0,0,0,0,0.00634711045180228,0.00635883446554571,0.25,0.203953146836434,0.75,0.656064419546325,0.139982433617241,0.815812587345735,0.000719330822498905,0,0,0,0,1
384,30.5916732484712,0.861522121381942,0.258875040786965,0.590965764010991,0.6,0,0,0,0,0,0.00634800915053735,0.00635981631125815,0.25,0.203806489805354,0.75,0.655765239202922,0.140428270991724,0.815225959221416,0.000719330822498905,0,0,0,0,1
385,30.5993653638851,0.861574565823428,0.258907955945926,0.590970780208698,0.6,0,0,0,0,0,0.00634891494087635,0.00636080431071725,0.25,0.203659938231263,0.75,0.655466273991777,0.14087378777696,0.814639752925052,0.000719330822498905,0,0,0,0,1
386,30.6070521837949,0.86162693288783,0.258940832448337,0.590975802343956,0.6,0,0,0,0,0,0.00634982774399927,0.00636179839322244,0.25,0.20351349203833,0.75,0.655167523758193,0.141318984203477,0.81405396815332,0.000719330822498905,0,0,0,0,1
387,30.614733712041,0.861679222732748,0.258973670356064,0.590980830381961,0.6,0,0,0,0,0,0.00635074748176122,0.00636279848869376,0.25,0.203367151150778,0.75,0.654868988347588,0.141763860501634,0.813468604603113,0.000719330822498905,0,0,0,0,1
388,30.622409952468,0.861731435515358,0.259006469730838,0.590985864288042,0.6,0,0,0,0,0,0.00635167407668726,0.00636380452766712,0.25,0.203220915492885,0.75,0.654570667605486,0.142208416901629,0.812883661971541,0.000719330822498905,0,0,0,0,1
389,30.6300809089196,0.861783571392411,0.259039230634252,0.590990904027663,0.6,0,0,0,0,0,0.00635260745196837,0.00636481644129022,0.25,0.203074784988984,0.75,0.654272561377527,0.142652653633489,0.812299139955935,0.000719330822498905,0,0,0,0,1
390,30.637746585224,0.861835630520238,0.259071953127765,0.590995949566421,0.6,0,0,0,0,0,0.00635354753145725,0.00636583416131849,0.25,0.20292875956346,0.75,0.653974669509459,0.143096570927081,0.811715038253841,0.000719330822498905,0,0,0,0,1
391,30.6454069852167,0.86188761305475,0.2591046372727,0.591001000870045,0.6,0,0,0,0,0,0.00635449423966341,0.00636685762011052,0.25,0.202782839140756,0.75,0.653676991847141,0.143540169012103,0.811131356563022,0.000719330822498905,0,0,0,0,1
392,30.6530621127265,0.861939519151437,0.259137283130243,0.591006057904396,0.6,0,0,0,0,0,0.00635544750174926,0.00636788675062399,0.25,0.202637023645365,0.75,0.653379528236545,0.143983448118089,0.810548094581462,0.000719330822498905,0,0,0,0,1
393,30.6607119715708,0.861991348965373,0.259169890761448,0.591011120635465,0.6,0,0,0,0,0,0.00635640724352571,0.00636892148641158,0.25,0.202491313001839,0.75,0.653082278523752,0.144426408474408,0.809965252007357,0.000719330822498905,0,0,0,0,1
394,30.6683565655755,0.862043102651217,0.259202460227233,0.591016189029378,0.6,0,0,0,0,0,0.00635737339144743,0.00636996176161645,0.25,0.202345707134781,0.75,0.652785242554954,0.144869050310265,0.809382828539126,0.000719330822498905,0,0,0,0,1
395,30.6759958985539,0.862094780363212,0.259234991588383,0.591021263052387,0.6,0,0,0,0,0,0.00635834587260903,0.00637100751096836,0.25,0.20220020596885,0.75,0.652488420176453,0.145311373854697,0.808800823875399,0.000719330822498905,0,0,0,0,1
396,30.6836299743141,0.862146382255186,0.259267484905549,0.591026342670877,0.6,0,0,0,0,0,0.00635932461474052,0.00637205866977934,0.25,0.202054809428757,0.75,0.652191811234663,0.14575337933658,0.808219237715026,0.000719330822498905,0,0,0,0,1
397,30.691258796671,0.86219790848056,0.259299940239249,0.591031427851361,0.6,0,0,0,0,0,0.00636030954620272,0.00637311517393942,0.25,0.201909517439268,0.75,0.651895415576107,0.146195066984624,0.807638069757074,0.000719330822498905,0,0,0,0,1
398,30.6988823694232,0.862249359192339,0.259332357649867,0.591036518560481,0.6,0,0,0,0,0,0.00636130059598355,0.00637417695991275,0.25,0.201764329925206,0.75,0.65159923304742,0.146636437027374,0.807057319700823,0.000719330822498905,0,0,0,0,1
399,30.7065006963702,0.862300734543123,0.259364737197658,0.591041614765007,0.6,0,0,0,0,0,0.00636229769369327,0.00637524396473319,0.25,0.201619246811444,0.75,0.651303263495345,0.147077489693212,0.806476987245774,0.000719330822498905,0,0,0,0,1
400,30.7141137813144,0.862352034685101,0.259397078942741,0.591046716431838,0.6,0,0,0,0,0,0.00636330076956021,0.00637631612600024,0.25,0.20147426802291,0.75,0.651007506766737,0.147518225210353,0.80589707209164,0.000719330822498905,0,0,0,0,1
401,30.721721628041,0.862403259770059,0.259429382945106,0.591051823527999,0.6,0,0,0,0,0,0.00636430975442692,0.00637739338187505,0.25,0.201329393484588,0.75,0.65071196270856,0.147958643806852,0.805317573938353,0.000719330822498905,0,0,0,0,1
402,30.7293242403414,0.862454409949375,0.25946164926461,0.591056936020644,0.6,0,0,0,0,0,0.00636532457974541,0.00637847567107616,0.25,0.201184623121514,0.75,0.650416631167889,0.148398745710597,0.804738492486057,0.000719330822498905,0,0,0,0,1
403,30.7369216220035,0.862505485374025,0.259493877960982,0.59106205387705,0.6,0,0,0,0,0,0.00636634517757315,0.00637956293287541,0.25,0.201039956858779,0.75,0.650121511991909,0.148838531149312,0.804159827435116,0.000719330822498905,0,0,0,0,1
404,30.7445137768013,0.862556486194582,0.259526069093817,0.591067177064623,0.6,0,0,0,0,0,0.00636737148056893,0.00638065510709399,0.25,0.200895394621527,0.75,0.649826605027914,0.149278000350559,0.803581578486107,0.000719330822498905,0,0,0,0,1
405,30.7521007085175,0.862607412561219,0.259558222722583,0.591072305550893,0.6,0,0,0,0,0,0.00636840342198837,0.0063817521340982,0.25,0.200750936334955,0.75,0.649531910123309,0.149717153541736,0.803003745339821,0.000719330822498905,0,0,0,0,1
406,30.7596824209246,0.862658264623707,0.259590338906616,0.591077439303515,0.6,0,0,0,0,0,0.00636944093567992,0.00638285395479548,0.25,0.200606581924317,0.75,0.649237427125607,0.150155990950076,0.802426327697268,0.000719330822498905,0,0,0,0,1
407,30.7672589177872,0.86270904253142,0.259622417705123,0.591082578290268,0.6,0,0,0,0,0,0.00637048395608065,0.00638396051063043,0.25,0.200462331314918,0.75,0.648943155882432,0.15059451280265,0.80184932525967,0.000719330822498905,0,0,0,0,1
408,30.774830202878,0.862759746433337,0.259654459177184,0.591087722479056,0.6,0,0,0,0,0,0.00637153241821183,0.00638507174358058,0.25,0.200318184432116,0.75,0.648649096241517,0.151032719326367,0.801272737728465,0.000719330822498905,0,0,0,0,1
409,30.7823962799545,0.862810376478037,0.259686463381748,0.591092871837904,0.6,0,0,0,0,0,0.00637258625767512,0.00638618759615259,0.25,0.200174141201326,0.75,0.648355248050705,0.151470610747969,0.800696564805305,0.000719330822498905,0,0,0,0,1
410,30.789957152773,0.862860932813709,0.259718430377637,0.591098026334963,0.6,0,0,0,0,0,0.00637364541064814,0.0063873080113781,0.25,0.200030201548014,0.75,0.648061611157949,0.151908187294037,0.800120806192056,0.000719330822498905,0,0,0,0,1
411,30.7975128250943,0.862911415588146,0.259750360223545,0.591103185938504,0.6,0,0,0,0,0,0.00637470981388031,0.00638843293280978,0.25,0.1998863653977,0.75,0.647768185411308,0.152345449190991,0.799545461590801,0.000719330822498905,0,0,0,0,1
412,30.8050633006624,0.862961824948751,0.259782252978039,0.591108350616921,0.6,0,0,0,0,0,0.00637577940468892,0.00638956230451741,0.25,0.199742632675959,0.75,0.647474970658955,0.152782396665086,0.798970530703834,0.000719330822498905,0,0,0,0,1
413,30.8126085832258,0.863012161042535,0.259814108699557,0.59111352033873,0.6,0,0,0,0,0,0.0063768541209548,0.00639069607108381,0.25,0.199599003308416,0.75,0.64718196674917,0.153219029942414,0.798396013233666,0.000719330822498905,0,0,0,0,1
414,30.8201486765314,0.86306242401612,0.259845927446412,0.591118695072567,0.6,0,0,0,0,0,0.00637793390111824,0.00639183417760098,0.25,0.199455477220755,0.75,0.64688917353034,0.153655349248905,0.797821908883019,0.000719330822498905,0,0,0,0,1
415,30.8276835843118,0.863112614015742,0.259877709276791,0.591123874787188,0.6,0,0,0,0,0,0.00637901868417501,0.00639297656966616,0.25,0.199312054338708,0.75,0.646596590850964,0.154091354810328,0.797248217354832,0.000719330822498905,0,0,0,0,1
416,30.8352133103074,0.863162731187248,0.259909454248752,0.591129059451471,0.6,0,0,0,0,0,0.00638010840967213,0.0063941231933778,0.25,0.199168734588063,0.75,0.646304218559649,0.154527046852287,0.796674938352254,0.000719330822498905,0,0,0,0,1
417,30.8427378582499,0.863212775676101,0.259941162420232,0.591134249034411,0.6,0,0,0,0,0,0.00638120301770379,0.00639527399533184,0.25,0.199025517894663,0.75,0.646012056505112,0.154962425600226,0.79610207157865,0.000719330822498905,0,0,0,0,1
418,30.8502572318625,0.863262747627379,0.259972833849038,0.591139443505124,0.6,0,0,0,0,0,0.00638230244890747,0.00639642892261767,0.25,0.1988824041844,0.75,0.645720104536175,0.155397491279425,0.795529616737598,0.000719330822498905,0,0,0,0,1
419,30.8577714348763,0.86331264718578,0.260004468592856,0.591144642832844,0.6,0,0,0,0,0,0.0063834066444596,0.00639758792281432,0.25,0.198739393383222,0.75,0.645428362501773,0.155832244115004,0.794957573532889,0.000719330822498905,0,0,0,0,1
420,30.8652804710079,0.863362474495616,0.260036066709243,0.591149846986923,0.6,0,0,0,0,0,0.00638451554607179,0.00639875094398659,0.25,0.198596485417132,0.75,0.645136830250948,0.15626668433192,0.794385941668526,0.000719330822498905,0,0,0,0,1
421,30.8727843439725,0.863412229700822,0.260067628255637,0.591155055936831,0.6,0,0,0,0,0,0.00638562909598665,0.0063999179346812,0.25,0.198453680212182,0.75,0.64484550763285,0.156700812154968,0.793814720848726,0.000719330822498905,0,0,0,0,1
422,30.8802830574897,0.863461912944953,0.260099153289348,0.591160269652155,0.6,0,0,0,0,0,0.00638674723697378,0.00640108884392298,0.25,0.19831097769448,0.75,0.644554394496738,0.157134627808782,0.793243910777918,0.000719330822498905,0,0,0,0,1
423,30.8877766152627,0.863511524371186,0.260130641867563,0.591165488102598,0.6,0,0,0,0,0,0.00638786991232588,0.00640226362121104,0.25,0.198168377790186,0.75,0.64426349069198,0.157568131517834,0.792673511160745,0.000719330822498905,0,0,0,0,1
424,30.8952650209993,0.863561064122323,0.260162094047349,0.591170711257982,0.6,0,0,0,0,0,0.00638899706585465,0.00640344221651496,0.25,0.198025880425515,0.75,0.64397279606805,0.158001323506435,0.792103521702059,0.000719330822498905,0,0,0,0,1
425,30.9027482784054,0.863610532340788,0.260193509885646,0.591175939088241,0.6,0,0,0,0,0,0.0063901286418869,0.00640462458027109,0.25,0.197883485526732,0.75,0.643682310474534,0.158434203998734,0.791533942106928,0.000719330822498905,0,0,0,0,1
426,30.910226391173,0.863659929168633,0.260224889439273,0.591181171563427,0.6,0,0,0,0,0,0.00639126458526052,0.00640581066337867,0.25,0.197741193020158,0.75,0.643392033761122,0.158866773218721,0.790964772080631,0.000719330822498905,0,0,0,0,1
427,30.9176993630021,0.863709254747536,0.260256232764929,0.591186408653706,0.6,0,0,0,0,0,0.00639240484132062,0.00640700041719615,0.25,0.197599002832164,0.75,0.643101965777615,0.159299031390221,0.790396011328657,0.000719330822498905,0,0,0,0,1
428,30.9251671975835,0.863758509218805,0.260287539919188,0.591191650329359,0.6,0,0,0,0,0,0.00639354935591553,0.0064081937935375,0.25,0.197456914889177,0.75,0.642812106373922,0.159730978736901,0.789827659556709,0.000719330822498905,0,0,0,0,1
429,30.9326298986003,0.863807692723377,0.260318810958504,0.591196896560781,0.6,0,0,0,0,0,0.00639469807539295,0.00640939074466835,0.25,0.197314929117675,0.75,0.642522455400057,0.160162615482267,0.789259716470701,0.000719330822498905,0,0,0,0,1
430,30.9400874697432,0.863856805401818,0.26035004593921,0.59120214731848,0.6,0,0,0,0,0,0.00639585094659602,0.00641059122330251,0.25,0.197173045444189,0.75,0.642233012706146,0.160593941849664,0.788692181776758,0.000719330822498905,0,0,0,0,1
431,30.9475399146882,0.863905847394328,0.260381244917519,0.591207402573078,0.6,0,0,0,0,0,0.00639700791685944,0.00641179518259807,0.25,0.197031263795304,0.75,0.64194377814242,0.161024958062276,0.788125055181216,0.000719330822498905,0,0,0,0,1
432,30.954987237111,0.86395481884074,0.260412407949521,0.591212662295308,0.6,0,0,0,0,0,0.00639816893400558,0.00641300257615386,0.25,0.196889584097656,0.75,0.641654751559219,0.161455664343125,0.787558336390625,0.000719330822498905,0,0,0,0,1
433,30.9624294406906,0.864003719880521,0.260443535091189,0.591217926456018,0.6,0,0,0,0,0,0.00639933394634071,0.00641421335800585,0.25,0.196748006277935,0.75,0.641365932806988,0.161886060915077,0.786992025111741,0.000719330822498905,0,0,0,0,1
434,30.96986652909,0.864052550652774,0.260474626398374,0.591223195026165,0.6,0,0,0,0,0,0.00640050290265107,0.00641542748262335,0.25,0.196606530262884,0.75,0.641077321736283,0.162316148000833,0.786426121051536,0.000719330822498905,0,0,0,0,1
435,30.9772985059779,0.864101311296239,0.260505681926809,0.591228467976819,0.6,0,0,0,0,0,0.0064016757521991,0.00641664490490557,0.25,0.196465155979297,0.75,0.640788918197766,0.162745925822937,0.785860623917188,0.000719330822498905,0,0,0,0,1
436,30.9847253750194,0.864150001949293,0.260536701732107,0.591233745279161,0.6,0,0,0,0,0,0.00640285244471964,0.00641786558017797,0.25,0.196323883354023,0.75,0.640500722042206,0.163175394603771,0.78529553341609,0.000719330822498905,0,0,0,0,1
437,30.992147139867,0.864198622749953,0.260567685869762,0.591239026904481,0.6,0,0,0,0,0,0.0064040329304161,0.00641908946418859,0.25,0.196182712313961,0.75,0.64021273312048,0.163604554565559,0.784730849255843,0.000719330822498905,0,0,0,0,1
438,30.9995638041817,0.864247173835876,0.260598634395152,0.591244312824182,0.6,0,0,0,0,0,0.00640521715995676,0.00642031651310471,0.25,0.196041642786065,0.75,0.639924951283572,0.164033405930364,0.784166571144258,0.000719330822498905,0,0,0,0,1
439,31.0069753716134,0.864295655344362,0.260629547363533,0.591249603009774,0.6,0,0,0,0,0,0.00640640508447094,0.00642154668350907,0.25,0.195900674697339,0.75,0.639637376382572,0.164461948920088,0.783602698789358,0.000719330822498905,0,0,0,0,1
440,31.0143818458067,0.864344067412351,0.260660424830047,0.591254897432877,0.6,0,0,0,0,0,0.00640759665554527,0.00642277993239646,0.25,0.195759807974843,0.75,0.63935000826868,0.164890183756477,0.783039231899372,0.000719330822498905,0,0,0,0,1
441,31.0217832304128,0.864392410176429,0.260691266849716,0.59126019606522,0.6,0,0,0,0,0,0.00640879182522008,0.00642401621717035,0.25,0.195619042545686,0.75,0.6390628467932,0.165318110661114,0.782476170182744,0.000719330822498905,0,0,0,0,1
442,31.0291795290673,0.864440683772827,0.260722073477446,0.59126549887864,0.6,0,0,0,0,0,0.00640999054598551,0.0064252554956391,0.25,0.195478378337031,0.75,0.638775891807543,0.165745729855426,0.781913513348124,0.000719330822498905,0,0,0,0,1
443,31.0365707454081,0.864488888337421,0.260752844768028,0.591270805845083,0.6,0,0,0,0,0,0.00641119277077796,0.00642649772601276,0.25,0.195337815276093,0.75,0.63848914316323,0.166173041560676,0.781351261104373,0.000719330822498905,0,0,0,0,1
444,31.0439568830738,0.864537024005735,0.260783580776133,0.591276116936601,0.6,0,0,0,0,0,0.0064123984529764,0.00642774286689958,0.25,0.19519735329014,0.75,0.638202600711886,0.166600045997974,0.780789413160561,0.000719330822498905,0,0,0,0,1
445,31.0513379456883,0.864585090912941,0.260814281556318,0.591281432125354,0.6,0,0,0,0,0,0.00641360754639862,0.00642899087730238,0.25,0.195056992306492,0.75,0.637916264305243,0.167026743388265,0.780227969225967,0.000719330822498905,0,0,0,0,1
446,31.0587139368826,0.864633089193862,0.260844947163024,0.591286751383609,0.6,0,0,0,0,0,0.00641482000529773,0.00643024171661543,0.25,0.19491673225252,0.75,0.63763013379514,0.16745313395234,0.779666929010079,0.000719330822498905,0,0,0,0,1
447,31.0660848602807,0.86468101898297,0.260875577650577,0.591292074683738,0.6,0,0,0,0,0,0.00641603578435849,0.00643149534462092,0.25,0.194776573055648,0.75,0.637344209033523,0.167879217910829,0.779106292222594,0.000719330822498905,0,0,0,0,1
448,31.0734507194975,0.86472888041439,0.260906173073187,0.591297401998221,0.6,0,0,0,0,0,0.00641725483869361,0.00643275172148545,0.25,0.194636514643355,0.75,0.637058489872443,0.168304995484202,0.778546058573418,0.000719330822498905,0,0,0,0,1
449,31.0808115181558,0.8647766736219,0.260936733484949,0.591302733299642,0.6,0,0,0,0,0,0.00641847712384032,0.00643401080775704,0.25,0.194496556943167,0.75,0.63677297616406,0.168730466892774,0.777986227772666,0.000719330822498905,0,0,0,0,1
450,31.0881672598647,0.864824398738931,0.260967258939845,0.591308068560689,0.6,0,0,0,0,0,0.00641970259575676,0.0064352725643614,0.25,0.194356699882665,0.75,0.636487667760637,0.169155632356698,0.777426799530661,0.000719330822498905,0,0,0,0,1
451,31.0955179482321,0.864872055898571,0.260997749491742,0.591313407754158,0.6,0,0,0,0,0,0.00642093121081827,0.00643653695259881,0.25,0.194216943389483,0.75,0.636202564514546,0.169580492095971,0.776867773557933,0.000719330822498905,0,0,0,0,1
452,31.1028635868699,0.864919645233562,0.261028205194393,0.591318750852945,0.6,0,0,0,0,0,0.0064221629258142,0.00643780393414098,0.25,0.194077287391306,0.75,0.635917666278264,0.170005046330431,0.776309149565223,0.000719330822498905,0,0,0,0,1
453,31.1102041793741,0.864967166876307,0.261058626101437,0.591324097830053,0.6,0,0,0,0,0,0.00642339769794403,0.00643907347102736,0.25,0.193937731815869,0.75,0.635632972904373,0.170429295279758,0.775750927263476,0.000719330822498905,0,0,0,0,1
454,31.1175397293464,0.865014620958864,0.261089012266401,0.591329448658588,0.6,0,0,0,0,0,0.00642463548481408,0.00644034552566231,0.25,0.193798276590963,0.75,0.635348484245564,0.170853239163474,0.77519310636385,0.000719330822498905,0,0,0,0,1
455,31.1248702403849,0.865062007612953,0.261119363742698,0.591334803311758,0.6,0,0,0,0,0,0.00642587624443411,0.00644162006081167,0.25,0.193658921644427,0.75,0.63506420015463,0.171276878200943,0.774635686577706,0.000719330822498905,0,0,0,0,1
456,31.1321957160757,0.865109326969954,0.26114968058363,0.591340161762874,0.6,0,0,0,0,0,0.00642711993521356,0.00644289703959938,0.25,0.193519666904154,0.75,0.634780120484474,0.171700212611372,0.774078667616616,0.000719330822498905,0,0,0,0,1
457,31.1395161600133,0.865156579160908,0.261179962842385,0.591345523985349,0.6,0,0,0,0,0,0.00642836651595846,0.00644417642550477,0.25,0.193380512298089,0.75,0.634496245088102,0.17212324261381,0.773522049192356,0.000719330822498905,0,0,0,0,1
458,31.1468315757806,0.86520376431652,0.261210210572039,0.591350889952698,0.6,0,0,0,0,0,0.00642961594586781,0.00644545818235882,0.25,0.193241457754228,0.75,0.634212573818625,0.172545968427147,0.772965831016912,0.000719330822498905,0,0,0,0,1
459,31.1541419669567,0.86525088256716,0.261240423825559,0.591356259638539,0.6,0,0,0,0,0,0.00643086818453017,0.0064467422743413,0.25,0.193102503200619,0.75,0.633929106529263,0.172968390270118,0.772410012802477,0.000719330822498905,0,0,0,0,1
460,31.1614473371262,0.865297934042861,0.261270602655797,0.591361633016589,0.6,0,0,0,0,0,0.00643212319192045,0.0064480286659778,0.25,0.192963648565362,0.75,0.633645843073339,0.173390508361299,0.771854594261448,0.000719330822498905,0,0,0,0,1
461,31.1687476898583,0.865344918873324,0.261300747115496,0.591367010060665,0.6,0,0,0,0,0,0.00643338092839635,0.00644931732213609,0.25,0.192824893776608,0.75,0.633362783304281,0.17381232291911,0.771299575106434,0.000719330822498905,0,0,0,0,1
462,31.176043028726,0.865391837187915,0.261330857257289,0.591372390744688,0.6,0,0,0,0,0,0.00643464135469506,0.00645060820802355,0.25,0.192686238762561,0.75,0.633079927075625,0.174233834161814,0.770744955050245,0.000719330822498905,0,0,0,0,1
463,31.183333357301,0.865438689115671,0.261360933133696,0.591377775042674,0.6,0,0,0,0,0,0.00643590443193017,0.00645190128918394,0.25,0.192547683451475,0.75,0.63279727424101,0.174655042307515,0.770190733805902,0.000719330822498905,0,0,0,0,1
464,31.190618679142,0.865485474785297,0.261390974797131,0.591383162928743,0.6,0,0,0,0,0,0.00643717012158793,0.00645319653149401,0.25,0.192409227771657,0.75,0.632514824654181,0.175075947574162,0.769636911086629,0.000719330822498905,0,0,0,0,1
465,31.1978989978153,0.865532194325169,0.261420982299893,0.591388554377111,0.6,0,0,0,0,0,0.00643843838552435,0.00645449390116106,0.25,0.192270871651465,0.75,0.632232578168988,0.175496550179548,0.769083486605858,0.000719330822498905,0,0,0,0,1
466,31.2051743168779,0.865578847863333,0.261450955694176,0.591393949362095,0.6,0,0,0,0,0,0.00643970918596186,0.00645579336471943,0.25,0.192132615019307,0.75,0.631950534639386,0.175916850341307,0.768530460077228,0.000719330822498905,0,0,0,0,1
467,31.2124446398806,0.86562543552751,0.261480895032062,0.591399347858107,0.6,0,0,0,0,0,0.00644098248548578,0.00645709488902761,0.25,0.191994457803645,0.75,0.631668693919436,0.176336848276918,0.767977831214581,0.000719330822498905,0,0,0,0,1
468,31.2197099703812,0.865671957445093,0.261510800365526,0.591404749839662,0.6,0,0,0,0,0,0.00644225824704155,0.00645839844126564,0.25,0.191856399932992,0.75,0.631387055863304,0.176756544203704,0.767425599731968,0.000719330822498905,0,0,0,0,1
469,31.2269703119223,0.86571841374315,0.261540671746433,0.591410155281367,0.6,0,0,0,0,0,0.00644353643393117,0.00645970398893147,0.25,0.191718441335911,0.75,0.631105620325258,0.177175938338831,0.766873765343643,0.000719330822498905,0,0,0,0,1
470,31.2342256680491,0.865764804548424,0.261570509226541,0.591415564157931,0.6,0,0,0,0,0,0.00644481700981007,0.00646101149983862,0.25,0.191580581941017,0.75,0.630824387159675,0.177595030899309,0.766322327764068,0.000719330822498905,0,0,0,0,1
471,31.2414760423069,0.865811129987337,0.261600312857499,0.591420976444157,0.6,0,0,0,0,0,0.00644609993868424,0.00646232094211313,0.25,0.191442821676977,0.75,0.630543356221032,0.178013822101991,0.765771286707907,0.000719330822498905,0,0,0,0,1
472,31.2487214382273,0.865857390185986,0.261630082690847,0.591426392114945,0.6,0,0,0,0,0,0.00644738518490658,0.00646363228419028,0.25,0.191305160472508,0.75,0.630262527363916,0.178432312163576,0.765220641890032,0.000719330822498905,0,0,0,0,1
473,31.2559618593494,0.865903585270148,0.261659818778021,0.591431811145292,0.6,0,0,0,0,0,0.00644867271317413,0.00646494549481234,0.25,0.19116759825638,0.75,0.629981900443014,0.178850501300606,0.764670393025518,0.000719330822498905,0,0,0,0,1
474,31.2631973092039,0.865949715365281,0.261689521170348,0.59143723351029,0.6,0,0,0,0,0,0.00644996248852507,0.00646626054302525,0.25,0.191030134957412,0.75,0.629701475313121,0.179268389729467,0.764120539829648,0.000719330822498905,0,0,0,0,1
475,31.2704277913146,0.865995780596521,0.261719189919047,0.591442659185127,0.6,0,0,0,0,0,0.0064512544763351,0.00646757739817583,0.25,0.190892770504477,0.75,0.629421251829132,0.179685977666391,0.763571082017907,0.000719330822498905,0,0,0,0,1
476,31.2776533092123,0.86604178108869,0.261748825075233,0.591448088145084,0.6,0,0,0,0,0,0.00645254864231499,0.00646889602990939,0.25,0.190755504826496,0.75,0.629141229846052,0.180103265327452,0.763022019305984,0.000719330822498905,0,0,0,0,1
477,31.2848738664135,0.866087716966287,0.261778426689913,0.591453520365539,0.6,0,0,0,0,0,0.00645384495250718,0.00647021640816624,0.25,0.190618337852444,0.75,0.628861409218985,0.180520252928571,0.762473351409775,0.000719330822498905,0,0,0,0,1
478,31.2920894664362,0.866133588353501,0.261807994813988,0.591458955821964,0.6,0,0,0,0,0,0.00645514337328269,0.0064715385031795,0.25,0.190481269511344,0.75,0.628581789803143,0.180936940685513,0.761925078045378,0.000719330822498905,0,0,0,0,1
479,31.2993001127996,0.866179395374203,0.261837529498254,0.591464394489924,0.6,0,0,0,0,0,0.00645644387133855,0.00647286228547224,0.25,0.190344299732274,0.75,0.628302371453839,0.181353328813886,0.761377198929097,0.000719330822498905,0,0,0,0,1
480,31.3065058090086,0.866225138151948,0.261867030793403,0.591469836345077,0.6,0,0,0,0,0,0.00645774641369422,0.00647418772585431,0.25,0.19020742844436,0.75,0.628023154026494,0.181769417529146,0.760829713777439,0.000719330822498905,0,0,0,0,1
481,31.3137065585756,0.866270816809981,0.261896498750019,0.591475281363175,0.6,0,0,0,0,0,0.00645905096768904,0.00647551479542034,0.25,0.190070655576779,0.75,0.627744137376629,0.182185207046592,0.760282622307115,0.000719330822498905,0,0,0,0,1
482,31.3209023650052,0.866316431471234,0.261925933418583,0.591480729520064,0.6,0,0,0,0,0,0.00646035750097933,0.00647684346554651,0.25,0.18993398105876,0.75,0.62746532135987,0.18260069758137,0.75973592423504,0.000719330822498905,0,0,0,0,1
483,31.3280932317948,0.866361982258328,0.261955334849472,0.591486180791681,0.6,0,0,0,0,0,0.00646166598153497,0.00647817370788791,0.25,0.189797404819583,0.75,0.627186705831949,0.183015889348468,0.759189619278331,0.000719330822498905,0,0,0,0,1
484,31.3352791624487,0.866407469293572,0.261984703092957,0.591491635154056,0.6,0,0,0,0,0,0.0064629763776371,0.00647950549437639,0.25,0.189660926788578,0.75,0.626908290648699,0.183430782562723,0.758643707154311,0.000719330822498905,0,0,0,0,1
485,31.3424601604572,0.866452892698968,0.262014038199206,0.591497092583308,0.6,0,0,0,0,0,0.00646428865787495,0.00648083879721719,0.25,0.189524546895126,0.75,0.626630075666057,0.183845377438816,0.758098187580505,0.000719330822498905,0,0,0,0,1
486,31.3496362293122,0.866498252596209,0.262043340218284,0.591502553055652,0.6,0,0,0,0,0,0.00646560279114274,0.00648217358888687,0.25,0.18938826506866,0.75,0.626352060740066,0.184259674191274,0.75755306027464,0.000719330822498905,0,0,0,0,1
487,31.3568073725065,0.866543549106681,0.262072609200152,0.59150801654739,0.6,0,0,0,0,0,0.00646691874663746,0.00648350984213068,0.25,0.189252081238662,0.75,0.62607424572687,0.184673673034468,0.757008324954648,0.000719330822498905,0,0,0,0,1
488,31.3639735935191,0.866588782351463,0.262101845194667,0.591513483034918,0.6,0,0,0,0,0,0.0064682364938554,0.00648484752995956,0.25,0.189115995334666,0.75,0.625796630482718,0.185087374182617,0.756463981338662,0.000719330822498905,0,0,0,0,1
489,31.3711348958363,0.866633952451329,0.262131048251586,0.591518952494719,0.6,0,0,0,0,0,0.00646955600258961,0.0064861866256482,0.25,0.188980007286255,0.75,0.62551921486396,0.185500777849785,0.75592002914502,0.000719330822498905,0,0,0,0,1
490,31.3782912829365,0.86667905952675,0.26216021842056,0.591524424903369,0.6,0,0,0,0,0,0.00647087724292743,0.00648752710273207,0.25,0.188844117023065,0.75,0.625241998727052,0.185913884249883,0.755376468092259,0.000719330822498905,0,0,0,0,1
491,31.3854427582911,0.866724103697892,0.26218935575114,0.591529900237533,0.6,0,0,0,0,0,0.00647220018524701,0.00648886893500491,0.25,0.188708324474781,0.75,0.624964981928552,0.186326693596667,0.754833297899122,0.000719330822498905,0,0,0,0,1
492,31.3925893253789,0.866769085084618,0.262218460292775,0.591535378473963,0.6,0,0,0,0,0,0.00647352480021529,0.00649021209651676,0.25,0.188572629571138,0.75,0.624688164325122,0.18673920610374,0.754290518284553,0.000719330822498905,0,0,0,0,1
493,31.3997309876638,0.866814003806493,0.26224753209481,0.591540859589504,0.6,0,0,0,0,0,0.00647485105878494,0.00649155656157066,0.25,0.188437032241924,0.75,0.624411545773525,0.187151421984551,0.753748128967696,0.000719330822498905,0,0,0,0,1
494,31.4068677486122,0.866858859982776,0.262276571206492,0.591546343561085,0.6,0,0,0,0,0,0.00647617893219143,0.00649290230472091,0.25,0.188301532416975,0.75,0.624135126130629,0.187563341452395,0.753206129667901,0.000719330822498905,0,0,0,0,1
495,31.4139996116909,0.866903653732432,0.262305577676964,0.591551830365728,0.6,0,0,0,0,0,0.00647750839195102,0.00649424930077048,0.25,0.188166130026179,0.75,0.623858905253405,0.187974964720416,0.752664520104716,0.000719330822498905,0,0,0,0,1
496,31.4211265803532,0.866948385174124,0.262334551555271,0.591557319980539,0.6,0,0,0,0,0,0.00647883940985736,0.00649559752476809,0.25,0.188030824999473,0.75,0.623582882998925,0.188386292001601,0.752123299997893,0.000719330822498905,0,0,0,0,1
497,31.4282486580601,0.866993054426219,0.262363492890354,0.591562812382715,0.6,0,0,0,0,0,0.00648017195797924,0.00649694695200668,0.25,0.187895617266846,0.75,0.623307059224366,0.188797323508788,0.751582469067384,0.000719330822498905,0,0,0,0,1
498,31.4353658482636,0.867037661606785,0.262392401731055,0.591568307549538,0.6,0,0,0,0,0,0.00648150600865814,0.00649829755802035,0.25,0.187760506758336,0.75,0.623031433787006,0.189208059454658,0.751042027033344,0.000719330822498905,0,0,0,0,1
499,31.4424781544103,0.867082206833596,0.262421278126119,0.591573805458377,0.6,0,0,0,0,0,0.00648284153450504,0.00649964931858215,0.25,0.187625493404032,0.75,0.622756006544226,0.189618500051742,0.750501973616129,0.000719330822498905,0,0,0,0,1
500,31.449585579953,0.867126690224131,0.262450122124185,0.59157930608669,0.6,0,0,0,0,0,0.00648417850839844,0.00650100220970224,0.25,0.187490577134073,0.75,0.62248077735351,0.190028645512417,0.749962308536293,0.000719330822498905,0,0,0,0,1
501,31.4566881283299,0.867171111895574,0.262478933773799,0.591584809412018,0.6,0,0,0,0,0,0.00648551690348158,0.0065023562076247,0.25,0.187355757878649,0.75,0.622205746072444,0.190438496048907,0.749423031514596,0.000719330822498905,0,0,0,0,1
502,31.4637858029828,0.867215471964819,0.262507713123403,0.59159031541199,0.6,0,0,0,0,0,0.0064868566931596,0.00650371128882601,0.25,0.187221035567999,0.75,0.621930912558717,0.190848051873284,0.748884142271995,0.000719330822498905,0,0,0,0,1
503,31.4708786073521,0.867259770548462,0.262536460221343,0.591595824064321,0.6,0,0,0,0,0,0.00648819785109772,0.00650506743001258,0.25,0.187086410132412,0.75,0.621656276670121,0.191257313197467,0.748345640529649,0.000719330822498905,0,0,0,0,1
504,31.477966544866,0.867304007762814,0.262565175115864,0.59160133534681,0.6,0,0,0,0,0,0.00648954035121796,0.00650642460811799,0.25,0.186951881502229,0.75,0.621381838264548,0.191666280233223,0.747807526008917,0.000719330822498905,0,0,0,0,1
505,31.485049618961,0.867348183723892,0.262593857855114,0.591606849237343,0.6,0,0,0,0,0,0.00649088416769709,0.00650778280030168,0.25,0.18681744960784,0.75,0.621107597199993,0.192074953192167,0.747269798431359,0.000719330822498905,0,0,0,0,1
506,31.4921278330625,0.867392298547425,0.262622508487142,0.591612365713887,0.6,0,0,0,0,0,0.0064922292749644,0.0065091419839459,0.25,0.186683114379684,0.75,0.620833553334555,0.192483332285761,0.746732457518735,0.000719330822498905,0,0,0,0,1
507,31.499201190593,0.867436352348852,0.262651127059901,0.591617884754497,0.6,0,0,0,0,0,0.00649357564769847,0.00651050213665382,0.25,0.186548875748251,0.75,0.620559706526433,0.192891417725316,0.746195502993005,0.000719330822498905,0,0,0,0,1
508,31.5062696949798,0.867480345243326,0.262679713621243,0.591623406337311,0.6,0,0,0,0,0,0.00649492326082562,0.00651186323624774,0.25,0.186414733644082,0.75,0.620286056633928,0.19329920972199,0.745658934576329,0.000719330822498905,0,0,0,0,1
509,31.5133333496353,0.867524277345712,0.262708268218926,0.59162893044055,0.6,0,0,0,0,0,0.00649627208951706,0.00651322526076606,0.25,0.186280687997767,0.75,0.620012603515444,0.193706708486789,0.745122751991067,0.000719330822498905,0,0,0,0,1
510,31.5203921579775,0.867568148770591,0.262736790900609,0.591634457042518,0.6,0,0,0,0,0,0.00649762210918634,0.00651458818846203,0.25,0.186146738739944,0.75,0.619739347029487,0.194113914230569,0.744586954959777,0.000719330822498905,0,0,0,0,1
511,31.5274461234205,0.867611959632258,0.262765281713853,0.591639986121605,0.6,0,0,0,0,0,0.00649897329548764,0.0065159519978012,0.25,0.186012885801305,0.75,0.619466287034662,0.194520827164033,0.74405154320522,0.000719330822498905,0,0,0,0,1
512,31.5344952493681,0.867655710044722,0.262793740706126,0.591645517656281,0.6,0,0,0,0,0,0.00650032562431265,0.00651731666745906,0.25,0.185879129112588,0.75,0.61919342338968,0.194927447497732,0.743516516450353,0.000719330822498905,0,0,0,0,1
513,31.5415395392323,0.867699400121713,0.262822167924796,0.591651051625098,0.6,0,0,0,0,0,0.00650167907178874,0.00651868217631978,0.25,0.185745468604583,0.75,0.61892075595335,0.195333775442067,0.742981874418333,0.000719330822498905,0,0,0,0,1
514,31.5485789964124,0.867743029976675,0.262850563417136,0.591656588006693,0.6,0,0,0,0,0,0.00650303361427676,0.0065200485034732,0.25,0.185611904208129,0.75,0.618648284584584,0.195739811207287,0.742447616832517,0.000719330822498905,0,0,0,0,1
515,31.5556136243073,0.867786599722772,0.262878927230325,0.591662126779781,0.6,0,0,0,0,0,0.00650438922836808,0.00652141562821333,0.25,0.185478435854115,0.75,0.618376009142395,0.19614555500349,0.741913743416461,0.000719330822498905,0,0,0,0,1
516,31.5626434263187,0.867830109472888,0.262907259411445,0.591667667923163,0.6,0,0,0,0,0,0.00650574589088319,0.0065227835300365,0.25,0.18534506347348,0.75,0.618103929485898,0.196551007040622,0.741380253893918,0.000719330822498905,0,0,0,0,1
517,31.5696684058341,0.867873559339627,0.262935560007481,0.591673211415718,0.6,0,0,0,0,0,0.00650710357886893,0.00652415218863853,0.25,0.185211786997211,0.75,0.617832045474309,0.19695616752848,0.740847147988842,0.000719330822498905,0,0,0,0,1
518,31.5766885662481,0.867916949435314,0.262963829065326,0.591678757236407,0.6,0,0,0,0,0,0.00650846226959611,0.00652552158391376,0.25,0.185078606356346,0.75,0.617560356966946,0.197361036676708,0.740314425425384,0.000719330822498905,0,0,0,0,1
519,31.5837039109482,0.867960279871995,0.262992066631775,0.591684305364272,0.6,0,0,0,0,0,0.00650982194055813,0.00652689169595241,0.25,0.184945521481973,0.75,0.617288863823226,0.197765614694801,0.739782085927894,0.000719330822498905,0,0,0,0,1
520,31.5907144433149,0.868003550761441,0.263020272753532,0.591689855778433,0.6,0,0,0,0,0,0.0065111825694677,0.00652826250503862,0.25,0.18481253230523,0.75,0.617017565902669,0.198169901792102,0.739250129220919,0.000719330822498905,0,0,0,0,1
521,31.5977201667356,0.868046762215145,0.263048447477204,0.591695408458093,0.6,0,0,0,0,0,0.00651254413425546,0.00652963399164918,0.25,0.184679638757301,0.75,0.616746463064895,0.198573898177804,0.738718555029205,0.000719330822498905,0,0,0,0,1
522,31.6047210845838,0.868089914344327,0.263076590849304,0.591700963382533,0.6,0,0,0,0,0,0.00651390661306776,0.0065310061364506,0.25,0.184546840769424,0.75,0.616475555169626,0.19897760406095,0.738187363077698,0.000719330822498905,0,0,0,0,1
523,31.6117172002358,0.868133007259928,0.263104702916254,0.591706520531114,0.6,0,0,0,0,0,0.00651526998426386,0.00653237892029806,0.25,0.184414138272884,0.75,0.616204842076684,0.199381019650432,0.737656553091537,0.000719330822498905,0,0,0,0,1
524,31.6187085170672,0.868176041072621,0.263132783724378,0.591712079883276,0.6,0,0,0,0,0,0.00651663422641488,0.00653375232423332,0.25,0.184281531199016,0.75,0.615934323645992,0.199784145154992,0.737126124796063,0.000719330822498905,0,0,0,0,1
525,31.6256950384415,0.868219015892803,0.26316083331991,0.591717641418538,0.6,0,0,0,0,0,0.00651799931830081,0.00653512632948227,0.25,0.184149019479203,0.75,0.615663999737574,0.200186980783223,0.736596077916812,0.000719330822498905,0,0,0,0,1
526,31.6326767677301,0.868261931830598,0.26318885174899,0.591723205116497,0.6,0,0,0,0,0,0.00651936523890872,0.00653650091745418,0.25,0.18401660304488,0.75,0.615393870211555,0.200589526743565,0.736066412179519,0.000719330822498905,0,0,0,0,1
527,31.6396537082941,0.86830478899586,0.263216839057665,0.591728770956828,0.6,0,0,0,0,0,0.00652073196743116,0.00653787606973881,0.25,0.183884281827529,0.75,0.615123934928159,0.200991783244312,0.735537127310115,0.000719330822498905,0,0,0,0,1
528,31.6466258634915,0.868347587498175,0.263244795291889,0.591734338919284,0.6,0,0,0,0,0,0.00652209948326321,0.00653925176810508,0.25,0.183752055758682,0.75,0.614854193747712,0.201393750493606,0.735008223034729,0.000719330822498905,0,0,0,0,1
529,31.6535932366849,0.868390327446857,0.263272720497525,0.591739908983697,0.6,0,0,0,0,0,0.00652346776600132,0.00654062799449967,0.25,0.183619924769921,0.75,0.614584646530639,0.201795428699439,0.734479699079685,0.000719330822498905,0,0,0,0,1
530,31.6605558312227,0.86843300895095,0.263300614720342,0.591745481129975,0.6,0,0,0,0,0,0.00652483679544099,0.00654200473104413,0.25,0.183487888792877,0.75,0.614315293137468,0.202196818069655,0.733951555171507,0.000719330822498905,0,0,0,0,1
531,31.667513650459,0.868475632119233,0.263328478006019,0.591751055338103,0.6,0,0,0,0,0,0.00652620655157438,0.00654338196003435,0.25,0.183355947759228,0.75,0.614046133428825,0.202597918811947,0.733423791036912,0.000719330822498905,0,0,0,0,1
532,31.6744666977431,0.868518197060218,0.263356310400143,0.591756631588143,0.6,0,0,0,0,0,0.00652757701458926,0.00654475966393814,0.25,0.183224101600704,0.75,0.613777167265437,0.202998731133859,0.732896406402818,0.000719330822498905,0,0,0,0,1
533,31.6814149764156,0.868560703882149,0.263384111948208,0.591762209860233,0.6,0,0,0,0,0,0.00652894816486618,0.00654613782539329,0.25,0.183092350249083,0.75,0.61350839450813,0.203399255242786,0.732369400996334,0.000719330822498905,0,0,0,0,1
534,31.6883584898246,0.868603152693005,0.263411882695619,0.591767790134588,0.6,0,0,0,0,0,0.0065303199829769,0.00654751642720685,0.25,0.182960693636192,0.75,0.613239815017832,0.203799491345975,0.731842774544769,0.000719330822498905,0,0,0,0,1
535,31.695297241305,0.868645543600501,0.26343962268769,0.591773372391499,0.6,0,0,0,0,0,0.00653169244968288,0.00654889545235214,0.25,0.182829131693907,0.75,0.61297142865557,0.204199439650523,0.731316526775628,0.000719330822498905,0,0,0,0,1
536,31.7022312341933,0.868687876712089,0.263467331969641,0.591778956611331,0.6,0,0,0,0,0,0.00653306554593238,0.00655027488396803,0.25,0.182697664354153,0.75,0.612703235282471,0.204599100363376,0.73079065741661,0.000719330822498905,0,0,0,0,1
537,31.7091604718266,0.868730152134956,0.263495010586606,0.591784542774527,0.6,0,0,0,0,0,0.00653443925285974,0.00655165470535716,0.25,0.182566291548903,0.75,0.612435234759762,0.204998473691335,0.730265166195611,0.000719330822498905,0,0,0,0,1
538,31.7160849575294,0.868772369976029,0.263522658583626,0.591790130861602,0.6,0,0,0,0,0,0.00653581355178278,0.00655303489998355,0.25,0.182435013210181,0.75,0.612167426948769,0.205397559841051,0.729740052840723,0.000719330822498905,0,0,0,0,1
539,31.7230046946339,0.868814530341973,0.263550276005654,0.591795720853148,0.6,0,0,0,0,0,0.00653718842420095,0.00655441545147217,0.25,0.182303829270058,0.75,0.611899811710918,0.205796359019023,0.729215317080232,0.000719330822498905,0,0,0,0,1
540,31.7299196864627,0.868856633339191,0.263577862897552,0.591801312729829,0.6,0,0,0,0,0,0.00653856385179425,0.00655579634360625,0.25,0.182172739660655,0.75,0.611632388907737,0.206194871431608,0.728690958642622,0.000719330822498905,0,0,0,0,1
541,31.736829936335,0.868898679073828,0.263605419304092,0.591806906472387,0.6,0,0,0,0,0,0.00653993981642035,0.00655717756032613,0.25,0.182041744314142,0.75,0.61136515840085,0.206593097285008,0.728166977256568,0.000719330822498905,0,0,0,0,1
542,31.7437354475746,0.86894066765177,0.263632945269959,0.591812502061634,0.6,0,0,0,0,0,0.00654131630011365,0.00655855908572814,0.25,0.181910843162736,0.75,0.611098120051982,0.206991036785282,0.727643372650945,0.000719330822498905,0,0,0,0,1
543,31.7506362234915,0.868982599178644,0.263660440839747,0.591818099478459,0.6,0,0,0,0,0,0.00654269328508336,0.00655994090406187,0.25,0.181780036138705,0.75,0.610831273722958,0.207388690138337,0.72712014455482,0.000719330822498905,0,0,0,0,1
544,31.7575322674011,0.869024473759821,0.263687906057961,0.591823698703821,0.6,0,0,0,0,0,0.00654407075371111,0.00656132299972988,0.25,0.181649323174364,0.75,0.610564619275702,0.207786057549934,0.726597292697456,0.000719330822498905,0,0,0,0,1
545,31.7644235826143,0.869066291500412,0.263715340969019,0.591829299718754,0.6,0,0,0,0,0,0.00654544868855029,0.00656270535728546,0.25,0.181518704202077,0.75,0.610298156572237,0.208183139225685,0.726074816808309,0.000719330822498905,0,0,0,0,1
546,31.7713101724333,0.869108052505278,0.26374274561725,0.591834902504365,0.6,0,0,0,0,0,0.00654682707232339,0.00656408796143095,0.25,0.181388179154258,0.75,0.610031885474686,0.208579935371056,0.725552716617031,0.000719330822498905,0,0,0,0,1
547,31.7781920401677,0.869149756879019,0.263770120046896,0.591840507041833,0.6,0,0,0,0,0,0.00654820588792061,0.00656547079701715,0.25,0.181257747963367,0.75,0.609765805845269,0.208976446191364,0.725030991853469,0.000719330822498905,0,0,0,0,1
548,31.7850691891143,0.869191404725984,0.263797464302108,0.591846113312408,0.6,0,0,0,0,0,0.00654958511839872,0.00656685384904064,0.25,0.181127410561916,0.75,0.609499917546308,0.209372671891777,0.724509642247662,0.000719330822498905,0,0,0,0,1
549,31.7919416225716,0.869232996150269,0.263824778426953,0.591851721297416,0.6,0,0,0,0,0,0.00655096474697821,0.0065682371026432,0.25,0.180997166882462,0.75,0.609234220440222,0.209768612677317,0.723988667529846,0.000719330822498905,0,0,0,0,1
550,31.798809343838,0.869274531255715,0.263852062465408,0.59185733097825,0.6,0,0,0,0,0,0.00655234475704285,0.00656962054311022,0.25,0.180867016857612,0.75,0.608968714389529,0.210164268752859,0.723468067430449,0.000719330822498905,0,0,0,0,1
551,31.8056723562004,0.869316010145913,0.263879316461365,0.591862942336376,0.6,0,0,0,0,0,0.0065537251321374,0.00657100415586852,0.25,0.180736960420023,0.75,0.608703399256848,0.210559640323129,0.722947841680093,0.000719330822498905,0,0,0,0,1
552,31.8125306629529,0.869357432924202,0.263906540458627,0.591868555353333,0.6,0,0,0,0,0,0.00655510585596584,0.0065723879264862,0.25,0.180606997502399,0.75,0.608438274904893,0.210954727592708,0.722427990009595,0.000719330822498905,0,0,0,0,1
553,31.8193842673799,0.869398799693671,0.263933734500913,0.591874170010729,0.6,0,0,0,0,0,0.00655648691239061,0.00657377184067005,0.25,0.180477128037491,0.75,0.608173341196481,0.211349530766028,0.721908512149962,0.000719330822498905,0,0,0,0,1
554,31.8262331727632,0.869440110557158,0.263960898631851,0.591879786290243,0.6,0,0,0,0,0,0.00655786828542989,0.00657515588426464,0.25,0.1803473519581,0.75,0.607908597994524,0.211744050047376,0.7213894078324,0.000719330822498905,0,0,0,0,1
555,31.8330773823883,0.869481365617254,0.263988032894988,0.591885404173625,0.6,0,0,0,0,0,0.00655924995925686,0.00657654004325141,0.25,0.180217669197076,0.75,0.607644045162035,0.212138285640889,0.720870676788304,0.000719330822498905,0,0,0,0,1
556,31.8399168995275,0.869522564976301,0.264015137333782,0.591891023642694,0.6,0,0,0,0,0,0.0065606319181981,0.00657792430374607,0.25,0.180088079687316,0.75,0.607379682562124,0.21253223775056,0.720352318749263,0.000719330822498905,0,0,0,0,1
557,31.8467517274592,0.869563708736394,0.264042211991605,0.59189664467934,0.6,0,0,0,0,0,0.00656201414673126,0.00657930865199862,0.25,0.179958583361765,0.75,0.607115510058001,0.212925906580234,0.71983433344706,0.000719330822498905,0,0,0,0,1
558,31.8535818694556,0.86960479699938,0.264069256911745,0.591902267265522,0.6,0,0,0,0,0,0.00656339662948474,0.00658069307439115,0.25,0.179829180153418,0.75,0.606851527512972,0.21331929233361,0.719316720613671,0.000719330822498905,0,0,0,0,1
559,31.8604073287821,0.869645829866862,0.264096272137403,0.591907891383268,0.6,0,0,0,0,0,0.00656477935123514,0.00658207755743652,0.25,0.179699869995316,0.75,0.606587734790444,0.21371239521424,0.718799479981263,0.000719330822498905,0,0,0,0,1
560,31.867228108711,0.869686807440197,0.264123257711696,0.591913517014676,0.6,0,0,0,0,0,0.00656616229690617,0.00658346208777788,0.25,0.179570652820549,0.75,0.60632413175392,0.214105215425531,0.718282611282197,0.000719330822498905,0,0,0,0,1
561,31.8740442125005,0.869727729820497,0.264150213677656,0.591919144141913,0.6,0,0,0,0,0,0.00656754545156762,0.00658484665218603,0.25,0.179441528562256,0.75,0.606060718267003,0.214497753170741,0.717766114249025,0.000719330822498905,0,0,0,0,1
562,31.8808556434134,0.869768597108631,0.26417714007823,0.591924772747212,0.6,0,0,0,0,0,0.00656892880043277,0.00658623123755939,0.25,0.179312497153624,0.75,0.605797494193392,0.214890008652984,0.717249988614495,0.000719330822498905,0,0,0,0,1
563,31.8876624047093,0.869809409405225,0.26420403695628,0.591930402812878,0.6,0,0,0,0,0,0.00657031232885819,0.00658761583092217,0.25,0.179183558527885,0.75,0.605534459396886,0.215281982075228,0.716734234111542,0.000719330822498905,0,0,0,0,1
564,31.8944644996384,0.869850166810664,0.264230904354584,0.591936034321282,0.6,0,0,0,0,0,0.00657169602234158,0.00658900041942271,0.25,0.179054712618324,0.75,0.605271613741381,0.215673673640295,0.716218850473296,0.000719330822498905,0,0,0,0,1
565,31.9012619314585,0.869890869425088,0.264257742315837,0.591941667254863,0.6,0,0,0,0,0,0.00657307986652019,0.0065903849903334,0.25,0.17892595935827,0.75,0.605008957090871,0.216065083550859,0.71570383743308,0.000719330822498905,0,0,0,0,1
566,31.9080547034151,0.8699315173484,0.26428455088265,0.591947301596126,0.6,0,0,0,0,0,0.00657446384717039,0.00659176953104805,0.25,0.178797298681102,0.75,0.604746489309448,0.216456212009451,0.715189194724407,0.000719330822498905,0,0,0,0,1
567,31.9148428187548,0.86997211068026,0.264311330097548,0.591952937327648,0.6,0,0,0,0,0,0.00657584795020494,0.00659315402908167,0.25,0.178668730520245,0.75,0.6044842102613,0.216847059218455,0.71467492208098,0.000719330822498905,0,0,0,0,1
568,31.9216262807249,0.870012649520093,0.264338080002975,0.591958574432067,0.6,0,0,0,0,0,0.00657723216167268,0.00659453847206916,0.25,0.178540254809174,0.75,0.604222119810716,0.21723762538011,0.714161019236698,0.000719330822498905,0,0,0,0,1
569,31.9284050925608,0.87005313396708,0.264364800641292,0.591964212892092,0.6,0,0,0,0,0,0.00657861646775689,0.00659592284776326,0.25,0.178411871481412,0.75,0.60396021782208,0.217627910696509,0.713647485925647,0.000719330822498905,0,0,0,0,1
570,31.9351792575053,0.870093564120167,0.264391492054776,0.591969852690498,0.6,0,0,0,0,0,0.00658000085477332,0.00659730714403477,0.25,0.178283580470526,0.75,0.603698504159874,0.2180179153696,0.713134321882106,0.000719330822498905,0,0,0,0,1
571,31.9419487787918,0.870133940078064,0.264418154285621,0.591975493810124,0.6,0,0,0,0,0,0.00658138530917008,0.00659869134887011,0.25,0.178155381710136,0.75,0.603436978688678,0.218407639601186,0.712621526840545,0.000719330822498905,0,0,0,0,1
572,31.9487136596509,0.870174261939242,0.264444787375939,0.591981136233878,0.6,0,0,0,0,0,0.00658276981752506,0.00660007545037074,0.25,0.178027275133906,0.75,0.603175641273169,0.218797083592924,0.712109100535626,0.000719330822498905,0,0,0,0,1
573,31.9554739033171,0.870214529801937,0.26447139136776,0.591986779944732,0.6,0,0,0,0,0,0.00658415436654533,0.00660145943675242,0.25,0.17789926067555,0.75,0.602914491778122,0.219186247546328,0.7115970427022,0.000719330822498905,0,0,0,0,1
574,31.9622295130118,0.870254743764152,0.264497966303031,0.591992424925723,0.6,0,0,0,0,0,0.00658553894306606,0.00660284329634286,0.25,0.177771338268827,0.75,0.602653530068407,0.219575131662765,0.711085353075309,0.000719330822498905,0,0,0,0,1
575,31.9689804919627,0.870294903923652,0.264524512223617,0.591998071159957,0.6,0,0,0,0,0,0.0065869235340482,0.00660422701758208,0.25,0.177643507847547,0.75,0.602392756008995,0.219963736143458,0.710574031390186,0.000719330822498905,0,0,0,0,1
576,31.9757268433909,0.870335010377971,0.264551029171304,0.592003718630599,0.6,0,0,0,0,0,0.00658830812657856,0.00660561058902024,0.25,0.177515769345564,0.75,0.60213216946495,0.220352061189486,0.710063077382256,0.000719330822498905,0,0,0,0,1
577,31.9824685705117,0.87037506322441,0.264577517187792,0.592009367320885,0.6,0,0,0,0,0,0.00658969270786759,0.00660699399931676,0.25,0.177388122696783,0.75,0.601871770301436,0.220740107001781,0.70955249078713,0.000719330822498905,0,0,0,0,1
578,31.9892056765463,0.870415062560037,0.264603976314703,0.592015017214111,0.6,0,0,0,0,0,0.00659107726524826,0.00660837723723998,0.25,0.177260567835153,0.75,0.601611558383713,0.221127873781133,0.709042271340614,0.000719330822498905,0,0,0,0,1
579,31.9959381647026,0.870455008481688,0.264630406593577,0.59202066829364,0.6,0,0,0,0,0,0.00659246178617567,0.0066097602916647,0.25,0.177133104694675,0.75,0.601351533577137,0.221515361728188,0.7085324187787,0.000719330822498905,0,0,0,0,1
580,32.0026660381933,0.87049490108597,0.264656808065874,0.592026320542899,0.6,0,0,0,0,0,0.00659384625822438,0.0066111431515725,0.25,0.177005733209393,0.75,0.601091695747162,0.221902571043445,0.708022932837572,0.000719330822498905,0,0,0,0,1
581,32.009389300227,0.870534740469257,0.264683180772971,0.592031973945377,0.6,0,0,0,0,0,0.00659523066908865,0.00661252580605002,0.25,0.176878453313401,0.75,0.600832044759338,0.222289501927261,0.707513813253604,0.000719330822498905,0,0,0,0,1
582,32.0161079540044,0.870574526727697,0.264709524756167,0.592037628484629,0.6,0,0,0,0,0,0.00659661500658047,0.00661390824428758,0.25,0.176751264940839,0.75,0.600572580479312,0.222676154579848,0.707005059763357,0.000719330822498905,0,0,0,0,1
583,32.0228220027329,0.870614259957206,0.264735840056679,0.59204328414427,0.6,0,0,0,0,0,0.00659799925862821,0.00661529045557936,0.25,0.176624168025896,0.75,0.600313302772828,0.223062529201275,0.706496672103585,0.000719330822498905,0,0,0,0,1
584,32.0295314496074,0.870653940253474,0.264762126715646,0.592048940907983,0.6,0,0,0,0,0,0.00659938341327648,0.00661667242932087,0.25,0.176497162502807,0.75,0.600054211505727,0.223448625991466,0.705988650011229,0.000719330822498905,0,0,0,0,1
585,32.0362362978255,0.870693567711963,0.264788384774125,0.59205459875951,0.6,0,0,0,0,0,0.00660076745868361,0.00661805415500909,0.25,0.176370248305855,0.75,0.599795306543943,0.223834445150202,0.705480993223419,0.000719330822498905,0,0,0,0,1
586,32.0429365505836,0.870733142427907,0.264814614273094,0.592060257682657,0.6,0,0,0,0,0,0.00660215138312158,0.00661943562224124,0.25,0.176243425369369,0.75,0.599536587753512,0.224219986877119,0.704973701477475,0.000719330822498905,0,0,0,0,1
587,32.0496322110678,0.870772664496316,0.264840815253453,0.592065917661293,0.6,0,0,0,0,0,0.00660353517497465,0.00662081682071305,0.25,0.176116693627726,0.75,0.599278055000562,0.224605251371712,0.704466774510905,0.000719330822498905,0,0,0,0,1
588,32.0563232824717,0.870812134011972,0.26486698775602,0.592071578679349,0.6,0,0,0,0,0,0.00660491882273755,0.00662219774021921,0.25,0.175990053015352,0.75,0.599019708151318,0.22499023883333,0.703960212061408,0.000719330822498905,0,0,0,0,1
589,32.0630097679774,0.870851551069436,0.264893131821537,0.592077240720817,0.6,0,0,0,0,0,0.00660630231501575,0.00662357837065091,0.25,0.175863503466717,0.75,0.598761547072103,0.22537494946118,0.703454013866868,0.000719330822498905,0,0,0,0,1
590,32.0696916707679,0.870890915763042,0.264919247490665,0.592082903769751,0.6,0,0,0,0,0,0.0066076856405229,0.00662495870199586,0.25,0.17573704491634,0.75,0.598503571629334,0.225759383454326,0.70294817966536,0.000719330822498905,0,0,0,0,1
591,32.0763689940268,0.8709302281869,0.264945334803987,0.592088567810269,0.6,0,0,0,0,0,0.00660906878808069,0.00662633872433735,0.25,0.175610677298787,0.75,0.598245781689525,0.226143541011688,0.702442709195148,0.000719330822498905,0,0,0,0,1
592,32.0830417409263,0.8709694884349,0.264971393802008,0.592094232826547,0.6,0,0,0,0,0,0.00661045174661784,0.00662771842785235,0.25,0.17548440054867,0.75,0.597988177119288,0.226527422332042,0.701937602194681,0.000719330822498905,0,0,0,0,1
593,32.089709914646,0.871008696600709,0.264997424525154,0.592099898802824,0.6,0,0,0,0,0,0.00661183450516802,0.00662909780281215,0.25,0.17535821460065,0.75,0.597730757785326,0.226911027614024,0.7014328584026,0.000719330822498905,0,0,0,0,1
594,32.0963735183555,0.87104785277777,0.265023427013774,0.592105565723399,0.6,0,0,0,0,0,0.00661321705287032,0.00663047683957997,0.25,0.175232119389433,0.75,0.597473523554442,0.227294357056125,0.70092847755773,0.000719330822498905,0,0,0,0,1
595,32.1030325552231,0.871086957059309,0.265049401308138,0.592111233572633,0.6,0,0,0,0,0,0.00661459937896692,0.00663185552861085,0.25,0.175106114849772,0.75,0.597216474293534,0.227677410856694,0.700424459399087,0.000719330822498905,0,0,0,0,1
596,32.1096870284197,0.871126009538329,0.26507534744844,0.592116902334945,0.6,0,0,0,0,0,0.0066159814728026,0.00663323386045103,0.25,0.174980200916468,0.75,0.596959609869595,0.228060189213936,0.699920803665873,0.000719330822498905,0,0,0,0,1
597,32.116336941104,0.871165010307616,0.265101265474794,0.592122571994817,0.6,0,0,0,0,0,0.00661736332382423,0.00663461182573588,0.25,0.17485437752437,0.75,0.596702930149714,0.228442692325917,0.699417510097478,0.000719330822498905,0,0,0,0,1
598,32.1229822964414,0.871203959459734,0.265127155427239,0.592128242536789,0.6,0,0,0,0,0,0.00661874492157847,0.00663598941519064,0.25,0.17472864460837,0.75,0.596446435001075,0.228824920390556,0.69891457843348,0.000719330822498905,0,0,0,0,1
599,32.1296230975893,0.871242857087032,0.265153017345736,0.592133913945462,0.6,0,0,0,0,0,0.0066201262557123,0.00663736661962822,0.25,0.174603002103411,0.75,0.596190124290958,0.229206873605632,0.698412008413642,0.000719330822498905,0,0,0,0,1
600,32.1362593477015,0.87128170328164,0.26517885127017,0.592139586205495,0.6,0,0,0,0,0,0.00662150731597098,0.00663874342994888,0.25,0.174477449944479,0.75,0.595933997886738,0.229588552168783,0.697909799777917,0.000719330822498905,0,0,0,0,1
601,32.142891049936,0.871320498135471,0.265204657240347,0.592145259301608,0.6,0,0,0,0,0,0.00662288809219729,0.00664011983713995,0.25,0.174351988066611,0.75,0.595678055655886,0.229969956277502,0.697407952266444,0.000719330822498905,0,0,0,0,1
602,32.1495182074383,0.871359241740222,0.265230435296,0.592150933218579,0.6,0,0,0,0,0,0.00662426857433132,0.0066414958322736,0.25,0.174226616404887,0.75,0.59542229746597,0.230351086129143,0.696906465619548,0.000719330822498905,0,0,0,0,1
603,32.1561408233599,0.871397934187374,0.265256185476783,0.592156607941245,0.6,0,0,0,0,0,0.00662564875240816,0.00664287140650761,0.25,0.174101334894435,0.75,0.595166723184648,0.230731941920916,0.696405339577742,0.000719330822498905,0,0,0,0,1
604,32.1627589008454,0.871436575568194,0.265281907822275,0.592162283454503,0.6,0,0,0,0,0,0.00662702861655836,0.00664424655108349,0.25,0.173976143470431,0.75,0.594911332679679,0.23111252384989,0.695904573881723,0.000719330822498905,0,0,0,0,1
605,32.169372443035,0.871475165973733,0.26530760237198,0.592167959743306,0.6,0,0,0,0,0,0.0066284081570062,0.00664562125732585,0.25,0.173851042068095,0.75,0.594656125818913,0.231492832112992,0.695404168272379,0.000719330822498905,0,0,0,0,1
606,32.1759814530736,0.87151370549483,0.265333269165323,0.592173636792668,0.6,0,0,0,0,0,0.00662978736406866,0.0066469955166424,0.25,0.173726030622695,0.75,0.594401102470298,0.231872866907007,0.69490412249078,0.000719330822498905,0,0,0,0,1
607,32.1825859340935,0.871552194222109,0.265358908241657,0.592179314587659,0.6,0,0,0,0,0,0.00663116622815557,0.0066483693205217,0.25,0.173601109069546,0.75,0.594146262501874,0.23225262842858,0.694404436278184,0.000719330822498905,0,0,0,0,1
608,32.1891858892325,0.871590632245985,0.265384519640258,0.592184993113407,0.6,0,0,0,0,0,0.00663254473976717,0.00664974266053393,0.25,0.173476277344009,0.75,0.593891605781778,0.232632116874213,0.693905109376036,0.000719330822498905,0,0,0,0,1
609,32.1957813216227,0.871629019656656,0.265410103400328,0.592190672355099,0.6,0,0,0,0,0,0.00663392288949457,0.00665111552832919,0.25,0.173351535381491,0.75,0.593637132178242,0.233011332440267,0.693406141525965,0.000719330822498905,0,0,0,0,1
610,32.2023722343905,0.871667356544114,0.265435659560992,0.592196352297977,0.6,0,0,0,0,0,0.00663530066801836,0.00665248791563669,0.25,0.173226883117446,0.75,0.593382841559591,0.233390275322963,0.692907532469786,0.000719330822498905,0,0,0,0,1
611,32.2089586306678,0.871705642998136,0.265461188161303,0.592202032927343,0.6,0,0,0,0,0,0.00663667806610725,0.00665385981426505,0.25,0.173102320487375,0.75,0.593128733794246,0.233768945718379,0.692409281949502,0.000719330822498905,0,0,0,0,1
612,32.2155405135741,0.871743879108293,0.265486689240237,0.592207714228554,0.6,0,0,0,0,0,0.00663805507461853,0.00665523121609992,0.25,0.172977847426824,0.75,0.592874808750722,0.234147343822454,0.691911389707298,0.000719330822498905,0,0,0,0,1
613,32.2221178862333,0.871782064963942,0.265512162836697,0.592213396187024,0.6,0,0,0,0,0,0.00663943168449563,0.00665660211310481,0.25,0.172853463871387,0.75,0.592621066297629,0.234525469830984,0.691413855485547,0.000719330822498905,0,0,0,0,1
614,32.2286907517652,0.871820200654236,0.265537608989511,0.592219078788224,0.6,0,0,0,0,0,0.00664080788676851,0.00665797249731951,0.25,0.172729169756702,0.75,0.592367506303672,0.234903323939626,0.690916679026808,0.000719330822498905,0,0,0,0,1
615,32.2352591132827,0.871858286268117,0.265563027737434,0.592224762017682,0.6,0,0,0,0,0,0.00664218367255251,0.00665934236085928,0.25,0.172604965018455,0.75,0.592114128637649,0.235280906343896,0.690419860073821,0.000719330822498905,0,0,0,0,1
616,32.2418229739046,0.87189632189432,0.265588419119146,0.59223044586098,0.6,0,0,0,0,0,0.00664355903304689,0.00666071169591514,0.25,0.172480849592379,0.75,0.591860933168452,0.235658217239169,0.689923398369515,0.000719330822498905,0,0,0,0,1
617,32.2483823367376,0.871934307621372,0.265613783173254,0.592236130303758,0.6,0,0,0,0,0,0.00664493395953535,0.00666208049475165,0.25,0.17235682341425,0.75,0.591607919765071,0.236035256820679,0.689427293657002,0.000719330822498905,0,0,0,0,1
618,32.2549372048922,0.871972243537597,0.265639119938292,0.592241815331711,0.6,0,0,0,0,0,0.00664630844338375,0.00666344874970761,0.25,0.172232886419895,0.75,0.591355088296585,0.23641202528352,0.688931545679579,0.000719330822498905,0,0,0,0,1
619,32.2614875814756,0.87201012973111,0.265664429452719,0.592247500930589,0.6,0,0,0,0,0,0.00664768247604038,0.00666481645319478,0.25,0.172109038545182,0.75,0.591102438632171,0.236788522822647,0.688436154180728,0.000719330822498905,0,0,0,0,1
620,32.2680334695875,0.872047966289821,0.265689711754923,0.592253187086199,0.6,0,0,0,0,0,0.00664905604903502,0.00666618359769676,0.25,0.171985279726029,0.75,0.590849970641099,0.237164749632872,0.687941118904115,0.000719330822498905,0,0,0,0,1
621,32.2745748723336,0.872085753301438,0.265714966883218,0.5922588737844,0.6,0,0,0,0,0,0.00665042915397738,0.00666755017576963,0.25,0.171861609898398,0.75,0.590597684192732,0.237540705908871,0.687446439593591,0.000719330822498905,0,0,0,0,1
622,32.281111792808,0.872123490853463,0.265740194875845,0.59226456101111,0.6,0,0,0,0,0,0.00665180178255774,0.00666891618003962,0.25,0.171738028998298,0.75,0.590345579156527,0.237916391845175,0.686952115993191,0.000719330822498905,0,0,0,0,1
623,32.2876442341079,0.872161179033194,0.265765395770973,0.592270248752298,0.6,0,0,0,0,0,0.00665317392654478,0.00667028160320388,0.25,0.171614536961783,0.75,0.590093655402037,0.23829180763618,0.686458147847132,0.000719330822498905,0,0,0,0,1
624,32.2941721993279,0.872198817927728,0.265790569606699,0.592275936993989,0.6,0,0,0,0,0,0.00665454557778567,0.00667164643802922,0.25,0.171491133724955,0.75,0.589841912798907,0.238666953476138,0.685964534899818,0.000719330822498905,0,0,0,0,1
625,32.3006956915546,0.87223640762396,0.265815716421046,0.592281625722263,0.6,0,0,0,0,0,0.00665591672820549,0.00667301067735106,0.25,0.171367819223959,0.75,0.589590351216876,0.239041829559165,0.685471276895836,0.000719330822498905,0,0,0,0,1
626,32.3072147138809,0.872273948208581,0.265840836251968,0.592287314923253,0.6,0,0,0,0,0,0.00665728736980542,0.00667437431407408,0.25,0.171244593394989,0.75,0.589338970525777,0.239416436079235,0.684978373579955,0.000719330822498905,0,0,0,0,1
627,32.3137292693881,0.872311439768084,0.265865929137345,0.592293004583147,0.6,0,0,0,0,0,0.0066586574946636,0.00667573734116994,0.25,0.171121456174282,0.75,0.589087770595535,0.239790773230182,0.684485824697128,0.000719330822498905,0,0,0,0,1
628,32.3202393611604,0.872348882388759,0.265890995114985,0.592298694688186,0.6,0,0,0,0,0,0.00666002709493295,0.00667709975167806,0.25,0.170998407498124,0.75,0.588836751296172,0.240164841205704,0.683993629992494,0.000719330822498905,0,0,0,0,1
629,32.3267449922799,0.872386276156697,0.265916034222625,0.592304385224663,0.6,0,0,0,0,0,0.00666139616284127,0.00667846153870445,0.25,0.170875447302843,0.75,0.5885859124978,0.240538640199357,0.683501789211373,0.000719330822498905,0,0,0,0,1
630,32.3332461658201,0.872423621157791,0.265941046497933,0.592310076178928,0.6,0,0,0,0,0,0.00666276469069076,0.00667982269542064,0.25,0.170752575524817,0.75,0.588335254070626,0.240912170404557,0.683010302099267,0.000719330822498905,0,0,0,0,1
631,32.3397428848614,0.872460917477735,0.265966031978502,0.592315767537382,0.6,0,0,0,0,0,0.00666413267085619,0.0066811832150644,0.25,0.170629792100466,0.75,0.58808477588495,0.241285432014584,0.682519168401863,0.000719330822498905,0,0,0,0,1
632,32.3462351524722,0.872498165202022,0.265990990701857,0.592321459286477,0.6,0,0,0,0,0,0.00666550009578585,0.0066825430909375,0.25,0.170507096966258,0.75,0.587834477811166,0.241658425222576,0.682028387865032,0.000719330822498905,0,0,0,0,1
633,32.3527229717239,0.872535364415951,0.266015922705451,0.592327151412721,0.6,0,0,0,0,0,0.0066668669579994,0.00668390231640646,0.25,0.170384490058706,0.75,0.58758435971976,0.242031150221534,0.681537960234823,0.000719330822498905,0,0,0,0,1
634,32.359206345686,0.872572515204624,0.266040828026666,0.592332843902674,0.6,0,0,0,0,0,0.00666823325008796,0.00668526088490151,0.25,0.170261971314368,0.75,0.587334421481312,0.24240360720432,0.681047885257474,0.000719330822498905,0,0,0,0,1
635,32.3656852774194,0.872609617652943,0.266065706702815,0.592338536742947,0.6,0,0,0,0,0,0.00666959896471376,0.00668661878991547,0.25,0.17013954066985,0.75,0.587084662966494,0.242775796363657,0.680558162679399,0.000719330822498905,0,0,0,0,1
636,32.3721597699915,0.872646671845617,0.266090558771139,0.592344229920202,0.6,0,0,0,0,0,0.00667096409460825,0.00668797602500456,0.25,0.1700171980618,0.75,0.586835084046072,0.243147717892128,0.6800687922472,0.000719330822498905,0,0,0,0,1
637,32.3786298264584,0.87268367786716,0.26611538426881,0.592349923421158,0.6,0,0,0,0,0,0.00667232863257315,0.00668933258378615,0.25,0.169894943426914,0.75,0.586585684590905,0.24351937198218,0.679579773707658,0.000719330822498905,0,0,0,0,1
638,32.3850954498788,0.872720635801891,0.266140183232931,0.59235561723258,0.6,0,0,0,0,0,0.00667369257147833,0.00669068845993959,0.25,0.169772776701934,0.75,0.586336464471945,0.243890758826121,0.679091106807736,0.000719330822498905,0,0,0,0,1
639,32.3915566433094,0.872757545733932,0.266164955700533,0.592361311341289,0.6,0,0,0,0,0,0.00667505590426191,0.00669204364720515,0.25,0.169650697823645,0.75,0.586087423560236,0.244261878616119,0.67860279129458,0.000719330822498905,0,0,0,0,1
640,32.3980134097986,0.872794407747217,0.266189701708579,0.592367005734154,0.6,0,0,0,0,0,0.00667641862392998,0.00669339813938296,0.25,0.169528706728879,0.75,0.585838561726914,0.244632731544207,0.678114826915518,0.000719330822498905,0,0,0,0,1
641,32.4044657524013,0.872831221925481,0.266214421293962,0.592372700398097,0.6,0,0,0,0,0,0.00667778072355473,0.00669475193033389,0.25,0.169406803354515,0.75,0.58558987884321,0.245003317802275,0.677627213418059,0.000719330822498905,0,0,0,0,1
642,32.4109136741609,0.872867988352271,0.266239114493507,0.592378395320092,0.6,0,0,0,0,0,0.0066791421962755,0.00669610501397718,0.25,0.169284987637473,0.75,0.585341374780446,0.245373637582081,0.677139950549894,0.000719330822498905,0,0,0,0,1
643,32.4173571781238,0.87290470711094,0.266263781343968,0.592384090487161,0.6,0,0,0,0,0,0.00668050303529679,0.00669745738429155,0.25,0.169163259514724,0.75,0.585093049410036,0.24574369107524,0.676653038058894,0.000719330822498905,0,0,0,0,1
644,32.4237962673339,0.87294137828465,0.266288421882031,0.59238978588638,0.6,0,0,0,0,0,0.00668186323388828,0.00669880903531391,0.25,0.169041618923279,0.75,0.584844902603489,0.246113478473233,0.676166475693115,0.000719330822498905,0,0,0,0,1
645,32.4302309448273,0.872978001956372,0.266313036144314,0.592395481504873,0.6,0,0,0,0,0,0.00668322278538468,0.00670015996113851,0.25,0.168920065800197,0.75,0.584596934232403,0.2464829999674,0.67568026320079,0.000719330822498905,0,0,0,0,1
646,32.4366612136464,0.873014578208887,0.266337624167365,0.592401177329815,0.6,0,0,0,0,0,0.00668458168318384,0.00670151015591776,0.25,0.168798600082584,0.75,0.584349144168471,0.246852255748946,0.675194400330335,0.000719330822498905,0,0,0,0,1
647,32.443087076822,0.873051107124787,0.266362185987666,0.592406873348431,0.6,0,0,0,0,0,0.00668593992074782,0.00670285961385994,0.25,0.168677221707587,0.75,0.584101532283477,0.247221246008937,0.674708886830346,0.000719330822498905,0,0,0,0,1
648,32.4495085373883,0.873087588786472,0.266386721641628,0.592412569547997,0.6,0,0,0,0,0,0.00668729749160105,0.00670420832923031,0.25,0.168555930612401,0.75,0.583854098449297,0.247589970938302,0.674223722449602,0.000719330822498905,0,0,0,0,1
649,32.4559255983765,0.873124023276158,0.266411231165595,0.592418265915838,0.6,0,0,0,0,0,0.00668865438933017,0.00670555629634983,0.25,0.168434726734265,0.75,0.583606842537901,0.247958430727834,0.67373890693706,0.000719330822498905,0,0,0,0,1
650,32.4623382628104,0.873160410675868,0.266435714595845,0.592423962439327,0.6,0,0,0,0,0,0.00669001060758413,0.00670690350959438,0.25,0.168313610010465,0.75,0.583359764421348,0.248326625568188,0.673254440041859,0.000719330822498905,0,0,0,0,1
651,32.4687465337201,0.873196751067442,0.266460171968585,0.592429659105889,0.6,0,0,0,0,0,0.0066913661400722,0.0067082499633956,0.25,0.168192580378329,0.75,0.583112863971792,0.248694555649879,0.672770321513317,0.000719330822498905,0,0,0,0,1
652,32.4751504141238,0.873233044532529,0.266484603319956,0.592435355902996,0.6,0,0,0,0,0,0.00669272098056514,0.0067095956522386,0.25,0.168071637775234,0.75,0.582866141061476,0.24906222116329,0.672286551100934,0.000719330822498905,0,0,0,0,1
653,32.4815499070438,0.873269291152594,0.266509008686033,0.592441052818172,0.6,0,0,0,0,0,0.00669407512289328,0.00671094057066311,0.25,0.167950782138597,0.75,0.582619595562739,0.249429622298664,0.67180312855439,0.000719330822498905,0,0,0,0,1
654,32.4879450154984,0.873305491008916,0.266533388102821,0.592446749838987,0.6,0,0,0,0,0,0.00669542856094659,0.00671228471326221,0.25,0.167830013405886,0.75,0.582373227348007,0.249796759246107,0.671320053623543,0.000719330822498905,0,0,0,0,1
655,32.4943357424995,0.873341644182586,0.266557741606261,0.59245244695306,0.6,0,0,0,0,0,0.00669678128867463,0.00671362807468166,0.25,0.167709331514608,0.75,0.582127036289801,0.25016363219559,0.670837326058434,0.000719330822498905,0,0,0,0,1
656,32.5007220910649,0.873377750754513,0.266582069232225,0.592458144148059,0.6,0,0,0,0,0,0.00669813330008462,0.00671497064962064,0.25,0.16758873640232,0.75,0.581881022260733,0.250530241336947,0.67035494560928,0.000719330822498905,0,0,0,0,1
657,32.5071040642001,0.873413810805421,0.266606371016518,0.592463841411702,0.6,0,0,0,0,0,0.00669948458924275,0.00671631243282956,0.25,0.16746822800662,0.75,0.581635185133505,0.250896586859875,0.66987291202648,0.000719330822498905,0,0,0,0,1
658,32.5134816649157,0.87344982441585,0.26663064699488,0.592469538731752,0.6,0,0,0,0,0,0.00670083515027216,0.00671765341911125,0.25,0.167347806265153,0.75,0.581389524780913,0.251262668953934,0.669391225060613,0.000719330822498905,0,0,0,0,1
659,32.5198548962173,0.873485791666155,0.266654897202985,0.592475236096023,0.6,0,0,0,0,0,0.00670218497735312,0.00671899360331964,0.25,0.167227471115609,0.75,0.581144041075843,0.251628487808548,0.668909884462437,0.000719330822498905,0,0,0,0,1
660,32.526223761105,0.873521712636512,0.266679121676437,0.592480933492375,0.6,0,0,0,0,0,0.00670353406472294,0.00672033298035923,0.25,0.167107222495722,0.75,0.580898733891272,0.251994043613007,0.668428889982886,0.000719330822498905,0,0,0,0,1
661,32.532588262584,0.87355758740691,0.266703320450779,0.592486630908714,0.6,0,0,0,0,0,0.00670488240667415,0.00672167154518571,0.25,0.16698706034327,0.75,0.58065360310027,0.252359336556461,0.667948241373078,0.000719330822498905,0,0,0,0,1
662,32.5389484036477,0.87359341605716,0.266727493561485,0.592492328332999,0.6,0,0,0,0,0,0.0067062299975558,0.00672300929280389,0.25,0.166866984596077,0.75,0.580408648575997,0.252724366827927,0.667467938384307,0.000719330822498905,0,0,0,0,1
663,32.5453041872949,0.87362919866689,0.266751641043963,0.592498025753229,0.6,0,0,0,0,0,0.00670757683177141,0.00672434621826898,0.25,0.166746995192012,0.75,0.580163870191704,0.253089134616285,0.666987980768047,0.000719330822498905,0,0,0,0,1
664,32.5516556165185,0.873664935315548,0.266775762933557,0.592503723157457,0.6,0,0,0,0,0,0.00670892290377931,0.00672568231668505,0.25,0.166627092068987,0.75,0.579919267820734,0.253453640110279,0.666508368275949,0.000719330822498905,0,0,0,0,1
665,32.5580026943068,0.873700626082401,0.266799859265545,0.592509420533778,0.6,0,0,0,0,0,0.00671026820809244,0.00672701758320484,0.25,0.166507275164961,0.75,0.579674841336521,0.253817883498518,0.666029100659845,0.000719330822498905,0,0,0,0,1
666,32.5643454236529,0.873736271046537,0.266823930075139,0.592515117870336,0.6,0,0,0,0,0,0.00671161273927663,0.00672835201303013,0.25,0.166387544417936,0.75,0.579430590612589,0.254181864969475,0.665550177671743,0.000719330822498905,0,0,0,0,1
667,32.5706838075379,0.873771870286865,0.266847975397487,0.592520815155321,0.6,0,0,0,0,0,0.00671295649195196,0.00672968560140983,0.25,0.166267899765958,0.75,0.579186515522554,0.254545584711487,0.665071599063832,0.000719330822498905,0,0,0,0,1
668,32.5770178489489,0.873807423882114,0.266871995267672,0.59252651237697,0.6,0,0,0,0,0,0.00671429946079058,0.00673101834364134,0.25,0.166148341147119,0.75,0.578942615940124,0.254909042912757,0.664593364588478,0.000719330822498905,0,0,0,0,1
669,32.5833475508661,0.873842931910836,0.266895989720711,0.592532209523566,0.6,0,0,0,0,0,0.0067156416405173,0.00673235023506879,0.25,0.166028868499556,0.75,0.578698891739094,0.25527223976135,0.664115473998223,0.000719330822498905,0,0,0,0,1
670,32.5896729162665,0.873878394451406,0.266919958791556,0.592537906583437,0.6,0,0,0,0,0,0.00671698302590922,0.0067336812710832,0.25,0.165909481761448,0.75,0.578455342793353,0.255635175445199,0.66363792704579,0.000719330822498905,0,0,0,0,1
671,32.5959939481306,0.87391381158202,0.266943902515098,0.592543603544959,0.6,0,0,0,0,0,0.00671832361179418,0.00673501144712258,0.25,0.16579018087102,0.75,0.57821196897688,0.2559978501521,0.663160723484079,0.000719330822498905,0,0,0,0,1
672,32.6023106494276,0.873949183380698,0.266967820926159,0.592549300396552,0.6,0,0,0,0,0,0.00671966339305202,0.00673634075867023,0.25,0.165670965766542,0.75,0.577968770163745,0.256360264069713,0.662683863066167,0.000719330822498905,0,0,0,0,1
673,32.6086230231331,0.873984509925285,0.2669917140595,0.592554997126682,0.6,0,0,0,0,0,0.00672100236461251,0.00673766920125606,0.25,0.165551836386327,0.75,0.577725746228107,0.256722417385566,0.662207345545308,0.000719330822498905,0,0,0,0,1
674,32.6149310722145,0.874019791293449,0.267015581949817,0.592560693723862,0.6,0,0,0,0,0,0.00672234052145597,0.00673899677045476,0.25,0.165432792668734,0.75,0.577482897044217,0.257084310287049,0.661731170674935,0.000719330822498905,0,0,0,0,1
675,32.6212347996376,0.874055027562682,0.267039424631742,0.592566390176647,0.6,0,0,0,0,0,0.00672367785861281,0.00674032346188619,0.25,0.165313834552165,0.75,0.577240222486416,0.25744594296142,0.661255338208658,0.000719330822498905,0,0,0,0,1
676,32.6275342083705,0.874090218810304,0.267063242139844,0.592572086473641,0.6,0,0,0,0,0,0.00672501437116215,0.00674164927121527,0.25,0.165194961975066,0.75,0.576997722429134,0.2578073155958,0.660779847900263,0.000719330822498905,0,0,0,0,1
677,32.6338293013705,0.874125365113459,0.267087034508627,0.59257778260349,0.6,0,0,0,0,0,0.00672635005423306,0.00674297419415043,0.25,0.165076174875928,0.75,0.576755396746894,0.258168428377177,0.660304699503714,0.000719330822498905,0,0,0,0,1
678,32.6401200816018,0.874160466549118,0.267110801772532,0.592583478554886,0.6,0,0,0,0,0,0.00672768490300238,0.00674429822644503,0.25,0.164957473193288,0.75,0.576513245314307,0.258529281492405,0.659829892773152,0.000719330822498905,0,0,0,0,1
679,32.6464065520189,0.874195523194077,0.267134543965938,0.592589174316565,0.6,0,0,0,0,0,0.00672901891269564,0.00674562136389523,0.25,0.164838856865723,0.75,0.576271268006076,0.258889875128201,0.659355427462893,0.000719330822498905,0,0,0,0,1
680,32.652688715577,0.874230535124962,0.267158261123161,0.592594869877308,0.6,0,0,0,0,0,0.00673035207858629,0.00674694360234084,0.25,0.164720325831858,0.75,0.576029464696991,0.25925020947115,0.658881303327434,0.000719330822498905,0,0,0,0,1
681,32.6589665752312,0.874265502418225,0.267181953278451,0.592600565225941,0.6,0,0,0,0,0,0.00673168439599463,0.00674826493766483,0.25,0.164601880030361,0.75,0.575787835261936,0.259610284707703,0.658407520121443,0.000719330822498905,0,0,0,0,1
682,32.6652401339276,0.874300425150147,0.267205620465998,0.592606260351333,0.6,0,0,0,0,0,0.0067330158602889,0.00674958536579208,0.25,0.164483519399942,0.75,0.575546379575882,0.259970101024176,0.657934077599769,0.000719330822498905,0,0,0,0,1
683,32.6715093946187,0.874335303396837,0.267229262719929,0.592611955242397,0.6,0,0,0,0,0,0.00673434646688314,0.00675090488269067,0.25,0.164365243879358,0.75,0.575305097513891,0.26032965860675,0.657460975517434,0.000719330822498905,0,0,0,0,1
684,32.6777743602465,0.874370137234234,0.267252880074309,0.59261764988809,0.6,0,0,0,0,0,0.00673567621123828,0.00675222348436974,0.25,0.164247053407409,0.75,0.575063988951115,0.260688957641475,0.656988213629638,0.000719330822498905,0,0,0,0,1
685,32.6840350337555,0.874404926738106,0.267276472563138,0.592623344277413,0.6,0,0,0,0,0,0.00673700508886109,0.0067535411668806,0.25,0.164128947922939,0.75,0.574823053762796,0.261047998314265,0.656515791691757,0.000719330822498905,0,0,0,0,1
686,32.6902914180878,0.874439671984053,0.267300040220356,0.592629038399411,0.6,0,0,0,0,0,0.00673833309530351,0.00675485792631587,0.25,0.164010927364836,0.75,0.574582291824264,0.2614067808109,0.656043709459342,0.000719330822498905,0,0,0,0,1
687,32.6965435161785,0.874474373047502,0.267323583079841,0.59263473224317,0.6,0,0,0,0,0,0.00673966022616345,0.00675617375880859,0.25,0.16389299167203,0.75,0.574341703010942,0.261765305317028,0.655571966688121,0.000719330822498905,0,0,0,0,1
688,32.7027913309684,0.874509030003714,0.267347101175409,0.592640425797823,0.6,0,0,0,0,0,0.00674098647708276,0.00675748866053338,0.25,0.163775140783499,0.75,0.574101287198338,0.262123572018163,0.655100563133996,0.000719330822498905,0,0,0,0,1
689,32.7090348653872,0.874543642927782,0.267370594540812,0.592646119052542,0.6,0,0,0,0,0,0.00674231184374851,0.00675880262770427,0.25,0.163657374638261,0.75,0.573861044262053,0.262481581099685,0.654629498553046,0.000719330822498905,0,0,0,0,1
690,32.7152741223685,0.874578211894628,0.267394063209745,0.592651811996544,0.6,0,0,0,0,0,0.00674363632189164,0.00676011565657602,0.25,0.163539693175381,0.75,0.573620974077777,0.262839332746842,0.654158772701524,0.000719330822498905,0,0,0,0,1
691,32.7215091048419,0.874612736979011,0.267417507215836,0.59265750461909,0.6,0,0,0,0,0,0.00674495990728658,0.00676142774344294,0.25,0.163422096333965,0.75,0.573381076521289,0.263196827144746,0.65368838533586,0.000719330822498905,0,0,0,0,1
692,32.7277398157315,0.874647218255518,0.267440926592655,0.592663196909481,0.6,0,0,0,0,0,0.00674628259575201,0.00676273888463842,0.25,0.163304584053164,0.75,0.573141351468455,0.26355406447838,0.653218336212658,0.000719330822498905,0,0,0,0,1
693,32.7339662579662,0.874681655798574,0.267464321373712,0.592668888857061,0.6,0,0,0,0,0,0.00674760438314869,0.00676404907653585,0.25,0.163187156272174,0.75,0.572901798795235,0.26391104493259,0.652748625088697,0.000719330822498905,0,0,0,0,1
694,32.7401884344636,0.874716049682434,0.267487691592452,0.592674580451218,0.6,0,0,0,0,0,0.00674892526538103,0.0067653583155464,0.25,0.163069812930233,0.75,0.572662418377675,0.264267768692092,0.652279251720931,0.000719330822498905,0,0,0,0,1
695,32.7464063481468,0.874750399981191,0.267511037282263,0.592680271681381,0.6,0,0,0,0,0,0.00675024523839544,0.00676666659812074,0.25,0.162952553966623,0.75,0.57242321009191,0.264624235941467,0.65181021586649,0.000719330822498905,0,0,0,0,1
696,32.7526200019324,0.87478470676877,0.267534358476469,0.592685962537019,0.6,0,0,0,0,0,0.0067515642981803,0.00676797392074726,0.25,0.162835379320669,0.75,0.572184173814165,0.264980446865165,0.651341517282677,0.000719330822498905,0,0,0,0,1
697,32.7588293987341,0.874818970118933,0.267557655208337,0.592691653007647,0.6,0,0,0,0,0,0.00675288244076646,0.00676928027995234,0.25,0.162718288931742,0.75,0.571945309420754,0.265336401647503,0.650873155726969,0.000719330822498905,0,0,0,0,1
698,32.7650345414686,0.874853190105277,0.267580927511069,0.592697343082818,0.6,0,0,0,0,0,0.00675419966222527,0.00677058567230062,0.25,0.162601282739255,0.75,0.57170661678808,0.265692100472664,0.65040513095702,0.000719330822498905,0,0,0,0,1
699,32.7712354330419,0.874887366801236,0.267604175417811,0.592703032752128,0.6,0,0,0,0,0,0.0067555159586701,0.00677189009439324,0.25,0.162484360682664,0.75,0.571468095792635,0.266047543524701,0.649937442730656,0.000719330822498905,0,0,0,0,1
700,32.7774320763664,0.874921500280079,0.267627398961647,0.592708722005215,0.6,0,0,0,0,0,0.00675683132625459,0.00677319354286943,0.25,0.16236752270147,0.75,0.571229746310998,0.266402730987532,0.649470090805878,0.000719330822498905,0,0,0,0,1
701,32.7836244743458,0.874955590614915,0.2676505981756,0.592714410831756,0.6,0,0,0,0,0,0.00675814576117299,0.0067744960144046,0.25,0.162250768735215,0.75,0.570991568219839,0.266757663044945,0.649003074940861,0.000719330822498905,0,0,0,0,1
702,32.7898126298837,0.874989637878688,0.267673773092635,0.592720099221472,0.6,0,0,0,0,0,0.00675945925966016,0.00677579750571099,0.25,0.162134098723488,0.75,0.570753561395916,0.267112339880595,0.648536394893954,0.000719330822498905,0,0,0,0,1
703,32.7959965458842,0.875023642144181,0.267696923745656,0.592725787164124,0.6,0,0,0,0,0,0.00676077181799007,0.00677709801353746,0.25,0.16201751260592,0.75,0.570515725716076,0.267466761678004,0.648070050423679,0.000719330822498905,0,0,0,0,1
704,32.8021762252422,0.875057603484016,0.267720050167508,0.592731474649511,0.6,0,0,0,0,0,0.00676208343247723,0.00677839753466818,0.25,0.161901010322183,0.75,0.570278061057253,0.267820928620564,0.647604041288732,0.000719330822498905,0,0,0,0,1
705,32.8083516708592,0.875091521970652,0.267743152390976,0.592737161667476,0.6,0,0,0,0,0,0.00676339409947463,0.00677969606592411,0.25,0.161784591811996,0.75,0.570040567296471,0.268174840891533,0.647138367247983,0.000719330822498905,0,0,0,0,1
706,32.8145228856263,0.875125397676391,0.267766230448787,0.592742848207902,0.6,0,0,0,0,0,0.00676470381537465,0.0067809936041608,0.25,0.161668257015119,0.75,0.569803244310843,0.268528498674039,0.646673028060476,0.000719330822498905,0,0,0,0,1
707,32.8206898724371,0.875159230673371,0.267789284373607,0.592748534260712,0.6,0,0,0,0,0,0.00676601257660855,0.00678229014626966,0.25,0.161552005871356,0.75,0.569566091977567,0.268881902151076,0.646208023485426,0.000719330822498905,0,0,0,0,1
708,32.8268526341828,0.875193021033573,0.267812314198043,0.592754219815867,0.6,0,0,0,0,0,0.00676732037964535,0.00678358568917706,0.25,0.161435838320556,0.75,0.569329110173934,0.269235051505511,0.645743353282223,0.000719330822498905,0,0,0,0,1
709,32.833011173748,0.875226768828817,0.267835319954646,0.592759904863372,0.6,0,0,0,0,0,0.00676862722099314,0.00678488022984366,0.25,0.161319754302607,0.75,0.569092298777319,0.269587946920074,0.645279017210429,0.000719330822498905,0,0,0,0,1
710,32.8391654940227,0.875260474130764,0.267858301675905,0.592765589393269,0.6,0,0,0,0,0,0.00676993309719688,0.00678617376526551,0.25,0.161203753757445,0.75,0.568855657665188,0.269940588577367,0.644815015029781,0.000719330822498905,0,0,0,0,1
711,32.8453155978858,0.87529413701092,0.267881259394251,0.592771273395641,0.6,0,0,0,0,0,0.00677123800483976,0.00678746629247189,0.25,0.161087836625046,0.75,0.568619186715095,0.270292976659859,0.644351346500185,0.000719330822498905,0,0,0,0,1
712,32.851461488221,0.875327757540629,0.267904193142057,0.592776956860609,0.6,0,0,0,0,0,0.00677254194054212,0.00678875780852693,0.25,0.160972002845431,0.75,0.568382885804679,0.27064511134989,0.643888011381724,0.000719330822498905,0,0,0,0,1
713,32.8576031679065,0.875361335791078,0.26792710295164,0.592782639778337,0.6,0,0,0,0,0,0.00677384490096087,0.00679004831052815,0.25,0.160856252358662,0.75,0.568146754811671,0.270996992829666,0.64342500943465,0.000719330822498905,0,0,0,0,1
714,32.8637406398169,0.8753948718333,0.267949988855254,0.592788322139024,0.6,0,0,0,0,0,0.00677514688279052,0.00679133779560645,0.25,0.160740585104847,0.75,0.567910793613888,0.271348621281265,0.642962340419389,0.000719330822498905,0,0,0,0,1
715,32.8698739068303,0.875428365738168,0.267972850885098,0.592794003932912,0.6,0,0,0,0,0,0.006776447882761,0.00679262626092666,0.25,0.160625001024135,0.75,0.567675002089235,0.271699996886631,0.642500004096539,0.000719330822498905,0,0,0,0,1
716,32.8760029718141,0.8754618175764,0.267995689073313,0.592799685150279,0.6,0,0,0,0,0,0.00677774789763931,0.00679391370368569,0.25,0.160509500056717,0.75,0.567439380115703,0.272051119827579,0.642038000226869,0.000719330822498905,0,0,0,0,1
717,32.8821278376417,0.875495227418559,0.268018503451981,0.592805365781444,0.6,0,0,0,0,0,0.00677904692422792,0.00679520012111425,0.25,0.160394082142831,0.75,0.567203927571375,0.272401990285794,0.641576328571324,0.000719330822498905,0,0,0,0,1
718,32.8882485071787,0.875528595335051,0.268041294053128,0.592811045816765,0.6,0,0,0,0,0,0.00678034495936487,0.00679648551047494,0.25,0.160278747222754,0.75,0.566968644334418,0.272752608442828,0.641114988891015,0.000719330822498905,0,0,0,0,1
719,32.8943649832898,0.875561921396129,0.268064060908721,0.592816725246636,0.6,0,0,0,0,0,0.00678164199992422,0.00679776986906291,0.25,0.160163495236808,0.75,0.566733530283087,0.273102974480105,0.64065398094723,0.000719330822498905,0,0,0,0,1
720,32.9004772688408,0.87559520567189,0.268086804050671,0.592822404061492,0.6,0,0,0,0,0,0.00678293804281424,0.00679905319420578,0.25,0.160048326125356,0.75,0.566498585295727,0.273453088578916,0.640193304501426,0.000719330822498905,0,0,0,0,1
721,32.9065853666882,0.875628448232277,0.268109523510829,0.592828082251806,0.6,0,0,0,0,0,0.00678423308497904,0.00680033548326228,0.25,0.159933239828808,0.75,0.566263809250768,0.273802950920424,0.639732959315231,0.000719330822498905,0,0,0,0,1
722,32.912689279695,0.875661649147081,0.268132219320992,0.592833759808088,0.6,0,0,0,0,0,0.00678552712339668,0.00680161673362379,0.25,0.159818236287612,0.75,0.566029202026728,0.27415256168566,0.639272945150447,0.000719330822498905,0,0,0,0,1
723,32.918789010714,0.875694808485937,0.268154891512898,0.592839436720888,0.6,0,0,0,0,0,0.00678682015507983,0.00680289694271222,0.25,0.159703315442261,0.75,0.565794763502212,0.274501921055527,0.638813261769044,0.000719330822498905,0,0,0,0,1
724,32.9248845626008,0.875727926318329,0.26817754011823,0.592845112980792,0.6,0,0,0,0,0,0.00678811217707561,0.00680417610798131,0.25,0.159588477233292,0.75,0.565560493555915,0.274851029210794,0.638353908933166,0.000719330822498905,0,0,0,0,1
725,32.930975938208,0.875761002713589,0.268200165168612,0.592850788578425,0.6,0,0,0,0,0,0.00678940318646427,0.00680545422691569,0.25,0.159473721601282,0.75,0.565326392066615,0.275199886332103,0.637894886405127,0.000719330822498905,0,0,0,0,1
726,32.9370631403824,0.875794037740896,0.268222766695614,0.59285646350445,0.6,0,0,0,0,0,0.0067906931803607,0.00680673129703035,0.25,0.159359048486853,0.75,0.56509245891318,0.275548492599967,0.637436193947412,0.000719330822498905,0,0,0,0,1
727,32.9431461719755,0.875827031469278,0.268245344730747,0.592862137749566,0.6,0,0,0,0,0,0.00679198215591228,0.00680800731587174,0.25,0.159244457830669,0.75,0.564858693974565,0.275896848194767,0.636977831322676,0.000719330822498905,0,0,0,0,1
728,32.9492250358284,0.875859983967612,0.268267899305467,0.592867811304511,0.6,0,0,0,0,0,0.00679327011030012,0.00680928228101559,0.25,0.159129949573436,0.75,0.56462509712981,0.276244953296754,0.636519798293745,0.000719330822498905,0,0,0,0,1
729,32.9552997347869,0.875892895304622,0.268290430451173,0.59287348416006,0.6,0,0,0,0,0,0.00679455704073822,0.00681055619006871,0.25,0.159015523655904,0.75,0.564391668258044,0.276592808086052,0.636062094623616,0.000719330822498905,0,0,0,0,1
730,32.9613702716899,0.875925765548886,0.26831293819921,0.592879156307024,0.6,0,0,0,0,0,0.00679584294447277,0.00681182904066723,0.25,0.158901180018864,0.75,0.564158407238483,0.276940412742653,0.635604720075457,0.000719330822498905,0,0,0,0,1
1,41.5894028308611,0.92,0.306666666666667,0.613333333333333,0.6,0,0,0,0,0,0.0083786967516791,0.0083786967516791,0.5,0,0.5,0,1,0,0.000719330822498905,0,0,0,0,2
2,41.5894028308611,0.92,0.306666666666667,0.613333333333333,0.6,0,0,0,0,0,0.0083786967516791,0.00837869675167909,0.5,0,0.5,0,1,0,0.000719330822498905,0,0,0,0,2
3,41.5894028308611,0.92,0.306666666666667,0.613333333333333,0.6,0,0,0,0,0,0.0083786967516791,0.00837869675167909,0.5,0,0.5,0,1,0,0.000719330822498905,0,0,0,0,2
4,41.5894028308611,0.92,0.306666666666667,0.613333333333333,0.6,0,0,0,0,0,0.0083786967516791,0.00837869675167909,0.5,0,0.5,0,1,0,0.000719330822498905,0,0,0,0,2
5,41.5894028308611,0.92,0.306666666666667,0.613333333333333,0.6,0,0,0,0,0,0.0083786967516791,0.00837869675167909,0.5,0,0.5,0,1,0,0.000719330822498905,0,0,0,0,2
6,41.5894028308611,0.92,0.306666666666667,0.613333333333333,0.6,0,0,0,0,0,0.0083786967516791,0.00837869675167909,0.5,0,0.5,0,1,0,0.000719330822498905,0,0,0,0,2
7,41.5894028308611,0.92,0.306666666666667,0.613333333333333,0.6,0,0,0,0,0,0.0083786967516791,0.00837869675167909,0.5,0,0.5,0,1,0,0.000719330822498905,0,0,0,0,2
8,41.5894028308611,0.92,0.306666666666667,0.613333333333333,0.6,0,0,0,0,0,0.0083786967516791,0.00837869675167909,0.5,0,0.5,0,1,0,0.000719330822498905,0,0,0,0,2
9,41.5894028308611,0.92,0.306666666666667,0.613333333333333,0.6,0,0,0,0,0,0.0083786967516791,0.00837869675167909,0.5,0,0.5,0,1,0,0.000719330822498905,0,0,0,0,2
10,41.5894028308611,0.92,0.306666666666667,0.613333333333333,0.6,0,0,0,0,0,0.0083786967516791,0.00837869675167909,0.5,0,0.5,0,1,0,0.000719330822498905,0,0,0,0,2
11,41.5894028308611,0.92,0.306666666666667,0.613333333333333,0.6,0,0,0,0,0,0.0083786967516791,0.00837869675167909,0.5,0,0.5,0,1,0,0.000719330822498905,0,0,0,0,2
12,41.5894028308611,0.92,0.306666666666667,0.613333333333333,0.6,0,0,0,0,0,0.0083786967516791,0.00837869675167909,0.5,0,0.5,0,1,0,0.000719330822498905,0,0,0,0,2
13,41.5894028308611,0.92,0.306666666666667,0.613333333333333,0.6,0,0,0,0,0,0.0083786967516791,0.00837869173369723,0.5,0,0.5,0,1,0,0.000719330822498905,0,0,0,0,2
14,41.5894028308611,0.92,0.306666666666667,0.613333333333333,0.6,0,0,0,0,0,0.0083786967516791,0.00838094109825011,0.5,0,0.5,0,1,0,0.000719330822498905,0,0,0,0,2
15,41.5894028308611,0.92,0.306666666666667,0.613333333333333,0.6,0,0,0,0,0,0.00837869675167909,0.00838585264657682,0.5,0,0.5,0,1,0,0.000719330822498905,0,0,0,0,2
16,41.5894028308611,0.92,0.306666666666667,0.613333333333333,0.6,0,0,0,0,0,0.00837869675167909,0.00839157649289328,0.5,0,0.5,0,1,0,0.000719330822498905,0,0,0,0,2
17,41.5894028308611,0.92,0.306666666666667,0.613333333333333,0.6,0,0,0,0,0,0.00837869675167909,0.00839701837925579,0.5,0,0.5,0,1,0,0.000719330822498905,0,0,0,0,2
18,41.5894028308611,0.92,0.306666666666667,0.613333333333333,0.6,0,0,0,0,0,0.00837869675167909,0.0084015720198714,0.5,0,0.5,0,1,0,0.000719330822498905,0,0,0,0,2
19,41.5894028308611,0.92,0.306666666666667,0.613333333333333,0.6,0,0,0,0,0,0.00837869675167909,0.00840497217470951,0.5,0,0.5,0,1,0,0.000719330822498905,0,0,0,0,2
20,41.5894028308611,0.92,0.306666666666667,0.613333333333333,0.6,0,0,0,0,0,0.00837869675167909,0.00840720169645189,0.5,0,0.5,0,1,0,0.000719330822498905,0,0,0,0,2
21,41.5894028308611,0.92,0.306666666666667,0.613333333333333,0.6,0,0,0,0,0,0.00837869675167909,0.00840840775006448,0.5,0,0.5,0,1,0,0.000719330822498905,0,0,0,0,2
22,41.5894028308611,0.92,0.306666666666667,0.613333333333333,0.6,0,0,0,0,0,0.00837869675167909,0.00840882105686234,0.5,0,0.5,0,1,0,0.000719330822498905,0,0,0,0,2
23,41.5894028308611,0.92,0.306666666666667,0.613333333333333,0.6,0,0,0,0,0,0.00837869675167909,0.00840868827667364,0.5,0,0.5,0,1,0,0.000719330822498905,0,0,0,0,2
24,41.5894028308611,0.92,0.306666666666667,0.613333333333333,0.6,0,0,0,0,0,0.00837869675167909,0.00840822708642558,0.5,0,0.5,0,1,0,0.000719330822498905,0,0,0,0,2
25,41.5894028308611,0.92,0.306666666666667,0.613333333333333,0.6,0,0,0,0,0,0.00837869675167909,0.00840760510725847,0.5,0,0.5,0,1,0,0.000719330822498905,0,0,0,0,2
26,41.5894028308611,0.92,0.306666666666667,0.613333333333333,0.6,0,0,0,0,0,0.0083793306959102,0.00840693734615795,0.5,0,0.5,0,1,0,0.000719330822498905,0,0,0,0,2
27,41.5894028308611,0.92,0.306666666666667,0.613333333333333,0.6,0,0,0,0,0,0.00838320146585718,0.00840629402059979,0.5,0,0.5,0,1,0,0.000719330822498905,0,0,0,0,2
28,41.5894028308611,0.92,0.306666666666667,0.613333333333333,0.6,0,0,0,0,0,0.00838869529162464,0.00840571228861397,0.5,0,0.5,0,1,0,0.000719330822498905,0,0,0,0,2
29,41.5894028308611,0.92,0.306666666666667,0.613333333333333,0.6,0,0,0,0,0,0.0083943798475748,0.00840520748865379,0.5,0,0.5,0,1,0,0.000719330822498905,0,0,0,0,2
30,41.5894028308611,0.92,0.306666666666667,0.613333333333333,0.6,0,0,0,0,0,0.00839942960819415,0.00840478195769242,0.5,0,0.5,0,1,0,0.000719330822498905,0,0,0,0,2
31,41.5894028308611,0.92,0.306666666666667,0.613333333333333,0.6,0,0,0,0,0,0.00840342218600972,0.00840443114522742,0.5,0,0.5,0,1,0,0.000719330822498905,0,0,0,0,2
32,41.5894028308611,0.92,0.306666666666667,0.613333333333333,0.6,0,0,0,0,0,0.00840622694305113,0.00840414742739372,0.5,0,0.5,0,1,0,0.000719330822498905,0,0,0,0,2
33,41.5894028308611,0.92,0.306666666666667,0.613333333333333,0.6,0,0,0,0,0,0.00840791931309712,0.00840392228798262,0.5,0,0.5,0,1,0,0.000719330822498905,0,0,0,0,2
34,41.5894028308611,0.92,0.306666666666667,0.613333333333333,0.6,0,0,0,0,0,0.00840869779586213,0.00840374744636293,0.5,0,0.5,0,1,0,0.000719330822498905,0,0,0,0,2
35,41.5894028308611,0.92,0.306666666666667,0.613333333333333,0.6,0,0,0,0,0,0.00840880828955798,0.00840361536210182,0.5,0,0.5,0,1,0,0.000719330822498905,0,0,0,0,2
36,41.5894028308611,0.92,0.306666666666667,0.613333333333333,0.6,0,0,0,0,0,0.00840848698419632,0.00840351940334293,0.5,0,0.5,0,1,0,0.000719330822498905,0,0,0,0,2
37,41.5894028308611,0.92,0.306666666666667,0.613333333333333,0.6,0,0,0,0,0,0.00840792783267568,0.0084034538456961,0.5,0,0.5,0,1,0,0.000719330822498905,0,0,0,0,2
38,41.5894028308611,0.92,0.306666666666667,0.613333333333333,0.6,0,0,0,0,0,0.00840727164307534,0.00840341379734575,0.5,0,0.5,0,1,0,0.000719330822498905,0,0,0,0,2
39,41.5894028308611,0.92,0.306666666666667,0.613333333333333,0.6,0,0,0,0,0,0.00840660967296703,0.00840339509926522,0.5,0,0.5,0,1,0,0.000719330822498905,0,0,0,0,2
40,41.5894028308611,0.92,0.306666666666667,0.613333333333333,0.6,0,0,0,0,0,0.0084059941021441,0.0084033942235948,0.5,0,0.5,0,1,0,0.000719330822498905,0,0,0,0,2
41,41.5894028308611,0.92,0.306666666666667,0.613333333333333,0.6,0,0,0,0,0,0.00840544990572711,0.00840340818073518,0.5,0,0.5,0,1,0,0.000719330822498905,0,0,0,0,2
42,41.5894028308611,0.92,0.306666666666667,0.613333333333333,0.6,0,0,0,0,0,0.00840498499190711,0.00840343444128408,0.5,0,0.5,0,1,0,0.000719330822498905,0,0,0,0,2
43,41.5894028308611,0.92,0.306666666666667,0.613333333333333,0.6,0,0,0,0,0,0.00840459764804407,0.00840347088401929,0.5,0,0.5,0,1,0,0.000719330822498905,0,0,0,0,2
44,41.5894028308611,0.92,0.306666666666667,0.613333333333333,0.6,0,0,0,0,0,0.00840428142799027,0.00840351578293819,0.5,0,0.5,0,1,0,0.000719330822498905,0,0,0,0,2
45,41.5894028308611,0.92,0.306666666666667,0.613333333333333,0.6,0,0,0,0,0,0.00840402806653364,0.0084035678277541,0.5,0,0.5,0,1,0,0.000719330822498905,0,0,0,0,2
46,41.5894028308611,0.92,0.306666666666667,0.613333333333333,0.6,0,0,0,0,0,0.00840382907168925,0.00840362614399266,0.5,0,0.5,0,1,0,0.000719330822498905,0,0,0,0,2
47,41.5894028308611,0.92,0.306666666666667,0.613333333333333,0.6,0,0,0,0,0,0.00840367649587172,0.0084036902695576,0.5,0,0.5,0,1,0,0.000719330822498905,0,0,0,0,2
48,41.5894028308611,0.92,0.306666666666667,0.613333333333333,0.6,0,0,0,0,0,0.00840356324540268,0.0084037600648056,0.5,0,0.5,0,1,0,0.000719330822498905,0,0,0,0,2
49,41.5894028308611,0.92,0.306666666666667,0.613333333333333,0.6,0,0,0,0,0,0.0084034831485104,0.00840383556751609,0.5,0,0.5,0,1,0,0.000719330822498905,0,0,0,0,2
50,41.5894028308611,0.92,0.306666666666667,0.613333333333333,0.6,0,0,0,0,0,0.00840343090875494,0.00840391682772316,0.5,0,0.5,0,1,0,0.000719330822498905,0,0,0,0,2
51,41.5894028308611,0.92,0.306666666666667,0.613333333333333,0.6,0,0,0,0,0,0.00840340201366041,0.00840400376343582,0.5,0,0.5,0,1,0,0.000719330822498905,0,0,0,0,2
52,41.5894028308611,0.92,0.306666666666667,0.613333333333333,0.6,0,0,0,0,0,0.00840339263208925,0.00840409606674832,0.5,0,0.5,0,1,0,0.000719330822498905,0,0,0,0,2
53,41.5894028308611,0.92,0.306666666666667,0.613333333333333,0.6,0,0,0,0,0,0.00840339951616163,0.00840419317097265,0.5,0,0.5,0,1,0,0.000719330822498905,0,0,0,0,2
54,41.5894028308611,0.92,0.306666666666667,0.613333333333333,0.6,0,0,0,0,0,0.00840341991486581,0.00840429427389489,0.5,0,0.5,0,1,0,0.000719330822498905,0,0,0,0,2
55,41.5894028308611,0.92,0.306666666666667,0.613333333333333,0.6,0,0,0,0,0,0.00840345150714942,0.008404398399997,0.5,0,0.5,0,1,0,0.000719330822498905,0,0,0,0,2
56,41.5894028308611,0.92,0.306666666666667,0.613333333333333,0.6,0,0,0,0,0,0.0084034923684423,0.00840450448217977,0.5,0,0.5,0,1,0,0.000719330822498905,0,0,0,0,2
57,41.5894028308611,0.92,0.306666666666667,0.613333333333333,0.6,0,0,0,0,0,0.00840354097700728,0.00840461144449823,0.5,0,0.5,0,1,0,0.000719330822498905,0,0,0,0,2
58,41.5894028308611,0.92,0.306666666666667,0.613333333333333,0.6,0,0,0,0,0,0.00840359623977149,0.00840471827317288,0.5,0,0.5,0,1,0,0.000719330822498905,0,0,0,0,2
59,41.5894028308611,0.92,0.306666666666667,0.613333333333333,0.6,0,0,0,0,0,0.00840365749539148,0.00840482406847444,0.5,0,0.5,0,1,0,0.000719330822498905,0,0,0,0,2
60,41.5894028308611,0.92,0.306666666666667,0.613333333333333,0.6,0,0,0,0,0,0.00840372445832915,0.00840492807591956,0.5,0,0.5,0,1,0,0.000719330822498905,0,0,0,0,2
61,41.5894028308611,0.92,0.306666666666667,0.613333333333333,0.6,0,0,0,0,0,0.00840379709800131,0.00840502969857517,0.5,0,0.5,0,1,0,0.000719330822498905,0,0,0,0,2
62,41.5894028308611,0.92,0.306666666666667,0.613333333333333,0.6,0,0,0,0,0,0.008403875478575,0.00840512849421556,0.5,0,0.5,0,1,0,0.000719330822498905,0,0,0,0,2
63,41.5894028308611,0.92,0.306666666666667,0.613333333333333,0.6,0,0,0,0,0,0.0084039595994006,0.00840522416244735,0.5,0,0.5,0,1,0,0.000719330822498905,0,0,0,0,2
64,41.5894028308611,0.92,0.306666666666667,0.613333333333333,0.6,0,0,0,0,0,0.00840404927352821,0.0084053165255655,0.5,0,0.5,0,1,0,0.000719330822498905,0,0,0,0,2
65,41.5894028308611,0.92,0.306666666666667,0.613333333333333,0.6,0,0,0,0,0,0.00840414406395167,0.00840540550711385,0.5,0,0.5,0,1,0,0.000719330822498905,0,0,0,0,2
66,41.5894028308611,0.92,0.306666666666667,0.613333333333333,0.6,0,0,0,0,0,0.00840424328041583,0.00840549111052032,0.5,0,0.5,0,1,0,0.000719330822498905,0,0,0,0,2
67,41.5894028308611,0.92,0.306666666666667,0.613333333333333,0.6,0,0,0,0,0,0.00840434602459871,0.00840557339933231,0.5,0,0.5,0,1,0,0.000719330822498905,0,0,0,0,2
68,41.5894028308611,0.92,0.306666666666667,0.613333333333333,0.6,0,0,0,0,0,0.00840445126452975,0.00840565248018083,0.5,0,0.5,0,1,0,0.000719330822498905,0,0,0,0,2
69,41.5894028308611,0.92,0.306666666666667,0.613333333333333,0.6,0,0,0,0,0,0.00840455791885299,0.00840572848849773,0.5,0,0.5,0,1,0,0.000719330822498905,0,0,0,0,2
70,41.5894028308611,0.92,0.306666666666667,0.613333333333333,0.6,0,0,0,0,0,0.00840466493490923,0.00840580157713015,0.5,0,0.5,0,1,0,0.000719330822498905,0,0,0,0,2
71,41.5894028308611,0.92,0.306666666666667,0.613333333333333,0.6,0,0,0,0,0,0.00840477135078537,0.00840587190753038,0.5,0,0.5,0,1,0,0.000719330822498905,0,0,0,0,2
72,41.5894028308611,0.92,0.306666666666667,0.613333333333333,0.6,0,0,0,0,0,0.00840487633670695,0.00840593964312426,0.5,0,0.5,0,1,0,0.000719330822498905,0,0,0,0,2
73,41.5894028308611,0.92,0.306666666666667,0.613333333333333,0.6,0,0,0,0,0,0.00840497921650049,0.00840600494456691,0.5,0,0.5,0,1,0,0.000719330822498905,0,0,0,0,2
74,41.5894028308611,0.92,0.306666666666667,0.613333333333333,0.6,0,0,0,0,0,0.00840507947166757,0.00840606796644163,0.5,0,0.5,0,1,0,0.000719330822498905,0,0,0,0,2
75,41.5894028308611,0.92,0.306666666666667,0.613333333333333,0.6,0,0,0,0,0,0.00840517673299013,0.00840612885513536,0.5,0,0.5,0,1,0,0.000719330822498905,0,0,0,0,2
76,41.5894028308611,0.92,0.306666666666667,0.613333333333333,0.6,0,0,0,0,0,0.00840527076404324,0.00840618774760916,0.5,0,0.5,0,1,0,0.000719330822498905,0,0,0,0,2
77,41.5894028308611,0.92,0.306666666666667,0.613333333333333,0.6,0,0,0,0,0,0.00840536144045043,0.00840624477083991,0.5,0,0.5,0,1,0,0.000719330822498905,0,0,0,0,2
78,41.5894028308611,0.92,0.306666666666667,0.613333333333333,0.6,0,0,0,0,0,0.00840544872830937,0.00840630004177125,0.5,0,0.5,0,1,0,0.000719330822498905,0,0,0,0,2
79,41.5894028308611,0.92,0.306666666666667,0.613333333333333,0.6,0,0,0,0,0,0.00840553266341472,0.00840635366762081,0.5,0,0.5,0,1,0,0.000719330822498905,0,0,0,0,2
80,41.5894028308611,0.92,0.306666666666667,0.613333333333333,0.6,0,0,0,0,0,0.00840561333281459,0.00840640574643325,0.5,0,0.5,0,1,0,0.000719330822498905,0,0,0,0,2
81,41.5894028308611,0.92,0.306666666666667,0.613333333333333,0.6,0,0,0,0,0,0.00840569085914663,0.00840645636777218,0.5,0,0.5,0,1,0,0.000719330822498905,0,0,0,0,2
82,41.5894028308611,0.92,0.306666666666667,0.613333333333333,0.6,0,0,0,0,0,0.00840576538779759,0.0084065056134754,0.5,0,0.5,0,1,0,0.000719330822498905,0,0,0,0,2
83,41.5894028308611,0.92,0.306666666666667,0.613333333333333,0.6,0,0,0,0,0,0.00840583707687791,0.00840655355839611,0.5,0,0.5,0,1,0,0.000719330822498905,0,0,0,0,2
84,41.5894028308611,0.92,0.306666666666667,0.613333333333333,0.6,0,0,0,0,0,0.00840590608952724,0.0084066002710868,0.5,0,0.5,0,1,0,0.000719330822498905,0,0,0,0,2
85,41.5894028308611,0.92,0.306666666666667,0.613333333333333,0.6,0,0,0,0,0,0.00840597258828062,0.00840664581439553,0.5,0,0.5,0,1,0,0.000719330822498905,0,0,0,0,2
86,41.5894028308611,0.92,0.306666666666667,0.613333333333333,0.6,0,0,0,0,0,0.00840603673109093,0.00840669024595518,0.5,0,0.5,0,1,0,0.000719330822498905,0,0,0,0,2
87,41.5894028308611,0.92,0.306666666666667,0.613333333333333,0.6,0,0,0,0,0,0.00840609866864569,0.0084067336185839,0.5,0,0.5,0,1,0,0.000719330822498905,0,0,0,0,2
88,41.5894028308611,0.92,0.306666666666667,0.613333333333333,0.6,0,0,0,0,0,0.00840615854272708,0.00840677598060105,0.5,0,0.5,0,1,0,0.000719330822498905,0,0,0,0,2
89,41.5894028308611,0.92,0.306666666666667,0.613333333333333,0.6,0,0,0,0,0,0.00840621648533791,0.00840681737608952,0.5,0,0.5,0,1,0,0.000719330822498905,0,0,0,0,2
90,41.5894028308611,0.92,0.306666666666667,0.613333333333333,0.6,0,0,0,0,0,0.00840627261841953,0.0084068578451318,0.5,0,0.5,0,1,0,0.000719330822498905,0,0,0,0,2
91,41.5894028308611,0.92,0.306666666666667,0.613333333333333,0.6,0,0,0,0,0,0.0084063270539961,0.0084068974240323,0.5,0,0.5,0,1,0,0.000719330822498905,0,0,0,0,2
92,41.5894028308611,0.92,0.306666666666667,0.613333333333333,0.6,0,0,0,0,0,0.00840637989461888,0.00840693614555623,0.5,0,0.5,0,1,0,0.000719330822498905,0,0,0,0,2
93,41.5894028308611,0.92,0.306666666666667,0.613333333333333,0.6,0,0,0,0,0,0.0084064312339999,0.00840697403918378,0.5,0,0.5,0,1,0,0.000719330822498905,0,0,0,0,2
94,41.5894028308611,0.92,0.306666666666667,0.613333333333333,0.6,0,0,0,0,0,0.00840648115774458,0.00840701113138778,0.5,0,0.5,0,1,0,0.000719330822498905,0,0,0,0,2
95,41.5894028308611,0.92,0.306666666666667,0.613333333333333,0.6,0,0,0,0,0,0.0084065297441089,0.00840704744593406,0.5,0,0.5,0,1,0,0.000719330822498905,0,0,0,0,2
96,41.5894028308611,0.92,0.306666666666667,0.613333333333333,0.6,0,0,0,0,0,0.00840657706471471,0.00840708300419139,0.5,0,0.5,0,1,0,0.000719330822498905,0,0,0,0,2
97,41.5894028308611,0.92,0.306666666666667,0.613333333333333,0.6,0,0,0,0,0,0.00840662318519471,0.00840711782544951,0.5,0,0.5,0,1,0,0.000719330822498905,0,0,0,0,2
98,41.5894028308611,0.92,0.306666666666667,0.613333333333333,0.6,0,0,0,0,0,0.00840666816573411,0.00840715192723026,0.5,0,0.5,0,1,0,0.000719330822498905,0,0,0,0,2
99,41.5894028308611,0.92,0.306666666666667,0.613333333333333,0.6,0,0,0,0,0,0.00840671206151373,0.00840718532558503,0.5,0,0.5,0,1,0,0.000719330822498905,0,0,0,0,2
100,41.5884807251422,0.842742569586413,0.261341242655799,0.622508110188707,0.6,0,0,0,0,0,0.00840675492306735,0.00716462872383314,0.5,0.5,0.5,0.5,0,1,0.000719330822498905,0,0,0,0,2
101,37.1404959250401,0.842825519965545,0.261375992176872,0.622473871287928,0.6,0,0,0,0,0,0.00840679679656502,0.00716560868040104,0.5,0.499640463916947,0.5,0.499813041236812,0.000546494846240808,0.999280927833894,0.000719330822498905,0,0,0,0,2
102,33.6744034741841,0.842908323328213,0.261410689816836,0.622439708124882,0.6,0,0,0,0,0,0.00840683772406155,0.00716658665805078,0.5,0.499281186366284,0.5,0.499626216910467,0.00109259672324891,0.998562372732567,0.000719330822498905,0,0,0,0,2
103,30.9877864033564,0.842990980043549,0.261445335691551,0.622405620487062,0.6,0,0,0,0,0,0.00840687774372193,0.0071675626704991,0.5,0.498922167162107,0.5,0.499439526924296,0.00163830591359715,0.997844334324214,0.000719330822498905,0,0,0,0,2
104,28.9056185484191,0.843073490479456,0.261479929916508,0.622371608162701,0.6,0,0,0,0,0,0.00840691689004993,0.00716853673112995,0.5,0.498563406118647,0.5,0.499252971181697,0.002183622699656,0.997126812237295,0.000719330822498905,0,0,0,0,2
105,27.2922301899358,0.843155855002612,0.261514472606839,0.622337670940771,0.6,0,0,0,0,0,0.00840695519413548,0.00716950885310028,0.5,0.498204903050268,0.5,0.499066549586139,0.00272854736359229,0.996409806100537,0.000719330822498905,0,0,0,0,2
106,26.042448592122,0.843238073978473,0.261548963877309,0.622303808610977,0.6,0,0,0,0,0,0.00840699268391848,0.00717047904942104,0.5,0.497846657771467,0.5,0.498880262041163,0.00327308018737005,0.995693315542934,0.000719330822498905,0,0,0,0,2
107,25.0747294031723,0.843320147771282,0.261583403842326,0.622270020963758,0.6,0,0,0,0,0,0.00840702938448013,0.0071714473330187,0.5,0.497488670096875,0.5,0.498694108450375,0.00381722145275065,0.994977340193749,0.000719330822498905,0,0,0,0,2
108,24.3258432622649,0.843402076744069,0.261617792615937,0.622236307790282,0.6,0,0,0,0,0,0.00840706531834823,0.0071724137167756,0.5,0.497130939841255,0.5,0.498508088717452,0.00436097144129294,0.994261879682509,0.000719330822498905,0,0,0,0,2
109,23.7467551240367,0.84348386125866,0.261652130311833,0.622202668882442,0.6,0,0,0,0,0,0.00840710050581236,0.00717337821355621,0.5,0.496773466819504,0.5,0.498322202746142,0.00490433043435318,0.993546933639009,0.000719330822498905,0,0,0,0,2
110,23.2994325696138,0.843565501675682,0.261686417043346,0.622169104032852,0.6,0,0,0,0,0,0.00840713496524026,0.00717434083622225,0.5,0.496416250846654,0.5,0.49813645044026,0.0054472987130853,0.992832501693309,0.000719330822498905,0,0,0,0,2
111,22.9543744625702,0.843646998354566,0.261720652923455,0.622135613034848,0.6,0,0,0,0,0,0.00840716871338236,0.00717530159763417,0.5,0.496059291737868,0.5,0.497950831703691,0.00598987655844113,0.992118583475735,0.000719330822498905,0,0,0,0,2
112,22.6886944723894,0.843728351653551,0.261754838064786,0.622102195682481,0.6,0,0,0,0,0,0.00840720176566026,0.00717676391995958,0.5,0.495702589308441,0.5,0.497765346440389,0.00653206425117031,0.991405178616881,0.000719330822498905,0,0,0,0,2
113,22.4846348389875,0.843809561929692,0.261788972579611,0.622068851770516,0.6,0,0,0,0,0,0.00716511895035552,0.00719041443395329,0.5,0.495346143373802,0.5,0.497579994554377,0.00707386207182092,0.990692286747604,0.000719330822498905,0,0,0,0,2
114,22.3284160818817,0.843890629538866,0.261823056579853,0.622035581094429,0.6,0,0,0,0,0,0.00716609791572423,0.00719588714214899,0.5,0.494989953749514,0.5,0.497394775949747,0.00761527030073911,0.989979907499028,0.000719330822498905,0,0,0,0,2
115,22.2093445433049,0.843971554835769,0.261857090177086,0.622002383450403,0.6,0,0,0,0,0,0.0071670749090824,0.00719631813026142,0.5,0.49463402025127,0.5,0.49720969053066,0.00815628921806927,0.98926804050254,0.000719330822498905,0,0,0,0,2
116,22.1191200172611,0.844052338173932,0.261891073482536,0.621969258635326,0.6,0,0,0,0,0,0.0071680499439651,0.00719322938429305,0.5,0.494278342694898,0.5,0.497024738201347,0.00869691910375464,0.988556685389797,0.000719330822498905,0,0,0,0,2
117,22.0512991958886,0.844132979905715,0.261925006607081,0.621936206446786,0.6,0,0,0,0,0,0.00716902303363188,0.0071875238842025,0.5,0.493922920896357,0.5,0.496839918866106,0.00923716023753712,0.987845841792714,0.000719330822498905,0,0,0,0,2
118,22.0008808533929,0.844213480382321,0.261958889661256,0.621903226683072,0.6,0,0,0,0,0,0.00716999419115748,0.00717979505669097,0.5,0.493567754671739,0.5,0.496655232429304,0.00977701289895727,0.987135509343477,0.000719330822498905,0,0,0,0,2
119,21.9639801500567,0.844293839953794,0.261992722755253,0.621870319143167,0.6,0,0,0,0,0,0.00717096342950464,0.00717045455954071,0.5,0.493212843837267,0.5,0.496470678795379,0.0103164773673547,0.986425687674533,0.000719330822498905,0,0,0,0,2
120,21.9375814821256,0.844374058969027,0.26202650599892,0.621837483626748,0.6,0,0,0,0,0,0.00717193076157277,0.00715979864500266,0.5,0.492858188209297,0.5,0.496286257868834,0.0108555539218685,0.985716376418594,0.000719330822498905,0,0,0,0,2
121,21.9193425686943,0.844454137775768,0.262060239501765,0.62180471993418,0.6,0,0,0,0,0,0.00717289620023404,0.00714805052187807,0.5,0.492503787604318,0.5,0.496101969554245,0.0113942428414365,0.985007575208636,0.000719330822498905,0,0,0,0,2
122,21.9074441049317,0.844534076720621,0.262093923372956,0.621772027866517,0.6,0,0,0,0,0,0.00717385975835021,0.00713538667701848,0.5,0.49214964183895,0.5,0.495917813756254,0.0119325444047961,0.9842992836779,0.000719330822498905,0,0,0,0,2
123,21.9004728268583,0.844613876149053,0.262127557721324,0.621739407225497,0.6,0,0,0,0,0,0.00717482144878148,0.00712195395401026,0.5,0.491795750729944,0.5,0.495733790379571,0.0124704588904846,0.983591501459889,0.000719330822498905,0,0,0,0,2
124,21.8973307524078,0.844693536405398,0.262161142655362,0.621706857813539,0.6,0,0,0,0,0,0.00717578128438663,0.00710788018641735,0.5,0.491442114094185,0.5,0.495549899328976,0.0130079865768388,0.98288422818837,0.000719330822498905,0,0,0,0,2
125,21.8971647460887,0.844773057832862,0.262194678283229,0.621674379433739,0.6,0,0,0,0,0,0.00718489878167779,0.00709328044873772,0.5,0.491088731748687,0.5,0.495366140509317,0.0135451277419951,0.982177463497375,0.000719330822498905,0,0,0,0,2
126,21.8993118396318,0.844852440773529,0.262228164712749,0.62164197188987,0.6,0,0,0,0,0,0.0071939190232383,0.00707826041657719,0.5,0.490735603510598,0.5,0.495182513825511,0.0140818826638903,0.981471207021197,0.000719330822498905,0,0,0,0,2
127,21.9032567829791,0.844931685568361,0.262261602051414,0.621609634986379,0.6,0,0,0,0,0,0.00719661701307579,0.00706291788779604,0.5,0.490382729197197,0.5,0.494999019182542,0.0146182516202611,0.980765458394393,0.000719330822498905,0,0,0,0,2
128,21.9085990839322,0.845010792557208,0.262294990406384,0.621577368528381,0.6,0,0,0,0,0,0.00719514797580193,0.00704734271741765,0.5,0.490030108625892,0.5,0.494815656485464,0.0151542348886448,0.980060217251783,0.000719330822498905,0,0,0,0,2
129,21.915027411982,0.84508976207881,0.262328329884489,0.621545172321658,0.6,0,0,0,0,0,0.0071906613051204,0.00703161379247685,0.5,0.489677741614225,0.5,0.494632425639397,0.0156898327463785,0.979355483228449,0.000719330822498905,0,0,0,0,2
130,21.9222997196464,0.845168594470801,0.26236162059223,0.621513046172659,0.6,0,0,0,0,0,0.00718388319008446,0.00701579289132021,0.5,0.489325627979868,0.5,0.494449326549531,0.0162250454706005,0.978651255959736,0.000719330822498905,0,0,0,0,2
131,21.9302278030441,0.845247290069715,0.262394862635781,0.621480989888492,0.6,0,0,0,0,0,0.00717530564992013,0.00699992046556671,0.5,0.488973767540625,0.5,0.494266359121125,0.0167598733382497,0.97794753508125,0.000719330822498905,0,0,0,0,2
132,21.9386653053483,0.845325849210989,0.262428056120991,0.621449003276925,0.6,0,0,0,0,0,0.00716527573517772,0.0069840189064826,0.5,0.488622160114431,0.5,0.494083523259504,0.0172943166260656,0.977244320228861,0.000719330822498905,0,0,0,0,2
133,21.9474983987778,0.84540427222897,0.262461201153382,0.621417086146383,0.6,0,0,0,0,0,0.00715404922960188,0.00696810202763132,0.5,0.48827080551935,0.5,0.493900818870062,0.0178283756105887,0.976541611038699,0.000719330822498905,0,0,0,0,2
134,21.9566385446803,0.845482559456914,0.262494297838154,0.621385238305943,0.6,0,0,0,0,0,0.00714182334670779,0.00695218506791965,0.5,0.487919703573578,0.5,0.493718245858261,0.018362050568161,0.975839407147156,0.000719330822498905,0,0,0,0,2
135,21.9660168671244,0.845560711226998,0.262527346280184,0.621353459565335,0.6,0,0,0,0,0,0.00712875808143508,0.00693629060801907,0.5,0.487568854095444,0.5,0.493535804129631,0.0188953417749257,0.975137708190887,0.000719330822498905,0,0,0,0,2
136,21.9755797799887,0.845638727870317,0.262560346584028,0.621321749734933,0.6,0,0,0,0,0,0.00711498975921368,0.00692044934912019,0.5,0.487218256903403,0.5,0.49335349358977,0.0194282495068272,0.974436513806806,0.000719330822498905,0,0,0,0,2
137,21.9852855878899,0.845716609716896,0.262593298853923,0.621290108625762,0.6,0,0,0,0,0,0.00710063926270681,0.00690469736547409,0.5,0.486867911816045,0.5,0.493171314144343,0.0199607740396115,0.97373582363209,0.000719330822498905,0,0,0,0,2
138,21.9951018439285,0.845794357095686,0.262626203193786,0.621258536049484,0.6,0,0,0,0,0,0.00708581668050217,0.00688907210997706,0.5,0.486517818652088,0.5,0.492989265699086,0.0204929156488265,0.973035637304176,0.000719330822498905,0,0,0,0,2
139,22.0050032952581,0.845871970334575,0.26265905970722,0.621227031818406,0.6,0,0,0,0,0,0.0070706236460438,0.00687360884260473,0.5,0.48616797723038,0.5,0.492807348159798,0.0210246746098218,0.972335954460761,0.000719330822498905,0,0,0,0,2
140,22.014970285613,0.845949449760388,0.262691868497508,0.62119559574547,0.6,0,0,0,0,0,0.00705515413109886,0.00685833823630388,0.5,0.485818387369902,0.5,0.492625561432349,0.0215560511977493,0.971636774739803,0.000719330822498905,0,0,0,0,2
141,22.0249875132824,0.846026795698896,0.26272462966762,0.621164227644253,0.6,0,0,0,0,0,0.00703949313708689,0.00684328524960961,0.5,0.485469048889761,0.5,0.492443905422676,0.0220870456875627,0.970938097779523,0.000719330822498905,0,0,0,0,2
142,22.0350430650891,0.846104008474815,0.262757343320215,0.621132927328965,0.6,0,0,0,0,0,0.00702371180574417,0.00682846902249687,0.5,0.485119961609199,0.5,0.492262380036783,0.0226176583540181,0.970239923218397,0.000719330822498905,0,0,0,0,2
143,22.0451276649641,0.846181088411813,0.262790009557636,0.621101694614444,0.6,0,0,0,0,0,0.00700786138876222,0.00681390339561881,0.5,0.484771125347583,0.5,0.492080985180743,0.0231478894716741,0.969542250695166,0.000719330822498905,0,0,0,0,2
144,22.0552340893839,0.846258035832514,0.262822628481918,0.621070529316157,0.6,0,0,0,0,0,0.00699197239209226,0.00679959762831546,0.5,0.484422539924413,0.5,0.491899720760695,0.0236777393148918,0.968845079848827,0.000719330822498905,0,0,0,0,2
145,22.0653567125552,0.846334851058503,0.262855200194783,0.621039431250194,0.6,0,0,0,0,0,0.00697606155873556,0.0067855570391284,0.5,0.484074205159319,0.5,0.491718586682846,0.0242072081578348,0.968148410318638,0.000719330822498905,0,0,0,0,2
146,22.0754911525537,0.846411534410328,0.262887724797647,0.621008400233269,0.6,0,0,0,0,0,0.00696014235055438,0.00677178350880527,0.5,0.483726120872059,0.5,0.491537582853471,0.0247362962744703,0.967452241744118,0.000719330822498905,0,0,0,0,2
147,22.0856339958956,0.846488086207507,0.262920202391619,0.620977436082712,0.6,0,0,0,0,0,0.00694423327580086,0.00675827591919464,0.5,0.483378286882521,0.5,0.491356709178911,0.0252650039385675,0.966756573765043,0.000719330822498905,0,0,0,0,2
148,22.0957825832182,0.846564506768528,0.262952633077499,0.620946538616473,0.6,0,0,0,0,0,0.00692836115354142,0.00674503061117786,0.5,0.483030703010724,0.5,0.491175965565576,0.0257933314236996,0.966061406021448,0.000719330822498905,0,0,0,0,2
149,22.1059348424646,0.846640796410858,0.262985016955786,0.620915707653115,0.6,0,0,0,0,0,0.00691255984257811,0.00673204188951263,0.5,0.482683369076814,0.5,0.490995351919943,0.0263212790032424,0.965366738153628,0.000719330822498905,0,0,0,0,2
150,22.1160891590202,0.846716955450945,0.263017354126672,0.620884943011812,0.6,0,0,0,0,0,0.00689686660707772,0.00671930254981625,0.5,0.482336284901069,0.5,0.490814868148556,0.0268488469503758,0.964672569802137,0.000719330822498905,0,0,0,0,2
151,22.126244274602,0.84679298420422,0.263049644690047,0.620854244512347,0.6,0,0,0,0,0,0.00688131818430715,0.00670680438156104,0.5,0.481989450303893,0.5,0.490634514158024,0.0273760355380825,0.963978900607786,0.000719330822498905,0,0,0,0,2
152,22.1363992085267,0.846868882985105,0.263081888745503,0.620823611975114,0.6,0,0,0,0,0,0.00686594775775691,0.00669453860719341,0.5,0.481642865105823,0.5,0.490454289855028,0.0279028450391496,0.963285730211645,0.000719330822498905,0,0,0,0,2
153,22.1465531963957,0.846944652107013,0.263114086392326,0.620793045221105,0.6,0,0,0,0,0,0.00685078321217859,0.00668249623595735,0.5,0.481296529127521,0.5,0.490274195146311,0.0284292757261676,0.962593058255043,0.000719330822498905,0,0,0,0,2
154,22.1567056423462,0.847020291882357,0.263146237729507,0.620762544071918,0.6,0,0,0,0,0,0.00683584656031936,0.00667066832917497,0.5,0.480950442189782,0.5,0.490094229938687,0.0289553278715312,0.961900884379564,0.000719330822498905,0,0,0,0,2
155,22.166856081858,0.847095802622547,0.26317834285574,0.62073210834975,0.6,0,0,0,0,0,0.00682115420617356,0.00665904618623379,0.5,0.480604604113527,0.5,0.489914394139034,0.0294810017474393,0.961209208227054,0.000719330822498905,0,0,0,0,2
156,22.1770041527827,0.847171184638001,0.263210401869418,0.620701737877394,0.6,0,0,0,0,0,0.00680671761109703,0.0066476214659389,0.5,0.480259014719806,0.5,0.489734687654299,0.0300062976258945,0.960518029439613,0.000719330822498905,0,0,0,0,2
157,22.1871495727721,0.847246438238146,0.263242414868643,0.620671432478237,0.6,0,0,0,0,0,0.00679254399344084,0.00663638625882761,0.5,0.4799136738298,0.5,0.489555110391496,0.0305312157787047,0.959827347659599,0.000719330822498905,0,0,0,0,2
158,22.1972921216896,0.847321563731422,0.263274381951219,0.620641191976259,0.6,0,0,0,0,0,0.00677863689629301,0.00662533312413957,0.5,0.479568581264815,0.5,0.489375662257704,0.0310557564774816,0.959137162529629,0.000719330822498905,0,0,0,0,2
159,22.2074316279042,0.847396561425284,0.26330630321466,0.620611016196031,0.6,0,0,0,0,0,0.00676499664628167,0.00661445510217677,0.5,0.479223736846288,0.5,0.48919634316007,0.0315799199936422,0.958447473692576,0.000719330822498905,0,0,0,0,2
160,22.2175679576019,0.847471431626209,0.263338178756186,0.620580904962708,0.6,0,0,0,0,0,0.00675162079446657,0.00660374570975117,0.5,0.478879140395784,0.5,0.489017153005808,0.0321037065984077,0.957758280791569,0.000719330822498905,0,0,0,0,2
161,22.2277010064595,0.8475461746397,0.263370008672725,0.620550858102033,0.6,0,0,0,0,0,0.00673850459814981,0.00659319892388591,0.5,0.478534791734997,0.5,0.488838091702198,0.0326271165628047,0.957069583469994,0.000719330822498905,0,0,0,0,2
162,22.2378306931579,0.847620790770287,0.263401793060917,0.62052087544033,0.6,0,0,0,0,0,0.00672564154205622,0.00658280915724847,0.5,0.478190690685747,0.5,0.488659159156588,0.033150150157665,0.956381381371494,0.000719330822498905,0,0,0,0,2
163,22.247956954323,0.847695280321533,0.263433532017114,0.620490956804503,0.6,0,0,0,0,0,0.0067130238591305,0.00657257122798322,0.5,0.477846837069983,0.5,0.488480355276391,0.0336728076536252,0.955693674139967,0.000719330822498905,0,0,0,0,2
164,22.2580797405801,0.847769643596038,0.263465225637378,0.620461102022035,0.6,0,0,0,0,0,0.00670064300555091,0.00656248032640599,0.5,0.477503230709784,0.5,0.488301679969088,0.0341950893211277,0.955006461419569,0.000719330822498905,0,0,0,0,2
165,22.2681990134771,0.84784388089544,0.263496874017486,0.620431310920984,0.6,0,0,0,0,0,0.00668849005857877,0.00655253198103809,0.5,0.477159871427355,0.5,0.488123133142225,0.0347169954304202,0.95431974285471,0.000719330822498905,0,0,0,0,2
166,22.2783147430848,0.847917992520424,0.26352847725293,0.62040158332998,0.6,0,0,0,0,0,0.00667655602557735,0.00654272202627592,0.5,0.476816759045029,0.5,0.487944714703415,0.035238526251556,0.953633518090058,0.000719330822498905,0,0,0,0,2
167,22.2884269061218,0.847991978770721,0.263560035438915,0.620371919078225,0.6,0,0,0,0,0,0.0066648320680447,0.0065330465734433,0.5,0.476473893385267,0.5,0.487766424560339,0.0357596820543948,0.952947786770533,0.000719330822498905,0,0,0,0,2
168,22.2985354844898,0.848065839945112,0.263591548670367,0.620342317995491,0.6,0,0,0,0,0,0.00665330965331046,0.00652350198614824,0.5,0.476131274270657,0.5,0.487588262620742,0.0362804631086015,0.952262548541314,0.000719330822498905,0,0,0,0,2
169,22.3086404641417,0.848139576341437,0.263623017041927,0.620312779912113,0.6,0,0,0,0,0,0.00664198064951559,0.00651408485996526,0.5,0.475788901523916,0.5,0.487410228792436,0.0368008696836475,0.951577803047832,0.000719330822498905,0,0,0,0,2
170,22.3187418341935,0.848213188256592,0.263654440647955,0.620283304658992,0.6,0,0,0,0,0,0.00663083737869294,0.00650479200577502,0.5,0.475446774967888,0.5,0.487232322983302,0.0373209020488103,0.950893549935776,0.000719330822498905,0,0,0,0,2
171,22.3288395862311,0.848286675986537,0.263685819582533,0.620253892067591,0.6,0,0,0,0,0,0.00661987264028042,0.00649562043570521,0.5,0.475104894425543,0.5,0.487054545101283,0.0378405604731739,0.950209788851087,0.000719330822498905,0,0,0,0,2
172,22.3389337137687,0.848360039826297,0.263717153939462,0.620224541969931,0.6,0,0,0,0,0,0.0066090797142346,0.00648656735056991,0.5,0.474763259719981,0.5,0.48687689505439,0.0383598452256286,0.949526519439962,0.000719330822498905,0,0,0,0,2
173,22.3490242118268,0.84843328006997,0.263748443812266,0.620195254198591,0.6,0,0,0,0,0,0.00659845235008788,0.0064776301279029,0.5,0.474421870674427,0.5,0.486699372750702,0.0388787565748716,0.948843741348853,0.000719330822498905,0,0,0,0,2
174,22.3591110765991,0.848506397010725,0.263779689294194,0.620166028586705,0.6,0,0,0,0,0,0.0065879847461581,0.00646880630999778,0.5,0.474080727112233,0.5,0.486521978098361,0.0393972947894066,0.948161454224465,0.000719330822498905,0,0,0,0,2
175,22.3691943051899,0.848579390940808,0.263810890478216,0.62013686496796,0.6,0,0,0,0,0,0.0065776715218758,0.00646009359169317,0.5,0.473739828856879,0.5,0.486344711005577,0.0399154601375445,0.947479657713757,0.000719330822498905,0,0,0,0,2
176,22.3792738954198,0.84865226215155,0.26384204745703,0.620107763176593,0.6,0,0,0,0,0,0.00656750768573537,0.00645148980789061,0.5,0.473399175731972,0.5,0.486167571380625,0.0404332528874031,0.946798351463943,0.000719330822498905,0,0,0,0,2
177,22.3893498456702,0.848725010933362,0.263873160323059,0.620078723047389,0.6,0,0,0,0,0,0.00655748860135292,0.0064429929209562,0.5,0.473058767561245,0.5,0.485990559131847,0.0409506733069075,0.94611753512249,0.000719330822498905,0,0,0,0,2
178,22.3994221547608,0.848797637575746,0.263904229168455,0.62004974441568,0.6,0,0,0,0,0,0.00654760995405037,0.00643460100823064,0.5,0.472718604168559,0.5,0.485813674167651,0.0414677216637899,0.945437208337119,0.000719330822498905,0,0,0,0,2
179,22.4094908218539,0.848870142367294,0.263935254085098,0.620020827117341,0.6,0,0,0,0,0,0.00653786772004668,0.00642631224988307,0.5,0.472378685377901,0.5,0.485636916396509,0.0419843982255905,0.944757370755802,0.000719330822498905,0,0,0,0,2
180,22.4195558463796,0.848942525595696,0.263966235164596,0.619991970988789,0.6,0,0,0,0,0,0.00652825813960718,0.00641812491732555,0.5,0.472039011013384,0.5,0.48546028572696,0.0425007032596566,0.944078022026768,0.000719330822498905,0,0,0,0,2
181,22.4296172279749,0.849014787547738,0.26399717249829,0.619963175866981,0.6,0,0,0,0,0,0.00651877769461094,0.00641003736236884,0.5,0.471699580899248,0.5,0.485283782067609,0.0430166370331435,0.943399161798495,0.000719330822498905,0,0,0,0,2
182,22.4396749664316,0.849086928509311,0.264028066177251,0.619934441589413,0.6,0,0,0,0,0,0.00650942309017894,0.00640204800726362,0.5,0.471360394859859,0.5,0.485107405327127,0.0435321998130143,0.942720789719718,0.000719330822498905,0,0,0,0,2
183,22.4497290616682,0.849158948765409,0.264058916292283,0.619905767994111,0.6,0,0,0,0,0,0.00650019123945502,0.00639415533572318,0.5,0.47102145271971,0.5,0.484931155414249,0.0440473918660402,0.942042905439421,0.000719330822498905,0,0,0,0,2
184,22.4597795137033,0.849230848600139,0.264089722933923,0.61987715491964,0.6,0,0,0,0,0,0.00649107925042634,0.0063863578849862,0.5,0.470682754303421,0.5,0.484755032237779,0.0445622134588006,0.941365508606841,0.000719330822498905,0,0,0,0,2
185,22.4698263226341,0.849302628296717,0.264120486192446,0.619848602205093,0.6,0,0,0,0,0,0.00648208441375317,0.00637865423893595,0.5,0.470344299435735,0.5,0.484579035706582,0.0450766648576831,0.94068859887147,0.000719330822498905,0,0,0,0,2
186,22.4798694886193,0.849374288137479,0.264151206157858,0.619820109690093,0.6,0,0,0,0,0,0.00647320419085734,0.00637104302225154,0.5,0.470006087941524,0.5,0.484403165729592,0.0455907463288839,0.940012175883048,0.000719330822498905,0,0,0,0,2
187,22.4899090118659,0.849445828403879,0.264181882919904,0.619791677214788,0.6,0,0,0,0,0,0.00646443620185003,0.00636352289553554,0.5,0.469668119645784,0.5,0.484227422215808,0.0461044581384076,0.939336239291569,0.000719330822498905,0,0,0,0,2
188,22.4999448926151,0.849517249376494,0.264212516568068,0.619763304619852,0.6,0,0,0,0,0,0.00645577821317257,0.00635609255133663,0.5,0.46933039437364,0.5,0.484051805074293,0.0466178005520677,0.938660788747279,0.000719330822498905,0,0,0,0,2
189,22.5099771311292,0.849588551335029,0.26424310719157,0.619734991746483,0.6,0,0,0,0,0,0.00644722812503222,0.00634875071096986,0.5,0.468992911950338,0.5,0.483876314214176,0.0471307738354864,0.937985823900676,0.000719330822498905,0,0,0,0,2
190,22.5200057276928,0.849659734558318,0.264273654879372,0.619706738436398,0.6,0,0,0,0,0,0.00643878395882768,0.00634149612202542,0.5,0.468655672201253,0.5,0.483700949544652,0.0476433782540951,0.937311344402506,0.000719330822498905,0,0,0,0,2
191,22.5300306826086,0.849730799324329,0.264304159720174,0.619678544531831,0.6,0,0,0,0,0,0.00643044384480267,0.00633432755646013,0.5,0.468318674951885,0.5,0.48352571097498,0.0481556140731341,0.936637349903771,0.000719330822498905,0,0,0,0,2
192,22.5400519961941,0.849801745910165,0.264334621802421,0.619650409875536,0.6,0,0,0,0,0,0.00642220601015413,0.00632724380916785,0.5,0.46798192002786,0.5,0.483350598414487,0.0486674815576533,0.935963840055719,0.000719330822498905,0,0,0,0,2
193,22.550069668778,0.849872574592073,0.264365041214298,0.619622334310778,0.6,0,0,0,0,0,0.00641406876779651,0.0063202436969327,0.5,0.467645407254927,0.5,0.483175611772562,0.0491789809725115,0.935290814509853,0.000719330822498905,0,0,0,0,2
194,22.5600837006984,0.84994328564544,0.264395418043735,0.619594317681335,0.6,0,0,0,0,0,0.0064060305059455,0.00631332605768082,0.5,0.467309136458962,0.5,0.48300075095866,0.0496901125823775,0.934618272917924,0.000719330822498905,0,0,0,0,2
195,22.5700940922953,0.850013879344801,0.264425752378405,0.619566359831498,0.6,0,0,0,0,0,0.00639808967864025,0.00630648974995751,0.5,0.466973107465967,0.5,0.482826015882303,0.0502008766517297,0.933946214931935,0.000719330822498905,0,0,0,0,2
196,22.580100843907,0.850084355963841,0.264456044305729,0.619538460606064,0.6,0,0,0,0,0,0.00639024479728246,0.00629973365256752,0.5,0.466637320102068,0.5,0.482651406453076,0.050711273444856,0.933274640204137,0.000719330822498905,0,0,0,0,2
197,22.5901039558758,0.8501547157754,0.264486293912871,0.619510619850335,0.6,0,0,0,0,0,0.00638249442322758,0.00629305666432726,0.5,0.466301774193516,0.5,0.482476922580629,0.0512213032258549,0.932603548387033,0.000719330822498905,0,0,0,0,2
198,22.6001034285478,0.850224959051472,0.264516501286746,0.61948283741012,0.6,0,0,0,0,0,0.00637483716142589,0.0062864577038904,0.5,0.465966469566688,0.5,0.482302564174678,0.0517309662586344,0.931932939133376,0.000719330822498905,0,0,0,0,2
199,22.6100992622722,0.850295086063213,0.264546666514016,0.619455113131729,0.6,0,0,0,0,0,0.00636727165506985,0.00627993570961531,0.5,0.465631406048084,0.5,0.482128331145004,0.0522402628069127,0.931262812096167,0.000719330822498905,0,0,0,0,2
200,22.6200914574011,0.85036509708094,0.264576789681091,0.619427446861972,0.6,0,0,0,0,0,0.00635979658118031,0.00627348963945194,0.5,0.46529658346433,0.5,0.481954223401451,0.0527491931342192,0.930593166928659,0.000719330822498905,0,0,0,0,2
201,22.6300800142881,0.850434992374139,0.264606870874133,0.619399838448158,0.6,0,0,0,0,0,0.0063524106470408,0.00626711847083198,0.5,0.464962001642176,0.5,0.481780240853931,0.0532577575038926,0.929924003284352,0.000719330822498905,0,0,0,0,2
202,22.6400649332816,0.850504772211465,0.264636910179055,0.619372287738093,0.6,0,0,0,0,0,0.00634511258737572,0.00626082120055271,0.5,0.464627660408498,0.5,0.481606383412419,0.0537659561790831,0.929255320816996,0.000719330822498905,0,0,0,0,2
203,22.6500462147255,0.850574436860744,0.264666907681521,0.619344794580076,0.6,0,0,0,0,0,0.00633790116216429,0.00625459684464724,0.5,0.464293559590295,0.5,0.481432650986953,0.0542737894227515,0.92858711918059,0.000719330822498905,0,0,0,0,2
204,22.6600238589653,0.85064398658898,0.264696863466949,0.619317358822899,0.6,0,0,0,0,0,0.00633077515498429,0.00624844443823811,0.5,0.463959699014691,0.5,0.481259043487639,0.0547812574976693,0.927919398029383,0.000719330822498905,0,0,0,0,2
205,22.6699978663478,0.850713421662356,0.264726777620511,0.619289980315844,0.6,0,0,0,0,0,0.00632373337178567,0.00624236303537423,0.5,0.463626078508935,0.5,0.481085560824646,0.0552883606664192,0.927252157017869,0.000719330822498905,0,0,0,0,2
206,22.6799682372209,0.850782742346235,0.264756650227134,0.619262658908684,0.6,0,0,0,0,0,0.0063167746400021,0.00623635170885023,0.5,0.463292697900398,0.5,0.480912202908207,0.0557950991913951,0.926585395800796,0.000719330822498905,0,0,0,0,2
207,22.689934971934,0.85085194890517,0.2647864813715,0.619235394451675,0.6,0,0,0,0,0,0.00630989780792355,0.00623040955000888,0.5,0.462959557016577,0.5,0.48073896964862,0.0563014733348023,0.925919114033155,0.000719330822498905,0,0,0,0,2
208,22.6998980708353,0.850921041602897,0.264816271138048,0.619208186795561,0.6,0,0,0,0,0,0.00630310174426166,0.00622453566852714,0.5,0.462626655685094,0.5,0.480565860956249,0.0568074833586575,0.925253311370188,0.000719330822498905,0,0,0,0,2
209,22.709857534265,0.850990020702349,0.264846019610974,0.619181035791567,0.6,0,0,0,0,0,0.00629638533785192,0.00621872919218667,0.5,0.462293993733692,0.5,0.48039287674152,0.0573131295247884,0.924587987467384,0.000719330822498905,0,0,0,0,2
210,22.7198133625613,0.851058886465649,0.264875726874236,0.6191539412914,0.6,0,0,0,0,0,0.00628974749744734,0.00621298926662798,0.5,0.46196157099024,0.5,0.480220016914925,0.0578184120948355,0.92392314198048,0.000719330822498905,0,0,0,0,2
211,22.7297655560636,0.851127639154123,0.264905393011547,0.619126903147245,0.6,0,0,0,0,0,0.00628318715156886,0.00620731505508993,0.5,0.46162938728273,0.5,0.48004728138702,0.0583233313302505,0.92325877456546,0.000719330822498905,0,0,0,0,2
212,22.739714115112,0.851196279028293,0.264935018106382,0.619099921211766,0.6,0,0,0,0,0,0.00627670324838488,0.00620170573813492,0.5,0.461297442439278,0.5,0.479874670068425,0.0588278874922972,0.922594884878556,0.000719330822498905,0,0,0,0,2
213,22.749659040048,0.851264806347888,0.264964602241978,0.619072995338102,0.6,0,0,0,0,0,0.00627029475560076,0.00619616051336019,0.5,0.460965736288124,0.5,0.479702182869824,0.0593320808420514,0.921931472576248,0.000719330822498905,0,0,0,0,2
214,22.7596003312138,0.851333221371844,0.264994145501333,0.619046125379863,0.6,0,0,0,0,0,0.00626396066034646,0.00619067859509599,0.5,0.460634268657631,0.5,0.479529819701968,0.0598359116404016,0.921268537315261,0.000719330822498905,0,0,0,0,2
215,22.7695379889469,0.851401524358305,0.265023647967209,0.619019311191134,0.6,0,0,0,0,0,0.006257699969054,0.00618525921409171,0.5,0.460303039376284,0.5,0.479357580475668,0.0603393801480483,0.920606078752568,0.000719330822498905,0,0,0,0,2
216,22.7794720135782,0.851469715564631,0.265053109722131,0.618992552626468,0.6,0,0,0,0,0,0.00625151170731994,0.00617990161719078,0.5,0.459972048272694,0.5,0.479185465101801,0.0608424866255046,0.919944096545389,0.000719330822498905,0,0,0,0,2
217,22.7894024054384,0.851537795247395,0.265082530848389,0.618965849540888,0.6,0,0,0,0,0,0.00624539491975107,0.00617460506699521,0.5,0.459641295175595,0.5,0.479013473491309,0.0613452313330962,0.919282590351189,0.000719330822498905,0,0,0,0,2
218,22.7993291648598,0.851605763662391,0.265111911428039,0.618939201789879,0.6,0,0,0,0,0,0.00623934866979304,0.00616936884152238,0.5,0.459310779913841,0.5,0.478841605555197,0.0618476145309621,0.918621559827681,0.000719330822498905,0,0,0,0,2
219,22.8092522921753,0.851673621064635,0.265141251542902,0.618912609229395,0.6,0,0,0,0,0,0.00623337203954085,0.00616419223385547,0.5,0.458980502316412,0.5,0.478669861204534,0.0623496364790537,0.917961004632824,0.000719330822498905,0,0,0,0,2
220,22.8191717877193,0.851741367708368,0.265170551274569,0.618886071715851,0.6,0,0,0,0,0,0.00622746412953256,0.00615907455178908,0.5,0.458650462212411,0.5,0.478498240350454,0.0628512974371356,0.917300924424822,0.000719330822498905,0,0,0,0,2
221,22.8290876518254,0.851809003847058,0.265199810704397,0.618859589106121,0.6,0,0,0,0,0,0.00622162405852717,0.00615401511747212,0.5,0.458320659431062,0.5,0.478326742904152,0.0633525976647857,0.916641318862124,0.000719330822498905,0,0,0,0,2
222,22.838999884819,0.851876529733404,0.265229029913513,0.61883316125754,0.6,0,0,0,0,0,0.00621585096326696,0.0061490132670499,0.5,0.457991093801714,0.5,0.478155368776891,0.0638535374213952,0.915982187603427,0.000719330822498905,0,0,0,0,2
223,22.848908487023,0.851943945619339,0.265258208982813,0.618806788027901,0.6,0,0,0,0,0,0.00621014399822462,0.00614406835030616,0.5,0.457661765153836,0.5,0.477984117879995,0.0643541169661689,0.915323530307673,0.000719330822498905,0,0,0,0,2
224,22.8588134587613,0.852011251756035,0.265287347992965,0.618780469275449,0.6,0,0,0,0,0,0.00620450233533579,0.00613917973030747,0.5,0.457332673317023,0.5,0.477812990124852,0.0648543365581249,0.914665346634046,0.000719330822498905,0,0,0,0,2
225,22.8687148003592,0.852078448393899,0.265316447024408,0.618754204858887,0.6,0,0,0,0,0,0.00619892516371763,0.00613434678305151,0.5,0.45700381812099,0.5,0.477641985422915,0.0653541964560956,0.914007636241979,0.000719330822498905,0,0,0,0,2
226,22.878612512143,0.852145535782584,0.265345506157353,0.618727994637366,0.6,0,0,0,0,0,0.00619341168937288,0.00612956889712045,0.5,0.456675199395575,0.5,0.477471103685699,0.0658536969187266,0.913350398791149,0.000719330822498905,0,0,0,0,2
227,22.8885065944401,0.852212514170988,0.265374525471784,0.618701838470489,0.6,0,0,0,0,0,0.00618796113488156,0.00612484547334037,0.5,0.456346816970738,0.5,0.477300344824784,0.0663528382044781,0.912693633941476,0.000719330822498905,0,0,0,0,2
228,22.8983970475725,0.852279383807255,0.265403505047461,0.618675736218309,0.6,0,0,0,0,0,0.0061825727390812,0.00612017592444798,0.5,0.456018670676563,0.5,0.477129708751813,0.0668516205716239,0.912037341353127,0.000719330822498905,0,0,0,0,2
229,22.9082838718558,0.852346144938782,0.265432444963918,0.618649687741323,0.6,0,0,0,0,0,0.00617724575673652,0.00611555967476494,0.5,0.455690760343255,0.5,0.476959195378493,0.0673500442782525,0.91138152068651,0.000719330822498905,0,0,0,0,2
230,22.9181670676062,0.85241279781222,0.265461345300463,0.618623692900474,0.6,0,0,0,0,0,0.0061719794582002,0.00611099615987991,0.5,0.45536308580114,0.5,0.476788804616593,0.0678481095822668,0.910726171602281,0.000719330822498905,0,0,0,0,2
231,22.9280466351416,0.852479342673474,0.265490206136183,0.618597751557148,0.6,0,0,0,0,0,0.00616677312906665,0.00610648482633981,0.5,0.455035646880668,0.5,0.476618536377948,0.0683458167413841,0.910071293761337,0.000719330822498905,0,0,0,0,2
232,22.9379225747807,0.852545779767713,0.265519027549941,0.618571863573174,0.6,0,0,0,0,0,0.00616162606981968,0.00610202513134996,0.5,0.45470844341241,0.5,0.476448390574453,0.0688431660131364,0.90941688682482,0.000719330822498905,0,0,0,0,2
233,22.9477948868439,0.852612109339364,0.265547809620378,0.61854602881082,0.6,0,0,0,0,0,0.00615653759547618,0.0060976165424834,0.5,0.454381475227059,0.5,0.476278367118071,0.0693401576548706,0.908762950454118,0.000719330822498905,0,0,0,0,2
234,22.9576635716495,0.852678331632121,0.265576552425916,0.61852024713279,0.6,0,0,0,0,0,0.00615150703522804,0.00609325853739924,0.5,0.454054742155429,0.5,0.476108465920823,0.0698367919237483,0.908109484310857,0.000719330822498905,0,0,0,0,2
235,22.9675286295072,0.852744446888945,0.265605256044755,0.618494518402228,0.6,0,0,0,0,0,0.00614653373208409,0.00608895060357043,0.5,0.453728244028456,0.5,0.475938686894797,0.0703330690767467,0.907456488056912,0.000719330822498905,0,0,0,0,2
236,22.9773900607261,0.852810455352068,0.265633920554876,0.618468842482711,0.6,0,0,0,0,0,0.00614161704251333,0.00608469223801953,0.5,0.453401980677199,0.5,0.475769029952143,0.0708289893706576,0.906803961354398,0.000719330822498905,0,0,0,0,2
237,22.9872478656169,0.852876357262996,0.265662546034041,0.618443219238249,0.6,0,0,0,0,0,0.00613675633609139,0.00608048294706358,0.5,0.453075951932837,0.5,0.475599495005075,0.0713245530620886,0.906151903865673,0.000719330822498905,0,0,0,0,2
238,22.9971020444913,0.85294215286251,0.265691132559796,0.618417648533284,0.6,0,0,0,0,0,0.0061319509951515,0.00607632224606749,0.5,0.452750157626669,0.5,0.475430081965868,0.0718197604074624,0.905500315253339,0.000719330822498905,0,0,0,0,2
239,23.0069525976628,0.853007842390669,0.265719680209467,0.618392130232688,0.6,0,0,0,0,0,0.0061272004144403,0.00607220965920562,0.5,0.45242459759012,0.5,0.475260790746862,0.0723146116630179,0.90484919518024,0.000719330822498905,0,0,0,0,2
240,23.0167995254449,0.853073426086816,0.265748189060167,0.618366664201761,0.6,0,0,0,0,0,0.00612250400078059,0.00606814471923129,0.5,0.452099271654731,0.5,0.47509162126046,0.072809107084809,0.904198543309462,0.000719330822498905,0,0,0,0,2
241,23.0266428281427,0.853138904189574,0.265776659188791,0.61834125030623,0.6,0,0,0,0,0,0.00611786117274157,0.00606412696725422,0.5,0.451774179652167,0.5,0.474922573419127,0.0733032469287061,0.903548359304334,0.000719330822498905,0,0,0,0,2
242,23.0364825060586,0.853204276936857,0.265805090672021,0.618315888412244,0.6,0,0,0,0,0,0.00611327136031722,0.00606015595252478,0.5,0.451449321414214,0.5,0.474753647135391,0.0737970314503952,0.902898642828427,0.000719330822498905,0,0,0,0,2
243,23.0463185594966,0.853269544565866,0.265833483586324,0.61829057838638,0.6,0,0,0,0,0,0.00610873400461309,0.00605623123222524,0.5,0.451124696772777,0.5,0.474584842321844,0.0742904609053788,0.902249393545554,0.000719330822498905,0,0,0,0,2
244,23.0561509887619,0.853334707313094,0.265861838007956,0.618265320095633,0.6,0,0,0,0,0,0.00610424855754235,0.00605235237126802,0.5,0.450800305559885,0.5,0.47441615889114,0.0747835355489754,0.901600611119769,0.000719330822498905,0,0,0,0,2
245,23.0659797941616,0.853399765414331,0.265890154012958,0.61824011340742,0.6,0,0,0,0,0,0.00609981448153032,0.00604851894210033,0.5,0.450476147607684,0.5,0.474247596755996,0.07527625563632,0.900952295215368,0.000719330822498905,0,0,0,0,2
246,23.0758049760034,0.853464719104661,0.26591843167716,0.618214958189575,0.6,0,0,0,0,0,0.00609543124922797,0.00604473052451512,0.5,0.450152222748445,0.5,0.474079155829191,0.0757686214223641,0.900304445496889,0.000719330822498905,0,0,0,0,2
247,23.0856265345887,0.853529568618471,0.265946671076184,0.61818985431035,0.6,0,0,0,0,0,0.0060910983432348,0.00604098670546809,0.5,0.449828530814555,0.5,0.473910836023569,0.0762606331618758,0.899657061629111,0.000719330822498905,0,0,0,0,2
248,23.0954444702136,0.853594314189449,0.265974872285438,0.618164801638413,0.6,0,0,0,0,0,0.00608681525583069,0.0060372870789001,0.5,0.449505071638526,0.5,0.473742637252034,0.0767522911094403,0.899010143277052,0.000719330822498905,0,0,0,0,2
249,23.1052587831758,0.853658956050588,0.266003035380124,0.618139800042843,0.6,0,0,0,0,0,0.00608258148871648,0.0060336312455647,0.5,0.449181845052987,0.5,0.473574559427553,0.0772435955194595,0.898363690105974,0.000719330822498905,0,0,0,0,2
250,23.1150694737745,0.85372349443419,0.266031160435233,0.618114849393133,0.6,0,0,0,0,0,0.00607839655276344,0.00603001881286126,0.5,0.448858850890689,0.5,0.473406602463158,0.0777345466461522,0.897717701781379,0.000719330822498905,0,0,0,0,2
251,23.1248765423106,0.853787929571866,0.26605924752555,0.618089949559187,0.6,0,0,0,0,0,0.00607425996777083,0.00602644939467283,0.5,0.448536088984503,0.5,0.473238766271942,0.0782251447435549,0.897072177969007,0.000719330822498905,0,0,0,0,2
252,23.1346799890864,0.853852261694541,0.266087296725652,0.618065100411318,0.6,0,0,0,0,0,0.00607017126223108,0.00602292261120894,0.5,0.44821355916742,0.5,0.473071050767059,0.0787153900655211,0.896427118334841,0.000719330822498905,0,0,0,0,2
253,23.1444798143991,0.853916491032453,0.26611530810991,0.618040301820244,0.6,0,0,0,0,0,0.00606612997310317,0.006019438088853,0.5,0.447891261272552,0.5,0.472903455861727,0.0792052828657215,0.895782522545103,0.000719330822498905,0,0,0,0,2
254,23.1542760185392,0.853980617815163,0.26614328175249,0.618015553657091,0.6,0,0,0,0,0,0.00606213564559342,0.00601599546001396,0.5,0.447569195133128,0.5,0.472735981469227,0.0796948233976451,0.895138390266257,0.000719330822498905,0,0,0,0,2
255,23.1640686017985,0.854044642271546,0.266171217727353,0.617990855793389,0.6,0,0,0,0,0,0.00605818783294348,0.00601259436298174,0.5,0.447247360582501,0.5,0.472568627502901,0.0801840119145979,0.894494721165003,0.000719330822498905,0,0,0,0,2
256,23.1738575644706,0.854108564629806,0.266199116108255,0.617966208101071,0.6,0,0,0,0,0,0.00605428609622537,0.00600923444178694,0.5,0.446925757454142,0.5,0.472401393876154,0.0806728486697042,0.893851514908284,0.000719330822498905,0,0,0,0,2
257,23.1836429068508,0.854172385117469,0.266226976968749,0.617941610452472,0.6,0,0,0,0,0,0.0060504300041432,0.00600591534606437,0.5,0.446604385581641,0.5,0.472234280502453,0.0811613339159061,0.893208771163281,0.000719330822498905,0,0,0,0,2
258,23.1934246292362,0.854236103961389,0.266254800382187,0.617917062720324,0.6,0,0,0,0,0,0.0060466191328406,0.00600263673092035,0.5,0.446283244798708,0.5,0.472067287295328,0.0816494679059639,0.892566489597416,0.000719330822498905,0,0,0,0,2
259,23.2032027319194,0.854299721387752,0.266282586421718,0.61789256477776,0.6,0,0,0,0,0,0.00604285306571454,0.00599939825680359,0.5,0.445962334939174,0.5,0.47190041416837,0.0821372508924563,0.891924669878347,0.000719330822498905,0,0,0,0,2
260,23.2129772151857,0.854363237622077,0.266310335160289,0.61786811649831,0.6,0,0,0,0,0,0.00603913139323499,0.00599619958937956,0.5,0.445641655836987,0.5,0.471733661035233,0.0826246831277799,0.891283311673974,0.000719330822498905,0,0,0,0,2
261,23.2227480793216,0.854426652889216,0.266338046670647,0.617843717755896,0.6,0,0,0,0,0,0.00603545371277005,0.00599304039940761,0.5,0.445321207326217,0.5,0.471567027809633,0.0831117648641501,0.890642414652434,0.000719330822498905,0,0,0,0,2
262,23.2325153246155,0.854489967413363,0.266365721025341,0.617819368424837,0.6,0,0,0,0,0,0.00603181962841657,0.00598992036262166,0.5,0.445000989241052,0.5,0.471400514405347,0.0835984963536012,0.890001978482104,0.000719330822498905,0,0,0,0,2
263,23.2422789513575,0.854553181418047,0.266393358296719,0.617795068379844,0.6,0,0,0,0,0,0.00602822875083589,0.00598683915961391,0.5,0.444681001415799,0.5,0.471234120736215,0.0840848778479857,0.889362002831598,0.000719330822498905,0,0,0,0,2
264,23.2520389598398,0.854616295126145,0.266420958556932,0.617770817496017,0.6,0,0,0,0,0,0.00602468069709397,0.00598379647572163,0.5,0.444361243684884,0.5,0.47106784671614,0.0845709095989756,0.888722487369769,0.000719330822498905,0,0,0,0,2
265,23.2617953503501,0.854679308759875,0.266448521877931,0.617746615648846,0.6,0,0,0,0,0,0.00602117509050624,0.00598079200091685,0.5,0.444041715882854,0.5,0.470901692259084,0.0850565918580616,0.888083431765708,0.000719330822498905,0,0,0,0,2
266,23.2715481231689,0.854742222540806,0.266476048331474,0.61772246271421,0.6,0,0,0,0,0,0.00601771156048704,0.00597782542969891,0.5,0.443722417844373,0.5,0.470735657279074,0.0855419248765533,0.887444835688746,0.000719330822498905,0,0,0,0,2
267,23.2812972785779,0.854805036689854,0.26650353798912,0.617698358568374,0.6,0,0,0,0,0,0.00601428974240333,0.00597489646098938,0.5,0.443403349404223,0.5,0.470569741690196,0.0860269089055804,0.886806698808447,0.000719330822498905,0,0,0,0,2
268,23.2910428168605,0.854867751427289,0.266530990922233,0.617674303087987,0.6,0,0,0,0,0,0.00601090927743245,0.00597200479802967,0.5,0.443084510397309,0.5,0.4704039454066,0.086511544196091,0.886169020794617,0.000719330822498905,0,0,0,0,2
269,23.3007847383022,0.854930366972735,0.266558407201983,0.617650296150082,0.6,0,0,0,0,0,0.00600756981242407,0.00596915014828154,0.5,0.442765900658649,0.5,0.470238268342497,0.0869958309988536,0.885531801317298,0.000719330822498905,0,0,0,0,2
270,23.3105230431906,0.854992883545173,0.266585786899346,0.617626337632075,0.6,0,0,0,0,0,0.00600427099976543,0.00596633222332982,0.5,0.442447520023384,0.5,0.47007271041216,0.0874797695644558,0.884895040046769,0.000719330822498905,0,0,0,0,2
271,23.3202577318084,0.855055301362944,0.266613130085102,0.617602427411761,0.6,0,0,0,0,0,0.00600101249725009,0.00596355073878792,0.5,0.442129368326773,0.5,0.469907271529922,0.0879633601433054,0.884258736653545,0.000719330822498905,0,0,0,0,2
272,23.3299888044314,0.855117620643751,0.266640436829842,0.617578565367315,0.6,0,0,0,0,0,0.0059977939679506,0.00596080541420557,0.5,0.441811445404191,0.5,0.469741951610179,0.08844660298563,0.883622890808382,0.000719330822498905,0,0,0,0,2
273,23.3397162613369,0.855179841604661,0.266667707203963,0.617554751377291,0.6,0,0,0,0,0,0.00599461508009421,0.00595809597297856,0.5,0.441493751091133,0.5,0.469576750567389,0.0889294983414772,0.882987502182267,0.000719330822498905,0,0,0,0,2
274,23.3494401028039,0.855241964462105,0.26669494127767,0.617530985320618,0.6,0,0,0,0,0,0.00599147550694208,0.00595542214226087,0.5,0.441176285223214,0.5,0.469411668316071,0.089412046460715,0.882352570446428,0.000719330822498905,0,0,0,0,2
275,23.3591603291136,0.855303989431886,0.266722139120979,0.617507267076599,0.6,0,0,0,0,0,0.00598837492667174,0.00595278365287916,0.5,0.440859047636164,0.5,0.469246704770805,0.0898942475930313,0.881718095272327,0.000719330822498905,0,0,0,0,2
276,23.3688769405492,0.855365916729177,0.266749300803715,0.617483596524913,0.6,0,0,0,0,0,0.00598531302226218,0.00595018023924933,0.5,0.440542038165832,0.5,0.469081859846233,0.0903761019879349,0.881084076331665,0.000719330822498905,0,0,0,0,2
277,23.3785899373885,0.855427746568524,0.266776426395514,0.61745997354561,0.6,0,0,0,0,0,0.00598228948138177,0.00594761163929531,0.5,0.440225256648188,0.5,0.468917133457058,0.090857609894755,0.880450513296375,0.000719330822498905,0,0,0,0,2
278,23.3882993199027,0.855489479163848,0.266803515965824,0.617436398019111,0.6,0,0,0,0,0,0.00597930399627944,0.00594507759436984,0.5,0.439908702919315,0.5,0.468752525518044,0.0913387715626416,0.87981740583863,0.000719330822498905,0,0,0,0,2
279,23.3980050883649,0.855551114728449,0.266830569583902,0.617412869826205,0.6,0,0,0,0,0,0.00597635626367834,0.00594257784917689,0.5,0.439592376815418,0.5,0.468588035944017,0.0918195872405654,0.879184753630835,0.000719330822498905,0,0,0,0,2
280,23.4077072430504,0.855612653475006,0.266857587318822,0.617389388848052,0.6,0,0,0,0,0,0.00597344598467236,0.00594011215169626,0.5,0.439276278172817,0.5,0.468423664649865,0.0923000571773182,0.878552556345634,0.000719330822498905,0,0,0,0,2
281,23.4174057842366,0.855674095615581,0.266884569239468,0.617365954966176,0.6,0,0,0,0,0,0.00597057286462554,0.0059376802531101,0.5,0.438960406827952,0.5,0.468259411550535,0.0927801816215128,0.877920813655904,0.000719330822498905,0,0,0,0,2
282,23.4271007122025,0.855735441361622,0.266911515414539,0.617342568062467,0.6,0,0,0,0,0,0.00596773661307337,0.00593528190773123,0.5,0.438644762617379,0.5,0.468095276561037,0.0932599608215832,0.877289525234759,0.000719330822498905,0,0,0,0,2
283,23.4367920272203,0.855796690923961,0.266938425912549,0.61731922801918,0.6,0,0,0,0,0,0.00596493694362681,0.00593291687293354,0.5,0.438329345377773,0.5,0.467931259596442,0.093739395025785,0.876658690755546,0.000719330822498905,0,0,0,0,2
284,23.4464797295574,0.855857844512822,0.266965300801828,0.617295934718932,0.6,0,0,0,0,0,0.00596217357387875,0.0059305849090838,0.5,0.438014154945924,0.5,0.467767360571881,0.0942184844821952,0.876028309891848,0.000719330822498905,0,0,0,0,2
285,23.4561638194832,0.855918902337817,0.266992140150519,0.6172726880447,0.6,0,0,0,0,0,0.00595944622531284,0.00592828577947507,0.5,0.437699191158742,0.5,0.467603579402546,0.0946972294387122,0.875398382317484,0.000719330822498905,0,0,0,0,2
286,23.4658442972696,0.855979864607955,0.267018944026585,0.617249487879822,0.6,0,0,0,0,0,0.00595675462321462,0.005926019250262,0.5,0.437384453853252,0.5,0.467439916003691,0.0951756301430563,0.874768907706505,0.000719330822498905,0,0,0,0,2
287,23.4755211631904,0.856040731531639,0.267045712497805,0.617226334107996,0.6,0,0,0,0,0,0.00595409849658509,0.00592378509039764,0.5,0.437069942866599,0.5,0.467276370290631,0.0956536868427696,0.874139885733198,0.000719330822498905,0,0,0,0,2
288,23.4851944175207,0.856101503316669,0.267072445631774,0.617203226613273,0.6,0,0,0,0,0,0.00595147757805606,0.00592158307157206,0.5,0.436755658036042,0.5,0.467112942178742,0.0961313997852163,0.873511316072084,0.000719330822498905,0,0,0,0,2
289,23.494864060527,0.856162180170246,0.267099143495909,0.617180165280066,0.6,0,0,0,0,0,0.00594889160380761,0.00591941296815243,0.5,0.436441599198959,0.5,0.466949631583458,0.0966087692175828,0.872883198397917,0.000719330822498905,0,0,0,0,2
290,23.5045300924731,0.856222762298974,0.267125806157442,0.617157149993137,0.6,0,0,0,0,0,0.00594634031348776,0.00591727455712454,0.5,0.436127766192844,0.5,0.466786438420279,0.0970857953868774,0.872255532385688,0.000719330822498905,0,0,0,0,2
291,23.5141925136254,0.85628324990886,0.267152433683428,0.617134180637604,0.6,0,0,0,0,0,0.0059438234501342,0.00591516761803554,0.5,0.435814158855308,0.5,0.46662336260476,0.0975624785399313,0.871628317710617,0.000719330822498905,0,0,0,0,2
292,23.5238513242525,0.856343643205319,0.267179026140742,0.617111257098937,0.6,0,0,0,0,0,0.00594134076009796,0.0059130919329384,0.5,0.43550077702408,0.5,0.466460404052522,0.0980388189233978,0.871001554048161,0.000719330822498905,0,0,0,0,2
293,23.5335065246255,0.856403942393172,0.267205583596078,0.617088379262956,0.6,0,0,0,0,0,0.00593889199296925,0.00591104728633768,0.5,0.435187620537005,0.5,0.466297562679242,0.0985148167837529,0.870375241074009,0.000719330822498905,0,0,0,0,2
294,23.5431581150146,0.856464147676654,0.267232106115954,0.617065547015831,0.6,0,0,0,0,0,0.0059364769015046,0.00590903346513678,0.5,0.434874689232042,0.5,0.466134838400662,0.0989904723672954,0.869749378464085,0.000719330822498905,0,0,0,0,2
295,23.552806095681,0.856524259259411,0.267258593766709,0.61704276024408,0.6,0,0,0,0,0,0.00593409524155608,0.00590705025858653,0.5,0.434561982947272,0.5,0.465972231132581,0.0994657859201472,0.869123965894543,0.000719330822498905,0,0,0,0,2
296,23.5624504668857,0.856584277344504,0.267285046614504,0.617020018834566,0.6,0,0,0,0,0,0.00593174677200231,0.00590509745823483,0.5,0.434249501520886,0.5,0.465809740790861,0.0999407576882529,0.868499003041772,0.000719330822498905,0,0,0,0,2
297,23.5720912288924,0.856644202134412,0.267311464725326,0.6169973226745,0.6,0,0,0,0,0,0.00592943125468117,0.0059031748578775,0.5,0.433937244791197,0.5,0.465647367291422,0.100415387917381,0.867874489582394,0.000719330822498905,0,0,0,0,2
298,23.581728381967,0.856704033831033,0.267337848164984,0.616974671651437,0.6,0,0,0,0,0,0.00592714845432443,0.00590128225351059,0.5,0.433625212596631,0.5,0.465485110550248,0.100889676853121,0.867250425193261,0.000719330822498905,0,0,0,0,2
299,23.5913619263779,0.856763772635685,0.267364196999112,0.616952065653274,0.6,0,0,0,0,0,0.00592489813849389,0.00589941944328372,0.5,0.433313404775731,0.5,0.46532297048338,0.10136362474089,0.866626809551461,0.000719330822498905,0,0,0,0,2
300,23.6009918623896,0.856823418749112,0.26739051129317,0.616929504568249,0.6,0,0,0,0,0,0.00592268007751891,0.00589758622745484,0.5,0.433001821167156,0.5,0.465160947006921,0.101837231825924,0.866003642334311,0.000719330822498905,0,0,0,0,2
301,23.6106181902589,0.85688297237148,0.267416791112443,0.616906988284943,0.6,0,0,0,0,0,0.00592049404443555,0.00589578240834602,0.5,0.432690461609681,0.5,0.464999040037034,0.102310498353285,0.865380923219362,0.000719330822498905,0,0,0,0,2
302,23.6202409102446,0.856942433702385,0.267443036522044,0.616884516692274,0.6,0,0,0,0,0,0.00591833981492736,0.00589400779030002,0.5,0.432379325942198,0.5,0.464837249489943,0.10278342456786,0.864758651884395,0.000719330822498905,0,0,0,0,2
303,23.6298600226078,0.857001802940852,0.267469247586912,0.616862089679499,0.6,0,0,0,0,0,0.00591621716726764,0.00589226217963815,0.5,0.432068414003713,0.5,0.464675575281931,0.103256010714357,0.864136828007426,0.000719330822498905,0,0,0,0,2
304,23.6394755276124,0.857061080285338,0.267495424371813,0.616839707136212,0.6,0,0,0,0,0,0.0059141258822633,0.0058905453846192,0.5,0.431757725633349,0.5,0.464514017329341,0.10372825703731,0.863515451266698,0.000719330822498905,0,0,0,0,2
305,23.6490874255239,0.857120265933732,0.267521566941344,0.616817368952342,0.6,0,0,0,0,0,0.00591206574319997,0.00588885721539938,0.5,0.431447260670345,0.5,0.464352575548579,0.104200163781076,0.862894521340689,0.000719330822498905,0,0,0,0,2
306,23.6586957166,0.857179360083359,0.267547675359927,0.616795075018152,0.6,0,0,0,0,0,0.00591003653578834,0.00588719748399346,0.5,0.431137018954054,0.5,0.464191249856108,0.104671731189838,0.862274037908108,0.000719330822498905,0,0,0,0,2
307,23.6683004010949,0.857238362930984,0.267573749691818,0.616772825224238,0.6,0,0,0,0,0,0.00590803804811185,0.00588556600423656,0.5,0.430827000323946,0.5,0.464030040168452,0.105142959507602,0.861654000647892,0.000719330822498905,0,0,0,0,2
308,23.6779014792651,0.857297274672809,0.267599790001098,0.61675061946153,0.6,0,0,0,0,0,0.00590607007057592,0.00588396259174687,0.5,0.430517204619606,0.5,0.463868946402195,0.105613848978199,0.861034409239212,0.000719330822498905,0,0,0,0,2
309,23.6874989513702,0.857356095504478,0.267625796351684,0.616728457621285,0.6,0,0,0,0,0,0.00590413239585828,0.0058823870638894,0.5,0.430207631680734,0.5,0.463707968473982,0.106084399845284,0.860415263361468,0.000719330822498905,0,0,0,0,2
310,23.6970928176721,0.857414825621079,0.26765176880732,0.616706339595092,0.6,0,0,0,0,0,0.00590222481886078,0.0058808392397406,0.5,0.429898281347146,0.5,0.463547106300516,0.106554612352339,0.859796562694291,0.000719330822498905,0,0,0,0,2
311,23.7066830784319,0.857473465217147,0.267677707431584,0.616684265274868,0.6,0,0,0,0,0,0.00590034713666223,0.00587931894005397,0.5,0.429589153458772,0.5,0.463386359798561,0.107024486742666,0.859178306917544,0.000719330822498905,0,0,0,0,2
312,23.7162697339013,0.857532014486661,0.267703612287886,0.616662234552856,0.6,0,0,0,0,0,0.00589849914847215,0.00587782598722658,0.5,0.429280247855659,0.5,0.463225728884943,0.107494023259399,0.858560495711317,0.000719330822498905,0,0,0,0,2
313,23.7258527843329,0.857590473623055,0.267729483439468,0.616640247321626,0.6,0,0,0,0,0,0.00589668065558594,0.0058763602052661,0.5,0.428971564377966,0.5,0.463065213476543,0.107963222145491,0.857943128755933,0.000719330822498905,0,0,0,0,2
314,23.7354322299818,0.857648842819208,0.267755320949407,0.616618303474072,0.6,0,0,0,0,0,0.00589489146134115,0.00587492141975871,0.5,0.428663102865971,0.5,0.462904813490305,0.108432083643724,0.857326205731942,0.000719330822498905,0,0,0,0,2
315,23.7450080711058,0.857707122267457,0.267781124880614,0.616596402903411,0.6,0,0,0,0,0,0.00589313137107491,0.00587350945783793,0.5,0.428354863160063,0.5,0.462744528843233,0.108900607996704,0.856709726320127,0.000719330822498905,0,0,0,0,2
316,23.7545803079652,0.857765312159594,0.267806895295834,0.616574545503183,0.6,0,0,0,0,0,0.00589140019208245,0.00587212414815411,0.5,0.428046845100749,0.5,0.462584359452389,0.109368795446862,0.856093690201498,0.000719330822498905,0,0,0,0,2
317,23.7641489408143,0.857823412686865,0.267832632257647,0.61655273116725,0.6,0,0,0,0,0,0.00588969773357642,0.00587076532084498,0.5,0.427739048528647,0.5,0.462424305234897,0.109836646236456,0.855478097057294,0.000719330822498905,0,0,0,0,2
318,23.7737139699015,0.85788142403998,0.267858335828469,0.616530959789792,0.6,0,0,0,0,0,0.00588802380664716,0.00586943280750666,0.5,0.427431473284493,0.5,0.462264366107937,0.11030416060757,0.854862946568987,0.000719330822498905,0,0,0,0,2
319,23.7832753954782,0.857939346409105,0.267884006070554,0.616509231265308,0.6,0,0,0,0,0,0.00588637822422422,0.00586812644116517,0.5,0.427124119209137,0.5,0.462104541988751,0.110771338802112,0.854248238418273,0.000719330822498905,0,0,0,0,2
320,23.7928332177983,0.857997179983874,0.267909643045991,0.616487545488617,0.6,0,0,0,0,0,0.00588476080103867,0.00586684605624894,0.5,0.426816986143541,0.5,0.461944832794641,0.111238181061818,0.853633972287081,0.000719330822498905,0,0,0,0,2
321,23.8023874371186,0.858054924953382,0.267935246816706,0.616465902354852,0.6,0,0,0,0,0,0.00588317135358654,0.00586559148856184,0.5,0.426510073928783,0.5,0.461785238442967,0.111704687628249,0.853020147857567,0.000719330822498905,0,0,0,0,2
322,23.8119380536959,0.858112581506193,0.267960817444466,0.616444301759462,0.6,0,0,0,0,0,0.00588160970009309,0.0058643625752571,0.5,0.426203382406057,0.5,0.46162575885115,0.112170858742793,0.852406764812115,0.000719330822498905,0,0,0,0,2
323,23.8214850677776,0.858170149830339,0.267986354990873,0.616422743598211,0.6,0,0,0,0,0,0.0058800756604777,0.00586315915481184,0.5,0.425896911416669,0.5,0.461466393936668,0.112636694646664,0.851793822833337,0.000719330822498905,0,0,0,0,2
324,23.831028479611,0.858227630113322,0.268011859517372,0.616401227767175,0.6,0,0,0,0,0,0.00587856905631978,0.00586198106700191,0.5,0.425590660802038,0.5,0.46130714361706,0.113102195580902,0.851181321604077,0.000719330822498905,0,0,0,0,2
325,23.8405682894467,0.858285022542118,0.268037331085244,0.616379754162742,0.6,0,0,0,0,0,0.00587708971082562,0.00586082815287752,0.5,0.425284630403701,0.5,0.461148007809924,0.113567361786375,0.850569260807401,0.000719330822498905,0,0,0,0,2
326,23.8501044975377,0.858342327303176,0.268062769755612,0.616358322681612,0.6,0,0,0,0,0,0.00587563744879594,0.00585970025473948,0.5,0.424978820063305,0.5,0.460988986432918,0.114032193503777,0.849957640126609,0.000719330822498905,0,0,0,0,2
327,23.8596371041401,0.85839954458242,0.26808817558944,0.616336933220793,0.6,0,0,0,0,0,0.00587421209659448,0.00585859721611603,0.5,0.424673229622612,0.5,0.460830079403758,0.114496690973629,0.849346459245225,0.000719330822498905,0,0,0,0,2
328,23.8691661095033,0.858456674565255,0.268113548647533,0.616315585677603,0.6,0,0,0,0,0,0.00587281348211715,0.00585751888174037,0.5,0.4243678589235,0.5,0.46067128664022,0.11496085443628,0.848735717847001,0.000719330822498905,0,0,0,0,2
329,23.8786915138716,0.858513717436564,0.268138888990538,0.616294279949667,0.6,0,0,0,0,0,0.00587144143476173,0.00585646509752866,0.5,0.424062707807958,0.5,0.460512608060138,0.115424684131904,0.848125415615916,0.000719330822498905,0,0,0,0,2
330,23.8882133174918,0.858570673380711,0.268164196678944,0.616273015934915,0.6,0,0,0,0,0,0.00587009578539863,0.00585543571055828,0.5,0.42375777611809,0.5,0.460354043581407,0.115888180300504,0.84751555223618,0.000719330822498905,0,0,0,0,2
331,23.8977315206141,0.858627542581544,0.268189471773082,0.616251793531585,0.6,0,0,0,0,0,0.00586877636634224,0.00585443056904685,0.5,0.423453063696112,0.5,0.460195593121978,0.116351343181909,0.846906127392224,0.000719330822498905,0,0,0,0,2
332,23.9072461234914,0.858684325222397,0.26821471433313,0.616230612638216,0.6,0,0,0,0,0,0.0058674830113231,0.00585344952233181,0.5,0.423148570384356,0.5,0.460037256599865,0.116814173015779,0.846297140768712,0.000719330822498905,0,0,0,0,2
333,23.9167571263756,0.858741021486091,0.268239924419106,0.616209473153654,0.6,0,0,0,0,0,0.00586621555546086,0.00585249242085047,0.5,0.422844296025265,0.5,0.459879033933138,0.117276670041598,0.845688592050529,0.000719330822498905,0,0,0,0,2
334,23.9262645295096,0.858797631554934,0.268265102090874,0.616188374977041,0.6,0,0,0,0,0,0.00586497383523747,0.00585155911612067,0.5,0.422540240461396,0.5,0.459720925039926,0.117738834498678,0.845080480922792,0.000719330822498905,0,0,0,0,2
335,23.9357683331372,0.858854155610727,0.268290247408144,0.616167318007827,0.6,0,0,0,0,0,0.00586375768847122,0.00585064946072162,0.5,0.42223640353542,0.5,0.459562929838419,0.118200666626161,0.844472807070841,0.000719330822498905,0,0,0,0,2
336,23.9452685375053,0.858910593834762,0.268315360430471,0.616146302145756,0.6,0,0,0,0,0,0.00586256695429155,0.00584976330827529,0.5,0.421932785090121,0.5,0.459405048246863,0.118662166663016,0.843865570180243,0.000719330822498905,0,0,0,0,2
337,23.9547651428638,0.858966946407825,0.268340441217255,0.616125327290874,0.6,0,0,0,0,0,0.00586140147311435,0.00584890051342836,0.5,0.421629384968395,0.5,0.459247280183566,0.119123334848039,0.84325876993679,0.000719330822498905,0,0,0,0,2
338,23.9642581494649,0.859023213510199,0.268365489827743,0.616104393343522,0.6,0,0,0,0,0,0.00586026108661813,0.00584806093183452,0.5,0.421326203013252,0.5,0.459089625566891,0.119584171419857,0.842652406026504,0.000719330822498905,0,0,0,0,2
339,23.9737475575524,0.859079395321665,0.268390506321031,0.616083500204341,0.6,0,0,0,0,0,0.00585914563772045,0.00584724442013751,0.5,0.421023239067814,0.5,0.458932084315263,0.120044676616923,0.842046478135628,0.000719330822498905,0,0,0,0,2
340,23.9832333673674,0.859135492021501,0.26841549075606,0.616062647774265,0.6,0,0,0,0,0,0.00585805497055488,0.00584645083595419,0.5,0.420720492975316,0.5,0.458774656347164,0.120504850677519,0.841440985950632,0.000719330822498905,0,0,0,0,2
341,23.9927155791539,0.859191503788489,0.268440443191621,0.616041835954523,0.6,0,0,0,0,0,0.00585698893044875,0.00584568003785808,0.5,0.420417964579107,0.5,0.458617341581136,0.120964693839757,0.840835929158214,0.000719330822498905,0,0,0,0,2
342,24.002194193159,0.859247430800913,0.268465363686352,0.616021064646638,0.6,0,0,0,0,0,0.00585594736390131,0.00584493188536334,0.5,0.420115653722647,0.5,0.458460139935777,0.121424206341576,0.840231307445294,0.000719330822498905,0,0,0,0,2
343,24.0116692096333,0.85930327323656,0.268490252298742,0.616000333752424,0.6,0,0,0,0,0,0.00585493011856262,0.00584420623890922,0.5,0.41981356024951,0.5,0.458303051329745,0.121883388420745,0.839627120499019,0.000719330822498905,0,0,0,0,2
344,24.0211406288228,0.859359031272725,0.268515109087129,0.615979643173988,0.6,0,0,0,0,0,0.00585393704321288,0.00584350295984496,0.5,0.41951168400338,0.5,0.458146075681758,0.122342240314862,0.83902336800676,0.000719330822498905,0,0,0,0,2
345,24.0306084509664,0.859414705086212,0.268539934109701,0.615958992813726,0.6,0,0,0,0,0,0.00585296798774206,0.005842821910415,0.5,0.419210024828057,0.5,0.45798921291059,0.122800762261353,0.838420049656114,0.000719330822498905,0,0,0,0,2
346,24.0400726763055,0.859470294853333,0.268564727424496,0.615938382574324,0.6,0,0,0,0,0,0.00585202280313011,0.00584216295374435,0.5,0.41890858256745,0.5,0.457832462935074,0.123258954497475,0.837817165134901,0.000719330822498905,0,0,0,0,2
347,24.049533305085,0.859525800749912,0.268589489089404,0.615917812358756,0.6,0,0,0,0,0,0.00585110134142779,0.00584152595382446,0.5,0.418607357065583,0.5,0.457675825674103,0.123716817260314,0.837214714131166,0.000719330822498905,0,0,0,0,2
348,24.0589903375529,0.859581222951286,0.268614219162167,0.615897282070282,0.6,0,0,0,0,0,0.00585020345573782,0.00584091077549945,0.5,0.41830634816659,0.5,0.457519301046627,0.124174350786783,0.83661269633318,0.000719330822498905,0,0,0,0,2
349,24.0684437739569,0.859636561632308,0.268638917700378,0.615876791612451,0.6,0,0,0,0,0,0.00584932900019687,0.00584031728445273,0.5,0.418005555714718,0.5,0.457362888971653,0.124631555313629,0.836011111429435,0.000719330822498905,0,0,0,0,2
350,24.0778936145351,0.859691816967347,0.268663584761484,0.615856340889094,0.6,0,0,0,0,0,0.00584847782995745,0.00583974534719409,0.5,0.417704979554325,0.5,0.457206589368249,0.125088431077426,0.835409959108651,0.000719330822498905,0,0,0,0,2
351,24.0873398595267,0.859746989130289,0.268688220402784,0.615835929804328,0.6,0,0,0,0,0,0.00584764980117045,0.00583919483104666,0.5,0.417404619529884,0.5,0.45705040215554,0.125544978314577,0.834809239059768,0.000719330822498905,0,0,0,0,2
352,24.0967825091742,0.859802078294541,0.268712824681432,0.615815558262553,0.6,0,0,0,0,0,0.00584684477096813,0.00583866560413448,0.5,0.417104475485976,0.5,0.456894327252707,0.126001197261317,0.834208950971951,0.000719330822498905,0,0,0,0,2
353,24.1062215637235,0.859857084633032,0.268737397654433,0.61579522616845,0.6,0,0,0,0,0,0.00584606259744756,0.00583815753537031,0.5,0.416804547267295,0.5,0.456738364578994,0.126457088153711,0.833609094534591,0.000719330822498905,0,0,0,0,2
354,24.1156570234222,0.859912008318213,0.268761939378652,0.615774933426983,0.6,0,0,0,0,0,0.00584530313965456,0.00583767049444383,0.5,0.416504834718649,0.5,0.456582514053697,0.126912651227654,0.833009669437298,0.000719330822498905,0,0,0,0,2
355,24.1250888885095,0.859966849522061,0.268786449910803,0.615754679943393,0.6,0,0,0,0,0,0.00584456625756791,0.00583720435181015,0.5,0.416205337684954,0.5,0.456426775596176,0.12736788671887,0.832410675369908,0.000719330822498905,0,0,0,0,2
356,24.1345171592222,0.860021608416078,0.26881092930746,0.615734465623204,0.6,0,0,0,0,0,0.00584385181208383,0.00583675897867852,0.5,0.41590605601124,0.5,0.456271149125845,0.127822794862916,0.83181211202248,0.000719330822498905,0,0,0,0,2
357,24.1439418358009,0.860076285171296,0.268835377625052,0.615714290372215,0.6,0,0,0,0,0,0.00584315966500092,0.00583633424700117,0.5,0.415606989542647,0.5,0.456115634562176,0.128277375895177,0.831213979085294,0.000719330822498905,0,0,0,0,2
358,24.1533629184894,0.860130879958276,0.268859794919864,0.615694154096504,0.6,0,0,0,0,0,0.00584248967900556,0.0058359300294626,0.5,0.415308138124428,0.5,0.455960231824702,0.12873163005087,0.830616276248855,0.000719330822498905,0,0,0,0,2
359,24.1627804075348,0.860185392947108,0.268884181248037,0.615674056702425,0.6,0,0,0,0,0,0.00584184171765764,0.00583554619946913,0.5,0.415009501601945,0.5,0.455804940833011,0.129185557565044,0.83001900320389,0.000719330822498905,0,0,0,0,2
360,24.1721943031772,0.860239824307419,0.268908536665571,0.615653998096605,0.6,0,0,0,0,0,0.00584121564537679,0.0058351826311388,0.5,0.414711079820673,0.5,0.45564976150675,0.129639158672577,0.829422159641346,0.000719330822498905,0,0,0,0,2
361,24.1816046056521,0.860294174208368,0.268932861228324,0.615633978185949,0.6,0,0,0,0,0,0.00584061132742857,0.0058348391992914,0.5,0.414412872626198,0.5,0.455494693765623,0.130092433608179,0.828825745252397,0.000719330822498905,0,0,0,0,2
362,24.1910113151982,0.860348442818651,0.268957154992012,0.615613996877631,0.6,0,0,0,0,0,0.00584002862991116,0.00583451577943864,0.5,0.414114879864217,0.5,0.455339737529393,0.130545382606391,0.828229759728433,0.000719330822498905,0,0,0,0,2
363,24.2004144320576,0.860402630306501,0.268981418012209,0.615594054079101,0.6,0,0,0,0,0,0.00583946741974247,0.00583421224777468,0.5,0.413817101380536,0.5,0.455184892717879,0.130998005901586,0.827634202761072,0.000719330822498905,0,0,0,0,2
364,24.209813956476,0.860456736839691,0.269005650344351,0.615574149698079,0.6,0,0,0,0,0,0.00583892756464751,0.00583392848116685,0.5,0.413519537021074,0.5,0.455030159250959,0.131450303727967,0.827039074042148,0.000719330822498905,0,0,0,0,2
365,24.219209888695,0.860510762585535,0.26902985204373,0.615554283642554,0.6,0,0,0,0,0,0.00583840893314629,0.0058336643571468,0.5,0.413222186631861,0.5,0.454875537048568,0.131902276319571,0.826444373263722,0.000719330822498905,0,0,0,0,2
366,24.2286022289489,0.860564707710889,0.269054023165502,0.615534455820786,0.6,0,0,0,0,0,0.00583791139454162,0.00583341975390174,0.5,0.412925050059037,0.5,0.454721026030699,0.132353923910264,0.825850100118073,0.000719330822498905,0,0,0,0,2
367,24.2379909774748,0.860618572382153,0.269078163764681,0.615514666141304,0.6,0,0,0,0,0,0.00583743481890735,0.00583319455026571,0.5,0.412628127148851,0.5,0.454566626117403,0.132805246733746,0.825256254297702,0.000719330822498905,0,0,0,0,2
368,24.2473761345134,0.860672356765273,0.269102273896143,0.615494914512902,0.6,0,0,0,0,0,0.00583697907707696,0.00583298862571122,0.5,0.412331417747666,0.5,0.454412337228786,0.133256245023548,0.824662835495331,0.000719330822498905,0,0,0,0,2
369,24.2567577003093,0.860726061025742,0.269126353614627,0.615475200844643,0.6,0,0,0,0,0,0.00583654404063239,0.00583280186034111,0.5,0.412034921701952,0.5,0.454258159285015,0.133706919013033,0.824069843403904,0.000719330822498905,0,0,0,0,2
370,24.2661356751047,0.860779685328601,0.269150402974733,0.615455525045855,0.6,0,0,0,0,0,0.00583612958189339,0.00583263413488067,0.5,0.411738638858292,0.5,0.454104092206312,0.134157268935395,0.823477277716585,0.000719330822498905,0,0,0,0,2
371,24.2755100591335,0.860833229838443,0.269174422030923,0.61543588702613,0.6,0,0,0,0,0,0.00583573557390681,0.00583248533067002,0.5,0.411442569063379,0.5,0.453950135912957,0.134607295023664,0.822885138126758,0.000719330822498905,0,0,0,0,2
372,24.2848808526315,0.860886694719411,0.269198410837523,0.615416286695325,0.6,0,0,0,0,0,0.00583536189043614,0.00583235532965633,0.5,0.411146712164014,0.5,0.453796290325287,0.135056997510698,0.822293424328028,0.000719330822498905,0,0,0,0,2
373,24.2942480558381,0.860940080135203,0.269222369448721,0.615396723963558,0.6,0,0,0,0,0,0.00583500840595144,0.00583224401438651,0.5,0.410851068007111,0.5,0.453642555363698,0.135506376629191,0.821702136014222,0.000719330822498905,0,0,0,0,2
374,24.3036116689967,0.860993386249069,0.269246297918572,0.615377198741212,0.6,0,0,0,0,0,0.00583467499561952,0.00583215126799999,0.5,0.410555636439692,0.5,0.45348893094864,0.135955432611668,0.821111272879384,0.000719330822498905,0,0,0,0,2
375,24.3129716923501,0.861046613223818,0.269270196300991,0.615357710938927,0.6,0,0,0,0,0,0.00583436153529451,0.00583207697422175,0.5,0.41026041730889,0.5,0.453335417000623,0.136404165690487,0.82052083461778,0.000719330822498905,0,0,0,0,2
376,24.322328126132,0.861099761221816,0.269294064649763,0.615338260467607,0.6,0,0,0,0,0,0.00583406790150839,0.00583202101735566,0.5,0.409965410461948,0.5,0.453182013440213,0.136852576097839,0.819930820923896,0.000719330822498905,0,0,0,0,2
377,24.3316809705769,0.861152830404989,0.269317903018533,0.615318847238412,0.6,0,0,0,0,0,0.00583379397146187,0.00583198328227765,0.5,0.409670615746218,0.5,0.453028720188034,0.137300664065748,0.819341231492437,0.000719330822498905,0,0,0,0,2
378,24.3410302259236,0.861205820934821,0.269341711460815,0.615299471162763,0.6,0,0,0,0,0,0.0058335396230154,0.00583196365442917,0.5,0.409376033009164,0.5,0.452875537164765,0.137748429826071,0.818752066018328,0.000719330822498905,0,0,0,0,2
379,24.3503758924144,0.861258732972363,0.269365490029988,0.615280132152336,0.6,0,0,0,0,0,0.00583330473468053,0.00583196201981091,0.5,0.409081662098356,0.5,0.452722464291145,0.138195873610499,0.818163324196712,0.000719330822498905,0,0,0,0,2
380,24.3597179702922,0.861311566678225,0.269389238779298,0.615260830119066,0.6,0,0,0,0,0,0.00583308918561152,0.00583197826497662,0.5,0.408787502861476,0.5,0.452569501487968,0.138642995650556,0.817575005722953,0.000719330822498905,0,0,0,0,2
381,24.3690564597907,0.861364322212585,0.269412957761858,0.615241564975141,0.6,0,0,0,0,0,0.00583289285559719,0.00583201227702725,0.5,0.408493555146317,0.5,0.452416648676085,0.139089796177599,0.816987110292633,0.000719330822498905,0,0,0,0,2
382,24.3783913611438,0.861416999735189,0.269436647030648,0.615222336633006,0.6,0,0,0,0,0,0.00583271562505268,0.00583206394360496,0.5,0.408199818800777,0.5,0.452263905776404,0.139536275422819,0.816399637601554,0.000719330822498905,0,0,0,0,2
383,24.3877226745892,0.861469599405347,0.269460306638516,0.615203145005358,0.6,0,0,0,0,0,0.00583255737501161,0.00583213315288736,0.5,0.407906293672868,0.5,0.452111272709891,0.139982433617241,0.815812587345735,0.000719330822498905,0,0,0,0,2
384,24.3970504003687,0.861522121381942,0.269483936638178,0.615183990005147,0.6,0,0,0,0,0,0.00583241798711844,0.00583221979358192,0.5,0.407612979610708,0.5,0.451958749397568,0.140428270991724,0.815225959221416,0.000719330822498905,0,0,0,0,2
385,24.4063745387254,0.861574565823428,0.269507537082219,0.615164871545578,0.6,0,0,0,0,0,0.00583229734362105,0.00583232375492059,0.5,0.407319876462526,0.5,0.451806335760514,0.14087378777696,0.814639752925052,0.000719330822498905,0,0,0,0,2
386,24.4156950898926,0.86162693288783,0.269531108023094,0.615145789540103,0.6,0,0,0,0,0,0.00583219532736359,0.00583244492665464,0.5,0.40702698407666,0.5,0.451654031719863,0.141318984203477,0.81405396815332,0.000719330822498905,0,0,0,0,2
387,24.4250120541038,0.861679222732748,0.269554649513127,0.615126743902427,0.6,0,0,0,0,0,0.00583211182177926,0.00583258319904936,0.5,0.406734302301556,0.5,0.451501837196809,0.141763860501634,0.813468604603113,0.000719330822498905,0,0,0,0,2
388,24.4343254315963,0.861731435515358,0.269578161604511,0.615107734546503,0.6,0,0,0,0,0,0.00583204671088331,0.00583273846287903,0.5,0.406441830985771,0.5,0.451349752112601,0.142208416901629,0.812883661971541,0.000719330822498905,0,0,0,0,2
389,24.4436352226115,0.861783571392411,0.26960164434931,0.615088761386535,0.6,0,0,0,0,0,0.00583199987926632,0.00583291060942192,0.5,0.406149569977967,0.5,0.451197776388543,0.142652653633489,0.812299139955935,0.000719330822498905,0,0,0,0,2
390,24.4529414273921,0.861835630520238,0.26962509779946,0.615069824336971,0.6,0,0,0,0,0,0.00583197121208774,0.00583309953045566,0.5,0.40585751912692,0.5,0.451045909945999,0.143096570927081,0.811715038253841,0.000719330822498905,0,0,0,0,2
391,24.4622440461717,0.86188761305475,0.269648522006766,0.615050923312509,0.6,0,0,0,0,0,0.00583196059506947,0.00583330511825264,0.5,0.405565678281511,0.5,0.450894152706386,0.143540169012103,0.811131356563022,0.000719330822498905,0,0,0,0,2
392,24.4715430791832,0.861939519151437,0.269671917022907,0.615032058228092,0.6,0,0,0,0,0,0.00583196791448964,0.00583352726557538,0.5,0.405274047290731,0.5,0.45074250459118,0.143983448118089,0.810548094581462,0.000719330822498905,0,0,0,0,2
393,24.4808385266638,0.861991348965373,0.269695282899432,0.615013228998907,0.6,0,0,0,0,0,0.00583199305717632,0.00583376586567204,0.5,0.404982626003679,0.5,0.450590965521913,0.144426408474408,0.809965252007357,0.000719330822498905,0,0,0,0,2
394,24.4901303888547,0.862043102651217,0.269718619687765,0.614994435540387,0.6,0,0,0,0,0,0.00583203591050169,0.00583402081227215,0.5,0.404691414269563,0.5,0.450439535420173,0.144869050310265,0.809382828539126,0.000719330822498905,0,0,0,0,2
395,24.4994186659985,0.862094780363212,0.2697419274392,0.614975677768208,0.6,0,0,0,0,0,0.00583209636237624,0.00583429199958237,0.5,0.404400411937699,0.5,0.450288214207604,0.145311373854697,0.808800823875399,0.000719330822498905,0,0,0,0,2
396,24.5087033583284,0.862146382255186,0.269765206204907,0.614956955598287,0.6,0,0,0,0,0,0.00583217430124329,0.00583457932228262,0.5,0.404109618857513,0.5,0.450137001805907,0.14575337933658,0.808219237715026,0.000719330822498905,0,0,0,0,2
397,24.5179844660775,0.86219790848056,0.269788456035928,0.614938268946786,0.6,0,0,0,0,0,0.00583226961607332,0.00583488267552188,0.5,0.403819034878537,0.5,0.449985898136839,0.146195066984624,0.807638069757074,0.000719330822498905,0,0,0,0,2
398,24.5272619894828,0.862249359192339,0.269811676983179,0.614919617730105,0.6,0,0,0,0,0,0.00583238219635861,0.00583520195491433,0.5,0.403528659850412,0.5,0.449834903122214,0.146636437027374,0.807057319700823,0.000719330822498905,0,0,0,0,2
399,24.5365359287857,0.862300734543123,0.269834869097452,0.614901001864885,0.6,0,0,0,0,0,0.00583251193210798,0.00583553705653552,0.5,0.403238493622887,0.5,0.449684016683901,0.147077489693212,0.806476987245774,0.000719330822498905,0,0,0,0,2
400,24.5458062842285,0.862352034685101,0.269858032429412,0.614882421268006,0.6,0,0,0,0,0,0.00583265871384172,0.00583588787691871,0.5,0.40294853604582,0.5,0.449533238743826,0.147518225210353,0.80589707209164,0.000719330822498905,0,0,0,0,2
401,24.5550730560442,0.862403259770059,0.269881167029602,0.614863875856589,0.6,0,0,0,0,0,0.0058328224325868,0.00583625431305144,0.5,0.402658786969176,0.5,0.449382569223972,0.147958643806852,0.805317573938353,0.000719330822498905,0,0,0,0,2
402,24.5643362444659,0.862454409949375,0.269904272948438,0.614845365547988,0.6,0,0,0,0,0,0.00583300297987188,0.00583663626237187,0.5,0.402369246243029,0.5,0.449232008046375,0.148398745710597,0.804738492486057,0.000719330822498905,0,0,0,0,2
403,24.5735958497311,0.862505485374025,0.269927350236213,0.614826890259798,0.6,0,0,0,0,0,0.00583320024772253,0.00583703362276533,0.5,0.402079913717558,0.5,0.44908155513313,0.148838531149312,0.804159827435116,0.000719330822498905,0,0,0,0,2
404,24.5828518720812,0.862556486194582,0.269950398943098,0.614808449909848,0.6,0,0,0,0,0,0.00583341412865669,0.005837446292561,0.5,0.401790789243053,0.5,0.448931210406388,0.149278000350559,0.803581578486107,0.000719330822498905,0,0,0,0,2
405,24.5921043117584,0.862607412561219,0.269973419119139,0.614790044416202,0.6,0,0,0,0,0,0.00583364451568013,0.00583787417052871,0.5,0.401501872669911,0.5,0.448780973788354,0.149717153541736,0.803003745339821,0.000719330822498905,0,0,0,0,2
406,24.6013531689954,0.862658264623707,0.269996410814261,0.61477167369716,0.6,0,0,0,0,0,0.00583389130228233,0.00583831715587591,0.5,0.401213163848634,0.5,0.44863084520129,0.150155990950076,0.802426327697268,0.000719330822498905,0,0,0,0,2
407,24.6105984440257,0.86270904253142,0.270019374078264,0.614753337671254,0.6,0,0,0,0,0,0.00583415438243197,0.00583877514824443,0.5,0.400924662629835,0.5,0.448480824567514,0.150594512802651,0.80184932525967,0.000719330822498905,0,0,0,0,2
408,24.6198401370871,0.862759746433337,0.27004230896083,0.614735036257249,0.6,0,0,0,0,0,0.0058344336505729,0.00583924804770751,0.5,0.400636368864232,0.5,0.448330911809401,0.151032719326367,0.801272737728465,0.000719330822498905,0,0,0,0,2
409,24.6290782484217,0.862810376478037,0.270065215511516,0.614716769374142,0.6,0,0,0,0,0,0.00583472900161992,0.0058397357547668,0.5,0.400348282402652,0.5,0.448181106849379,0.151470610747969,0.800696564805305,0.000719330822498905,0,0,0,0,2
410,24.6383127782712,0.862860932813709,0.270088093779761,0.614698536941163,0.6,0,0,0,0,0,0.00583504033095504,0.00584023817034967,0.5,0.400060403096028,0.5,0.448031409609935,0.151908187294037,0.800120806192056,0.000719330822498905,0,0,0,0,2
411,24.6475437268679,0.862911415588146,0.270110943814879,0.614680338877769,0.6,0,0,0,0,0,0.00583536753442363,0.00584075519580643,0.5,0.3997727307954,0.5,0.447881820013608,0.152345449190991,0.799545461590801,0.000719330822498905,0,0,0,0,2
412,24.656771094446,0.862961824948751,0.270133765666069,0.61466217510365,0.6,0,0,0,0,0,0.00583571050833068,0.00584128673290758,0.5,0.399485265351917,0.5,0.447732337982997,0.152782396665086,0.798970530703834,0.000719330822498905,0,0,0,0,2
413,24.6659948812441,0.863012161042535,0.270156559382405,0.614644045538722,0.6,0,0,0,0,0,0.00583606914943704,0.00584183268384115,0.5,0.399198006616833,0.5,0.447582963440753,0.153219029942414,0.798396013233666,0.000719330822498905,0,0,0,0,2
414,24.6752150875051,0.86306242401612,0.270179325012846,0.614625950103132,0.6,0,0,0,0,0,0.00583644335495588,0.00584239295121007,0.5,0.39891095444151,0.5,0.447433696309585,0.153655349248905,0.797821908883019,0.000719330822498905,0,0,0,0,2
415,24.6844317134697,0.863112614015742,0.270202062606228,0.614607888717251,0.6,0,0,0,0,0,0.00583683302254927,0.00584296743802985,0.5,0.398624108677416,0.5,0.447284536512256,0.154091354810328,0.797248217354832,0.000719330822498905,0,0,0,0,2
416,24.6936447593702,0.863162731187248,0.270224772211269,0.614589861301678,0.6,0,0,0,0,0,0.00583723805032501,0.00584355604772611,0.5,0.398337469176127,0.5,0.447135483971586,0.154527046852287,0.796674938352254,0.000719330822498905,0,0,0,0,2
417,24.7028542254418,0.863212775676101,0.270247453876571,0.614571867777239,0.6,0,0,0,0,0,0.00583765833683304,0.00584415868413217,0.5,0.398051035789325,0.5,0.446986538610449,0.154962425600226,0.79610207157865,0.000719330822498905,0,0,0,0,2
418,24.7120601119239,0.863262747627379,0.270270107650616,0.614553908064983,0.6,0,0,0,0,0,0.00583809378106243,0.0058447752514867,0.5,0.397764808368799,0.5,0.446837700351776,0.155397491279425,0.795529616737598,0.000719330822498905,0,0,0,0,2
419,24.7212624190603,0.86331264718578,0.270292733581768,0.614535982086185,0.6,0,0,0,0,0,0.00583854428243807,0.00584540565443144,0.5,0.397478786766445,0.5,0.446688969118551,0.155832244115004,0.794957573532889,0.000719330822498905,0,0,0,0,2
420,24.7304611470906,0.863362474495616,0.270315331718274,0.61451808976234,0.6,0,0,0,0,0,0.00583900974081782,0.00584604979800917,0.5,0.397192970834263,0.5,0.446540344833817,0.15626668433192,0.794385941668526,0.000719330822498905,0,0,0,0,2
421,24.7396562962473,0.863412229700822,0.270337902108264,0.61450023101517,0.6,0,0,0,0,0,0.00583949005648955,0.00584670758766155,0.5,0.396907360424363,0.5,0.446391827420669,0.156700812154968,0.793814720848726,0.000719330822498905,0,0,0,0,2
422,24.7488478667668,0.863461912944953,0.270360444799753,0.614482405766617,0.6,0,0,0,0,0,0.00583998513016822,0.00584737892922693,0.5,0.396621955388959,0.5,0.446243416802259,0.157134627808782,0.793243910777918,0.000719330822498905,0,0,0,0,2
423,24.7580358588896,0.863511524371186,0.270382959840637,0.614464613938842,0.6,0,0,0,0,0,0.005840494862993,0.00584806372893836,0.5,0.396336755580372,0.5,0.446095112901794,0.157568131517834,0.792673511160745,0.000719330822498905,0,0,0,0,2
424,24.7672202728606,0.863561064122323,0.270405447278699,0.614446855454231,0.6,0,0,0,0,0,0.00584101915652452,0.00584876189342159,0.5,0.39605176085103,0.5,0.445946915642535,0.158001323506435,0.792103521702059,0.000719330822498905,0,0,0,0,2
425,24.7764011089175,0.863610532340788,0.270427907161605,0.614429130235385,0.6,0,0,0,0,0,0.00584155791274233,0.00584947332969326,0.5,0.395766971053464,0.5,0.445798824947801,0.158434203998735,0.791533942106928,0.000719330822498905,0,0,0,0,2
426,24.7855783672938,0.863659929168633,0.270450339536905,0.614411438205126,0.6,0,0,0,0,0,0.00584211103404231,0.00585019794515903,0.5,0.395482386040315,0.5,0.445650840740964,0.158866773218721,0.790964772080631,0.000719330822498905,0,0,0,0,2
427,24.7947520482271,0.863709254747536,0.270472744452036,0.614393779286496,0.6,0,0,0,0,0,0.00584267842323405,0.00585093564761163,0.5,0.395198005664328,0.5,0.445502962945451,0.159299031390221,0.790396011328657,0.000719330822498905,0,0,0,0,2
428,24.8039221519596,0.863758509218805,0.270495121954319,0.61437615340275,0.6,0,0,0,0,0,0.00584325998353841,0.00585168634522912,0.5,0.394913829778354,0.5,0.445355191484744,0.159730978736901,0.789827659556709,0.000719330822498905,0,0,0,0,2
429,24.8130886787364,0.863807692723377,0.270517472090964,0.614358560477364,0.6,0,0,0,0,0,0.00584385561858503,0.00585244994657312,0.5,0.39462985823535,0.5,0.445207526282382,0.160162615482267,0.789259716470701,0.000719330822498905,0,0,0,0,2
430,24.8222516287938,0.863856805401818,0.270539794909064,0.614341000434028,0.6,0,0,0,0,0,0.00584446523241018,0.00585322636058732,0.5,0.394346090888379,0.5,0.445059967261957,0.160593941849664,0.788692181776758,0.000719330822498905,0,0,0,0,2
431,24.8314110023664,0.863905847394328,0.270562090455599,0.614323473196647,0.6,0,0,0,0,0,0.00584508872945444,0.00585401549659571,0.5,0.394062527590608,0.5,0.444912514347116,0.161024958062276,0.788125055181216,0.000719330822498905,0,0,0,0,2
432,24.8405667996936,0.86395481884074,0.270584358777439,0.61430597868934,0.6,0,0,0,0,0,0.00584572601456038,0.00585481726430087,0.5,0.393779168195312,0.5,0.444765167461562,0.161455664343125,0.787558336390625,0.000719330822498905,0,0,0,0,2
433,24.8497190210193,0.864003719880521,0.270606599921338,0.614288516836442,0.6,0,0,0,0,0,0.00584637699297046,0.00585563157378251,0.5,0.393496012555871,0.5,0.444617926529053,0.161886060915077,0.786992025111741,0.000719330822498905,0,0,0,0,2
434,24.8588676665882,0.864052550652774,0.270628813933939,0.614271087562499,0.6,0,0,0,0,0,0.00584704157032482,0.00585645833549598,0.5,0.393213060525768,0.5,0.444470791473399,0.162316148000833,0.786426121051536,0.000719330822498905,0,0,0,0,2
435,24.8680127366354,0.864101311296239,0.270651000861774,0.61425369079227,0.6,0,0,0,0,0,0.00584771965265944,0.00585729746027076,0.5,0.392930311958594,0.5,0.444323762218469,0.162745925822937,0.785860623917188,0.000719330822498905,0,0,0,0,2
436,24.8771542313973,0.864150001949293,0.270673160751263,0.614236326450725,0.6,0,0,0,0,0,0.00584841114640404,0.00585814885930904,0.5,0.392647766708045,0.5,0.444176838688184,0.163175394603771,0.78529553341609,0.000719330822498905,0,0,0,0,2
437,24.8862921511151,0.864198622749953,0.270695293648714,0.614218994463046,0.6,0,0,0,0,0,0.0058491159583801,0.00585901244418424,0.5,0.392365424627922,0.5,0.444030020806519,0.163604554565559,0.784730849255843,0.000719330822498905,0,0,0,0,2
438,24.8954264960346,0.864247173835876,0.270717399600324,0.614201694754625,0.6,0,0,0,0,0,0.00584983399579894,0.00585988812683961,0.5,0.392083285572129,0.5,0.443883308497507,0.164033405930364,0.784166571144258,0.000719330822498905,0,0,0,0,2
439,24.9045572663989,0.864295655344362,0.270739478652181,0.614184427251063,0.6,0,0,0,0,0,0.0058505651662599,0.005860775819587,0.5,0.391801349394679,0.5,0.443736701685233,0.164461948920088,0.783602698789358,0.000719330822498905,0,0,0,0,2
440,24.9136844624432,0.864344067412351,0.270761530850262,0.614167191878169,0.6,0,0,0,0,0,0.0058513093777486,0.00586167543510557,0.5,0.391519615949686,0.5,0.443590200293837,0.164890183756477,0.783039231899372,0.000719330822498905,0,0,0,0,2
441,24.9228080844057,0.864392410176429,0.270783556240434,0.614149988561963,0.6,0,0,0,0,0,0.00585206653863521,0.0058625868864404,0.5,0.391238085091372,0.5,0.443443804247514,0.165318110661114,0.782476170182744,0.000719330822498905,0,0,0,0,2
442,24.93192813253,0.864440683772827,0.270805554868455,0.614132817228667,0.6,0,0,0,0,0,0.00585283655767261,0.00586351008700128,0.5,0.390956756674062,0.5,0.443297513470512,0.165745729855426,0.781913513348124,0.000719330822498905,0,0,0,0,2
443,24.9410446070632,0.864488888337421,0.270827526779973,0.614115677804716,0.6,0,0,0,0,0,0.00585361934399474,0.00586444495056147,0.5,0.390675630552187,0.5,0.443151327887137,0.166173041560676,0.781351261104373,0.000719330822498905,0,0,0,0,2
444,24.9501575082462,0.864537024005735,0.270849472020529,0.614098570216747,0.6,0,0,0,0,0,0.00585441480711505,0.00586539139125663,0.5,0.39039470658028,0.5,0.443005247421746,0.166600045997974,0.780789413160561,0.000719330822498905,0,0,0,0,2
445,24.9592668363151,0.864585090912941,0.270871390635553,0.614081494391604,0.6,0,0,0,0,0,0.00585522285692492,0.00586634932358363,0.5,0.390113984612983,0.5,0.442859271998751,0.167026743388265,0.780227969225967,0.000719330822498905,0,0,0,0,2
446,24.9683725915107,0.864633089193862,0.27089328267037,0.614064450256333,0.6,0,0,0,0,0,0.00585604340369214,0.00586731866239933,0.5,0.389833464505039,0.5,0.44271340154262,0.16745313395234,0.779666929010079,0.000719330822498905,0,0,0,0,2
447,24.9774747740788,0.86468101898297,0.270915148170193,0.614047437738187,0.6,0,0,0,0,0,0.0058568763580593,0.00586829932291953,0.5,0.389553146111297,0.5,0.442567635977874,0.167879217910829,0.779106292222594,0.000719330822498905,0,0,0,0,2
448,24.9865733842671,0.86472888041439,0.270936987180133,0.614030456764621,0.6,0,0,0,0,0,0.00585772163104236,0.00586929122071788,0.5,0.389273029286709,0.5,0.442421975229089,0.168304995484202,0.778546058573418,0.000719330822498905,0,0,0,0,2
449,24.9956684223141,0.8647766736219,0.270958799745189,0.614013507263292,0.6,0,0,0,0,0,0.00585857913402923,0.00587029427172491,0.5,0.388993113886333,0.5,0.442276419220893,0.168730466892774,0.777986227772666,0.000719330822498905,0,0,0,0,2
450,25.0047598884582,0.864824398738931,0.270980585910256,0.61399658916206,0.6,0,0,0,0,0,0.00585944877877849,0.00587130839222698,0.5,0.38871339976533,0.5,0.442130967877972,0.169155632356698,0.777426799530661,0.000719330822498905,0,0,0,0,2
451,25.0138477829427,0.864872055898571,0.271002345720121,0.613979702388986,0.6,0,0,0,0,0,0.00586033047741793,0.0058723334988652,0.5,0.388433886778967,0.5,0.441985621125063,0.169580492095971,0.776867773557933,0.000719330822498905,0,0,0,0,2
452,25.0229321060159,0.864919645233562,0.271024079219466,0.613962846872331,0.6,0,0,0,0,0,0.00586122414244317,0.00587336950863447,0.5,0.388154574782611,0.5,0.441840378886958,0.170005046330431,0.776309149565223,0.000719330822498905,0,0,0,0,2
453,25.0320128579241,0.864967166876307,0.271045786452867,0.613946022540555,0.6,0,0,0,0,0,0.00586212968671641,0.00587441633888255,0.5,0.387875463631738,0.5,0.441695241088504,0.170429295279758,0.775750927263476,0.000719330822498905,0,0,0,0,2
454,25.0410900389052,0.865014620958864,0.271067467464795,0.61392922932232,0.6,0,0,0,0,0,0.00586304702346524,0.00587547390730923,0.5,0.387596553181925,0.5,0.441550207654601,0.170853239163474,0.77519310636385,0.000719330822498905,0,0,0,0,2
455,25.0501636492002,0.865062007612953,0.271089122299615,0.613912467146482,0.6,0,0,0,0,0,0.00586397606628141,0.00587654213196525,0.5,0.387317843288853,0.5,0.441405278510204,0.171276878200943,0.774635686577706,0.000719330822498905,0,0,0,0,2
456,25.0592336890552,0.865109326969954,0.271110751001586,0.613895735942101,0.6,0,0,0,0,0,0.00586491672911957,0.00587762093125149,0.5,0.387039333808308,0.5,0.44126045358032,0.171700212611372,0.774078667616616,0.000719330822498905,0,0,0,0,2
457,25.0683001587206,0.865156579160908,0.271132353614866,0.613879035638428,0.6,0,0,0,0,0,0.00586586892629606,0.005878710223918,0.5,0.386761024596178,0.5,0.441115732790013,0.17212324261381,0.773522049192356,0.000719330822498905,0,0,0,0,2
458,25.0773630584397,0.86520376431652,0.271153930183506,0.613862366164915,0.6,0,0,0,0,0,0.00586683257248782,0.00587980992906332,0.5,0.386482915508456,0.5,0.440971116064397,0.172545968427147,0.772965831016912,0.000719330822498905,0,0,0,0,2
459,25.0864223884518,0.86525088256716,0.271175480751453,0.613845727451208,0.6,0,0,0,0,0,0.00586780758273136,0.00588091996613352,0.5,0.386205006401238,0.5,0.440826603328644,0.172968390270118,0.772410012802477,0.000719330822498905,0,0,0,0,2
460,25.095478149001,0.865297934042861,0.271197005362553,0.613829119427148,0.6,0,0,0,0,0,0.00586879387242159,0.00588204025492142,0.5,0.385927297130724,0.5,0.440682194507977,0.173390508361299,0.771854594261448,0.000719330822498905,0,0,0,0,2
461,25.1045303403363,0.865344918873324,0.271218504060547,0.613812542022771,0.6,0,0,0,0,0,0.00586979135731075,0.0058831707155657,0.5,0.385649787553217,0.5,0.440537889527673,0.17381232291911,0.771299575106434,0.000719330822498905,0,0,0,0,2
462,25.1135789627083,0.865391837187915,0.271239976889073,0.613795995168308,0.6,0,0,0,0,0,0.00587079995350734,0.00588431126855022,0.5,0.385372477525122,0.5,0.440393688313064,0.174233834161814,0.770744955050245,0.000719330822498905,0,0,0,0,2
463,25.122624016358,0.865438689115671,0.271261423891666,0.613779478794182,0.6,0,0,0,0,0,0.00587181957747518,0.00588546183470323,0.5,0.385095366902951,0.5,0.440249590789534,0.174655042307515,0.770190733805902,0.000719330822498905,0,0,0,0,2
464,25.1316655015275,0.865485474785297,0.271282845111761,0.613762992831009,0.6,0,0,0,0,0,0.00587285014603244,0.00588662233519659,0.5,0.384818455543314,0.5,0.440105596882523,0.175075947574162,0.769636911086629,0.000719330822498905,0,0,0,0,2
465,25.1407034184639,0.865532194325169,0.271304240592689,0.613746537209597,0.6,0,0,0,0,0,0.00587389157635063,0.00588779269154501,0.5,0.384541743302929,0.5,0.439961706517523,0.175496550179548,0.769083486605858,0.000719330822498905,0,0,0,0,2
466,25.1497377674195,0.865578847863333,0.271325610377681,0.613730111860945,0.6,0,0,0,0,0,0.00587494378595364,0.00588897282560533,0.5,0.384265230038614,0.5,0.439817919620079,0.175916850341307,0.768530460077228,0.000719330822498905,0,0,0,0,2
467,25.1587685486421,0.86562543552751,0.271346954509864,0.613713716716243,0.6,0,0,0,0,0,0.00587600669271674,0.00589016265957581,0.5,0.383988915607291,0.5,0.439674236115791,0.176336848276918,0.767977831214581,0.000719330822498905,0,0,0,0,2
468,25.167795762373,0.865671957445093,0.271368273032266,0.613697351706873,0.6,0,0,0,0,0,0.00587708021486587,0.00589136211599549,0.5,0.383712799865984,0.5,0.439530655930312,0.176756544203704,0.767425599731968,0.000719330822498905,0,0,0,0,2
469,25.1768194088577,0.86571841374315,0.271389565987815,0.613681016764404,0.6,0,0,0,0,0,0.00587816427097668,0.0058925711177434,0.5,0.383436882671822,0.5,0.439387178989347,0.177175938338831,0.766873765343643,0.000719330822498905,0,0,0,0,2
470,25.1858394883467,0.865764804548424,0.271410833419337,0.613664711820594,0.6,0,0,0,0,0,0.00587925877997356,0.0058937895880379,0.5,0.383161163882034,0.5,0.439243805218658,0.177595030899309,0.766322327764068,0.000719330822498905,0,0,0,0,2
471,25.1948560010938,0.865811129987337,0.271432075369559,0.61364843680739,0.6,0,0,0,0,0,0.00588036366112891,0.00589501745043603,0.5,0.382885643353953,0.5,0.439100534544056,0.178013822101991,0.765771286707907,0.000719330822498905,0,0,0,0,2
472,25.2038689473434,0.865857390185986,0.271453291881106,0.613632191656928,0.6,0,0,0,0,0,0.0058814788340622,0.00589625462883288,0.5,0.382610320945016,0.5,0.438957366891408,0.178432312163576,0.765220641890032,0.000719330822498905,0,0,0,0,2
473,25.2128783273395,0.865903585270148,0.271474482996508,0.613615976301528,0.6,0,0,0,0,0,0.00588260421873932,0.00589750104746096,0.5,0.382335196512759,0.5,0.438814302186635,0.178850501300606,0.764670393025518,0.000719330822498905,0,0,0,0,2
474,25.221884141331,0.865949715365281,0.271495648758191,0.613599790673699,0.6,0,0,0,0,0,0.0058837397354717,0.00589875663088944,0.5,0.382060269914824,0.5,0.438671340355709,0.179268389729467,0.764120539829648,0.000719330822498905,0,0,0,0,2
475,25.2308863895723,0.865995780596521,0.271516789208485,0.613583634706134,0.6,0,0,0,0,0,0.00588488530491548,0.00590002130402362,0.5,0.381785541008953,0.5,0.438528481324656,0.179685977666391,0.763571082017907,0.000719330822498905,0,0,0,0,2
476,25.239885072315,0.86604178108869,0.271537904389621,0.613567508331712,0.6,0,0,0,0,0,0.00588604084807075,0.00590129499210431,0.5,0.381511009652992,0.5,0.438385725019556,0.180103265327452,0.763022019305984,0.000719330822498905,0,0,0,0,2
477,25.2488801898028,0.866087716966287,0.271558994343731,0.613551411483498,0.6,0,0,0,0,0,0.00588720628628087,0.00590257762070721,0.5,0.381236675704887,0.5,0.438243071366541,0.180520252928571,0.762473351409775,0.000719330822498905,0,0,0,0,2
478,25.2578717422834,0.866133588353501,0.271580059112849,0.613535344094737,0.6,0,0,0,0,0,0.00588838154123176,0.00590386911574231,0.5,0.380962539022689,0.5,0.438100520291798,0.180936940685513,0.761925078045378,0.000719330822498905,0,0,0,0,2
479,25.2668597300096,0.866179395374203,0.271601098738913,0.613519306098861,0.6,0,0,0,0,0,0.00588956653495108,0.00590516940345323,0.5,0.380688599464549,0.5,0.437958071721565,0.181353328813886,0.761377198929097,0.000719330822498905,0,0,0,0,2
480,25.2758441532379,0.866225138151948,0.271622113263762,0.613503297429484,0.6,0,0,0,0,0,0.00589076118980755,0.00590647841041671,0.5,0.38041485688872,0.5,0.437815725582134,0.181769417529146,0.760829713777439,0.000719330822498905,0,0,0,0,2
481,25.2848250122161,0.866270816809981,0.271643102729138,0.613487318020401,0.6,0,0,0,0,0,0.00589196542851023,0.00590779606354201,0.5,0.380141311153558,0.5,0.43767348179985,0.182185207046593,0.760282622307115,0.000719330822498905,0,0,0,0,2
482,25.2938023071905,0.866316431471234,0.271664067176686,0.61347136780559,0.6,0,0,0,0,0,0.00589317917410792,0.00590912229007035,0.5,0.37986796211752,0.5,0.43753134030111,0.18260069758137,0.75973592423504,0.000719330822498905,0,0,0,0,2
483,25.3027760384126,0.866361982258328,0.271685006647956,0.613455446719207,0.6,0,0,0,0,0,0.00589440234998845,0.00591045701757429,0.5,0.379594809639166,0.5,0.437389301012366,0.183015889348468,0.759189619278331,0.000719330822498905,0,0,0,0,2
484,25.3117462061394,0.866407469293572,0.271705921184401,0.613439554695593,0.6,0,0,0,0,0,0.00589563487987799,0.0059118001739572,0.5,0.379321853577156,0.5,0.437247363860121,0.183430782562723,0.758643707154311,0.000719330822498905,0,0,0,0,2
485,25.3207128106257,0.866452892698968,0.271726810827378,0.613423691669265,0.6,0,0,0,0,0,0.00589687668784035,0.00591315168745271,0.5,0.379049093790252,0.5,0.437105528770931,0.183845377438816,0.758098187580505,0.000719330822498905,0,0,0,0,2
486,25.3296758521179,0.866498252596209,0.271747675618148,0.61340785757492,0.6,0,0,0,0,0,0.00589812769827643,0.00591451148662414,0.5,0.37877653013732,0.5,0.436963795671406,0.184259674191274,0.75755306027464,0.000719330822498905,0,0,0,0,2
487,25.3386353308663,0.866543549106681,0.271768515597877,0.613392052347435,0.6,0,0,0,0,0,0.0058993878359236,0.00591587950036398,0.5,0.378504162477324,0.5,0.436822164488208,0.184673673034468,0.757008324954648,0.000719330822498905,0,0,0,0,2
488,25.347591247127,0.866588782351463,0.271789330807636,0.613376275921864,0.6,0,0,0,0,0,0.005900657025855,0.00591725565789329,0.5,0.378231990669331,0.5,0.436680635148052,0.185087374182617,0.756463981338662,0.000719330822498905,0,0,0,0,2
489,25.3565436011592,0.866633952451329,0.271810121288401,0.613360528233438,0.6,0,0,0,0,0,0.00590193519347896,0.00591863988876121,0.5,0.37796001457251,0.5,0.436539207577705,0.185500777849785,0.75592002914502,0.000719330822498905,0,0,0,0,2
490,25.3654923932133,0.86667905952675,0.271830887081055,0.613344809217566,0.6,0,0,0,0,0,0.00590322226453835,0.00592003212284439,0.5,0.37768823404613,0.5,0.436397881703987,0.185913884249883,0.755376468092259,0.000719330822498905,0,0,0,0,2
491,25.3744376235387,0.866724103697892,0.271851628226384,0.613329118809831,0.6,0,0,0,0,0,0.00590451816511004,0.00592143229034653,0.5,0.377416648949561,0.5,0.436256657453772,0.186326693596667,0.754833297899122,0.000719330822498905,0,0,0,0,2
492,25.3833792923904,0.866769085084618,0.271872344765084,0.613313456945994,0.6,0,0,0,0,0,0.00590582282160434,0.00592284032179775,0.5,0.377145259142276,0.5,0.436115534753984,0.18673920610374,0.754290518284553,0.000719330822498905,0,0,0,0,2
493,25.3923174000284,0.866814003806493,0.271893036737752,0.613297823561992,0.6,0,0,0,0,0,0.00590713616076433,0.00592425614805409,0.5,0.376874064483848,0.5,0.435974513531601,0.187151421984551,0.753748128967696,0.000719330822498905,0,0,0,0,2
494,25.4012519467097,0.866858859982776,0.271913704184898,0.613282218593932,0.6,0,0,0,0,0,0.00590845810966529,0.00592567970029705,0.5,0.37660306483395,0.5,0.435833593713654,0.187563341452395,0.753206129667901,0.000719330822498905,0,0,0,0,2
495,25.4101829326839,0.866903653732432,0.271934347146933,0.6132666419781,0.6,0,0,0,0,0,0.00590978859571416,0.005927110910033,0.5,0.376332260052358,0.5,0.435692775227226,0.187974964720416,0.752664520104716,0.000719330822498905,0,0,0,0,2
496,25.419110358205,0.866948385174124,0.27195496566418,0.613251093650953,0.6,0,0,0,0,0,0.005911127546649,0.00592854970909268,0.5,0.376061649998946,0.5,0.435552057999452,0.188386292001601,0.752123299997893,0.000719330822498905,0,0,0,0,2
497,25.4280342235323,0.866993054426219,0.271975559776867,0.61323557354912,0.6,0,0,0,0,0,0.00591247489053839,0.00592999602963067,0.5,0.375791234533692,0.5,0.43541144195752,0.188797323508788,0.751582469067384,0.000719330822498905,0,0,0,0,2
498,25.4369545289282,0.867037661606785,0.271996129525129,0.613220081609405,0.6,0,0,0,0,0,0.00591383055578088,0.00593144980412489,0.5,0.375521013516672,0.5,0.43527092702867,0.189208059454658,0.751042027033344,0.000719330822498905,0,0,0,0,2
499,25.445871274645,0.867082206833596,0.272016674949012,0.613204617768781,0.6,0,0,0,0,0,0.0059151944711044,0.00593291096537609,0.5,0.375250986808064,0.5,0.435130513140193,0.189618500051742,0.750501973616129,0.000719330822498905,0,0,0,0,2
500,25.4547844609361,0.867126690224131,0.272037196088468,0.613189181964393,0.6,0,0,0,0,0,0.00591656656556581,0.0059343794465073,0.5,0.374981154268147,0.5,0.434990200219436,0.190028645512417,0.749962308536293,0.000719330822498905,0,0,0,0,2
501,25.4636940880601,0.867171111895574,0.272057692983358,0.613173774133559,0.6,0,0,0,0,0,0.00591794676855029,0.00593585518096335,0.5,0.374711515757298,0.5,0.434849988193795,0.190438496048907,0.749423031514596,0.000719330822498905,0,0,0,0,2
502,25.4726001562811,0.867215471964819,0.272078165673452,0.613158394213763,0.6,0,0,0,0,0,0.00591933500977082,0.00593733810251034,0.5,0.374442071135997,0.5,0.434709876990719,0.190848051873284,0.748884142271995,0.000719330822498905,0,0,0,0,2
503,25.4815026658573,0.867259770548462,0.27209861419843,0.613143042142662,0.6,0,0,0,0,0,0.00592073121926761,0.00593882814523511,0.5,0.374172820264824,0.5,0.434569866537709,0.191257313197467,0.748345640529649,0.000719330822498905,0,0,0,0,2
504,25.490401617042,0.867304007762814,0.272119038597881,0.613127717858078,0.6,0,0,0,0,0,0.00592213532740763,0.00594032524354475,0.5,0.373903763004458,0.5,0.434429956762318,0.191666280233223,0.747807526008917,0.000719330822498905,0,0,0,0,2
505,25.4992970100932,0.867348183723892,0.272139438911302,0.613112421298007,0.6,0,0,0,0,0,0.00592354726488405,0.0059418293321661,0.5,0.373634899215679,0.5,0.434290147592153,0.192074953192167,0.747269798431359,0.000719330822498905,0,0,0,0,2
506,25.5081888452748,0.867392298547425,0.272159815178103,0.613097152400608,0.6,0,0,0,0,0,0.0059249669627157,0.00594334034614518,0.5,0.373366228759367,0.5,0.434150438954871,0.192483332285761,0.746732457518735,0.000719330822498905,0,0,0,0,2
507,25.517077122851,0.867436352348852,0.272180167437601,0.613081911104209,0.6,0,0,0,0,0,0.00592639435224658,0.00594485822084671,0.5,0.373097751496503,0.5,0.434010830778181,0.192891417725316,0.746195502993005,0.000719330822498905,0,0,0,0,2
508,25.5259618430767,0.867480345243326,0.272200495729027,0.613066697347305,0.6,0,0,0,0,0,0.0059278293651453,0.00594638289195361,0.5,0.372829467288165,0.5,0.433871322989846,0.19329920972199,0.745658934576329,0.000719330822498905,0,0,0,0,2
509,25.5348430062095,0.867524277345712,0.27222080009152,0.613051511068557,0.6,0,0,0,0,0,0.00592927193340458,0.00594791429546645,0.5,0.372561375995533,0.5,0.433731915517677,0.193706708486789,0.745122751991067,0.000719330822498905,0,0,0,0,2
510,25.5437206125129,0.867568148770591,0.272241080564131,0.613036352206793,0.6,0,0,0,0,0,0.00593072198934076,0.00594945236770295,0.5,0.372293477479889,0.5,0.433592608289542,0.194113914230569,0.744586954959777,0.000719330822498905,0,0,0,0,2
511,25.5525946622544,0.867611959632258,0.272261337185822,0.613021220701004,0.6,0,0,0,0,0,0.00593217946559322,0.00595099704529741,0.5,0.37202577160261,0.5,0.433453401233357,0.194520827164033,0.74405154320522,0.000719330822498905,0,0,0,0,2
512,25.5614651556932,0.867655710044722,0.272281569995467,0.613006116490346,0.6,0,0,0,0,0,0.00593364429512393,0.00595254826520029,0.5,0.371758258225176,0.5,0.433314294277092,0.194927447497732,0.743516516450353,0.000719330822498905,0,0,0,0,2
513,25.5703320930868,0.867699400121713,0.272301779031852,0.61299103951414,0.6,0,0,0,0,0,0.00593511641121686,0.0059541059646776,0.5,0.371490937209166,0.5,0.433175287348767,0.195333775442067,0.742981874418333,0.000719330822498905,0,0,0,0,2
514,25.5791954746982,0.867743029976675,0.272321964333675,0.612975989711872,0.6,0,0,0,0,0,0.00593659574747755,0.0059556700813104,0.5,0.371223808416258,0.5,0.433036380376454,0.195739811207287,0.742447616832517,0.000719330822498905,0,0,0,0,2
515,25.5880553007962,0.867786599722772,0.272342125939545,0.612960967023187,0.6,0,0,0,0,0,0.00593808223783255,0.00595724055299426,0.5,0.37095687170823,0.5,0.43289757328828,0.19614555500349,0.741913743416461,0.000719330822498905,0,0,0,0,2
516,25.5969115716457,0.867830109472888,0.272362263887985,0.612945971387896,0.6,0,0,0,0,0,0.00593957581652888,0.00595881731793878,0.5,0.370690126946959,0.5,0.432758866012419,0.196551007040622,0.741380253893918,0.000719330822498905,0,0,0,0,2
517,25.6057642875047,0.867873559339627,0.272382378217431,0.61293100274597,0.6,0,0,0,0,0,0.00594107641813356,0.00596040031466698,0.5,0.370423573994421,0.5,0.432620258477099,0.19695616752848,0.740847147988842,0.000719330822498905,0,0,0,0,2
518,25.6146134486362,0.867916949435314,0.272402468966232,0.612916061037544,0.6,0,0,0,0,0,0.00594258397753308,0.00596198948201484,0.5,0.370157212712692,0.5,0.4324817506106,0.197361036676708,0.740314425425384,0.000719330822498905,0,0,0,0,2
519,25.6234590553089,0.867960279871995,0.27242253617265,0.612901146202911,0.6,0,0,0,0,0,0.0059440984299329,0.00596358475913071,0.5,0.369891042963947,0.5,0.432343342341252,0.197765614694801,0.739782085927894,0.000719330822498905,0,0,0,0,2
520,25.6323011077929,0.868003550761441,0.272442579874859,0.612886258182526,0.6,0,0,0,0,0,0.0059456197108569,0.00596518608547479,0.5,0.369625064610459,0.5,0.432205033597439,0.198169901792102,0.739250129220919,0.000719330822498905,0,0,0,0,2
521,25.6411396063484,0.868046762215145,0.272462600110951,0.612871396917004,0.6,0,0,0,0,0,0.00594714775614687,0.00596679340081858,0.5,0.369359277514603,0.5,0.432066824307593,0.198573898177804,0.738718555029205,0.000719330822498905,0,0,0,0,2
522,25.6499745512384,0.868089914344327,0.272482596918928,0.612856562347119,0.6,0,0,0,0,0,0.00594868250196201,0.00596840664524436,0.5,0.369093681538849,0.5,0.431928714400201,0.19897760406095,0.738187363077698,0.000719330822498905,0,0,0,0,2
523,25.6588059427315,0.868133007259928,0.27250257033671,0.612841754413804,0.6,0,0,0,0,0,0.00595022388477843,0.00597002575914459,0.5,0.368828276545769,0.5,0.4317907038038,0.199381019650432,0.737656553091537,0.000719330822498905,0,0,0,0,2
524,25.6676337811007,0.868176041072621,0.272522520402127,0.612826973058151,0.6,0,0,0,0,0,0.00595177184138856,0.00597165068322142,0.5,0.368563062398031,0.5,0.431652792446976,0.199784145154992,0.737126124796063,0.000719330822498905,0,0,0,0,2
525,25.6764580666108,0.868219015892803,0.27254244715293,0.612812218221408,0.6,0,0,0,0,0,0.00595332630890071,0.00597328135848608,0.5,0.368298038958406,0.5,0.431514980258371,0.200186980783223,0.736596077916812,0.000719330822498905,0,0,0,0,2
526,25.6852787995247,0.868261931830598,0.272562350626779,0.612797489844983,0.6,0,0,0,0,0,0.00595488722473845,0.00597491772625832,0.5,0.36803320608976,0.5,0.431377267166675,0.200589526743565,0.736066412179519,0.000719330822498905,0,0,0,0,2
527,25.6940959801113,0.86830478899586,0.272582230861254,0.612782787870438,0.6,0,0,0,0,0,0.0059564545266402,0.00597655972816593,0.5,0.367768563655058,0.5,0.43123965310063,0.200991783244312,0.735537127310115,0.000719330822498905,0,0,0,0,2
528,25.7029096086448,0.868347587498175,0.272602087893848,0.612768112239495,0.6,0,0,0,0,0,0.00595802815265859,0.00597820730614405,0.5,0.367504111517364,0.5,0.431102137989029,0.201393750493606,0.735008223034729,0.000719330822498905,0,0,0,0,2
529,25.7117196853953,0.868390327446857,0.272621921761972,0.612753462894029,0.6,0,0,0,0,0,0.00595960804116,0.00597986040243471,0.5,0.367239849539843,0.5,0.430964721760718,0.201795428699439,0.734479699079685,0.000719330822498905,0,0,0,0,2
530,25.7205262106265,0.86843300895095,0.272641732502951,0.61273883977607,0.6,0,0,0,0,0,0.00596119413082401,0.00598151895958615,0.5,0.366975777585753,0.5,0.430827404344592,0.202196818069655,0.733951555171507,0.000719330822498905,0,0,0,0,2
531,25.7293291846075,0.868475632119233,0.272661520154027,0.612724242827806,0.6,0,0,0,0,0,0.00596278636064282,0.00598318292045234,0.5,0.366711895518456,0.5,0.430690185669597,0.202597918811947,0.733423791036912,0.000719330822498905,0,0,0,0,2
532,25.7381286076131,0.868518197060218,0.27268128475236,0.612709671991577,0.6,0,0,0,0,0,0.0059643846699208,0.00598485222819234,0.5,0.366448203201409,0.5,0.430553065664733,0.202998731133859,0.732896406402818,0.000719330822498905,0,0,0,0,2
533,25.7469244799184,0.868560703882149,0.272701026335025,0.612695127209877,0.6,0,0,0,0,0,0.00596598899827385,0.00598652682626976,0.5,0.366184700498167,0.5,0.430416044259047,0.203399255242786,0.732369400996334,0.000719330822498905,0,0,0,0,2
534,25.7557168017889,0.868603152693005,0.272720744939016,0.612680608425354,0.6,0,0,0,0,0,0.00596759928562895,0.00598820665845207,0.5,0.365921387272385,0.5,0.43027912138164,0.203799491345975,0.731842774544769,0.000719330822498905,0,0,0,0,2
535,25.7645055734939,0.868645543600501,0.272740440601242,0.612666115580809,0.6,0,0,0,0,0,0.00596921547222354,0.00598989166881013,0.5,0.365658263387814,0.5,0.430142296961663,0.204199439650523,0.731316526775628,0.000719330822498905,0,0,0,0,2
536,25.773290795309,0.868687876712089,0.272760113358533,0.612651648619194,0.6,0,0,0,0,0,0.00597083749860498,0.00599158180171748,0.5,0.365395328708305,0.5,0.430005570928319,0.204599100363376,0.73079065741661,0.000719330822498905,0,0,0,0,2
537,25.7820724675125,0.868730152134956,0.272779763247633,0.612637207483616,0.6,0,0,0,0,0,0.00597246530563001,0.00599327700184987,0.5,0.365132583097806,0.5,0.429868943210859,0.204998473691335,0.730265166195611,0.000719330822498905,0,0,0,0,2
538,25.7908505903735,0.868772369976029,0.272799390305206,0.612622792117331,0.6,0,0,0,0,0,0.00597409883446422,0.00599497721418448,0.5,0.364870026420362,0.5,0.429732413738588,0.205397559841051,0.729740052840723,0.000719330822498905,0,0,0,0,2
539,25.7996251641617,0.868814530341973,0.272818994567835,0.612608402463746,0.6,0,0,0,0,0,0.00597573802658146,0.00599668238399945,0.5,0.364607658540116,0.5,0.42959598244086,0.205796359019023,0.729215317080232,0.000719330822498905,0,0,0,0,2
540,25.808396189153,0.868856633339191,0.272838576072021,0.61259403846642,0.6,0,0,0,0,0,0.00597738282376324,0.00599839245687317,0.5,0.364345479321311,0.5,0.429459649247082,0.206194871431608,0.728690958642622,0.000719330822498905,0,0,0,0,2
541,25.8171636656283,0.868898679073828,0.272858134854183,0.61257970006906,0.6,0,0,0,0,0,0.00597903316809821,0.00600010737868374,0.5,0.364083488628284,0.5,0.429323414086708,0.206593097285008,0.728166977256568,0.000719330822498905,0,0,0,0,2
542,25.825927593861,0.86894066765177,0.27287767095066,0.612565387215525,0.6,0,0,0,0,0,0.0059806890019816,0.00600182709560828,0.5,0.363821686325473,0.5,0.429187276889246,0.206991036785282,0.727643372650945,0.000719330822498905,0,0,0,0,2
543,25.8346879741214,0.868982599178644,0.27289718439771,0.61255109984982,0.6,0,0,0,0,0,0.0059823502681146,0.00600355155412229,0.5,0.36356007227741,0.5,0.429051237584253,0.207388690138337,0.72712014455482,0.000719330822498905,0,0,0,0,2
544,25.8434448066862,0.869024473759821,0.27291667523151,0.612536837916103,0.6,0,0,0,0,0,0.00598401690950378,0.00600528070099907,0.5,0.363298646348728,0.5,0.428915296101338,0.207786057549934,0.726597292697456,0.000719330822498905,0,0,0,0,2
545,25.8521980918376,0.869066291500412,0.272936143488157,0.612522601358675,0.6,0,0,0,0,0,0.00598568886946053,0.00600701448330903,0.5,0.363037408404154,0.5,0.42877945237016,0.208183139225685,0.726074816808309,0.000719330822498905,0,0,0,0,2
546,25.8609478298536,0.869108052505278,0.27295558920367,0.612508390121989,0.6,0,0,0,0,0,0.00598736609160047,0.00600875284841912,0.5,0.362776358308515,0.5,0.428643706320428,0.208579935371056,0.725552716617031,0.000719330822498905,0,0,0,0,2
547,25.869694021006,0.869149756879019,0.272975012413984,0.612494204150642,0.6,0,0,0,0,0,0.00598904851984287,0.00601049574399201,0.5,0.362515495926734,0.5,0.428508057881902,0.208976446191364,0.725030991853469,0.000719330822498905,0,0,0,0,2
548,25.878436665572,0.869191404725984,0.272994413154958,0.61248004338938,0.6,0,0,0,0,0,0.00599073609840999,0.0060122431179856,0.5,0.362254821123831,0.5,0.428372506984392,0.209372671891777,0.724509642247662,0.000719330822498905,0,0,0,0,2
549,25.8871757638351,0.869232996150269,0.27301379146237,0.612465907783094,0.6,0,0,0,0,0,0.00599242877182654,0.00601399491865234,0.5,0.361994333764923,0.5,0.42823705355776,0.209768612677317,0.723988667529846,0.000719330822498905,0,0,0,0,2
550,25.8959113160775,0.869274531255715,0.27303314737192,0.612451797276822,0.6,0,0,0,0,0,0.00599412648491905,0.0060157510945385,0.5,0.361734033715225,0.5,0.428101697531917,0.210164268752859,0.723468067430449,0.000719330822498905,0,0,0,0,2
551,25.9046433225729,0.869316010145913,0.273052480919228,0.612437711815746,0.6,0,0,0,0,0,0.00599582918281528,0.00601751159448349,0.5,0.361473920840047,0.5,0.427966438836824,0.210559640323129,0.722947841680093,0.000719330822498905,0,0,0,0,2
552,25.9133717835995,0.869357432924202,0.273071792139836,0.612423651345193,0.6,0,0,0,0,0,0.0059975368109436,0.00601927636761922,0.5,0.361213995004797,0.5,0.427831277402495,0.210954727592708,0.722427990009595,0.000719330822498905,0,0,0,0,2
553,25.9220966994415,0.869398799693671,0.273091081069208,0.612409615810635,0.6,0,0,0,0,0,0.0059992493150323,0.00602104536336946,0.5,0.360954256074981,0.5,0.42769621315899,0.211349530766029,0.721908512149962,0.000719330822498905,0,0,0,0,2
554,25.9308180703851,0.869440110557158,0.273110347742728,0.612395605157689,0.6,0,0,0,0,0,0.00600096664110903,0.00602281853144912,0.5,0.3606947039162,0.5,0.427561246036424,0.211744050047376,0.7213894078324,0.000719330822498905,0,0,0,0,2
555,25.9395358967066,0.869481365617254,0.273129592195705,0.612381619332114,0.6,0,0,0,0,0,0.00600268873550023,0.00602459582186347,0.5,0.360435338394152,0.5,0.427426375964959,0.212138285640889,0.720870676788304,0.000719330822498905,0,0,0,0,2
556,25.9482501786851,0.869522564976301,0.273148814463368,0.612367658279811,0.6,0,0,0,0,0,0.00600441554483039,0.00602637718490755,0.5,0.360176159374632,0.5,0.427291602874808,0.21253223775056,0.720352318749263,0.000719330822498905,0,0,0,0,2
557,25.9569609166058,0.869563708736394,0.273168014580868,0.612353721946827,0.6,0,0,0,0,0,0.00600614701602143,0.00602816257116546,0.5,0.35991716672353,0.5,0.427156926696236,0.212925906580234,0.71983433344706,0.000719330822498905,0,0,0,0,2
558,25.9656681107579,0.86960479699938,0.27318719258328,0.612339810279348,0.6,0,0,0,0,0,0.00600788309629207,0.00602995193150966,0.5,0.359658360306836,0.5,0.427022347359554,0.21331929233361,0.719316720613671,0.000719330822498905,0,0,0,0,2
559,25.974371761421,0.869645829866862,0.273206348505603,0.612325923223704,0.6,0,0,0,0,0,0.00600962373315723,0.00603174521710016,0.5,0.359399739990631,0.5,0.426887864795128,0.21371239521424,0.718799479981263,0.000719330822498905,0,0,0,0,2
560,25.9830718688753,0.869686807440197,0.273225482382758,0.612312060726364,0.6,0,0,0,0,0,0.00601136887442733,0.00603354237938387,0.5,0.359141305641098,0.5,0.426753478933371,0.214105215425531,0.718282611282197,0.000719330822498905,0,0,0,0,2
561,25.9917684334072,0.869727729820497,0.273244594249587,0.612298222733941,0.6,0,0,0,0,0,0.00601311846820759,0.00603534337009391,0.5,0.358883057124513,0.5,0.426619189704747,0.214497753170741,0.717766114249025,0.000719330822498905,0,0,0,0,2
562,26.0004614553082,0.869768597108631,0.27326368414086,0.612284409193185,0.6,0,0,0,0,0,0.00601487246289741,0.0060371481412489,0.5,0.358624994307247,0.5,0.426484997039769,0.214890008652984,0.717249988614495,0.000719330822498905,0,0,0,0,2
563,26.0091509348616,0.869809409405225,0.273282752091267,0.612270620050988,0.6,0,0,0,0,0,0.00601663080718973,0.00603895664515208,0.5,0.358367117055771,0.5,0.426350900869001,0.215281982075228,0.716734234111542,0.000719330822498905,0,0,0,0,2
564,26.0178368723489,0.869850166810664,0.273301798135425,0.612256855254381,0.6,0,0,0,0,0,0.00601839345007035,0.00604076883439069,0.5,0.358109425236648,0.5,0.426216901123057,0.215673673640295,0.716218850473296,0.000719330822498905,0,0,0,0,2
565,26.0265192680578,0.869890869425088,0.273320822307873,0.612243114750535,0.6,0,0,0,0,0,0.00602016034081719,0.00604258466183521,0.5,0.35785191871654,0.5,0.426082997732601,0.216065083550859,0.71570383743308,0.000719330822498905,0,0,0,0,2
566,26.0351981222817,0.8699315173484,0.273339824643076,0.612229398486756,0.6,0,0,0,0,0,0.0060219314289996,0.00604440408063867,0.5,0.357594597362203,0.5,0.425949190628346,0.216456212009451,0.715189194724407,0.000719330822498905,0,0,0,0,2
567,26.0438734353078,0.86997211068026,0.273358805175423,0.612215706410494,0.6,0,0,0,0,0,0.00602370666447778,0.00604622704423579,0.5,0.35733746104049,0.5,0.425815479741055,0.216847059218455,0.71467492208098,0.000719330822498905,0,0,0,0,2
568,26.0525452074191,0.870012649520093,0.273377763939227,0.612202038469333,0.6,0,0,0,0,0,0.00602548599740203,0.00604805350634218,0.5,0.357080509618349,0.5,0.425681865001541,0.21723762538011,0.714161019236698,0.000719330822498905,0,0,0,0,2
569,26.0612134389047,0.87005313396708,0.273396700968729,0.612188394610994,0.6,0,0,0,0,0,0.00602726937821202,0.00604988342095375,0.5,0.356823742962823,0.5,0.425548346340668,0.217627910696509,0.713647485925647,0.000719330822498905,0,0,0,0,2
570,26.0698781300598,0.870093564120167,0.273415616298092,0.612174774783337,0.6,0,0,0,0,0,0.00602905675763603,0.00605171674234587,0.5,0.356567160941053,0.5,0.425414923689347,0.2180179153696,0.713134321882106,0.000719330822498905,0,0,0,0,2
571,26.0785392811753,0.870133940078064,0.273434509961406,0.612161178934357,0.6,0,0,0,0,0,0.00603084808669039,0.00605355342507255,0.5,0.356310763420273,0.5,0.425281596978542,0.218407639601186,0.712621526840545,0.000719330822498905,0,0,0,0,2
572,26.087196892536,0.870174261939242,0.273453381992687,0.612147607012186,0.6,0,0,0,0,0,0.00603264331667872,0.00605539342396562,0.5,0.356054550267813,0.5,0.425148366139263,0.218797083592924,0.712109100535626,0.000719330822498905,0,0,0,0,2
573,26.0958509644325,0.870214529801937,0.273472232425876,0.612134058965091,0.6,0,0,0,0,0,0.00603444239919113,0.00605723669413407,0.5,0.3557985213511,0.5,0.425015231102572,0.219186247546328,0.7115970427022,0.000719330822498905,0,0,0,0,2
574,26.1045014971617,0.870254743764152,0.273491061294843,0.612120534741474,0.6,0,0,0,0,0,0.00603624528610352,0.00605908319096325,0.5,0.355542676537654,0.5,0.42488219179958,0.219575131662765,0.711085353075309,0.000719330822498905,0,0,0,0,2
575,26.113148491018,0.870294903923652,0.273509868633379,0.612107034289873,0.6,0,0,0,0,0,0.00603805192957689,0.00606093287011398,0.5,0.355287015695093,0.5,0.424749248161448,0.219963736143458,0.710574031390186,0.000719330822498905,0,0,0,0,2
576,26.1217919462884,0.870335010377971,0.273528654475208,0.612093557558959,0.6,0,0,0,0,0,0.00603986228205665,0.00606278568752177,0.5,0.355031538691128,0.5,0.424616400119387,0.220352061189486,0.710063077382256,0.000719330822498905,0,0,0,0,2
577,26.1304318632649,0.87037506322441,0.273547418853975,0.612080104497539,0.6,0,0,0,0,0,0.00604167629627176,0.00606464159939608,0.5,0.354776245393565,0.5,0.424483647604654,0.220740107001781,0.70955249078713,0.000719330822498905,0,0,0,0,2
578,26.1390682422464,0.870415062560037,0.273566161803257,0.61206667505455,0.6,0,0,0,0,0,0.00604349392523403,0.0060665005622195,0.5,0.354521135670307,0.5,0.42435099054856,0.221127873781133,0.709042271340614,0.000719330822498905,0,0,0,0,2
579,26.1477010835305,0.870455008481688,0.273584883356554,0.612053269179066,0.6,0,0,0,0,0,0.00604531512223737,0.00606836253274693,0.5,0.35426620938935,0.5,0.424218428882462,0.221515361728188,0.7085324187787,0.000719330822498905,0,0,0,0,2
580,26.1563303874062,0.87049490108597,0.273603583547296,0.612039886820292,0.6,0,0,0,0,0,0.00604713984085711,0.00607022746800465,0.5,0.354011466418786,0.5,0.424085962537769,0.221902571043445,0.708022932837572,0.000719330822498905,0,0,0,0,2
581,26.1649561541677,0.870534740469257,0.273622262408839,0.612026527927564,0.6,0,0,0,0,0,0.00604896803494915,0.00607209532528966,0.5,0.353756906626802,0.5,0.423953591445937,0.222289501927261,0.707513813253604,0.000719330822498905,0,0,0,0,2
582,26.1735783841152,0.870574526727697,0.27364091997447,0.612013192450352,0.6,0,0,0,0,0,0.00605079965864917,0.00607396606216881,0.5,0.353502529881679,0.5,0.423821315538473,0.222676154579848,0.707005059763357,0.000719330822498905,0,0,0,0,2
583,26.1821970775497,0.870614259957206,0.2736595562774,0.611999880338256,0.6,0,0,0,0,0,0.00605263466637191,0.00607583963647794,0.5,0.353248336051793,0.5,0.423689134746932,0.223062529201275,0.706496672103585,0.000719330822498905,0,0,0,0,2
584,26.1908122347626,0.870653940253474,0.27367817135077,0.611986591541009,0.6,0,0,0,0,0,0.00605447301281043,0.00607771600632097,0.5,0.352994325005614,0.5,0.423557049002919,0.223448625991466,0.705988650011229,0.000719330822498905,0,0,0,0,2
585,26.1994238560497,0.870693567711963,0.273696765227651,0.611973326008473,0.6,0,0,0,0,0,0.00605631465293531,0.00607959513006917,0.5,0.352740496611709,0.5,0.423425058238089,0.223834445150202,0.705480993223419,0.000719330822498905,0,0,0,0,2
586,26.2080319417134,0.870733142427907,0.273715337941039,0.61196008369064,0.6,0,0,0,0,0,0.00605815954199375,0.00608147696636031,0.5,0.352486850738737,0.5,0.423293162384143,0.224219986877119,0.704973701477475,0.000719330822498905,0,0,0,0,2
587,26.2166364920574,0.870772664496316,0.273733889523863,0.611946864537633,0.6,0,0,0,0,0,0.00606000763550889,0.0060833614740978,0.5,0.352233387255453,0.5,0.423161361372835,0.224605251371712,0.704466774510905,0.000719330822498905,0,0,0,0,2
588,26.2252375073756,0.870812134011972,0.273752420008978,0.611933668499704,0.6,0,0,0,0,0,0.00606185888927903,0.00608524861244972,0.5,0.351980106030704,0.5,0.423029655135966,0.22499023883333,0.703960212061408,0.000719330822498905,0,0,0,0,2
589,26.2338349879658,0.870851551069436,0.273770929429169,0.611920495527234,0.6,0,0,0,0,0,0.00606371325937683,0.00608713834084808,0.5,0.351727006933434,0.5,0.422898043605386,0.22537494946118,0.703454013866868,0.000719330822498905,0,0,0,0,2
590,26.2424289341324,0.870890915763042,0.273789417817152,0.611907345570733,0.6,0,0,0,0,0,0.00606557070214837,0.00608903061898794,0.5,0.35147408983268,0.5,0.422766526712994,0.225759383454326,0.70294817966536,0.000719330822498905,0,0,0,0,2
591,26.2510193461818,0.8709302281869,0.27380788520557,0.61189421858084,0.6,0,0,0,0,0,0.00606743117421244,0.00609092540682661,0.5,0.351221354597574,0.5,0.422635104390738,0.226143541011688,0.702442709195148,0.000719330822498905,0,0,0,0,2
592,26.2596062244105,0.8709694884349,0.273826331626998,0.611881114508319,0.6,0,0,0,0,0,0.00606929463245975,0.00609282266458254,0.5,0.350968801097341,0.5,0.422503776570617,0.226527422332042,0.701937602194681,0.000719330822498905,0,0,0,0,2
593,26.2681895691184,0.871008696600709,0.273844757113941,0.611868033304064,0.6,0,0,0,0,0,0.00607116103405212,0.00609472235273466,0.5,0.3507164292013,0.5,0.422372543184676,0.226911027614024,0.7014328584026,0.000719330822498905,0,0,0,0,2
594,26.2767693806119,0.87104785277777,0.273863161698832,0.611854974919096,0.6,0,0,0,0,0,0.00607303033642156,0.00609662443202146,0.5,0.350464238778865,0.5,0.42224140416501,0.227294357056125,0.70092847755773,0.000719330822498905,0,0,0,0,2
595,26.2853456592001,0.871086957059309,0.273881545414037,0.611841939304561,0.6,0,0,0,0,0,0.00607490249726943,0.00609852886344012,0.5,0.350212229699543,0.5,0.422110359443763,0.227677410856694,0.700424459399087,0.000719330822498905,0,0,0,0,2
596,26.293918405182,0.871126009538329,0.273899908291851,0.611828926411734,0.6,0,0,0,0,0,0.00607677747456574,0.00610043560824547,0.5,0.349960401832937,0.5,0.421979408953127,0.228060189213936,0.699920803665873,0.000719330822498905,0,0,0,0,2
597,26.3024876188595,0.871165010307616,0.273918250364501,0.611815936192014,0.6,0,0,0,0,0,0.00607865522654828,0.00610234462794922,0.5,0.349708755048739,0.5,0.421848552625344,0.228442692325917,0.699417510097478,0.000719330822498905,0,0,0,0,2
598,26.3110533005417,0.871203959459734,0.273936571664144,0.611802968596925,0.6,0,0,0,0,0,0.00608053571172166,0.00610425588431912,0.5,0.34945728921674,0.5,0.421717790392705,0.228824920390556,0.69891457843348,0.000719330822498905,0,0,0,0,2
599,26.3196154505397,0.871242857087032,0.27395487222287,0.611790023578117,0.6,0,0,0,0,0,0.00608241888885648,0.00610616933937802,0.5,0.349206004206821,0.5,0.421587122187547,0.229206873605632,0.698412008413642,0.000719330822498905,0,0,0,0,2
600,26.3281740691553,0.87128170328164,0.273973152072698,0.611777101087366,0.6,0,0,0,0,0,0.00608430471698861,0.00610808495540279,0.5,0.348954899888959,0.5,0.421456547942259,0.229588552168783,0.697909799777917,0.000719330822498905,0,0,0,0,2
601,26.3367291566928,0.871320498135471,0.273991411245579,0.611764201076571,0.6,0,0,0,0,0,0.00608619315541828,0.0061100026949236,0.5,0.348703976133222,0.5,0.421326067589275,0.229969956277502,0.697407952266444,0.000719330822498905,0,0,0,0,2
602,26.3452807134633,0.871359241740222,0.274009649773398,0.611751323497754,0.6,0,0,0,0,0,0.00608808416370915,0.006111922520723,0.5,0.348453232809774,0.5,0.421195681061083,0.230351086129143,0.696906465619548,0.000719330822498905,0,0,0,0,2
603,26.3538287397807,0.871397934187374,0.274027867687969,0.611738468303062,0.6,0,0,0,0,0,0.00608997770168742,0.006113844395835,0.5,0.348202669788871,0.5,0.421065388290213,0.230731941920916,0.696405339577742,0.000719330822498905,0,0,0,0,2
604,26.362373235949,0.871436575568194,0.274046065021042,0.611725635444765,0.6,0,0,0,0,0,0.00609187372944105,0.00611576828354398,0.5,0.347952286940862,0.5,0.420935189209248,0.23111252384989,0.695904573881723,0.000719330822498905,0,0,0,0,2
605,26.370914202275,0.871475165973733,0.274064241804294,0.611712824875257,0.6,0,0,0,0,0,0.00609377220731897,0.00611769414738394,0.5,0.347702084136189,0.5,0.420805083750818,0.231492832112992,0.695404168272379,0.000719330822498905,0,0,0,0,2
606,26.3794516390724,0.87151370549483,0.27408239806934,0.611700036547053,0.6,0,0,0,0,0,0.00609567309592998,0.00611962195113757,0.5,0.34745206124539,0.5,0.420675071847603,0.231872866907007,0.69490412249078,0.000719330822498905,0,0,0,0,2
607,26.3879855466574,0.871552194222109,0.274100533847724,0.611687270412789,0.6,0,0,0,0,0,0.00609757635614194,0.00612155165883533,0.5,0.347202218139092,0.5,0.420545153432328,0.23225262842858,0.694404436278184,0.000719330822498905,0,0,0,0,2
608,26.3965159253363,0.871590632245985,0.274118649170925,0.611674526425225,0.6,0,0,0,0,0,0.00609948194908095,0.0061234832347543,0.5,0.346952554688018,0.5,0.420415328437769,0.232632116874213,0.693905109376036,0.000719330822498905,0,0,0,0,2
609,26.4050427754185,0.871629019656656,0.274136744070354,0.611661804537242,0.6,0,0,0,0,0,0.00610138983613052,0.00612541664341745,0.5,0.346703070762982,0.5,0.420285596796751,0.233011332440267,0.693406141525965,0.000719330822498905,0,0,0,0,2
610,26.4135660972203,0.871667356544114,0.274154818577355,0.611649104701841,0.6,0,0,0,0,0,0.00610329997893047,0.00612735184959273,0.5,0.346453766234893,0.5,0.420155958442144,0.233390275322963,0.692907532469786,0.000719330822498905,0,0,0,0,2
611,26.4220858910602,0.871705642998136,0.274172872723207,0.611636426872143,0.6,0,0,0,0,0,0.00610521233937612,0.00612928881829207,0.5,0.346204640974751,0.5,0.42002641330687,0.233768945718379,0.692409281949502,0.000719330822498905,0,0,0,0,2
612,26.4306021572469,0.871743879108293,0.274190906539122,0.611623771001393,0.6,0,0,0,0,0,0.00610712687961743,0.00613122751477026,0.5,0.345955694853649,0.5,0.419896961323897,0.234147343822454,0.691911389707298,0.000719330822498905,0,0,0,0,2
613,26.4391148960924,0.871782064963942,0.274208920056246,0.611611137042951,0.6,0,0,0,0,0,0.00610904356205815,0.00613316790452419,0.5,0.345706927742774,0.5,0.419767602426242,0.234525469830984,0.691413855485547,0.000719330822498905,0,0,0,0,2
614,26.4476241079157,0.871820200654236,0.274226913305657,0.611598524950299,0.6,0,0,0,0,0,0.00611096234935476,0.00613510995329192,0.5,0.345458339513404,0.5,0.41963833654697,0.234903323939626,0.690916679026808,0.000719330822498905,0,0,0,0,2
615,26.4561297930375,0.871858286268117,0.27424488631837,0.611585934677038,0.6,0,0,0,0,0,0.00611288320441554,0.0061370536270517,0.5,0.34520993003691,0.5,0.419509163619193,0.235280906343896,0.690419860073821,0.000719330822498905,0,0,0,0,2
616,26.4646319517689,0.87189632189432,0.274262839125334,0.611573366176889,0.6,0,0,0,0,0,0.00611480609039979,0.00613899889202081,0.5,0.344961699184757,0.5,0.419380083576074,0.235658217239169,0.689923398369515,0.000719330822498905,0,0,0,0,2
617,26.4731305844247,0.871934307621372,0.274280771757431,0.611560819403688,0.6,0,0,0,0,0,0.00611673097071696,0.00614094571465479,0.5,0.344713646828501,0.5,0.41925109635082,0.236035256820679,0.689427293657002,0.000719330822498905,0,0,0,0,2
618,26.4816256913266,0.871972243537597,0.274298684245478,0.611548294311393,0.6,0,0,0,0,0,0.00611865780902547,0.00614289406164652,0.5,0.344465772839789,0.5,0.41912220187669,0.23641202528352,0.688931545679579,0.000719330822498905,0,0,0,0,2
619,26.4901172727974,0.87201012973111,0.27431657662023,0.611535790854076,0.6,0,0,0,0,0,0.00612058656923192,0.00614484389992522,0.5,0.344218077090364,0.5,0.418993400086989,0.236788522822647,0.688436154180728,0.000719330822498905,0,0,0,0,2
620,26.4986053291506,0.872047966289821,0.274334448912372,0.61152330898593,0.6,0,0,0,0,0,0.00612251721549018,0.00614679519665521,0.5,0.343970559452058,0.5,0.41886469091507,0.237164749632872,0.687941118904115,0.000719330822498905,0,0,0,0,2
621,26.5070898607038,0.872085753301438,0.27435230115253,0.611510848661262,0.6,0,0,0,0,0,0.00612444971220055,0.00614874791923526,0.5,0.343723219796796,0.5,0.418736074294334,0.237540705908871,0.687446439593591,0.000719330822498905,0,0,0,0,2
622,26.5155708677818,0.872123490853463,0.27437013337126,0.611498409834498,0.6,0,0,0,0,0,0.00612638402400857,0.00615070203529759,0.5,0.343476057996595,0.5,0.41860755015823,0.237916391845175,0.686952115993191,0.000719330822498905,0,0,0,0,2
623,26.5240483507092,0.872161179033194,0.274387945599057,0.611485992460178,0.6,0,0,0,0,0,0.00612832011580419,0.00615265751270679,0.5,0.343229073923566,0.5,0.418479118440254,0.23829180763618,0.686458147847132,0.000719330822498905,0,0,0,0,2
624,26.5325223098018,0.872198817927728,0.274405737866351,0.611473596492959,0.6,0,0,0,0,0,0.00613025795272088,0.00615461431955874,0.5,0.342982267449909,0.5,0.418350779073953,0.238666953476138,0.685964534899818,0.000719330822498905,0,0,0,0,2
625,26.5409927453804,0.87223640762396,0.274423510203509,0.611461221887614,0.6,0,0,0,0,0,0.00613219750013474,0.00615657242417977,0.5,0.342735638447918,0.5,0.418222531992917,0.239041829559165,0.685471276895836,0.000719330822498905,0,0,0,0,2
626,26.5494596577728,0.872273948208581,0.274441262640833,0.611448868599031,0.6,0,0,0,0,0,0.00613413872366334,0.00615853179512578,0.5,0.342489186789977,0.5,0.418094377130788,0.239416436079235,0.684978373579955,0.000719330822498905,0,0,0,0,2
627,26.5579230473052,0.872311439768084,0.274458995208561,0.611436536582212,0.6,0,0,0,0,0,0.00613608158916484,0.00616049240118108,0.5,0.342242912348564,0.5,0.417966314421253,0.239790773230182,0.684485824697128,0.000719330822498905,0,0,0,0,2
628,26.566382914296,0.872348882388759,0.274476707936868,0.611424225792276,0.6,0,0,0,0,0,0.00613802606273714,0.00616245421135732,0.5,0.341996814996247,0.5,0.417838343798049,0.240164841205704,0.683993629992494,0.000719330822498905,0,0,0,0,2
629,26.5748392590691,0.872386276156697,0.274494400855867,0.611411936184452,0.6,0,0,0,0,0,0.0061399721107169,0.00616441719489266,0.5,0.341750894605686,0.5,0.417710465194957,0.240538640199357,0.683501789211373,0.000719330822498905,0,0,0,0,2
630,26.5832920819553,0.872423621157791,0.274512073995606,0.611399667714087,0.6,0,0,0,0,0,0.00614191969967843,0.00616638132125088,0.5,0.341505151049633,0.5,0.417582678545809,0.240912170404557,0.683010302099267,0.000719330822498905,0,0,0,0,2
631,26.5917413832824,0.872460917477735,0.27452972738607,0.611387420336639,0.6,0,0,0,0,0,0.00614386879643276,0.00616834656012015,0.5,0.341259584200932,0.5,0.417454983784484,0.241285432014584,0.682519168401863,0.000719330822498905,0,0,0,0,2
632,26.6001871633715,0.872498165202022,0.274547361057185,0.61137519400768,0.6,0,0,0,0,0,0.00614581936802681,0.00617031288141203,0.5,0.341014193932516,0.5,0.417327380844908,0.241658425222576,0.682028387865032,0.000719330822498905,0,0,0,0,2
633,26.6086294225497,0.872535364415951,0.274564975038808,0.611362988682895,0.6,0,0,0,0,0,0.00614777138174239,0.00617228025526064,0.5,0.340768980117412,0.5,0.417199869661054,0.242031150221534,0.681537960234823,0.000719330822498905,0,0,0,0,2
634,26.6170681611509,0.872572515204624,0.27458256936074,0.611350804318081,0.6,0,0,0,0,0,0.00614972480509509,0.00617424865202167,0.5,0.340523942628737,0.5,0.417072450166943,0.24240360720432,0.681047885257474,0.000719330822498905,0,0,0,0,2
635,26.6255033795041,0.872609617652943,0.274600144052715,0.611338640869147,0.6,0,0,0,0,0,0.00615167960583328,0.00617621804227124,0.5,0.3402790813397,0.5,0.416945122296644,0.242775796363657,0.680558162679399,0.000719330822498905,0,0,0,0,2
636,26.6339350779334,0.872646671845617,0.274617699144408,0.611326498292114,0.6,0,0,0,0,0,0.00615363575193736,0.00617818839680479,0.5,0.3400343961236,0.5,0.416817885984272,0.243147717892128,0.6800687922472,0.000719330822498905,0,0,0,0,2
637,26.6423632567692,0.87268367786716,0.27463523466543,0.611314376543116,0.6,0,0,0,0,0,0.00615559321161872,0.0061801596866364,0.5,0.339789886853829,0.5,0.416690741163991,0.24351937198218,0.679579773707658,0.000719330822498905,0,0,0,0,2
638,26.6507879163484,0.872720635801891,0.274652750645332,0.611302275578395,0.6,0,0,0,0,0,0.00615755195331853,0.00618213188299766,0.5,0.339545553403868,0.5,0.416563687770011,0.243890758826121,0.679091106807736,0.000719330822498905,0,0,0,0,2
639,26.6592090570013,0.872757545733932,0.274670247113602,0.611290195354306,0.6,0,0,0,0,0,0.00615951194570689,0.00618410495733652,0.5,0.33930139564729,0.5,0.416436725736591,0.244261878616119,0.67860279129458,0.000719330822498905,0,0,0,0,2
640,26.6676266790548,0.872794407747217,0.274687724099667,0.611278135827314,0.6,0,0,0,0,0,0.00616147315768194,0.00618607888131626,0.5,0.339057413457759,0.5,0.416309854998035,0.244632731544207,0.678114826915518,0.000719330822498905,0,0,0,0,2
641,26.6760407828432,0.872831221925481,0.274705181632893,0.611266096953994,0.6,0,0,0,0,0,0.00616343555836888,0.00618805362681478,0.5,0.338813606709029,0.5,0.416183075488695,0.245003317802275,0.677627213418059,0.000719330822498905,0,0,0,0,2
642,26.6844513687058,0.872867988352271,0.274722619742585,0.61125407869103,0.6,0,0,0,0,0,0.00616539911711871,0.00619002916592345,0.5,0.338569975274947,0.5,0.416056387142972,0.245373637582081,0.677139950549894,0.000719330822498905,0,0,0,0,2
643,26.6928584369742,0.87290470711094,0.274740038457987,0.611242080995218,0.6,0,0,0,0,0,0.0061673638035074,0.00619200547094588,0.5,0.338326519029447,0.5,0.415929789895313,0.24574369107524,0.676653038058894,0.000719330822498905,0,0,0,0,2
644,26.7012619879788,0.87294137828465,0.274757437808282,0.611230103823459,0.6,0,0,0,0,0,0.00616932958733502,0.00619398251439707,0.5,0.338083237846558,0.5,0.41580328368021,0.246113478473233,0.676166475693115,0.000719330822498905,0,0,0,0,2
645,26.7096620220571,0.872978001956372,0.274774817822594,0.611218147132767,0.6,0,0,0,0,0,0.00617129643862469,0.00619596026900252,0.5,0.337840131600395,0.5,0.415676868432205,0.2464829999674,0.67568026320079,0.000719330822498905,0,0,0,0,2
646,26.7180585395513,0.873014578208887,0.274792178529983,0.611206210880263,0.6,0,0,0,0,0,0.00617326432762131,0.00619793870769713,0.5,0.337597200165167,0.5,0.415550544085887,0.246852255748946,0.675194400330335,0.000719330822498905,0,0,0,0,2
647,26.726451540794,0.873051107124787,0.274809519959453,0.611194295023174,0.6,0,0,0,0,0,0.00617523322479081,0.00619991780362402,0.5,0.337354443415173,0.5,0.41542431057589,0.247221246008937,0.674708886830346,0.000719330822498905,0,0,0,0,2
648,26.7348410261191,0.873087588786472,0.274826842139945,0.611182399518838,0.6,0,0,0,0,0,0.00617720310081918,0.00620189753013362,0.5,0.337111861224801,0.5,0.415298167836897,0.247589970938302,0.674223722449602,0.000719330822498905,0,0,0,0,2
649,26.7432269958682,0.873124023276158,0.274844145100342,0.611170524324698,0.6,0,0,0,0,0,0.00617917392661146,0.00620387786078279,0.5,0.33686945346853,0.5,0.415172115803636,0.247958430727835,0.67373890693706,0.000719330822498905,0,0,0,0,2
650,26.7516094503851,0.873160410675868,0.274861428869464,0.611158669398306,0.6,0,0,0,0,0,0.00618114567329045,0.00620585876933376,0.5,0.336627220020929,0.5,0.415046154410883,0.248326625568188,0.673254440041859,0.000719330822498905,0,0,0,0,2
651,26.7599883900039,0.873196751067442,0.274878693476077,0.611146834697321,0.6,0,0,0,0,0,0.00618311831219595,0.0062078402297528,0.5,0.336385160756658,0.5,0.414920283593462,0.248694555649879,0.672770321513317,0.000719330822498905,0,0,0,0,2
652,26.7683638150627,0.873233044532529,0.274895938948881,0.611135020179506,0.6,0,0,0,0,0,0.00618509181488386,0.00620982221620951,0.5,0.336143275550467,0.5,0.414794503286243,0.24906222116329,0.672286551100934,0.000719330822498905,0,0,0,0,2
653,26.7767357259065,0.873269291152594,0.274913165316523,0.611123225802733,0.6,0,0,0,0,0,0.00618706615312498,0.00621180470307585,0.5,0.335901564277195,0.5,0.414668813424141,0.249429622298664,0.67180312855439,0.000719330822498905,0,0,0,0,2
654,26.7851041228805,0.873305491008916,0.274930372607585,0.611111451524978,0.6,0,0,0,0,0,0.00618904129890389,0.00621378766492501,0.5,0.335660026811772,0.5,0.414543213942121,0.249796759246107,0.671320053623543,0.000719330822498905,0,0,0,0,2
655,26.7934690063211,0.873341644182586,0.274947560850595,0.611099697304324,0.6,0,0,0,0,0,0.00619101722441817,0.00621577107653015,0.5,0.335418663029217,0.5,0.414417704775193,0.25016363219559,0.670837326058434,0.000719330822498905,0,0,0,0,2
656,26.80183037657,0.873377750754513,0.27496473007402,0.611087963098959,0.6,0,0,0,0,0,0.0061929939020774,0.00621775491286372,0.5,0.33517747280464,0.5,0.414292285858413,0.250530241336947,0.67035494560928,0.000719330822498905,0,0,0,0,2
657,26.8101882339763,0.873413810805421,0.274981880306268,0.611076248867175,0.6,0,0,0,0,0,0.00619497130450201,0.00621973914909647,0.5,0.33493645601324,0.5,0.414166957126885,0.250896586859875,0.66987291202648,0.000719330822498905,0,0,0,0,2
658,26.8185425788857,0.87344982441585,0.274999011575689,0.61106455456737,0.6,0,0,0,0,0,0.00619694940452216,0.00622172376059619,0.5,0.334695612530307,0.5,0.414041718515759,0.251262668953934,0.669391225060613,0.000719330822498905,0,0,0,0,2
659,26.8268934116374,0.873485791666155,0.275016123910575,0.611052880158044,0.6,0,0,0,0,0,0.00619892817517694,0.00622370872292664,0.5,0.334454942231218,0.5,0.413916569960234,0.251628487808548,0.668909884462437,0.000719330822498905,0,0,0,0,2
660,26.8352407325773,0.873521712636512,0.27503321733916,0.611041225597805,0.6,0,0,0,0,0,0.00620090758971346,0.00622569401184679,0.5,0.334214444991443,0.5,0.41379151139555,0.251994043613007,0.668428889982886,0.000719330822498905,0,0,0,0,2
661,26.8435845420578,0.87355758740691,0.275050291889618,0.61102959084536,0.6,0,0,0,0,0,0.00620288762158547,0.00622767960330981,0.5,0.333974120686539,0.5,0.413666542757,0.252359336556461,0.667948241373078,0.000719330822498905,0,0,0,0,2
662,26.8519248404249,0.87359341605716,0.275067347590069,0.611017975859523,0.6,0,0,0,0,0,0.00620486824445248,0.00622966547346179,0.5,0.333733969192154,0.5,0.41354166397992,0.252724366827927,0.667467938384307,0.000719330822498905,0,0,0,0,2
663,26.8602616280214,0.87362919866689,0.275084384468572,0.61100638059921,0.6,0,0,0,0,0,0.00620684943217887,0.00623165159864076,0.5,0.333493990384023,0.5,0.413416874999692,0.253089134616285,0.666987980768047,0.000719330822498905,0,0,0,0,2
664,26.8685949051974,0.873664935315548,0.27510140255313,0.610994805023439,0.6,0,0,0,0,0,0.00620883115883289,0.00623363795537588,0.5,0.333254184137974,0.5,0.413292175751747,0.253453640110279,0.666508368275949,0.000719330822498905,0,0,0,0,2
665,26.8769246723079,0.873700626082401,0.275118401871687,0.610983249091331,0.6,0,0,0,0,0,0.00621081339868541,0.00623562452038644,0.5,0.333014550329922,0.5,0.41316756617156,0.253817883498518,0.666029100659845,0.000719330822498905,0,0,0,0,2
666,26.8852509296997,0.873736271046537,0.275135382452133,0.61097171276211,0.6,0,0,0,0,0,0.00621279612620896,0.00623761127058048,0.5,0.332775088835872,0.5,0.413043046194653,0.254181864969475,0.665550177671743,0.000719330822498905,0,0,0,0,2
667,26.8935736777193,0.873771870286865,0.275152344322297,0.610960195995101,0.6,0,0,0,0,0,0.00621477931607688,0.006239598183054,0.5,0.332535799531916,0.5,0.412918615756596,0.254545584711487,0.665071599063832,0.000719330822498905,0,0,0,0,2
668,26.9018929167211,0.873807423882114,0.275169287509953,0.61094869874973,0.6,0,0,0,0,0,0.00621676294316232,0.00624158523509009,0.5,0.332296682294239,0.5,0.412794274793004,0.254909042912757,0.664593364588478,0.000719330822498905,0,0,0,0,2
669,26.9102086470622,0.873842931910836,0.27518621204282,0.610937220985526,0.6,0,0,0,0,0,0.00621874698253689,0.00624357240415779,0.5,0.332057736999112,0.5,0.412670023239538,0.25527223976135,0.664115473998223,0.000719330822498905,0,0,0,0,2
670,26.9185208690902,0.873878394451406,0.275203117948557,0.610925762662117,0.6,0,0,0,0,0,0.00622073140946982,0.00624555966791085,0.5,0.331818963522895,0.5,0.412545861031905,0.255635175445199,0.66363792704579,0.000719330822498905,0,0,0,0,2
671,26.9268295831562,0.87391381158202,0.275220005254768,0.610914323739234,0.6,0,0,0,0,0,0.00622271619942712,0.00624754700418696,0.5,0.33158036174204,0.5,0.412421788105861,0.2559978501521,0.663160723484079,0.000719330822498905,0,0,0,0,2
672,26.9351347896187,0.873949183380698,0.275236873989002,0.610902904176706,0.6,0,0,0,0,0,0.00622470132807048,0.00624953439100684,0.5,0.331341931533083,0.5,0.412297804397203,0.256360264069713,0.662683863066167,0.000719330822498905,0,0,0,0,2
673,26.9434364888356,0.873984509925285,0.27525372417875,0.610891503934462,0.6,0,0,0,0,0,0.00622668677125589,0.00625152180657306,0.5,0.331103672772654,0.5,0.41217390984178,0.256722417385566,0.662207345545308,0.000719330822498905,0,0,0,0,2
674,26.9517346811568,0.874019791293449,0.275270555851448,0.610880122972535,0.6,0,0,0,0,0,0.00622867250503303,0.00625350922926882,0.5,0.330865585337468,0.5,0.412050104375483,0.257084310287049,0.661731170674935,0.000719330822498905,0,0,0,0,2
675,26.9600293669377,0.874055027562682,0.275287369034476,0.610868761251052,0.6,0,0,0,0,0,0.00623065850564422,0.00625549663765729,0.5,0.330627669104329,0.5,0.411926387934251,0.25744594296142,0.661255338208658,0.000719330822498905,0,0,0,0,2
676,26.9683205465408,0.874090218810304,0.275304163755157,0.610857418730242,0.6,0,0,0,0,0,0.00623264474952331,0.0062574840104806,0.5,0.330389923950132,0.5,0.411802760454068,0.2578073155958,0.660779847900263,0.000719330822498905,0,0,0,0,2
677,26.9766082203242,0.874125365113459,0.275320940040761,0.610846095370432,0.6,0,0,0,0,0,0.00623463121329446,0.00625947132665862,0.5,0.330152349751857,0.5,0.411679221870966,0.258168428377177,0.660304699503714,0.000719330822498905,0,0,0,0,2
678,26.9848923886409,0.874160466549118,0.2753376979185,0.61083479113205,0.6,0,0,0,0,0,0.00623661787377138,0.00626145856528784,0.5,0.329914946386576,0.5,0.411555772121019,0.258529281492405,0.659829892773152,0.000719330822498905,0,0,0,0,2
679,26.9931730518508,0.874195523194077,0.275354437415532,0.610823505975618,0.6,0,0,0,0,0,0.00623860470795643,0.00626344570564076,0.5,0.329677713731447,0.5,0.411432411140352,0.258889875128201,0.659355427462893,0.000719330822498905,0,0,0,0,2
680,27.0014502103198,0.874230535124962,0.27537115855896,0.61081223986176,0.6,0,0,0,0,0,0.0062405916930393,0.00626543272716476,0.5,0.329440651663717,0.5,0.411309138865133,0.25925020947115,0.658881303327434,0.000719330822498905,0,0,0,0,2
681,27.0097238644059,0.874265502418225,0.275387861375832,0.610800992751196,0.6,0,0,0,0,0,0.00624257880639599,0.00626741960948085,0.5,0.329203760060721,0.5,0.411185955231575,0.259610284707703,0.658407520121443,0.000719330822498905,0,0,0,0,2
682,27.0179940144661,0.874300425150147,0.275404545893141,0.610789764604743,0.6,0,0,0,0,0,0.00624456602558803,0.00626940633238277,0.5,0.328967038799884,0.5,0.41106286017594,0.259970101024176,0.657934077599769,0.000719330822498905,0,0,0,0,2
683,27.0262606608651,0.874335303396837,0.275421212137825,0.610778555383317,0.6,0,0,0,0,0,0.00624655332836147,0.00627139287583623,0.5,0.328730487758717,0.5,0.410939853634533,0.26032965860675,0.657460975517434,0.000719330822498905,0,0,0,0,2
684,27.0345238039709,0.874370137234234,0.275437860136767,0.610767365047928,0.6,0,0,0,0,0,0.00624854069264559,0.00627337921997781,0.5,0.328494106814819,0.5,0.410816935543706,0.260688957641475,0.656988213629638,0.000719330822498905,0,0,0,0,2
685,27.042783444142,0.874404926738106,0.275454489916798,0.610756193559685,0.6,0,0,0,0,0,0.00625052809655197,0.00627536534511361,0.5,0.328257895845879,0.5,0.410694105839857,0.261047998314265,0.656515791691757,0.000719330822498905,0,0,0,0,2
686,27.05103958174,0.874439671984053,0.275471101504691,0.610745040879793,0.6,0,0,0,0,0,0.00625251551837368,0.0062773512317186,0.5,0.328021854729671,0.5,0.410571364459429,0.2614067808109,0.656043709459342,0.000719330822498905,0,0,0,0,2
687,27.0592922171344,0.874474373047502,0.275487694927169,0.610733906969552,0.6,0,0,0,0,0,0.00625450293658425,0.00627933686043574,0.5,0.32778598334406,0.5,0.410448711338911,0.261765305317028,0.655571966688121,0.000719330822498905,0,0,0,0,2
688,27.0675413506936,0.874509030003714,0.275504270210898,0.610722791790358,0.6,0,0,0,0,0,0.00625649032983634,0.00628132221207477,0.5,0.327550281566998,0.5,0.410326146414839,0.262123572018163,0.655100563133996,0.000719330822498905,0,0,0,0,2
689,27.0757869827782,0.874543642927782,0.275520827382491,0.610711695303704,0.6,0,0,0,0,0,0.00625847767696087,0.00628330726761101,0.5,0.327314749276523,0.5,0.410203669623792,0.262481581099685,0.654629498553046,0.000719330822498905,0,0,0,0,2
690,27.0840291137547,0.874578211894628,0.275537366468509,0.610700617471176,0.6,0,0,0,0,0,0.00626046495696633,0.00628529200818476,0.5,0.327079386350762,0.5,0.410081280902396,0.262839332746842,0.654158772701524,0.000719330822498905,0,0,0,0,2
691,27.0922677439968,0.874612736979011,0.275553887495456,0.610689558254457,0.6,0,0,0,0,0,0.00626245214903748,0.00628727641510032,0.5,0.32684419266793,0.5,0.409958980187324,0.263196827144746,0.65368838533586,0.000719330822498905,0,0,0,0,2
692,27.1005028738724,0.874647218255518,0.275570390489786,0.610678517615322,0.6,0,0,0,0,0,0.00626443923253418,0.00628926046982471,0.5,0.326609168106329,0.5,0.409836767415291,0.26355406447838,0.653218336212658,0.000719330822498905,0,0,0,0,2
693,27.1087345037457,0.874681655798574,0.275586875477899,0.610667495515642,0.6,0,0,0,0,0,0.00626642618699068,0.00629124415398669,0.5,0.326374312544349,0.5,0.409714642523061,0.26391104493259,0.652748625088697,0.000719330822498905,0,0,0,0,2
694,27.1169626339882,0.874716049682434,0.275603342486139,0.610656491917383,0.6,0,0,0,0,0,0.00626841299211467,0.00629322744937609,0.5,0.326139625860466,0.5,0.409592605447442,0.264267768692092,0.652279251720931,0.000719330822498905,0,0,0,0,2
695,27.1251872649766,0.874750399981191,0.275619791540801,0.610645506782604,0.6,0,0,0,0,0,0.00627039962778607,0.00629521033794279,0.5,0.325905107933245,0.5,0.409470656125287,0.264624235941467,0.65181021586649,0.000719330822498905,0,0,0,0,2
696,27.1334083970784,0.87478470676877,0.275636222668125,0.610634540073456,0.6,0,0,0,0,0,0.0062723860740559,0.00629719280179532,0.5,0.325670758641338,0.5,0.409348794493496,0.264980446865165,0.651341517282677,0.000719330822498905,0,0,0,0,2
697,27.1416260306624,0.874818970118933,0.275652635894299,0.610623591752185,0.6,0,0,0,0,0,0.00627437231114562,0.00629917482320025,0.5,0.325436577863485,0.5,0.409227020489012,0.265336401647503,0.650873155726969,0.000719330822498905,0,0,0,0,2
698,27.1498401661054,0.874853190105277,0.275669031245458,0.61061266178113,0.6,0,0,0,0,0,0.00627635831944614,0.00630115638458127,0.5,0.32520256547851,0.5,0.409105334048825,0.265692100472664,0.65040513095702,0.000719330822498905,0,0,0,0,2
699,27.158050803785,0.874887366801236,0.275685408747685,0.610601750122721,0.6,0,0,0,0,0,0.00627834407951651,0.00630313746851815,0.5,0.324968721365328,0.5,0.408983735109971,0.266047543524701,0.649937442730656,0.000719330822498905,0,0,0,0,2
700,27.1662579440699,0.874921500280079,0.275701768427011,0.610590856739482,0.6,0,0,0,0,0,0.00628032957208296,0.00630511805774543,0.5,0.324735045402939,0.5,0.408862223609528,0.266402730987532,0.649470090805878,0.000719330822498905,0,0,0,0,2
701,27.1744615873341,0.874955590614915,0.275718110309413,0.61057998159403,0.6,0,0,0,0,0,0.00628231477803823,0.00630709813515188,0.5,0.324501537470431,0.5,0.408740799484624,0.266757663044945,0.649003074940861,0.000719330822498905,0,0,0,0,2
702,27.182661733959,0.874989637878688,0.275734434420819,0.610569124649072,0.6,0,0,0,0,0,0.0062842996784405,0.00630907768377957,0.5,0.324268197446977,0.5,0.408619462672428,0.267112339880595,0.648536394893954,0.000719330822498905,0,0,0,0,2
703,27.1908583843216,0.875023642144181,0.275750740787102,0.610558285867406,0.6,0,0,0,0,0,0.006286284254512,0.00631105668682261,0.5,0.324035025211839,0.5,0.408498213110156,0.267466761678004,0.648070050423679,0.000719330822498905,0,0,0,0,2
704,27.1990515387939,0.875057603484016,0.275767029434087,0.610547465211924,0.6,0,0,0,0,0,0.00628826848763838,0.00631303512762617,0.5,0.323802020644366,0.5,0.40837705073507,0.267820928620564,0.647604041288732,0.000719330822498905,0,0,0,0,2
705,27.2072411977552,0.875091521970652,0.275783300387543,0.610536662645608,0.6,0,0,0,0,0,0.00629025235936782,0.00631501298968584,0.5,0.323569183623992,0.5,0.408255975484476,0.268174840891533,0.647138367247983,0.000719330822498905,0,0,0,0,2
706,27.2154273615902,0.875125397676391,0.275799553673191,0.61052587813153,0.6,0,0,0,0,0,0.00629223585140987,0.00631699025664666,0.5,0.323336514030238,0.5,0.408134987295724,0.268528498674039,0.646673028060476,0.000719330822498905,0,0,0,0,2
707,27.2236100306752,0.875159230673371,0.275815789316699,0.610515111632854,0.6,0,0,0,0,0,0.00629421894563427,0.00631896691230178,0.5,0.323104011742713,0.5,0.408014086106211,0.268881902151076,0.646208023485426,0.000719330822498905,0,0,0,0,2
708,27.2317892053869,0.875193021033573,0.275832007343684,0.610504363112832,0.6,0,0,0,0,0,0.0062962016240703,0.00632094294059172,0.5,0.322871676641111,0.5,0.407893271853378,0.269235051505511,0.645743353282223,0.000719330822498905,0,0,0,0,2
709,27.2399648861099,0.875226768828817,0.275848207779713,0.610493632534808,0.6,0,0,0,0,0,0.00629818386890587,0.0063229183256037,0.5,0.322639508605215,0.5,0.407772544474712,0.269587946920074,0.645279017210429,0.000719330822498905,0,0,0,0,2
710,27.2481370732302,0.875260474130764,0.275864390650301,0.610482919862217,0.6,0,0,0,0,0,0.00630016566248623,0.00632489305157047,0.5,0.32240750751489,0.5,0.407651903907743,0.269940588577367,0.644815015029781,0.000719330822498905,0,0,0,0,2
711,27.2563057671248,0.87529413701092,0.275880555980912,0.610472225058579,0.6,0,0,0,0,0,0.00630214698731298,0.00632686710286907,0.5,0.322175673250093,0.5,0.407531350090048,0.270292976659859,0.644351346500185,0.000719330822498905,0,0,0,0,2
712,27.2644709681758,0.875327757540629,0.275896703796961,0.610461548087508,0.6,0,0,0,0,0,0.00630412782604346,0.00632884046402034,0.5,0.321944005690862,0.5,0.407410882959248,0.27064511134989,0.643888011381724,0.000719330822498905,0,0,0,0,2
713,27.2726326767729,0.875361335791078,0.27591283412381,0.610450888912705,0.6,0,0,0,0,0,0.0063061081614897,0.006330813119688,0.5,0.321712504717325,0.5,0.407290502453009,0.270996992829666,0.64342500943465,0.000719330822498905,0,0,0,0,2
714,27.280790893301,0.8753948718333,0.275928946986772,0.610440247497959,0.6,0,0,0,0,0,0.00630808797661707,0.00633278505467746,0.5,0.321481170209694,0.5,0.407170208509041,0.271348621281265,0.642962340419389,0.000719330822498905,0,0,0,0,2
715,27.2889456181405,0.875428365738168,0.27594504241111,0.610429623807148,0.6,0,0,0,0,0,0.00631006725454363,0.00633475625393478,0.5,0.321250002048269,0.5,0.4070500010651,0.271699996886631,0.642500004096539,0.000719330822498905,0,0,0,0,2
716,27.2970968516791,0.8754618175764,0.275961120422037,0.61041901780424,0.6,0,0,0,0,0,0.00631204597853927,0.00633672670254617,0.5,0.321019000113435,0.5,0.406929880058986,0.272051119827579,0.642038000226869,0.000719330822498905,0,0,0,0,2
717,27.3052445943098,0.875495227418559,0.275977181044716,0.610408429453288,0.6,0,0,0,0,0,0.0063140241320247,0.00633869638573698,0.5,0.320788164285662,0.5,0.406809845428544,0.272401990285794,0.641576328571324,0.000719330822498905,0,0,0,0,2
718,27.3133888464165,0.875528595335051,0.275993224304258,0.610397858718435,0.6,0,0,0,0,0,0.00631600169857008,0.00634066528887037,0.5,0.320557494445508,0.5,0.406689897111664,0.272752608442828,0.641114988891015,0.000719330822498905,0,0,0,0,2
719,27.3215296083847,0.875561921396129,0.276009250225727,0.610387305563911,0.6,0,0,0,0,0,0.00631797866189454,0.00634263339744674,0.5,0.320326990473615,0.5,0.40657003504628,0.273102974480105,0.64065398094723,0.000719330822498905,0,0,0,0,2
720,27.3296668806077,0.87559520567189,0.276025258834136,0.610376769954032,0.6,0,0,0,0,0,0.00631995500586531,0.00634460069710292,0.5,0.320096652250713,0.5,0.406450259170371,0.273453088578916,0.640193304501426,0.000719330822498905,0,0,0,0,2
721,27.337800663479,0.875628448232277,0.276041250154449,0.610366251853203,0.6,0,0,0,0,0,0.00632193071449638,0.00634656717361114,0.5,0.319866479657616,0.5,0.40633056942196,0.273802950920424,0.639732959315231,0.000719330822498905,0,0,0,0,2
722,27.3459309573837,0.875661649147081,0.27605722421158,0.610355751225913,0.6,0,0,0,0,0,0.00632390577194759,0.00634853281287777,0.5,0.319636472575223,0.5,0.406210965739116,0.27415256168566,0.639272945150447,0.000719330822498905,0,0,0,0,2
723,27.3540577627131,0.875694808485937,0.276073181030395,0.610345268036741,0.6,0,0,0,0,0,0.00632588016252401,0.00635049760094294,0.5,0.319406630884522,0.5,0.406091448059951,0.274501921055527,0.638813261769044,0.000719330822498905,0,0,0,0,2
724,27.3621810798652,0.875727926318329,0.27608912063571,0.610334802250348,0.6,0,0,0,0,0,0.00632785387067496,0.0063524615239796,0.5,0.319176954466583,0.5,0.405972016322623,0.274851029210794,0.638353908933166,0.000719330822498905,0,0,0,0,2
725,27.3703009092322,0.875761002713589,0.276105043052291,0.610324353831485,0.6,0,0,0,0,0,0.00632982688099268,0.00635442456829226,0.5,0.318947443202564,0.5,0.405852670465333,0.275199886332103,0.637894886405127,0.000719330822498905,0,0,0,0,2
726,27.3784172512031,0.875794037740896,0.276120948304858,0.610313922744986,0.6,0,0,0,0,0,0.00633179917821166,0.00635638672031621,0.5,0.318718096973706,0.5,0.405733410426327,0.275548492599967,0.637436193947412,0.000719330822498905,0,0,0,0,2
727,27.3865301061751,0.875827031469278,0.27613683641808,0.610303508955771,0.6,0,0,0,0,0,0.00633377074720794,0.00635834796661692,0.5,0.318488915661338,0.5,0.405614236143896,0.275896848194767,0.636977831322676,0.000719330822498905,0,0,0,0,2
728,27.3946394745488,0.875859983967612,0.276152707416578,0.610293112428847,0.6,0,0,0,0,0,0.00633574157299792,0.00636030829388908,0.5,0.318259899146872,0.5,0.405495147556374,0.276244953296754,0.636519798293745,0.000719330822498905,0,0,0,0,2
729,27.4027453567154,0.875892895304622,0.276168561324925,0.610282733129303,0.6,0,0,0,0,0,0.00633771164073724,0.00636226768895524,0.5,0.318031047311808,0.5,0.40537614460214,0.276592808086052,0.636062094623616,0.000719330822498905,0,0,0,0,2
730,27.4108477530691,0.875925765548886,0.276184398167644,0.610272371022316,0.6,0,0,0,0,0,0.00633968093572022,0.00636422613876541,0.5,0.317802360037728,0.5,0.405257227219619,0.276940412742653,0.635604720075457,0.000719330822498905,0,0,0,0,2
1,41.5894028308611,0.92,0.306666666666667,0.613333333333333,0.6,0,0,0,0,0,0.0083786967516791,0.0083786967516791,0.75,0,0.25,0,1,0,0.000719330822498905,0,0,0,0,3
2,41.5894028308611,0.92,0.306666666666667,0.613333333333333,0.6,0,0,0,0,0,0.0083786967516791,0.00837869675167909,0.75,0,0.25,0,1,0,0.000719330822498905,0,0,0,0,3
3,41.5894028308611,0.92,0.306666666666667,0.613333333333333,0.6,0,0,0,0,0,0.0083786967516791,0.00837869675167909,0.75,0,0.25,0,1,0,0.000719330822498905,0,0,0,0,3
4,41.5894028308611,0.92,0.306666666666667,0.613333333333333,0.6,0,0,0,0,0,0.0083786967516791,0.00837869675167909,0.75,0,0.25,0,1,0,0.000719330822498905,0,0,0,0,3
5,41.5894028308611,0.92,0.306666666666667,0.613333333333333,0.6,0,0,0,0,0,0.0083786967516791,0.00837869675167909,0.75,0,0.25,0,1,0,0.000719330822498905,0,0,0,0,3
6,41.5894028308611,0.92,0.306666666666667,0.613333333333333,0.6,0,0,0,0,0,0.0083786967516791,0.00837869675167909,0.75,0,0.25,0,1,0,0.000719330822498905,0,0,0,0,3
7,41.5894028308611,0.92,0.306666666666667,0.613333333333333,0.6,0,0,0,0,0,0.0083786967516791,0.00837869675167909,0.75,0,0.25,0,1,0,0.000719330822498905,0,0,0,0,3
8,41.5894028308611,0.92,0.306666666666667,0.613333333333333,0.6,0,0,0,0,0,0.0083786967516791,0.00837869675167909,0.75,0,0.25,0,1,0,0.000719330822498905,0,0,0,0,3
9,41.5894028308611,0.92,0.306666666666667,0.613333333333333,0.6,0,0,0,0,0,0.0083786967516791,0.00837869675167909,0.75,0,0.25,0,1,0,0.000719330822498905,0,0,0,0,3
10,41.5894028308611,0.92,0.306666666666667,0.613333333333333,0.6,0,0,0,0,0,0.0083786967516791,0.00837869675167909,0.75,0,0.25,0,1,0,0.000719330822498905,0,0,0,0,3
11,41.5894028308611,0.92,0.306666666666667,0.613333333333333,0.6,0,0,0,0,0,0.0083786967516791,0.00837869675167909,0.75,0,0.25,0,1,0,0.000719330822498905,0,0,0,0,3
12,41.5894028308611,0.92,0.306666666666667,0.613333333333333,0.6,0,0,0,0,0,0.0083786967516791,0.00837869675167909,0.75,0,0.25,0,1,0,0.000719330822498905,0,0,0,0,3
13,41.5894028308611,0.92,0.306666666666667,0.613333333333333,0.6,0,0,0,0,0,0.0083786967516791,0.00837869173369723,0.75,0,0.25,0,1,0,0.000719330822498905,0,0,0,0,3
14,41.5894028308611,0.92,0.306666666666667,0.613333333333333,0.6,0,0,0,0,0,0.0083786967516791,0.00838094109825011,0.75,0,0.25,0,1,0,0.000719330822498905,0,0,0,0,3
15,41.5894028308611,0.92,0.306666666666667,0.613333333333333,0.6,0,0,0,0,0,0.00837869675167909,0.00838585264657682,0.75,0,0.25,0,1,0,0.000719330822498905,0,0,0,0,3
16,41.5894028308611,0.92,0.306666666666667,0.613333333333333,0.6,0,0,0,0,0,0.00837869675167909,0.00839157649289328,0.75,0,0.25,0,1,0,0.000719330822498905,0,0,0,0,3
17,41.5894028308611,0.92,0.306666666666667,0.613333333333333,0.6,0,0,0,0,0,0.00837869675167909,0.00839701837925579,0.75,0,0.25,0,1,0,0.000719330822498905,0,0,0,0,3
18,41.5894028308611,0.92,0.306666666666667,0.613333333333333,0.6,0,0,0,0,0,0.00837869675167909,0.0084015720198714,0.75,0,0.25,0,1,0,0.000719330822498905,0,0,0,0,3
19,41.5894028308611,0.92,0.306666666666667,0.613333333333333,0.6,0,0,0,0,0,0.00837869675167909,0.00840497217470951,0.75,0,0.25,0,1,0,0.000719330822498905,0,0,0,0,3
20,41.5894028308611,0.92,0.306666666666667,0.613333333333333,0.6,0,0,0,0,0,0.00837869675167909,0.00840720169645189,0.75,0,0.25,0,1,0,0.000719330822498905,0,0,0,0,3
21,41.5894028308611,0.92,0.306666666666667,0.613333333333333,0.6,0,0,0,0,0,0.00837869675167909,0.00840840775006448,0.75,0,0.25,0,1,0,0.000719330822498905,0,0,0,0,3
22,41.5894028308611,0.92,0.306666666666667,0.613333333333333,0.6,0,0,0,0,0,0.00837869675167909,0.00840882105686234,0.75,0,0.25,0,1,0,0.000719330822498905,0,0,0,0,3
23,41.5894028308611,0.92,0.306666666666667,0.613333333333333,0.6,0,0,0,0,0,0.00837869675167909,0.00840868827667364,0.75,0,0.25,0,1,0,0.000719330822498905,0,0,0,0,3
24,41.5894028308611,0.92,0.306666666666667,0.613333333333333,0.6,0,0,0,0,0,0.00837869675167909,0.00840822708642558,0.75,0,0.25,0,1,0,0.000719330822498905,0,0,0,0,3
25,41.5894028308611,0.92,0.306666666666667,0.613333333333333,0.6,0,0,0,0,0,0.00837869675167909,0.00840760510725847,0.75,0,0.25,0,1,0,0.000719330822498905,0,0,0,0,3
26,41.5894028308611,0.92,0.306666666666667,0.613333333333333,0.6,0,0,0,0,0,0.0083793306959102,0.00840693734615795,0.75,0,0.25,0,1,0,0.000719330822498905,0,0,0,0,3
27,41.5894028308611,0.92,0.306666666666667,0.613333333333333,0.6,0,0,0,0,0,0.00838320146585718,0.00840629402059979,0.75,0,0.25,0,1,0,0.000719330822498905,0,0,0,0,3
28,41.5894028308611,0.92,0.306666666666667,0.613333333333333,0.6,0,0,0,0,0,0.00838869529162464,0.00840571228861397,0.75,0,0.25,0,1,0,0.000719330822498905,0,0,0,0,3
29,41.5894028308611,0.92,0.306666666666667,0.613333333333333,0.6,0,0,0,0,0,0.0083943798475748,0.00840520748865379,0.75,0,0.25,0,1,0,0.000719330822498905,0,0,0,0,3
30,41.5894028308611,0.92,0.306666666666667,0.613333333333333,0.6,0,0,0,0,0,0.00839942960819415,0.00840478195769242,0.75,0,0.25,0,1,0,0.000719330822498905,0,0,0,0,3
31,41.5894028308611,0.92,0.306666666666667,0.613333333333333,0.6,0,0,0,0,0,0.00840342218600972,0.00840443114522742,0.75,0,0.25,0,1,0,0.000719330822498905,0,0,0,0,3
32,41.5894028308611,0.92,0.306666666666667,0.613333333333333,0.6,0,0,0,0,0,0.00840622694305113,0.00840414742739372,0.75,0,0.25,0,1,0,0.000719330822498905,0,0,0,0,3
33,41.5894028308611,0.92,0.306666666666667,0.613333333333333,0.6,0,0,0,0,0,0.00840791931309712,0.00840392228798262,0.75,0,0.25,0,1,0,0.000719330822498905,0,0,0,0,3
34,41.5894028308611,0.92,0.306666666666667,0.613333333333333,0.6,0,0,0,0,0,0.00840869779586213,0.00840374744636293,0.75,0,0.25,0,1,0,0.000719330822498905,0,0,0,0,3
35,41.5894028308611,0.92,0.306666666666667,0.613333333333333,0.6,0,0,0,0,0,0.00840880828955798,0.00840361536210182,0.75,0,0.25,0,1,0,0.000719330822498905,0,0,0,0,3
36,41.5894028308611,0.92,0.306666666666667,0.613333333333333,0.6,0,0,0,0,0,0.00840848698419632,0.00840351940334293,0.75,0,0.25,0,1,0,0.000719330822498905,0,0,0,0,3
37,41.5894028308611,0.92,0.306666666666667,0.613333333333333,0.6,0,0,0,0,0,0.00840792783267568,0.0084034538456961,0.75,0,0.25,0,1,0,0.000719330822498905,0,0,0,0,3
38,41.5894028308611,0.92,0.306666666666667,0.613333333333333,0.6,0,0,0,0,0,0.00840727164307534,0.00840341379734575,0.75,0,0.25,0,1,0,0.000719330822498905,0,0,0,0,3
39,41.5894028308611,0.92,0.306666666666667,0.613333333333333,0.6,0,0,0,0,0,0.00840660967296703,0.00840339509926522,0.75,0,0.25,0,1,0,0.000719330822498905,0,0,0,0,3
40,41.5894028308611,0.92,0.306666666666667,0.613333333333333,0.6,0,0,0,0,0,0.0084059941021441,0.0084033942235948,0.75,0,0.25,0,1,0,0.000719330822498905,0,0,0,0,3
41,41.5894028308611,0.92,0.306666666666667,0.613333333333333,0.6,0,0,0,0,0,0.00840544990572711,0.00840340818073518,0.75,0,0.25,0,1,0,0.000719330822498905,0,0,0,0,3
42,41.5894028308611,0.92,0.306666666666667,0.613333333333333,0.6,0,0,0,0,0,0.00840498499190711,0.00840343444128408,0.75,0,0.25,0,1,0,0.000719330822498905,0,0,0,0,3
43,41.5894028308611,0.92,0.306666666666667,0.613333333333333,0.6,0,0,0,0,0,0.00840459764804407,0.00840347088401929,0.75,0,0.25,0,1,0,0.000719330822498905,0,0,0,0,3
44,41.5894028308611,0.92,0.306666666666667,0.613333333333333,0.6,0,0,0,0,0,0.00840428142799027,0.00840351578293819,0.75,0,0.25,0,1,0,0.000719330822498905,0,0,0,0,3
45,41.5894028308611,0.92,0.306666666666667,0.613333333333333,0.6,0,0,0,0,0,0.00840402806653364,0.0084035678277541,0.75,0,0.25,0,1,0,0.000719330822498905,0,0,0,0,3
46,41.5894028308611,0.92,0.306666666666667,0.613333333333333,0.6,0,0,0,0,0,0.00840382907168925,0.00840362614399266,0.75,0,0.25,0,1,0,0.000719330822498905,0,0,0,0,3
47,41.5894028308611,0.92,0.306666666666667,0.613333333333333,0.6,0,0,0,0,0,0.00840367649587172,0.0084036902695576,0.75,0,0.25,0,1,0,0.000719330822498905,0,0,0,0,3
48,41.5894028308611,0.92,0.306666666666667,0.613333333333333,0.6,0,0,0,0,0,0.00840356324540268,0.0084037600648056,0.75,0,0.25,0,1,0,0.000719330822498905,0,0,0,0,3
49,41.5894028308611,0.92,0.306666666666667,0.613333333333333,0.6,0,0,0,0,0,0.0084034831485104,0.00840383556751609,0.75,0,0.25,0,1,0,0.000719330822498905,0,0,0,0,3
50,41.5894028308611,0.92,0.306666666666667,0.613333333333333,0.6,0,0,0,0,0,0.00840343090875494,0.00840391682772316,0.75,0,0.25,0,1,0,0.000719330822498905,0,0,0,0,3
51,41.5894028308611,0.92,0.306666666666667,0.613333333333333,0.6,0,0,0,0,0,0.00840340201366041,0.00840400376343582,0.75,0,0.25,0,1,0,0.000719330822498905,0,0,0,0,3
52,41.5894028308611,0.92,0.306666666666667,0.613333333333333,0.6,0,0,0,0,0,0.00840339263208925,0.00840409606674832,0.75,0,0.25,0,1,0,0.000719330822498905,0,0,0,0,3
53,41.5894028308611,0.92,0.306666666666667,0.613333333333333,0.6,0,0,0,0,0,0.00840339951616163,0.00840419317097265,0.75,0,0.25,0,1,0,0.000719330822498905,0,0,0,0,3
54,41.5894028308611,0.92,0.306666666666667,0.613333333333333,0.6,0,0,0,0,0,0.00840341991486581,0.00840429427389489,0.75,0,0.25,0,1,0,0.000719330822498905,0,0,0,0,3
55,41.5894028308611,0.92,0.306666666666667,0.613333333333333,0.6,0,0,0,0,0,0.00840345150714942,0.008404398399997,0.75,0,0.25,0,1,0,0.000719330822498905,0,0,0,0,3
56,41.5894028308611,0.92,0.306666666666667,0.613333333333333,0.6,0,0,0,0,0,0.0084034923684423,0.00840450448217977,0.75,0,0.25,0,1,0,0.000719330822498905,0,0,0,0,3
57,41.5894028308611,0.92,0.306666666666667,0.613333333333333,0.6,0,0,0,0,0,0.00840354097700728,0.00840461144449823,0.75,0,0.25,0,1,0,0.000719330822498905,0,0,0,0,3
58,41.5894028308611,0.92,0.306666666666667,0.613333333333333,0.6,0,0,0,0,0,0.00840359623977149,0.00840471827317288,0.75,0,0.25,0,1,0,0.000719330822498905,0,0,0,0,3
59,41.5894028308611,0.92,0.306666666666667,0.613333333333333,0.6,0,0,0,0,0,0.00840365749539148,0.00840482406847444,0.75,0,0.25,0,1,0,0.000719330822498905,0,0,0,0,3
60,41.5894028308611,0.92,0.306666666666667,0.613333333333333,0.6,0,0,0,0,0,0.00840372445832915,0.00840492807591956,0.75,0,0.25,0,1,0,0.000719330822498905,0,0,0,0,3
61,41.5894028308611,0.92,0.306666666666667,0.613333333333333,0.6,0,0,0,0,0,0.00840379709800131,0.00840502969857517,0.75,0,0.25,0,1,0,0.000719330822498905,0,0,0,0,3
62,41.5894028308611,0.92,0.306666666666667,0.613333333333333,0.6,0,0,0,0,0,0.008403875478575,0.00840512849421556,0.75,0,0.25,0,1,0,0.000719330822498905,0,0,0,0,3
63,41.5894028308611,0.92,0.306666666666667,0.613333333333333,0.6,0,0,0,0,0,0.0084039595994006,0.00840522416244735,0.75,0,0.25,0,1,0,0.000719330822498905,0,0,0,0,3
64,41.5894028308611,0.92,0.306666666666667,0.613333333333333,0.6,0,0,0,0,0,0.00840404927352821,0.0084053165255655,0.75,0,0.25,0,1,0,0.000719330822498905,0,0,0,0,3
65,41.5894028308611,0.92,0.306666666666667,0.613333333333333,0.6,0,0,0,0,0,0.00840414406395167,0.00840540550711385,0.75,0,0.25,0,1,0,0.000719330822498905,0,0,0,0,3
66,41.5894028308611,0.92,0.306666666666667,0.613333333333333,0.6,0,0,0,0,0,0.00840424328041583,0.00840549111052032,0.75,0,0.25,0,1,0,0.000719330822498905,0,0,0,0,3
67,41.5894028308611,0.92,0.306666666666667,0.613333333333333,0.6,0,0,0,0,0,0.00840434602459871,0.00840557339933231,0.75,0,0.25,0,1,0,0.000719330822498905,0,0,0,0,3
68,41.5894028308611,0.92,0.306666666666667,0.613333333333333,0.6,0,0,0,0,0,0.00840445126452975,0.00840565248018083,0.75,0,0.25,0,1,0,0.000719330822498905,0,0,0,0,3
69,41.5894028308611,0.92,0.306666666666667,0.613333333333333,0.6,0,0,0,0,0,0.00840455791885299,0.00840572848849773,0.75,0,0.25,0,1,0,0.000719330822498905,0,0,0,0,3
70,41.5894028308611,0.92,0.306666666666667,0.613333333333333,0.6,0,0,0,0,0,0.00840466493490923,0.00840580157713015,0.75,0,0.25,0,1,0,0.000719330822498905,0,0,0,0,3
71,41.5894028308611,0.92,0.306666666666667,0.613333333333333,0.6,0,0,0,0,0,0.00840477135078537,0.00840587190753038,0.75,0,0.25,0,1,0,0.000719330822498905,0,0,0,0,3
72,41.5894028308611,0.92,0.306666666666667,0.613333333333333,0.6,0,0,0,0,0,0.00840487633670695,0.00840593964312426,0.75,0,0.25,0,1,0,0.000719330822498905,0,0,0,0,3
73,41.5894028308611,0.92,0.306666666666667,0.613333333333333,0.6,0,0,0,0,0,0.00840497921650049,0.00840600494456691,0.75,0,0.25,0,1,0,0.000719330822498905,0,0,0,0,3
74,41.5894028308611,0.92,0.306666666666667,0.613333333333333,0.6,0,0,0,0,0,0.00840507947166757,0.00840606796644163,0.75,0,0.25,0,1,0,0.000719330822498905,0,0,0,0,3
75,41.5894028308611,0.92,0.306666666666667,0.613333333333333,0.6,0,0,0,0,0,0.00840517673299013,0.00840612885513536,0.75,0,0.25,0,1,0,0.000719330822498905,0,0,0,0,3
76,41.5894028308611,0.92,0.306666666666667,0.613333333333333,0.6,0,0,0,0,0,0.00840527076404324,0.00840618774760916,0.75,0,0.25,0,1,0,0.000719330822498905,0,0,0,0,3
77,41.5894028308611,0.92,0.306666666666667,0.613333333333333,0.6,0,0,0,0,0,0.00840536144045043,0.00840624477083991,0.75,0,0.25,0,1,0,0.000719330822498905,0,0,0,0,3
78,41.5894028308611,0.92,0.306666666666667,0.613333333333333,0.6,0,0,0,0,0,0.00840544872830937,0.00840630004177125,0.75,0,0.25,0,1,0,0.000719330822498905,0,0,0,0,3
79,41.5894028308611,0.92,0.306666666666667,0.613333333333333,0.6,0,0,0,0,0,0.00840553266341472,0.00840635366762081,0.75,0,0.25,0,1,0,0.000719330822498905,0,0,0,0,3
80,41.5894028308611,0.92,0.306666666666667,0.613333333333333,0.6,0,0,0,0,0,0.00840561333281459,0.00840640574643325,0.75,0,0.25,0,1,0,0.000719330822498905,0,0,0,0,3
81,41.5894028308611,0.92,0.306666666666667,0.613333333333333,0.6,0,0,0,0,0,0.00840569085914663,0.00840645636777218,0.75,0,0.25,0,1,0,0.000719330822498905,0,0,0,0,3
82,41.5894028308611,0.92,0.306666666666667,0.613333333333333,0.6,0,0,0,0,0,0.00840576538779759,0.0084065056134754,0.75,0,0.25,0,1,0,0.000719330822498905,0,0,0,0,3
83,41.5894028308611,0.92,0.306666666666667,0.613333333333333,0.6,0,0,0,0,0,0.00840583707687791,0.00840655355839611,0.75,0,0.25,0,1,0,0.000719330822498905,0,0,0,0,3
84,41.5894028308611,0.92,0.306666666666667,0.613333333333333,0.6,0,0,0,0,0,0.00840590608952724,0.0084066002710868,0.75,0,0.25,0,1,0,0.000719330822498905,0,0,0,0,3
85,41.5894028308611,0.92,0.306666666666667,0.613333333333333,0.6,0,0,0,0,0,0.00840597258828062,0.00840664581439553,0.75,0,0.25,0,1,0,0.000719330822498905,0,0,0,0,3
86,41.5894028308611,0.92,0.306666666666667,0.613333333333333,0.6,0,0,0,0,0,0.00840603673109093,0.00840669024595518,0.75,0,0.25,0,1,0,0.000719330822498905,0,0,0,0,3
87,41.5894028308611,0.92,0.306666666666667,0.613333333333333,0.6,0,0,0,0,0,0.00840609866864569,0.0084067336185839,0.75,0,0.25,0,1,0,0.000719330822498905,0,0,0,0,3
88,41.5894028308611,0.92,0.306666666666667,0.613333333333333,0.6,0,0,0,0,0,0.00840615854272708,0.00840677598060105,0.75,0,0.25,0,1,0,0.000719330822498905,0,0,0,0,3
89,41.5894028308611,0.92,0.306666666666667,0.613333333333333,0.6,0,0,0,0,0,0.00840621648533791,0.00840681737608952,0.75,0,0.25,0,1,0,0.000719330822498905,0,0,0,0,3
90,41.5894028308611,0.92,0.306666666666667,0.613333333333333,0.6,0,0,0,0,0,0.00840627261841953,0.0084068578451318,0.75,0,0.25,0,1,0,0.000719330822498905,0,0,0,0,3
91,41.5894028308611,0.92,0.306666666666667,0.613333333333333,0.6,0,0,0,0,0,0.0084063270539961,0.0084068974240323,0.75,0,0.25,0,1,0,0.000719330822498905,0,0,0,0,3
92,41.5894028308611,0.92,0.306666666666667,0.613333333333333,0.6,0,0,0,0,0,0.00840637989461888,0.00840693614555623,0.75,0,0.25,0,1,0,0.000719330822498905,0,0,0,0,3
93,41.5894028308611,0.92,0.306666666666667,0.613333333333333,0.6,0,0,0,0,0,0.0084064312339999,0.00840697403918378,0.75,0,0.25,0,1,0,0.000719330822498905,0,0,0,0,3
94,41.5894028308611,0.92,0.306666666666667,0.613333333333333,0.6,0,0,0,0,0,0.00840648115774458,0.00840701113138778,0.75,0,0.25,0,1,0,0.000719330822498905,0,0,0,0,3
95,41.5894028308611,0.92,0.306666666666667,0.613333333333333,0.6,0,0,0,0,0,0.0084065297441089,0.00840704744593406,0.75,0,0.25,0,1,0,0.000719330822498905,0,0,0,0,3
96,41.5894028308611,0.92,0.306666666666667,0.613333333333333,0.6,0,0,0,0,0,0.00840657706471471,0.00840708300419139,0.75,0,0.25,0,1,0,0.000719330822498905,0,0,0,0,3
97,41.5894028308611,0.92,0.306666666666667,0.613333333333333,0.6,0,0,0,0,0,0.00840662318519471,0.00840711782544951,0.75,0,0.25,0,1,0,0.000719330822498905,0,0,0,0,3
98,41.5894028308611,0.92,0.306666666666667,0.613333333333333,0.6,0,0,0,0,0,0.00840666816573411,0.00840715192723026,0.75,0,0.25,0,1,0,0.000719330822498905,0,0,0,0,3
99,41.5894028308611,0.92,0.306666666666667,0.613333333333333,0.6,0,0,0,0,0,0.00840671206151373,0.00840718532558503,0.75,0,0.25,0,1,0,0.000719330822498905,0,0,0,0,3
100,41.5184507164877,0.842742569586413,0.272149906754955,0.648254069738199,0.6,0,0,0,0,0,0.00840675492306735,0.00746094653607019,0.75,0.75,0.25,0.25,0,1,0.000719330822498905,0,0,0,0,3
101,35.2438064674567,0.842825519965545,0.272176972663844,0.648196693347581,0.6,0,0,0,0,0,0.00840679679656502,0.00746171697592464,0.75,0.74946069587542,0.25,0.249992809278339,0.000546494846240864,0.999280927833894,0.000719330822498905,0,0,0,0,3
102,30.6407973368147,0.842908323328213,0.272203990948973,0.648139419223531,0.6,0,0,0,0,0,0.00840683772406155,0.00746248552869039,0.75,0.748921779549426,0.25,0.249985623727326,0.00109259672324882,0.998562372732567,0.000719330822498905,0,0,0,0,3
103,27.260394445904,0.842990980043549,0.272230961729491,0.648082247108567,0.6,0,0,0,0,0,0.00840687774372193,0.00746325220866981,0.75,0.748383250743161,0.25,0.249978443343242,0.00163830591359715,0.997844334324214,0.000719330822498905,0,0,0,0,3
104,24.7781246794988,0.843073490479456,0.272257885124151,0.648025176746064,0.6,0,0,0,0,0,0.00840691689004993,0.00746401702981731,0.75,0.747845109177971,0.25,0.249971268122373,0.00218362269965608,0.997126812237295,0.000719330822498905,0,0,0,0,3
105,22.9557454515267,0.843155855002612,0.272284761251308,0.647968207880252,0.6,0,0,0,0,0,0.00840695519413548,0.00746478000584837,0.75,0.747307354575402,0.25,0.249964098061005,0.00272854736359221,0.996409806100537,0.000719330822498905,0,0,0,0,3
106,21.6182891528625,0.843238073978473,0.272311590228925,0.647911340256216,0.6,0,0,0,0,0,0.00840699268391848,0.00746554115032562,0.75,0.746769986657201,0.25,0.249956933155429,0.00327308018737005,0.995693315542934,0.000719330822498905,0,0,0,0,3
107,20.6372442303881,0.843320147771282,0.272338372174575,0.647854573619885,0.6,0,0,0,0,0,0.00840702938448013,0.00746630047672002,0.75,0.746233005145312,0.25,0.249949773401937,0.00381722145275062,0.994977340193749,0.000719330822498905,0,0,0,0,3
108,19.9181976386105,0.843402076744069,0.272365107205437,0.647797907718037,0.6,0,0,0,0,0,0.00840706531834823,0.00746705799845601,0.75,0.745696409761882,0.25,0.249942618796825,0.00436097144129302,0.994261879682509,0.000719330822498905,0,0,0,0,3
109,19.3917788611291,0.84348386125866,0.272391795438305,0.647741342298289,0.6,0,0,0,0,0,0.00840710050581236,0.00746781372893842,0.75,0.745160200229257,0.25,0.24993546933639,0.00490433043435323,0.993546933639009,0.000719330822498905,0,0,0,0,3
110,19.0070102067818,0.843565501675682,0.272418436989585,0.647684877109098,0.6,0,0,0,0,0,0.00840713496524026,0.00746856768156466,0.75,0.744624376269982,0.25,0.249928325016933,0.00544729871308533,0.992832501693309,0.000719330822498905,0,0,0,0,3
111,18.7264213467887,0.843646998354566,0.272445031975295,0.647628511899753,0.6,0,0,0,0,0,0.00840716871338236,0.00746931986973001,0.75,0.744088937606802,0.25,0.249921185834757,0.00598987655844102,0.992118583475735,0.000719330822498905,0,0,0,0,3
112,18.5224667015536,0.843728351653551,0.272471580511074,0.647572246420375,0.6,0,0,0,0,0,0.00840720176566026,0.00746979100278961,0.75,0.743553883962661,0.25,0.249914051786169,0.00653206425117031,0.991405178616881,0.000719330822498905,0,0,0,0,3
113,18.3748925470655,0.843809561929692,0.272498082712174,0.647516080421914,0.6,0,0,0,0,0,0.00746133199279456,0.00748365460716799,0.75,0.743019215060703,0.25,0.249906922867476,0.00707386207182095,0.990692286747604,0.000719330822498905,0,0,0,0,3
114,18.2688057006144,0.843890629538866,0.272524538693471,0.647460013656142,0.6,0,0,0,0,0,0.00746210148729009,0.00748785822052772,0.75,0.742484930624271,0.25,0.24989979907499,0.00761527030073905,0.989979907499028,0.000719330822498905,0,0,0,0,3
115,18.1932517898081,0.843971554835769,0.272550948569458,0.647404045875652,0.6,0,0,0,0,0,0.0074628691018994,0.00748562537091907,0.75,0.741951030376905,0.25,0.249892680405025,0.00815628921806924,0.98926804050254,0.000719330822498905,0,0,0,0,3
116,18.1401724248195,0.844052338173932,0.272577312454252,0.647348176833856,0.6,0,0,0,0,0,0.00746363485073586,0.00747902085865148,0.75,0.741417514042347,0.25,0.249885566853898,0.00869691910375459,0.988556685389797,0.000719330822498905,0,0,0,0,3
117,18.103639128332,0.844132979905715,0.272603630461595,0.647292406284978,0.6,0,0,0,0,0,0.00746439874762197,0.00746922699787773,0.75,0.740884381344536,0.25,0.249878458417927,0.00923716023753704,0.987845841792714,0.000719330822498905,0,0,0,0,3
118,18.0792897178414,0.844213480382321,0.272629902704854,0.647236733984054,0.6,0,0,0,0,0,0.00746516080618779,0.00745699795144627,0.75,0.740351632007608,0.25,0.249871355093435,0.00977701289895722,0.987135509343477,0.000719330822498905,0,0,0,0,3
119,18.0639110639332,0.844293839953794,0.272656129297023,0.647181159686928,0.6,0,0,0,0,0,0.00746592103994327,0.00744284443583297,0.75,0.7398192657559,0.25,0.249864256876745,0.0103164773673547,0.986425687674533,0.000719330822498905,0,0,0,0,3
120,18.0551404932577,0.844374058969027,0.272682310350725,0.647125683150244,0.6,0,0,0,0,0,0.0074666794623326,0.00742712887113006,0.75,0.739287282313946,0.25,0.249857163764186,0.0108555539218685,0.985716376418594,0.000719330822498905,0,0,0,0,3
121,18.0512377577595,0.844454137775768,0.272708445978213,0.647070304131451,0.6,0,0,0,0,0,0.00746743608676662,0.00741012306390779,0.75,0.738755681406477,0.25,0.249850075752086,0.0113942428414364,0.985007575208636,0.000719330822498905,0,0,0,0,3
122,18.0509213865159,0.844534076720621,0.272734536291371,0.647015022388794,0.6,0,0,0,0,0,0.00746819092664561,0.00739204261690832,0.75,0.738224462758425,0.25,0.249842992836779,0.0119325444047962,0.9842992836779,0.000719330822498905,0,0,0,0,3
123,18.0532475683206,0.844613876149053,0.272760581401718,0.646959837681311,0.6,0,0,0,0,0,0.00746894399536709,0.00737306822912268,0.75,0.737693626094917,0.25,0.249835915014599,0.0124704588904846,0.983591501459889,0.000719330822498905,0,0,0,0,3
124,18.0575210902345,0.844693536405398,0.272786581420407,0.646904749768832,0.6,0,0,0,0,0,0.0074696953063235,0.007353358245103,0.75,0.737163171141278,0.25,0.249828842281884,0.0130079865768387,0.98288422818837,0.000719330822498905,0,0,0,0,3
125,18.0632297844691,0.844773057832862,0.272812536458226,0.646849758411974,0.6,0,0,0,0,0,0.00747789322132044,0.00733305551792689,0.75,0.736633097623031,0.25,0.249821774634974,0.0135451277419951,0.982177463497375,0.000719330822498905,0,0,0,0,3
126,18.0699962597065,0.844852440773529,0.272838446625604,0.646794863372139,0.6,0,0,0,0,0,0.00748675190205272,0.00731229071191019,0.75,0.736103405265898,0.25,0.249814712070212,0.0140818826638903,0.981471207021197,0.000719330822498905,0,0,0,0,3
127,18.0775423872208,0.844931685568361,0.272864312032605,0.646740064411509,0.6,0,0,0,0,0,0.00748738739524895,0.00729118350298187,0.75,0.735574093795795,0.25,0.249807654583944,0.0146182516202612,0.980765458394393,0.000719330822498905,0,0,0,0,3
128,18.0856631587774,0.845010792557208,0.272890132788937,0.646685361293045,0.6,0,0,0,0,0,0.00748278225257451,0.00726984228175268,0.75,0.735045162938837,0.25,0.249800602172518,0.0151542348886448,0.980060217251783,0.000719330822498905,0,0,0,0,3
129,18.0942074376273,0.84508976207881,0.27291590900395,0.646630753780482,0.6,0,0,0,0,0,0.00747446797108258,0.00724836165899928,0.75,0.734516612421337,0.25,0.249793554832284,0.0156898327463785,0.979355483228449,0.000719330822498905,0,0,0,0,3
130,18.1030637844346,0.845168594470801,0.272941640786635,0.646576241638328,0.6,0,0,0,0,0,0.00746338072124618,0.00722681817871242,0.75,0.733988441969802,0.25,0.249786512559597,0.0162250454706006,0.978651255959736,0.000719330822498905,0,0,0,0,3
131,18.1121500180293,0.845247290069715,0.27296732824563,0.646521824631858,0.6,0,0,0,0,0,0.00745013647574497,0.00720526827330539,0.75,0.733460651310938,0.25,0.249779475350813,0.0167598733382496,0.97794753508125,0.000719330822498905,0,0,0,0,3
132,18.1214055236227,0.845325849210989,0.27299297148922,0.646467502527112,0.6,0,0,0,0,0,0.00743516328036422,0.00718375176763231,0.75,0.732933240171646,0.25,0.249772443202289,0.0172943166260655,0.977244320228861,0.000719330822498905,0,0,0,0,3
133,18.1307855854577,0.84540427222897,0.273018570625338,0.646413275090895,0.6,0,0,0,0,0,0.00741877275626194,0.00716229918531245,0.75,0.732406208279024,0.25,0.249765416110387,0.0178283756105886,0.976541611038699,0.000719330822498905,0,0,0,0,3
134,18.1402572109954,0.845482559456914,0.273044125761564,0.646359142090767,0.6,0,0,0,0,0,0.00740120523982664,0.00714093845815372,0.75,0.731879555360367,0.25,0.249758394071472,0.0183620505681611,0.975839407147156,0.000719330822498905,0,0,0,0,3
135,18.1497960533614,0.845560711226998,0.273069637005132,0.646305103295048,0.6,0,0,0,0,0,0.00738265684851583,0.00711969843308859,0.75,0.731353281143165,0.25,0.249751377081909,0.0188953417749258,0.975137708190887,0.000719330822498905,0,0,0,0,3
136,18.1593841427763,0.845638727870317,0.273095104462927,0.646251158472808,0.6,0,0,0,0,0,0.00736329594787762,0.00709860905535723,0.75,0.730827385355105,0.25,0.249744365138068,0.0194282495068271,0.974436513806806,0.000719330822498905,0,0,0,0,3
137,18.1690082140593,0.845716609716896,0.273120528241486,0.646197307393869,0.6,0,0,0,0,0,0.00734327254399652,0.00707769965507891,0.75,0.730301867724068,0.25,0.249737358236321,0.0199607740396114,0.97373582363209,0.000719330822498905,0,0,0,0,3
138,18.1786584733047,0.845794357095686,0.273145908447004,0.646143549828798,0.6,0,0,0,0,0,0.00732272314180823,0.00705699686792534,0.75,0.729776727978132,0.25,0.249730356373042,0.0204929156488265,0.973035637304176,0.000719330822498905,0,0,0,0,3
139,18.1883276882499,0.845871970334575,0.273171245185331,0.646089885548908,0.6,0,0,0,0,0,0.00730177285357379,0.00703652310398825,0.75,0.729251965845571,0.25,0.249723359544608,0.0210246746098219,0.972335954460761,0.000719330822498905,0,0,0,0,3
140,18.1980105173188,0.845949449760388,0.273196538561974,0.64603631432625,0.6,0,0,0,0,0,0.00728053586127302,0.00701629584619715,0.75,0.728727581054853,0.25,0.249716367747398,0.0215560511977494,0.971636774739803,0.000719330822498905,0,0,0,0,3
141,18.207703014643,0.846026795698896,0.273221788682101,0.645982835933616,0.6,0,0,0,0,0,0.0072591141402086,0.00699632768761027,0.75,0.728203573334642,0.25,0.249709380977795,0.0220870456875626,0.970938097779523,0.000719330822498905,0,0,0,0,3
142,18.2174022648388,0.846104008474815,0.273246995650539,0.64592945014453,0.6,0,0,0,0,0,0.00723759378742667,0.00697662688147396,0.75,0.727679942413798,0.25,0.249702399232184,0.0226176583540181,0.970239923218397,0.000719330822498905,0,0,0,0,3
143,18.227106113481,0.846181088411813,0.273272159571778,0.64587615673325,0.6,0,0,0,0,0,0.0072160412294573,0.00695719810765272,0.75,0.727156688021374,0.25,0.249695422506952,0.023147889471674,0.969542250695166,0.000719330822498905,0,0,0,0,3
144,18.2368129681616,0.846258035832514,0.273297280549972,0.645822955474761,0.6,0,0,0,0,0,0.00719450380937295,0.00693804315747868,0.75,0.72663380988662,0.25,0.249688450798488,0.0236777393148916,0.968845079848827,0.000719330822498905,0,0,0,0,3
145,18.2465216516241,0.846334851058503,0.273322358688938,0.645769846144777,0.6,0,0,0,0,0,0.00717301573868064,0.006919161394714,0.75,0.726111307738979,0.25,0.249681484103186,0.0242072081578349,0.968148410318638,0.000719330822498905,0,0,0,0,3
146,18.256231293325,0.846411534410328,0.273347394092159,0.645716828519732,0.6,0,0,0,0,0,0.0071516055736879,0.00690055004479677,0.75,0.725589181308089,0.25,0.249674522417441,0.0247362962744702,0.967452241744118,0.000719330822498905,0,0,0,0,3
147,18.2659412493558,0.846488086207507,0.273372386862788,0.645663902376781,0.6,0,0,0,0,0,0.00713030149704701,0.00688220444680533,0.75,0.725067430323782,0.25,0.24966756573765,0.0252650039385676,0.966756573765043,0.000719330822498905,0,0,0,0,3
148,18.2756510433008,0.846564506768528,0.273397337103644,0.645611067493797,0.6,0,0,0,0,0,0.00710913304052984,0.00686411836270704,0.75,0.724546054516086,0.25,0.249660614060214,0.0257933314236996,0.966061406021448,0.000719330822498905,0,0,0,0,3
149,18.2853603225474,0.846640796410858,0.273422244917217,0.645558323649366,0.6,0,0,0,0,0,0.00708813010858166,0.00684628435722579,0.75,0.724025053615221,0.25,0.249653667381536,0.0263212790032425,0.965366738153628,0.000719330822498905,0,0,0,0,3
150,18.2950688260077,0.846716955450945,0.273447110405669,0.645505670622788,0.6,0,0,0,0,0,0.00706732092309501,0.00682869420651817,0.75,0.723504427351603,0.25,0.249646725698021,0.0268488469503758,0.964672569802137,0.000719330822498905,0,0,0,0,3
151,18.3047763602665,0.84679298420422,0.273471933670834,0.645453108194069,0.6,0,0,0,0,0,0.00704673014734107,0.0068113392817482,0.75,0.72298417545584,0.25,0.249639789006078,0.0273760355380825,0.963978900607786,0.000719330822498905,0,0,0,0,3
152,18.3144827819528,0.846868882985105,0.27349671481422,0.645400636143923,0.6,0,0,0,0,0,0.00702637776479935,0.00679421086924248,0.75,0.722464297658734,0.25,0.249632857302116,0.0279028450391497,0.963285730211645,0.000719330822498905,0,0,0,0,3
153,18.3241879847094,0.846944652107013,0.273521453937011,0.645348254253764,0.6,0,0,0,0,0,0.00700627877081951,0.00677730041188648,0.75,0.721944793691282,0.25,0.24962593058255,0.0284292757261676,0.962593058255043,0.000719330822498905,0,0,0,0,3
154,18.3338918895599,0.847020291882357,0.273546151140067,0.645295962305709,0.6,0,0,0,0,0,0.00698644349835761,0.00676059967460709,0.75,0.721425663284673,0.25,0.249619008843796,0.0289553278715313,0.961900884379564,0.000719330822498905,0,0,0,0,3
155,18.3435944377855,0.847095802622547,0.273570806523925,0.645243760082572,0.6,0,0,0,0,0,0.00696687831747802,0.00674410084664695,0.75,0.72090690617029,0.25,0.249612092082271,0.0294810017474392,0.961209208227054,0.000719330822498905,0,0,0,0,3
156,18.3532955856572,0.847171184638001,0.273595420188804,0.645191647367859,0.6,0,0,0,0,0,0.00694758639144156,0.00672779659623583,0.75,0.720388522079709,0.25,0.249605180294396,0.0300062976258945,0.960518029439613,0.000719330822498905,0,0,0,0,3
157,18.3629953005399,0.847246438238146,0.2736199922346,0.645139623945772,0.6,0,0,0,0,0,0.00692856825383043,0.0067116800920105,0.75,0.719870510744699,0.25,0.249598273476596,0.0305312157787046,0.959827347659599,0.000719330822498905,0,0,0,0,3
158,18.3726935580094,0.847321563731422,0.273644522760894,0.645087689601199,0.6,0,0,0,0,0,0.00690982216852765,0.00669574500252292,0.75,0.719352871897222,0.25,0.249591371625296,0.0310557564774816,0.959137162529629,0.000719330822498905,0,0,0,0,3
159,18.3823903397203,0.847396561425284,0.273669011866947,0.645035844119714,0.6,0,0,0,0,0,0.00689134438395877,0.00667998548189388,0.75,0.718835605269432,0.25,0.249584474736926,0.0315799199936422,0.958447473692576,0.000719330822498905,0,0,0,0,3
160,18.3920856318274,0.847471431626209,0.273693459651708,0.644984087287578,0.6,0,0,0,0,0,0.00687312940701392,0.00666439614685608,0.75,0.718318710593677,0.25,0.249577582807916,0.0321037065984076,0.957758280791569,0.000719330822498905,0,0,0,0,3
161,18.4017794238181,0.8475461746397,0.273717866213808,0.644932418891728,0.6,0,0,0,0,0,0.00685517035043991,0.00664897204839751,0.75,0.717802187602495,0.25,0.2495706958347,0.0326271165628048,0.957069583469994,0.000719330822498905,0,0,0,0,3
162,18.4114717076474,0.847620790770287,0.273742231651566,0.644880838719783,0.6,0,0,0,0,0,0.00683745933400475,0.00663370864002501,0.75,0.71728603602862,0.25,0.249563813813715,0.0331501501576649,0.956381381371494,0.000719330822498905,0,0,0,0,3
163,18.421162477098,0.847695280321533,0.273766556062989,0.644829346560035,0.6,0,0,0,0,0,0.00681998788676486,0.00661860174418031,0.75,0.716770255604975,0.25,0.2495569367414,0.0336728076536252,0.955693674139967,0.000719330822498905,0,0,0,0,3
164,18.4308517273062,0.847769643596038,0.273790839545775,0.644777942201451,0.6,0,0,0,0,0,0.00680274730226265,0.0066036475182541,0.75,0.716254846064677,0.25,0.249550064614196,0.0341950893211276,0.955006461419569,0.000719330822498905,0,0,0,0,3
165,18.4405394544109,0.84784388089544,0.27381508219731,0.644726625433666,0.6,0,0,0,0,0,0.00678572891989724,0.00658884242161753,0.75,0.715739807141033,0.25,0.249543197428547,0.0347169954304201,0.95431974285471,0.000719330822498905,0,0,0,0,3
166,18.4502256552935,0.847917992520424,0.273839284114673,0.644675396046984,0.6,0,0,0,0,0,0.00676892432719966,0.00657418318489108,0.75,0.715225138567543,0.25,0.249536335180901,0.0352385262515561,0.953633518090058,0.000719330822498905,0,0,0,0,3
167,18.4599103273852,0.847991978770721,0.273863445394635,0.644624253832372,0.6,0,0,0,0,0,0.00675232549181031,0.00655966678225464,0.75,0.7147108400779,0.25,0.249529477867705,0.0357596820543948,0.952947786770533,0.000719330822498905,0,0,0,0,3
168,18.4695934685245,0.848065839945112,0.273887566133662,0.644573198581461,0.6,0,0,0,0,0,0.00673592483801448,0.00654529040707634,0.75,0.714196911405985,0.25,0.249522625485413,0.0362804631086016,0.952262548541314,0.000719330822498905,0,0,0,0,3
169,18.4792750768512,0.848139576341437,0.273911646427917,0.644522230086541,0.6,0,0,0,0,0,0.00671971528316339,0.00653105145065929,0.75,0.713683352285874,0.25,0.249515778030478,0.0368008696836475,0.951577803047832,0.000719330822498905,0,0,0,0,3
170,18.4889551507283,0.848213188256592,0.273935686373256,0.644471348140558,0.6,0,0,0,0,0,0.00670369024693113,0.00651694748359807,0.75,0.713170162451832,0.25,0.249508935499358,0.0373209020488103,0.950893549935776,0.000719330822498905,0,0,0,0,3
171,18.4986336886835,0.848286675986537,0.273959686065235,0.644420552537114,0.6,0,0,0,0,0,0.00668784364308023,0.00650297623913276,0.75,0.712657341638315,0.25,0.249502097888511,0.0378405604731738,0.950209788851087,0.000719330822498905,0,0,0,0,3
172,18.5083106893664,0.848360039826297,0.273983645599109,0.644369843070461,0.6,0,0,0,0,0,0.00667216986030165,0.00648913559795366,0.75,0.712144889579972,0.25,0.2494952651944,0.0383598452256286,0.949526519439962,0.000719330822498905,0,0,0,0,3
173,18.5179861515167,0.84843328006997,0.274007565069833,0.6443192195355,0.6,0,0,0,0,0,0.00665666373625023,0.00647542357406772,0.75,0.71163280601164,0.25,0.249488437413489,0.0388787565748716,0.948843741348853,0.000719330822498905,0,0,0,0,3
174,18.5276600739402,0.848506397010725,0.274031444572063,0.644268681727782,0.6,0,0,0,0,0,0.00664132052728958,0.00646183830151255,0.75,0.711121090668349,0.25,0.249481614542245,0.0393972947894065,0.948161454224465,0.000719330822498905,0,0,0,0,3
175,18.5373324554914,0.848579390940808,0.274055284200156,0.644218229443497,0.6,0,0,0,0,0,0.006626135875651,0.00644837802184063,0.75,0.710609743285318,0.25,0.249474796577138,0.0399154601375444,0.947479657713757,0.000719330822498905,0,0,0,0,3
176,18.5470032950602,0.84865226215155,0.274079084048177,0.644167862479481,0.6,0,0,0,0,0,0.0066111057754673,0.00643504107237685,0.75,0.710098763597957,0.25,0.249467983514639,0.0404332528874031,0.946798351463943,0.000719330822498905,0,0,0,0,3
177,18.5566725915629,0.848725010933362,0.274102844209891,0.644117580633206,0.6,0,0,0,0,0,0.00659622653912512,0.00642182587528157,0.75,0.709588151341868,0.25,0.249461175351225,0.0409506733069075,0.94611753512249,0.000719330822498905,0,0,0,0,3
178,18.5663403439342,0.848797637575746,0.274126564778773,0.644067383702782,0.6,0,0,0,0,0,0.00658149476528431,0.00640873092745036,0.75,0.709077906252839,0.25,0.249454372083371,0.0414677216637899,0.945437208337119,0.000719330822498905,0,0,0,0,3
179,18.5760065511225,0.848870142367294,0.274150245848002,0.644017271486953,0.6,0,0,0,0,0,0.00656690730959917,0.00639575479127055,0.75,0.708568028066851,0.25,0.249447573707558,0.0419843982255906,0.944757370755802,0.000719330822498905,0,0,0,0,3
180,18.5856712120855,0.848942525595696,0.274173887510467,0.643967243785094,0.6,0,0,0,0,0,0.00655246125868597,0.00638289608624346,0.75,0.708058516520076,0.25,0.249440780220268,0.0425007032596567,0.944078022026768,0.000719330822498905,0,0,0,0,3
181,18.5953343257878,0.849014787547738,0.274197489858767,0.64391730039721,0.6,0,0,0,0,0,0.00653815390735971,0.00637015348147475,0.75,0.707549371348872,0.25,0.249433991617985,0.0430166370331434,0.943399161798495,0.000719330822498905,0,0,0,0,3
182,18.6049958911983,0.849086928509311,0.274221052985209,0.64386744112393,0.6,0,0,0,0,0,0.00652398273876059,0.00635752568902888,0.75,0.707040592289789,0.25,0.249427207897197,0.0435321998130143,0.942720789719718,0.000719330822498905,0,0,0,0,3
183,18.6146559072886,0.849158948765409,0.274244576981815,0.643817665766511,0.6,0,0,0,0,0,0.00650994540678481,0.00634501145813503,0.75,0.706532179079566,0.25,0.249420429054394,0.0440473918660402,0.942042905439421,0.000719330822498905,0,0,0,0,3
184,18.624314373032,0.849230848600139,0.274268061940317,0.643767974126828,0.6,0,0,0,0,0,0.00649603972022363,0.00633260957021956,0.75,0.706024131455131,0.25,0.249413655086068,0.0445622134588006,0.941365508606841,0.000719330822498905,0,0,0,0,3
185,18.6339712874027,0.849302628296717,0.274291507952163,0.643718366007378,0.6,0,0,0,0,0,0.00648226362813623,0.00632031883472382,0.75,0.705516449153602,0.25,0.249406885988715,0.0450766648576831,0.94068859887147,0.000719330822498905,0,0,0,0,3
186,18.6436266493748,0.849374288137479,0.274314915108516,0.643668841211273,0.6,0,0,0,0,0,0.00646861520615691,0.00630813808565091,0.75,0.705009131912286,0.25,0.24940012175883,0.0455907463288839,0.940012175883048,0.000719330822498905,0,0,0,0,3
187,18.6532804579221,0.849445828403879,0.274338283500253,0.643619399542242,0.6,0,0,0,0,0,0.00645509264359747,0.00629606617877088,0.75,0.704502179468677,0.25,0.249393362392916,0.0461044581384076,0.939336239291569,0.000719330822498905,0,0,0,0,3
188,18.6629327120175,0.849517249376494,0.274361613217971,0.643570040804621,0.6,0,0,0,0,0,0.00644169423131496,0.0062841019894052,0.75,0.703995591560459,0.25,0.249386607887473,0.0466178005520678,0.938660788747279,0.000719330822498905,0,0,0,0,3
189,18.6725834106331,0.849588551335029,0.274384904351983,0.643520764803362,0.6,0,0,0,0,0,0.00642841835036744,0.00627224441070714,0.75,0.703489367925507,0.25,0.249379858239007,0.0471307738354865,0.937985823900676,0.000719330822498905,0,0,0,0,3
190,18.6822325527398,0.849659734558318,0.274408156992325,0.643471571344019,0.6,0,0,0,0,0,0.0064152634614922,0.00626049235235618,0.75,0.70298350830188,0.25,0.249373113444025,0.0476433782540951,0.937311344402506,0.000719330822498905,0,0,0,0,3
191,18.6918801373068,0.849730799324329,0.274431371228749,0.643422460232755,0.6,0,0,0,0,0,0.00640222809543218,0.00624884473958923,0.75,0.702478012427828,0.25,0.249366373499038,0.0481556140731342,0.936637349903771,0.000719330822498905,0,0,0,0,3
192,18.7015261633023,0.849801745910165,0.274454547150732,0.643373431276333,0.6,0,0,0,0,0,0.00638931084412467,0.00623730051249903,0.75,0.70197288004179,0.25,0.249359638400557,0.0486674815576532,0.935963840055719,0.000719330822498905,0,0,0,0,3
193,18.7111706296928,0.849872574592073,0.274477684847472,0.643324484282116,0.6,0,0,0,0,0,0.00637651035275769,0.00622585862553919,0.75,0.70146811088239,0.25,0.249352908145099,0.0491789809725116,0.935290814509853,0.000719330822498905,0,0,0,0,3
194,18.7208135354432,0.84994328564544,0.274500784407893,0.643275619058067,0.6,0,0,0,0,0,0.00636382531269338,0.00621451804718424,0.75,0.700963704688443,0.25,0.249346182729179,0.0496901125823775,0.934618272917924,0.000719330822498905,0,0,0,0,3
195,18.7304548795167,0.850013879344801,0.274523845920642,0.643226835412743,0.6,0,0,0,0,0,0.00635125445525041,0.00620327775970195,0.75,0.700459661198951,0.25,0.249339462149319,0.0502008766517297,0.933946214931935,0.000719330822498905,0,0,0,0,3
196,18.7400946608751,0.850084355963841,0.274546869474091,0.643178133155295,0.6,0,0,0,0,0,0.00633879654632724,0.00619213675900376,0.75,0.699955980153103,0.25,0.249332746402041,0.0507112734448561,0.933274640204137,0.000719330822498905,0,0,0,0,3
197,18.7497328784783,0.8501547157754,0.274569855156343,0.643129512095465,0.6,0,0,0,0,0,0.00632645038183342,0.00618109405454561,0.75,0.699452661290275,0.25,0.24932603548387,0.0512213032258549,0.932603548387033,0.000719330822498905,0,0,0,0,3
198,18.7593695312849,0.850224959051472,0.274592803055224,0.643080972043582,0.6,0,0,0,0,0,0.00631421478387992,0.00617014866925882,0.75,0.698949704350032,0.25,0.249319329391334,0.0517309662586344,0.931932939133376,0.000719330822498905,0,0,0,0,3
199,18.7690046182513,0.850295086063213,0.274615713258293,0.643032512810565,0.6,0,0,0,0,0,0.00630208859766451,0.00615929963949526,0.75,0.698447109072125,0.25,0.249312628120962,0.0522402628069129,0.931262812096167,0.000719330822498905,0,0,0,0,3
200,18.7786381383324,0.85036509708094,0.274638585852837,0.642984134207913,0.6,0,0,0,0,0,0.00629007068897695,0.00614854601497587,0.75,0.697944875196494,0.25,0.249305931669287,0.0527491931342191,0.930593166928659,0.000719330822498905,0,0,0,0,3
201,18.7882700904813,0.850434992374139,0.274661420925876,0.64293583604771,0.6,0,0,0,0,0,0.00627815994224178,0.00613788685873524,0.75,0.697443002463264,0.25,0.249299240032844,0.0532577575038926,0.929924003284352,0.000719330822498905,0,0,0,0,3
202,18.7979004736494,0.850504772211465,0.274684218564161,0.642887618142619,0.6,0,0,0,0,0,0.00626635525901581,0.00612732124705759,0.75,0.696941490612747,0.25,0.24929255320817,0.0537659561790831,0.929255320816996,0.000719330822498905,0,0,0,0,3
203,18.8075292867866,0.850574436860744,0.274706978854176,0.642839480305879,0.6,0,0,0,0,0,0.00625465555686007,0.00611684826940154,0.75,0.696440339385443,0.25,0.249285871191806,0.0542737894227515,0.92858711918059,0.000719330822498905,0,0,0,0,3
204,18.8171565288409,0.85064398658898,0.274729701882141,0.642791422351306,0.6,0,0,0,0,0,0.00624305976851289,0.00610646702831239,0.75,0.695939548522037,0.25,0.249279193980294,0.0547812574976693,0.927919398029383,0.000719330822498905,0,0,0,0,3
205,18.8267821987589,0.850713421662356,0.274752387734009,0.642743444093288,0.6,0,0,0,0,0,0.00623156684129848,0.00609617663932159,0.75,0.695439117763402,0.25,0.249272521570179,0.0552883606664192,0.927252157017869,0.000719330822498905,0,0,0,0,3
206,18.8364062954855,0.850782742346236,0.27477503649547,0.642695545346784,0.6,0,0,0,0,0,0.00622017573671551,0.00608597623083357,0.75,0.694939046850597,0.25,0.249265853958008,0.0557950991913952,0.926585395800796,0.000719330822498905,0,0,0,0,3
207,18.8460288179638,0.85085194890517,0.274797648251954,0.642647725927322,0.6,0,0,0,0,0,0.00620888543015798,0.00607586494400049,0.75,0.694439335524866,0.25,0.249259191140332,0.0563014733348024,0.925919114033155,0.000719330822498905,0,0,0,0,3
208,18.8556497651355,0.850921041602897,0.274820223088626,0.642599985650996,0.6,0,0,0,0,0,0.00619769491073048,0.0060658419325853,0.75,0.693939983527641,0.25,0.249252533113702,0.0568074833586574,0.925253311370188,0.000719330822498905,0,0,0,0,3
209,18.8652691359406,0.850990020702349,0.274842761090391,0.642552324334464,0.6,0,0,0,0,0,0.00618660318112679,0.00605590636281407,0.75,0.693440990600538,0.25,0.249245879874674,0.0573131295247885,0.924587987467384,0.000719330822498905,0,0,0,0,3
210,18.8748869293174,0.851058886465649,0.274865262341896,0.642504741794946,0.6,0,0,0,0,0,0.006175609257548,0.00604605741321819,0.75,0.69294235648536,0.25,0.249239231419805,0.0578184120948356,0.92392314198048,0.000719330822498905,0,0,0,0,3
211,18.8845031442029,0.851127639154123,0.274887726927528,0.642457237850224,0.6,0,0,0,0,0,0.00616471216964212,0.00603629427446717,0.75,0.692444080924095,0.25,0.249232587745655,0.0583233313302506,0.92325877456546,0.000719330822498905,0,0,0,0,3
212,18.8941177795322,0.851196279028293,0.274910154931417,0.642409812318635,0.6,0,0,0,0,0,0.00615391096045209,0.00602661614919306,0.75,0.691946163658917,0.25,0.249225948848786,0.0588278874922972,0.922594884878556,0.000719330822498905,0,0,0,0,3
213,18.9037308342391,0.851264806347888,0.274932546437435,0.642362465019072,0.6,0,0,0,0,0,0.00614320468636304,0.00601702225180716,0.75,0.691448604432186,0.25,0.249219314725762,0.0593320808420515,0.921931472576248,0.000719330822498905,0,0,0,0,3
214,18.9133423072556,0.851333221371844,0.274954901529201,0.642315195770985,0.6,0,0,0,0,0,0.00613259241704306,0.00600751180831017,0.75,0.690951402986446,0.25,0.249212685373153,0.0598359116404016,0.921268537315261,0.000719330822498905,0,0,0,0,3
215,18.9229521975122,0.851401524358305,0.274977220290076,0.64226800439437,0.6,0,0,0,0,0,0.00612207323537375,0.0059980840560966,0.75,0.690454559064426,0.25,0.249206060787526,0.0603393801480483,0.920606078752568,0.000719330822498905,0,0,0,0,3
216,18.9325605039381,0.851469715564631,0.274999502803169,0.642220890709777,0.6,0,0,0,0,0,0.00611164623736883,0.00598873824375453,0.75,0.689958072409042,0.25,0.249199440965454,0.0608424866255045,0.919944096545389,0.000719330822498905,0,0,0,0,3
217,18.9421672254606,0.851537795247395,0.275021749151336,0.642173854538301,0.6,0,0,0,0,0,0.00610131053208002,0.0059794736308619,0.75,0.689461942763392,0.25,0.249192825903512,0.0613452313330962,0.919282590351189,0.000719330822498905,0,0,0,0,3
218,18.9517723610058,0.851605763662391,0.275043959417183,0.642126895701581,0.6,0,0,0,0,0,0.00609106524149019,0.00597028948778021,0.75,0.688966169870761,0.25,0.249186215598277,0.0618476145309621,0.918621559827681,0.000719330822498905,0,0,0,0,3
219,18.9613759094981,0.851673621064635,0.275066133683061,0.642080014021802,0.6,0,0,0,0,0,0.00608090950039405,0.00596118509544688,0.75,0.688470753474618,0.25,0.249179610046328,0.0623496364790536,0.917961004632824,0.000719330822498905,0,0,0,0,3
220,18.9709778698604,0.851741367708368,0.275088272031075,0.642033209321689,0.6,0,0,0,0,0,0.00607084245626694,0.00595215974516722,0.75,0.687975693318616,0.25,0.249173009244248,0.0628512974371355,0.917300924424822,0.000719330822498905,0,0,0,0,3
221,18.9805782410142,0.851809003847058,0.275110374543079,0.641986481424505,0.6,0,0,0,0,0,0.00606086326912251,0.00594321273840694,0.75,0.687480989146593,0.25,0.249166413188621,0.0633525976647856,0.916641318862124,0.000719330822498905,0,0,0,0,3
222,18.9901770218795,0.851876529733404,0.275132441300679,0.641939830154049,0.6,0,0,0,0,0,0.00605097111135981,0.00593434338658634,0.75,0.68698664070257,0.25,0.249159821876034,0.0638535374213953,0.915982187603427,0.000719330822498905,0,0,0,0,3
223,18.9997742113749,0.851943945619339,0.275154472385235,0.641893255334659,0.6,0,0,0,0,0,0.00604116516760071,0.00592555101087666,0.75,0.686492647730754,0.25,0.249153235303077,0.0643541169661688,0.915323530307673,0.000719330822498905,0,0,0,0,3
224,19.0093698084172,0.852011251756035,0.275176467877861,0.641846756791201,0.6,0,0,0,0,0,0.00603144463451849,0.00591683494199961,0.75,0.685999009975535,0.25,0.24914665346634,0.064854336558125,0.914665346634046,0.000719330822498905,0,0,0,0,3
225,19.0189638119217,0.852078448393899,0.275198427859424,0.641800334349075,0.6,0,0,0,0,0,0.00602180872065815,0.00590819452003047,0.75,0.685505727181485,0.25,0.24914007636242,0.0653541964560956,0.914007636241979,0.000719330822498905,0,0,0,0,3
226,19.0285562208021,0.852145535782584,0.275220352410548,0.641753987834209,0.6,0,0,0,0,0,0.00601225664624983,0.0058996290942054,0.75,0.685012799093362,0.25,0.249133503987911,0.0658536969187266,0.913350398791149,0.000719330822498905,0,0,0,0,3
227,19.0381470339707,0.852212514170988,0.275242241611614,0.641707717073057,0.6,0,0,0,0,0,0.00600278764301588,0.0058911380227332,0.75,0.684520225456107,0.25,0.249126936339415,0.066352838204478,0.912693633941476,0.000719330822498905,0,0,0,0,3
228,19.0477362503382,0.852279383807255,0.27526409554276,0.641661521892598,0.6,0,0,0,0,0,0.00599340095397286,0.00588272067261198,0.75,0.684028006014845,0.25,0.249120373413531,0.0668516205716238,0.912037341353127,0.000719330822498905,0,0,0,0,3
229,19.0573238688141,0.852346144938782,0.275285914283881,0.641615402120335,0.6,0,0,0,0,0,0.00598409583322945,0.00587437641945079,0.75,0.683536140514882,0.25,0.249113815206865,0.0673500442782525,0.91138152068651,0.000719330822498905,0,0,0,0,3
230,19.0669098883063,0.85241279781222,0.275307697914635,0.641569357584291,0.6,0,0,0,0,0,0.00597487154578125,0.00586610464729629,0.75,0.68304462870171,0.25,0.249107261716023,0.0678481095822668,0.910726171602281,0.000719330822498905,0,0,0,0,3
231,19.0764943077213,0.852479342673474,0.275329446514437,0.641523388113008,0.6,0,0,0,0,0,0.00596572736730374,0.00585790474846467,0.75,0.682553470321003,0.25,0.249100712937613,0.0683458167413841,0.910071293761337,0.000719330822498905,0,0,0,0,3
232,19.0860771259645,0.852545779767713,0.275351160162464,0.641477493535545,0.6,0,0,0,0,0,0.00595666258394425,0.00584977612337855,0.75,0.682062665118615,0.25,0.249094168868248,0.0688431660131364,0.90941688682482,0.000719330822498905,0,0,0,0,3
233,19.0956583419394,0.852612109339364,0.275372838937657,0.641431673681476,0.6,0,0,0,0,0,0.00594767649211415,0.005841718180409,0.75,0.681572212840588,0.25,0.249087629504541,0.0693401576548705,0.908762950454118,0.000719330822498905,0,0,0,0,3
234,19.1052379545487,0.852678331632121,0.275394482918718,0.641385928380888,0.6,0,0,0,0,0,0.00593876839828206,0.00583373033572243,0.75,0.681082113233143,0.25,0.249081094843109,0.0698367919237484,0.908109484310857,0.000719330822498905,0,0,0,0,3
235,19.1148159626931,0.852744446888945,0.275416092184112,0.64134025746438,0.6,0,0,0,0,0,0.00592993761876901,0.00582581201313222,0.75,0.680592366042684,0.25,0.249074564880569,0.0703330690767466,0.907456488056912,0.000719330822498905,0,0,0,0,3
236,19.1243923652726,0.852810455352068,0.275437666812071,0.641294660763057,0.6,0,0,0,0,0,0.00592118347954634,0.00581796264395499,0.75,0.680102971015799,0.25,0.249068039613544,0.0708289893706575,0.906803961354398,0.000719330822498905,0,0,0,0,3
237,19.1339671611853,0.852876357262996,0.275459206880593,0.641249138108537,0.6,0,0,0,0,0,0.00591250531603688,0.00581018166687125,0.75,0.679613927899255,0.25,0.249061519038657,0.0713245530620885,0.906151903865673,0.000719330822498905,0,0,0,0,3
238,19.1435403493283,0.85294215286251,0.275480712467439,0.641203689332937,0.6,0,0,0,0,0,0.00590390247292016,0.00580246852779028,0.75,0.679125236440004,0.25,0.249055003152533,0.0718197604074624,0.905500315253339,0.000719330822498905,0,0,0,0,3
239,19.1531119285973,0.853007842390669,0.275502183650142,0.641158314268883,0.6,0,0,0,0,0,0.00589537430394189,0.00579482267971905,0.75,0.67863689638518,0.25,0.249048491951802,0.0723146116630178,0.90484919518024,0.000719330822498905,0,0,0,0,3
240,19.1626818978866,0.853073426086816,0.275523620505999,0.641113012749499,0.6,0,0,0,0,0,0.00588692017172815,0.00578724358263498,0.75,0.678148907482096,0.25,0.249041985433095,0.0728091070848091,0.904198543309462,0.000719330822498905,0,0,0,0,3
241,19.1722502560891,0.853138904189574,0.27554502311208,0.64106778460841,0.6,0,0,0,0,0,0.00587853944760447,0.00577973070336236,0.75,0.677661269478251,0.25,0.249035483593043,0.0733032469287061,0.903548359304334,0.000719330822498905,0,0,0,0,3
242,19.1818170020968,0.853204276936857,0.275566391545222,0.641022629679739,0.6,0,0,0,0,0,0.00587023151142008,0.00577228351545224,0.75,0.67717398212132,0.25,0.249028986428284,0.0737970314503953,0.902898642828427,0.000719330822498905,0,0,0,0,3
243,19.1913821348,0.853269544565866,0.275587725882034,0.640977547798105,0.6,0,0,0,0,0,0.00586199575137708,0.00576490149906559,0.75,0.676687045159166,0.25,0.249022493935456,0.0742904609053789,0.902249393545554,0.000719330822498905,0,0,0,0,3
244,19.2009456530879,0.853334707313094,0.275609026198897,0.640932538798621,0.6,0,0,0,0,0,0.00585383156386494,0.00575758414085965,0.75,0.676200458339827,0.25,0.249016006111198,0.0747835355489754,0.901600611119769,0.000719330822498905,0,0,0,0,3
245,19.2105075558484,0.853399765414331,0.275630292571964,0.640887602516892,0.6,0,0,0,0,0,0.00584573835329994,0.0057503309338772,0.75,0.675714221411526,0.25,0.249009522952154,0.07527625563632,0.900952295215368,0.000719330822498905,0,0,0,0,3
246,19.2200678419678,0.853464719104661,0.275651525077163,0.640842738789014,0.6,0,0,0,0,0,0.00583771553196968,0.00574314137743867,0.75,0.675228334122667,0.25,0.249003044454969,0.075768621422364,0.900304445496889,0.000719330822498905,0,0,0,0,3
247,19.229626510331,0.853529568618471,0.275672723790193,0.640797947451572,0.6,0,0,0,0,0,0.00582976251988228,0.00573601497703694,0.75,0.674742796221833,0.25,0.248996570616291,0.0762606331618758,0.899657061629111,0.000719330822498905,0,0,0,0,3
248,19.2391835598214,0.853594314189449,0.275693888786532,0.640753228341636,0.6,0,0,0,0,0,0.00582187874462045,0.00572895124423463,0.75,0.674257607457789,0.25,0.248990101432771,0.0767522911094402,0.899010143277052,0.000719330822498905,0,0,0,0,3
249,19.2487389893213,0.853658956050588,0.27571502014143,0.640708581296764,0.6,0,0,0,0,0,0.00581406364119992,0.00572194969656387,0.75,0.673772767579481,0.25,0.24898363690106,0.0772435955194594,0.898363690105974,0.000719330822498905,0,0,0,0,3
250,19.2582927977118,0.85372349443419,0.275736117929918,0.640664006154994,0.6,0,0,0,0,0,0.00580631665193221,0.00571500985742832,0.75,0.673288276336034,0.25,0.248977177017814,0.0777345466461523,0.897717701781379,0.000719330822498905,0,0,0,0,3
251,19.2678449838724,0.853787929571866,0.275757182226801,0.640619502754848,0.6,0,0,0,0,0,0.00579863722629159,0.00570813125600745,0.75,0.672804133476755,0.25,0.24897072177969,0.0782251447435549,0.897072177969007,0.000719330822498905,0,0,0,0,3
252,19.277395546682,0.853852261694541,0.275778213106664,0.640575070935326,0.6,0,0,0,0,0,0.00579102482078594,0.00570131342716287,0.75,0.672320338751131,0.25,0.248964271183348,0.078715390065521,0.896427118334841,0.000719330822498905,0,0,0,0,3
253,19.2869444850177,0.853916491032453,0.27579921064387,0.640530710535907,0.6,0,0,0,0,0,0.00578347889883133,0.0056945559113466,0.75,0.671836891908827,0.25,0.248957825225451,0.0792052828657215,0.895782522545103,0.000719330822498905,0,0,0,0,3
254,19.2964917977558,0.853980617815163,0.275820174912566,0.640486421396545,0.6,0,0,0,0,0,0.00577599893063023,0.00568785825451142,0.75,0.671353792699692,0.25,0.248951383902663,0.079694823397645,0.895138390266257,0.000719330822498905,0,0,0,0,3
255,19.3060374837712,0.854044642271546,0.275841105986674,0.640442203357669,0.6,0,0,0,0,0,0.00576858439305307,0.00568122000802286,0.75,0.670871040873752,0.25,0.24894494721165,0.0801840119145978,0.894494721165003,0.000719330822498905,0,0,0,0,3
256,19.3155815419378,0.854108564629806,0.275862003939903,0.640398056260181,0.6,0,0,0,0,0,0.00576123476952299,0.00567464072857307,0.75,0.670388636181213,0.25,0.248938515149083,0.0806728486697041,0.893851514908284,0.000719330822498905,0,0,0,0,3
257,19.3251239711281,0.854172385117469,0.275882868845741,0.640353979945452,0.6,0,0,0,0,0,0.00575394954990364,0.00566811997809637,0.75,0.669906578372461,0.25,0.248932087711633,0.081161333915906,0.893208771163281,0.000719330822498905,0,0,0,0,3
258,19.3346647702135,0.854236103961389,0.27590370077746,0.640309974255325,0.6,0,0,0,0,0,0.00574672823038995,0.00566165732368641,0.75,0.669424867198062,0.25,0.248925664895974,0.081649467905964,0.892566489597416,0.000719330822498905,0,0,0,0,3
259,19.3442039380645,0.854299721387752,0.275924499808117,0.640266039032108,0.6,0,0,0,0,0,0.00573957031340156,0.00565525233751489,0.75,0.66894350240876,0.25,0.248919246698783,0.0821372508924562,0.891924669878347,0.000719330822498905,0,0,0,0,3
260,19.3537414735502,0.854363237622077,0.275945266010554,0.640222174118574,0.6,0,0,0,0,0,0.00573247530747888,0.00564890459675186,0.75,0.66846248375548,0.25,0.24891283311674,0.0826246831277798,0.891283311673974,0.000719330822498905,0,0,0,0,3
261,19.3632773755386,0.854426652889216,0.275965999457398,0.640178379357963,0.6,0,0,0,0,0,0.00572544272718167,0.00564261368348747,0.75,0.667981810989326,0.25,0.248906424146524,0.08311176486415,0.890642414652434,0.000719330822498905,0,0,0,0,3
262,19.3728116428966,0.854489967413363,0.275986700221063,0.640134654593974,0.6,0,0,0,0,0,0.00571847209298991,0.00563637918465512,0.75,0.667501483861578,0.25,0.248900019784821,0.0835984963536011,0.890001978482104,0.000719330822498905,0,0,0,0,3
263,19.3823442744901,0.854553181418047,0.276007368373748,0.640090999670769,0.6,0,0,0,0,0,0.00571156293120702,0.00563020069195608,0.75,0.667021502123698,0.25,0.248893620028316,0.0840848778479858,0.889362002831598,0.000719330822498905,0,0,0,0,3
264,19.3918752691837,0.854616295126145,0.276028003987444,0.640047414432968,0.6,0,0,0,0,0,0.00570471477386512,0.00562407780178539,0.75,0.666541865527327,0.25,0.248887224873698,0.0845709095989757,0.888722487369769,0.000719330822498905,0,0,0,0,3
265,19.4014046258409,0.854679308759875,0.276048607133928,0.640003898725647,0.6,0,0,0,0,0,0.00569792715863233,0.0056180101151592,0.75,0.666062573824281,0.25,0.248880834317657,0.0850565918580616,0.888083431765708,0.000719330822498905,0,0,0,0,3
266,19.4109323433232,0.854742222540806,0.276069177884767,0.639960452394338,0.6,0,0,0,0,0,0.00569119962872216,0.00561199723764323,0.75,0.665583626766559,0.25,0.248874448356887,0.0855419248765534,0.887444835688746,0.000719330822498905,0,0,0,0,3
267,19.4204584204915,0.854805036689854,0.276089716311319,0.639917075285027,0.6,0,0,0,0,0,0.00568453173280465,0.00560603877928266,0.75,0.665105024106335,0.25,0.248868066988084,0.0860269089055803,0.886806698808447,0.000719330822498905,0,0,0,0,3
268,19.4299828562051,0.854867751427289,0.276110222484733,0.639873767244153,0.6,0,0,0,0,0,0.00567792302491929,0.00560013435453312,0.75,0.664626765595963,0.25,0.248861690207946,0.086511544196091,0.886169020794617,0.000719330822498905,0,0,0,0,3
269,19.4395056493225,0.854930366972735,0.27613069647595,0.639830528118604,0.6,0,0,0,0,0,0.00567137306438979,0.00559428358219303,0.75,0.664148850987973,0.25,0.248855318013173,0.0869958309988536,0.885531801317298,0.000719330822498905,0,0,0,0,3
270,19.4490267987011,0.854992883545173,0.276151138355703,0.639787357755717,0.6,0,0,0,0,0,0.0056648814157404,0.00558848608533696,0.75,0.663671280035076,0.25,0.248848950400468,0.0874797695644559,0.884895040046769,0.000719330822498905,0,0,0,0,3
271,19.4585463031973,0.855055301362944,0.276171548194518,0.639744256003277,0.6,0,0,0,0,0,0.00565844764861385,0.00558274149125029,0.75,0.663194052490159,0.25,0.248842587366535,0.0879633601433054,0.884258736653545,0.000719330822498905,0,0,0,0,3
272,19.4680641616663,0.855117620643751,0.276191926062718,0.639701222709514,0.6,0,0,0,0,0,0.00565207133769092,0.00557704943136495,0.75,0.662717168106286,0.25,0.248836228908084,0.0884466029856301,0.883622890808382,0.000719330822498905,0,0,0,0,3
273,19.4775803729625,0.855179841604661,0.276212272030417,0.639658257723102,0.6,0,0,0,0,0,0.00564575206261137,0.00557140954119626,0.75,0.6622406266367,0.25,0.248829875021823,0.0889294983414773,0.882987502182267,0.000719330822498905,0,0,0,0,3
274,19.4870949359389,0.855241964462105,0.276232586167528,0.639615360893156,0.6,0,0,0,0,0,0.00563948940789653,0.00556582146028089,0.75,0.661764427834821,0.25,0.248823525704464,0.089412046460715,0.882352570446428,0.000719330822498905,0,0,0,0,3
275,19.496607849448,0.855303989431886,0.276252868543759,0.639572532069235,0.6,0,0,0,0,0,0.00563328296287307,0.00556028483211585,0.75,0.661288571454245,0.25,0.248817180952723,0.0898942475930313,0.881718095272327,0.000719330822498905,0,0,0,0,3
276,19.5061191123408,0.855365916729177,0.276273119228614,0.639529771101332,0.6,0,0,0,0,0,0.00562713232159834,0.00555479930409861,0.75,0.660813057248749,0.25,0.248810840763317,0.0903761019879349,0.881084076331665,0.000719330822498905,0,0,0,0,3
277,19.5156287234677,0.855427746568524,0.276293338291397,0.639487077839883,0.6,0,0,0,0,0,0.00562103708278693,0.00554936452746815,0.75,0.660337884972281,0.25,0.248804505132964,0.0908576098947549,0.880450513296375,0.000719330822498905,0,0,0,0,3
278,19.5251366816778,0.855489479163848,0.276313525801209,0.639444452135755,0.6,0,0,0,0,0,0.00561499684973862,0.00554398015724712,0.75,0.659863054378972,0.25,0.248798174058386,0.0913387715626415,0.87981740583863,0.000719330822498905,0,0,0,0,3
279,19.5346429858194,0.855551114728449,0.276333681826953,0.639401893840252,0.6,0,0,0,0,0,0.00560901123026755,0.00553864585218493,0.75,0.659388565223126,0.25,0.248791847536308,0.0918195872405654,0.879184753630835,0.000719330822498905,0,0,0,0,3
280,19.5441476347398,0.855612653475006,0.276353806437328,0.639359402805111,0.6,0,0,0,0,0,0.00560307983663265,0.0055333612747018,0.75,0.658914417259226,0.25,0.248785525563456,0.0923000571773182,0.878552556345634,0.000719330822498905,0,0,0,0,3
281,19.5536506272853,0.855674095615581,0.276373899700837,0.639316978882498,0.6,0,0,0,0,0,0.00559720228546933,0.00552812609083384,0.75,0.658440610241928,0.25,0.248779208136559,0.0927801816215127,0.877920813655904,0.000719330822498905,0,0,0,0,3
282,19.5631519623014,0.855735441361622,0.276393961685784,0.63927462192501,0.6,0,0,0,0,0,0.00559137819772232,0.00552293997017904,0.75,0.657967143926069,0.25,0.248772895252348,0.0932599608215833,0.877289525234759,0.000719330822498905,0,0,0,0,3
283,19.5726516386315,0.855796690923961,0.276413992460274,0.639232331785673,0.6,0,0,0,0,0,0.00558560719857969,0.00551780258584412,0.75,0.657494018066659,0.25,0.248766586907555,0.0937393950257851,0.876658690755546,0.000719330822498905,0,0,0,0,3
284,19.5821496551182,0.855857844512822,0.276433992092216,0.639190108317935,0.6,0,0,0,0,0,0.00557988891740806,0.00551271361439237,0.75,0.657021232418886,0.25,0.248760283098918,0.0942184844821953,0.876028309891848,0.000719330822498905,0,0,0,0,3
285,19.5916460106031,0.855918902337817,0.276453960649323,0.639147951375675,0.6,0,0,0,0,0,0.00557422298768885,0.00550767273579231,0.75,0.656548786738113,0.25,0.248753983823175,0.0946972294387123,0.875398382317484,0.000719330822498905,0,0,0,0,3
286,19.6011407039267,0.855979864607955,0.276473898199112,0.639105860813191,0.6,0,0,0,0,0,0.00556860904695574,0.00550267963336723,0.75,0.656076680779879,0.25,0.248747689077065,0.0951756301430564,0.874768907706505,0.000719330822498905,0,0,0,0,3
287,19.6106337339288,0.856040731531639,0.276493804808905,0.639063836485205,0.6,0,0,0,0,0,0.00556304673673314,0.00549773399374564,0.75,0.655604914299898,0.25,0.248741398857332,0.0956536868427696,0.874139885733198,0.000719330822498905,0,0,0,0,3
288,19.6201250994482,0.856101503316669,0.27651368054583,0.639021878246857,0.6,0,0,0,0,0,0.00555753570247575,0.00549283550681247,0.75,0.655133487054063,0.25,0.248735113160721,0.0961313997852163,0.873511316072084,0.000719330822498905,0,0,0,0,3
289,19.6296147993227,0.856162180170246,0.276533525476821,0.638979985953709,0.6,0,0,0,0,0,0.00555207559350908,0.00548798386566116,0.75,0.654662398798438,0.25,0.248728831983979,0.0966087692175828,0.872883198397917,0.000719330822498905,0,0,0,0,3
290,19.6391028323894,0.856222762298974,0.276553339668619,0.638938159461738,0.6,0,0,0,0,0,0.00554666606297115,0.00548317876654655,0.75,0.654191649289266,0.25,0.248722555323857,0.0970857953868775,0.872255532385688,0.000719330822498905,0,0,0,0,3
291,19.6485891974843,0.85628324990886,0.276573123187775,0.638896398627336,0.6,0,0,0,0,0,0.00554130676775504,0.00547841990883849,0.75,0.653721238282962,0.25,0.248716283177106,0.0975624785399314,0.871628317710617,0.000719330822498905,0,0,0,0,3
292,19.6580738934428,0.856343643205319,0.276592876100646,0.638854703307312,0.6,0,0,0,0,0,0.0055359973684525,0.00547370699497635,0.75,0.653251165536121,0.25,0.248710015540482,0.0980388189233978,0.871001554048161,0.000719330822498905,0,0,0,0,3
293,19.6675569190992,0.856403942393172,0.2766125984734,0.638813073358885,0.6,0,0,0,0,0,0.00553073752929855,0.00546903973042414,0.75,0.652781430805507,0.25,0.24870375241074,0.0985148167837528,0.870375241074009,0.000719330822498905,0,0,0,0,3
294,19.6770382732871,0.856464147676654,0.276632290372014,0.638771508639688,0.6,0,0,0,0,0,0.00552552691811692,0.00546441782362654,0.75,0.652312033848064,0.25,0.248697493784641,0.0989904723672955,0.869749378464085,0.000719330822498905,0,0,0,0,3
295,19.6865179548392,0.856524259259411,0.276651951862277,0.638730009007762,0.6,0,0,0,0,0,0.00552036520626654,0.00545984098596548,0.75,0.651842974420907,0.25,0.248691239658945,0.0994657859201472,0.869123965894543,0.000719330822498905,0,0,0,0,3
296,19.6959959625874,0.856584277344504,0.276671583009787,0.638688574321555,0.6,0,0,0,0,0,0.00551525206858888,0.00545530893171764,0.75,0.651374252281329,0.25,0.248684990030418,0.099940757688253,0.868499003041772,0.000719330822498905,0,0,0,0,3
297,19.7054722953627,0.856644202134412,0.276691183879957,0.638647204439926,0.6,0,0,0,0,0,0.00551018718335619,0.00545082137801248,0.75,0.650905867186796,0.25,0.248678744895824,0.10041538791738,0.867874489582394,0.000719330822498905,0,0,0,0,3
298,19.7149469519952,0.856704033831033,0.27671075453801,0.638605899222135,0.6,0,0,0,0,0,0.00550517023222061,0.00544637804479108,0.75,0.650437818894946,0.25,0.248672504251933,0.100889676853121,0.867250425193261,0.000719330822498905,0,0,0,0,3
299,19.7244199313136,0.856763772635685,0.276730295048984,0.638564658527849,0.6,0,0,0,0,0,0.00550020090016417,0.00544197865476555,0.75,0.649970107163596,0.25,0.248666268095515,0.10136362474089,0.866626809551461,0.000719330822498905,0,0,0,0,3
300,19.7338912321451,0.856823418749112,0.27674980547773,0.638523482217137,0.6,0,0,0,0,0,0.0054952788754496,0.0054376229333793,0.75,0.649502731750733,0.25,0.248660036423343,0.101837231825924,0.866003642334311,0.000719330822498905,0,0,0,0,3
301,19.7433608533164,0.85688297237148,0.276769285888915,0.638482370150466,0.6,0,0,0,0,0,0.00549040384957205,0.00543331060876767,0.75,0.649035692414521,0.25,0.248653809232194,0.102310498353285,0.865380923219362,0.000719330822498905,0,0,0,0,3
302,19.7528287936533,0.856942433702385,0.27678873634702,0.638441322188708,0.6,0,0,0,0,0,0.00548557551721146,0.00542904141171945,0.75,0.648568988913296,0.25,0.248647586518844,0.10278342456786,0.864758651884395,0.000719330822498905,0,0,0,0,3
303,19.7622950519807,0.857001802940852,0.276808156916343,0.638400338193128,0.6,0,0,0,0,0,0.00548079357618594,0.00542481507563893,0.75,0.648102621005569,0.25,0.248641368280074,0.103256010714357,0.864136828007426,0.000719330822498905,0,0,0,0,3
304,19.771759627123,0.857061080285338,0.276827547660998,0.638359418025391,0.6,0,0,0,0,0,0.00547605772740573,0.00542063133650856,0.75,0.647636588450023,0.25,0.248635154512667,0.10372825703731,0.863515451266698,0.000719330822498905,0,0,0,0,3
305,19.7812225179035,0.857120265933732,0.276846908644917,0.638318561547557,0.6,0,0,0,0,0,0.00547136767482811,0.00541648993285224,0.75,0.647170891005517,0.25,0.248628945213407,0.104200163781076,0.862894521340689,0.000719330822498905,0,0,0,0,3
306,19.7906837231451,0.857179360083359,0.276866239931849,0.638277768622078,0.6,0,0,0,0,0,0.00546672312541291,0.00541239060569921,0.75,0.646705528431081,0.25,0.248622740379081,0.104671731189838,0.862274037908108,0.000719330822498905,0,0,0,0,3
307,19.8001432416696,0.857238362930984,0.276885541585363,0.6382370391118,0.6,0,0,0,0,0,0.00546212378907881,0.00540833309854852,0.75,0.646240500485919,0.25,0.248616540006479,0.105142959507602,0.861654000647892,0.000719330822498905,0,0,0,0,3
308,19.8096010722984,0.857297274672809,0.276904813668846,0.63819637287996,0.6,0,0,0,0,0,0.0054575693786604,0.00540431715733406,0.75,0.645775806929409,0.25,0.248610344092392,0.105613848978199,0.861034409239212,0.000719330822498905,0,0,0,0,3
309,19.8190572138519,0.857356095504478,0.276924056245505,0.638155769790186,0.6,0,0,0,0,0,0.00545305960986599,0.00540034253039016,0.75,0.645311447521101,0.25,0.248604152633615,0.106084399845284,0.860415263361468,0.000719330822498905,0,0,0,0,3
310,19.8285116651499,0.857414825621079,0.27694326937837,0.638115229706492,0.6,0,0,0,0,0,0.00544859420123594,0.00539640896841773,0.75,0.644847422020719,0.25,0.248597965626943,0.106554612352338,0.859796562694291,0.000719330822498905,0,0,0,0,3
311,19.8379644250116,0.857473465217147,0.276962453130288,0.63807475249328,0.6,0,0,0,0,0,0.00544417287410189,0.005392516224451,0.75,0.644383730188158,0.25,0.248591783069175,0.107024486742666,0.859178306917544,0.000719330822498905,0,0,0,0,3
312,19.8474154922552,0.857532014486661,0.276981607563931,0.638034338015338,0.6,0,0,0,0,0,0.00543979535254653,0.00538866405382472,0.75,0.643920371783488,0.25,0.248585604957113,0.107494023259399,0.858560495711317,0.000719330822498905,0,0,0,0,3
313,19.8568648656985,0.857590473623055,0.277000732741792,0.637993986137837,0.6,0,0,0,0,0,0.00543546136336406,0.00538485221414188,0.75,0.64345734656695,0.25,0.248579431287559,0.107963222145491,0.857943128755933,0.000719330822498905,0,0,0,0,3
314,19.8663125441572,0.857648842819208,0.277019828726188,0.637953696726333,0.6,0,0,0,0,0,0.00543117063602133,0.0053810804652421,0.75,0.642994654298957,0.25,0.248573262057319,0.108432083643724,0.857326205731942,0.000719330822498905,0,0,0,0,3
315,19.8757585264464,0.857707122267457,0.27703889557926,0.637913469646762,0.6,0,0,0,0,0,0.00542692290261953,0.00537734856917029,0.75,0.642532294740095,0.25,0.248567097263201,0.108900607996704,0.856709726320127,0.000719330822498905,0,0,0,0,3
316,19.8852028113803,0.857765312159594,0.277057933362972,0.63787330476544,0.6,0,0,0,0,0,0.00542271789785668,0.00537365629014592,0.75,0.642070267651123,0.25,0.248560936902015,0.109368795446862,0.856093690201498,0.000719330822498905,0,0,0,0,3
317,19.8946453977723,0.857823412686865,0.277076942139113,0.637833201949062,0.6,0,0,0,0,0,0.00541855535899046,0.00537000339453284,0.75,0.641608572792971,0.25,0.248554780970573,0.109836646236456,0.855478097057294,0.000719330822498905,0,0,0,0,3
318,19.9040862844355,0.85788142403998,0.2770959219693,0.637793161064701,0.6,0,0,0,0,0,0.00541443502580191,0.00536638965080943,0.75,0.64114720992674,0.25,0.24854862946569,0.11030416060757,0.854862946568987,0.000719330822498905,0,0,0,0,3
319,19.9135254701819,0.857939346409105,0.277114872914972,0.637753181979805,0.6,0,0,0,0,0,0.00541035664055959,0.00536281482953937,0.75,0.640686178813705,0.25,0.248542482384183,0.110771338802112,0.854248238418273,0.000719330822498905,0,0,0,0,3
320,19.9229629538232,0.857997179983874,0.2771337950374,0.637713264562199,0.6,0,0,0,0,0,0.00540631994798434,0.00535927870334275,0.75,0.640225479215311,0.25,0.248536339722871,0.111238181061818,0.853633972287081,0.000719330822498905,0,0,0,0,3
321,19.9323987341705,0.858054924953382,0.277152688397678,0.63767340868008,0.6,0,0,0,0,0,0.00540232469521453,0.00535578104686772,0.75,0.639765110893175,0.25,0.248530201478576,0.111704687628249,0.853020147857567,0.000719330822498905,0,0,0,0,3
322,19.9418328100339,0.858112581506193,0.27717155305673,0.637633614202016,0.6,0,0,0,0,0,0.00539837063177202,0.00535232163676253,0.75,0.639305073609086,0.25,0.248524067648121,0.112170858742793,0.852406764812115,0.000719330822498905,0,0,0,0,3
323,19.9512651802232,0.858170149830339,0.277190389075308,0.637593880996948,0.6,0,0,0,0,0,0.00539445750952852,0.00534890025164805,0.75,0.638845367125003,0.25,0.248517938228333,0.112636694646664,0.851793822833337,0.000719330822498905,0,0,0,0,3
324,19.9606958435476,0.858227630113322,0.277209196513994,0.637554208934186,0.6,0,0,0,0,0,0.00539058508267259,0.00534551667209069,0.75,0.638385991203057,0.25,0.248511813216041,0.113102195580902,0.851181321604077,0.000719330822498905,0,0,0,0,3
325,19.9701247988157,0.858285022542118,0.2772279754332,0.637514597883407,0.6,0,0,0,0,0,0.00538675310767712,0.00534217068057574,0.75,0.637926945605551,0.25,0.248505692608074,0.113567361786375,0.850569260807401,0.000719330822498905,0,0,0,0,3
326,19.9795520448352,0.858342327303176,0.277246725893168,0.637475047714656,0.6,0,0,0,0,0,0.00538296134326737,0.00533886206148117,0.75,0.637468230094957,0.25,0.248499576401266,0.114032193503777,0.849957640126609,0.000719330822498905,0,0,0,0,3
327,19.9889775804136,0.85839954458242,0.27726544795397,0.637435558298344,0.6,0,0,0,0,0,0.00537920955038943,0.00533559060105177,0.75,0.637009844433919,0.25,0.248493464592452,0.114496690973629,0.849346459245225,0.000719330822498905,0,0,0,0,3
328,19.9984014043566,0.858456674565255,0.277284141675511,0.637396129505245,0.6,0,0,0,0,0,0.00537549749217931,0.00533235608737374,0.75,0.63655178838525,0.25,0.24848735717847,0.11496085443628,0.848735717847001,0.000719330822498905,0,0,0,0,3
329,20.0078235154688,0.858513717436564,0.277302807117528,0.637356761206499,0.6,0,0,0,0,0,0.00537182493393238,0.0053291583103497,0.75,0.636094061711937,0.25,0.248481254156159,0.115424684131903,0.848125415615916,0.000719330822498905,0,0,0,0,3
330,20.0172439125541,0.858570673380711,0.27732144433959,0.637317453273603,0.6,0,0,0,0,0,0.00536819164307344,0.005325997061674,0.75,0.635636664177135,0.25,0.248475155522362,0.115888180300503,0.84751555223618,0.000719330822498905,0,0,0,0,3
331,20.0266625944161,0.858627542581544,0.277340053401101,0.637278205578419,0.6,0,0,0,0,0,0.00536459738912712,0.00532287213480847,0.75,0.635179595544168,0.25,0.248469061273922,0.11635134318191,0.846906127392224,0.000719330822498905,0,0,0,0,3
332,20.0360795598577,0.858684325222397,0.277358634361297,0.637239017993166,0.6,0,0,0,0,0,0.00536104194368888,0.00531978332495848,0.75,0.634722855576534,0.25,0.248462971407687,0.116814173015779,0.846297140768712,0.000719330822498905,0,0,0,0,3
333,20.0454948076812,0.858741021486091,0.277377187279251,0.637199890390422,0.6,0,0,0,0,0,0.00535752508039634,0.00531673042904951,0.75,0.634266444037897,0.25,0.248456885920505,0.117276670041598,0.845688592050529,0.000719330822498905,0,0,0,0,3
334,20.0549083366886,0.858797631554934,0.277395712213868,0.637160822643121,0.6,0,0,0,0,0,0.00535404657490117,0.00531371324570391,0.75,0.633810360692094,0.25,0.248450804809228,0.117738834498678,0.845080480922792,0.000719330822498905,0,0,0,0,3
335,20.0643201456812,0.858854155610727,0.277414209223892,0.637121814624554,0.6,0,0,0,0,0,0.00535060620484139,0.00531073157521812,0.75,0.633354605303131,0.25,0.248444728070708,0.118200666626161,0.844472807070841,0.000719330822498905,0,0,0,0,3
336,20.0737302334598,0.858910593834762,0.2774326783679,0.637082866208363,0.6,0,0,0,0,0,0.00534720374981399,0.00530778521954023,0.75,0.632899177635182,0.25,0.248438655701802,0.118662166663016,0.843865570180243,0.000719330822498905,0,0,0,0,3
337,20.0831385988248,0.858966946407825,0.277451119704309,0.637043977268548,0.6,0,0,0,0,0,0.00534383899134816,0.00530487398224785,0.75,0.632444077452593,0.25,0.248432587699368,0.119123334848039,0.84325876993679,0.000719330822498905,0,0,0,0,3
338,20.0925452405759,0.859023213510199,0.277469533291372,0.637005147679456,0.6,0,0,0,0,0,0.00534051171287881,0.00530199766852636,0.75,0.631989304519878,0.25,0.248426524060265,0.119584171419857,0.842652406026504,0.000719330822498905,0,0,0,0,3
339,20.1019501575127,0.859079395321665,0.27748791918718,0.636966377315788,0.6,0,0,0,0,0,0.00533722169972052,0.00529915608514742,0.75,0.631534858601721,0.25,0.248420464781356,0.120044676616923,0.842046478135628,0.000719330822498905,0,0,0,0,3
340,20.1113533484339,0.859135492021501,0.277506277449661,0.636927666052592,0.6,0,0,0,0,0,0.00533396873904195,0.00529634904044788,0.75,0.631080739462974,0.25,0.248414409859506,0.120504850677519,0.841440985950632,0.000719330822498905,0,0,0,0,3
341,20.1207548121374,0.859191503788489,0.277524608136586,0.636889013765266,0.6,0,0,0,0,0,0.00533075261984062,0.00529357634430902,0.75,0.630626946868661,0.25,0.248408359291582,0.120964693839757,0.840835929158214,0.000719330822498905,0,0,0,0,3
342,20.1301545474193,0.859247430800913,0.277542911305562,0.636850420329554,0.6,0,0,0,0,0,0.00532757313291805,0.00529083780813601,0.75,0.630173480583971,0.25,0.248402313074453,0.121424206341576,0.840231307445294,0.000719330822498905,0,0,0,0,3
343,20.1395525530754,0.85930327323656,0.277561187014038,0.636811885621545,0.6,0,0,0,0,0,0.00532443007085529,0.00528813324483779,0.75,0.629720340374264,0.25,0.24839627120499,0.121883388420745,0.839627120499019,0.000719330822498905,0,0,0,0,3
344,20.1489488279008,0.859359031272725,0.277579435319303,0.636773409517674,0.6,0,0,0,0,0,0.0053213232279889,0.0052854624688072,0.75,0.62926752600507,0.25,0.248390233680068,0.122342240314862,0.83902336800676,0.000719330822498905,0,0,0,0,3
345,20.1583433706904,0.859414705086212,0.277597656278489,0.636734991894719,0.6,0,0,0,0,0,0.00531825240038722,0.00528282529590133,0.75,0.628815037242085,0.25,0.248384200496561,0.122800762261353,0.838420049656114,0.000719330822498905,0,0,0,0,3
346,20.1677361802384,0.859470294853333,0.277615849948567,0.6366966326298,0.6,0,0,0,0,0,0.00531521738582699,0.00528022154342233,0.75,0.628362873851176,0.25,0.248378171651349,0.123258954497475,0.837817165134901,0.000719330822498905,0,0,0,0,3
347,20.1771272553388,0.859525800749912,0.277634016386353,0.636658331600377,0.6,0,0,0,0,0,0.00531221798377044,0.00527765103009841,0.75,0.627911035598374,0.25,0.248372147141312,0.123716817260314,0.837214714131166,0.000719330822498905,0,0,0,0,3
348,20.1865165947851,0.859581222951286,0.277652155648506,0.636620088684251,0.6,0,0,0,0,0,0.00530925399534264,0.00527511357606511,0.75,0.627459522249885,0.25,0.248366126963332,0.124174350786784,0.83661269633318,0.000719330822498905,0,0,0,0,3
349,20.1959041973704,0.859636561632308,0.277670267791526,0.636581903759561,0.6,0,0,0,0,0,0.00530632522330921,0.00527260900284694,0.75,0.627008333572076,0.25,0.248360111114294,0.124631555313629,0.836011111429435,0.000719330822498905,0,0,0,0,3
350,20.2052900618874,0.859691816967347,0.277688352871759,0.636543776704784,0.6,0,0,0,0,0,0.00530343147205436,0.00527013713333919,0.75,0.626557469331488,0.25,0.248354099591087,0.125088431077425,0.835409959108651,0.000719330822498905,0,0,0,0,3
351,20.2146741871285,0.859746989130289,0.277706410945396,0.636505707398732,0.6,0,0,0,0,0,0.00530057254755928,0.00526769779179007,0.75,0.626106929294826,0.25,0.248348092390598,0.125544978314577,0.834809239059768,0.000719330822498905,0,0,0,0,3
352,20.2240565718855,0.859802078294541,0.277724442068472,0.636467695720555,0.6,0,0,0,0,0,0.00529774825738088,0.00526529080378314,0.75,0.625656713228963,0.25,0.24834208950972,0.126001197261317,0.834208950971951,0.000719330822498905,0,0,0,0,3
353,20.2334372149501,0.859857084633032,0.277742446296869,0.636429741549733,0.6,0,0,0,0,0,0.0052949584106308,0.0052629159962199,0.75,0.625206820900943,0.25,0.248336090945346,0.126457088153711,0.833609094534591,0.000719330822498905,0,0,0,0,3
354,20.2428161151124,0.859912008318213,0.277760423686313,0.636391844766081,0.6,0,0,0,0,0,0.00529220281795481,0.00526057319730283,0.75,0.624757252077973,0.25,0.248330096694373,0.126912651227654,0.833009669437298,0.000719330822498905,0,0,0,0,3
355,20.2521932711611,0.859966849522061,0.277778374292379,0.636354005249746,0.6,0,0,0,0,0,0.00528948129151246,0.00525826223651846,0.75,0.624308006527431,0.25,0.248324106753699,0.12736788671887,0.832410675369908,0.000719330822498905,0,0,0,0,3
356,20.2615686818848,0.860021608416078,0.277796298170488,0.636316222881204,0.6,0,0,0,0,0,0.00528679364495709,0.00525598294462081,0.75,0.62385908401686,0.25,0.248318121120225,0.127822794862916,0.83181211202248,0.000719330822498905,0,0,0,0,3
357,20.2709423460715,0.860076285171296,0.27781419537591,0.636278497541262,0.6,0,0,0,0,0,0.00528413969341605,0.00525373515361514,0.75,0.623410484313971,0.25,0.248312139790853,0.128277375895177,0.831213979085294,0.000719330822498905,0,0,0,0,3
358,20.2803142625091,0.860130879958276,0.277832065963761,0.636240829111054,0.6,0,0,0,0,0,0.00528151925347135,0.00525151869674172,0.75,0.622962207186641,0.25,0.248306162762489,0.12873163005087,0.830616276248855,0.000719330822498905,0,0,0,0,3
359,20.2896844299849,0.860185392947108,0.277849909989009,0.636203217472042,0.6,0,0,0,0,0,0.00527893214314049,0.00524933340846006,0.75,0.622514252402917,0.25,0.248300190032039,0.129185557565044,0.83001900320389,0.000719330822498905,0,0,0,0,3
360,20.2990528472861,0.860239824307419,0.277867727506468,0.636165662506012,0.6,0,0,0,0,0,0.00527637818185767,0.00524717912443327,0.75,0.62206661973101,0.25,0.248294221596413,0.129639158672577,0.829422159641346,0.000719330822498905,0,0,0,0,3
361,20.3084195131996,0.860294174208369,0.277885518570805,0.636128164095078,0.6,0,0,0,0,0,0.00527385719045521,0.00524505568151271,0.75,0.621619308939297,0.25,0.248288257452524,0.130092433608179,0.828825745252397,0.000719330822498905,0,0,0,0,3
362,20.3177844265118,0.860348442818651,0.277903283236536,0.636090722121676,0.6,0,0,0,0,0,0.00527136899114528,0.00524296291772278,0.75,0.621172319796325,0.25,0.248282297597284,0.130545382606391,0.828229759728433,0.000719330822498905,0,0,0,0,3
363,20.3271475860089,0.860402630306501,0.277921021558027,0.636053336468564,0.6,0,0,0,0,0,0.00526891340750186,0.00524090067224598,0.75,0.620725652070804,0.25,0.248276342027611,0.130998005901586,0.827634202761072,0.000719330822498905,0,0,0,0,3
364,20.3365089904771,0.860456736839691,0.277938733589497,0.636016007018822,0.6,0,0,0,0,0,0.00526649026444303,0.00523886878540825,0.75,0.620279305531611,0.25,0.248270390740421,0.131450303727967,0.827039074042148,0.000719330822498905,0,0,0,0,3
365,20.3458686387018,0.860510762585535,0.277956419385015,0.635978733655851,0.6,0,0,0,0,0,0.0052640993882135,0.00523686709866441,0.75,0.619833279947792,0.25,0.248264443732637,0.131902276319571,0.826444373263722,0.000719330822498905,0,0,0,0,3
366,20.3552265294678,0.860564707710889,0.277974078998506,0.635941516263372,0.6,0,0,0,0,0,0.00526174060636741,0.00523489545458387,0.75,0.619387575088555,0.25,0.248258501001181,0.132353923910264,0.825850100118073,0.000719330822498905,0,0,0,0,3
367,20.364582661558,0.860618572382153,0.277991712483743,0.635904354725422,0.6,0,0,0,0,0,0.00525941374775131,0.00523295369683666,0.75,0.618942190723277,0.25,0.248252562542977,0.132805246733746,0.825256254297702,0.000719330822498905,0,0,0,0,3
368,20.373937033755,0.860672356765273,0.278009319894357,0.635867248926356,0.6,0,0,0,0,0,0.00525711864248754,0.00523104167017941,0.75,0.618497126621498,0.25,0.248246628354953,0.133256245023548,0.824662835495331,0.000719330822498905,0,0,0,0,3
369,20.3832896448413,0.860726061025742,0.27802690128383,0.635830198750847,0.6,0,0,0,0,0,0.00525485512195776,0.00522915922044177,0.75,0.618052382552928,0.25,0.248240698434039,0.133706919013033,0.824069843403904,0.000719330822498905,0,0,0,0,3
370,20.3926404935989,0.860779685328601,0.2780444567055,0.63579320408388,0.6,0,0,0,0,0,0.00525262301878668,0.0052273061945129,0.75,0.617607958287439,0.25,0.248234772777166,0.134157268935395,0.823477277716585,0.000719330822498905,0,0,0,0,3
371,20.4019895788098,0.860833229838443,0.278061986212558,0.635756264810756,0.6,0,0,0,0,0,0.00525042216682616,0.00522548244032817,0.75,0.617163853595069,0.25,0.248228851381268,0.134607295023664,0.822885138126758,0.000719330822498905,0,0,0,0,3
372,20.4113368992557,0.860886694719411,0.278079489858054,0.635719380817087,0.6,0,0,0,0,0,0.00524825240113944,0.00522368780685614,0.75,0.616720068246021,0.25,0.24822293424328,0.135056997510698,0.822293424328028,0.000719330822498905,0,0,0,0,3
373,20.4206824537181,0.860940080135203,0.27809696769489,0.6356825519888,0.6,0,0,0,0,0,0.00524611355798563,0.00522192214408562,0.75,0.616276602010666,0.25,0.248217021360142,0.135506376629191,0.821702136014222,0.000719330822498905,0,0,0,0,3
374,20.4300262409782,0.860993386249069,0.278114419775826,0.635645778212129,0.6,0,0,0,0,0,0.00524400547480454,0.00522018530301297,0.75,0.615833454659538,0.25,0.248211112728794,0.135955432611668,0.821111272879384,0.000719330822498905,0,0,0,0,3
375,20.4393682598171,0.861046613223818,0.27813184615348,0.635609059373619,0.6,0,0,0,0,0,0.00524192799020148,0.0052184771356296,0.75,0.615390625963335,0.25,0.248205208346178,0.136404165690487,0.82052083461778,0.000719330822498905,0,0,0,0,3
376,20.4487085090159,0.861099761221816,0.278149246880325,0.635572395360125,0.6,0,0,0,0,0,0.0052398809439325,0.00521679749490962,0.75,0.614948115692922,0.25,0.248199308209239,0.136852576097839,0.819930820923896,0.000719330822498905,0,0,0,0,3
377,20.458046987355,0.861152830404989,0.278166622008695,0.635535786058809,0.6,0,0,0,0,0,0.00523786417688981,0.00521514623479766,0.75,0.614505923619328,0.25,0.248193412314924,0.137300664065748,0.819341231492437,0.000719330822498905,0,0,0,0,3
378,20.4673836936137,0.861205820934821,0.278183971590779,0.635499231357137,0.6,0,0,0,0,0,0.00523587753108732,0.00521352321019693,0.75,0.614064049513746,0.25,0.248187520660183,0.137748429826071,0.818752066018328,0.000719330822498905,0,0,0,0,3
379,20.47671862657,0.861258732972363,0.278201295678628,0.635462731142883,0.6,0,0,0,0,0,0.00523392084964649,0.00521192827695739,0.75,0.613622493147534,0.25,0.248181633241967,0.138195873610499,0.818163324196712,0.000719330822498905,0,0,0,0,3
380,20.4860517850015,0.861311566678225,0.278218594324149,0.635426285304126,0.6,0,0,0,0,0,0.00523199397678237,0.00521036129186413,0.75,0.613181254292215,0.25,0.24817575005723,0.138642995650556,0.817575005722953,0.000719330822498905,0,0,0,0,3
381,20.4953831676859,0.861364322212585,0.278235867579112,0.635389893729246,0.6,0,0,0,0,0,0.00523009675778976,0.00520882211262587,0.75,0.612740332719475,0.25,0.248169871102926,0.139089796177599,0.816987110292633,0.000719330822498905,0,0,0,0,3
382,20.5047127734006,0.861416999735189,0.278253115495145,0.635353556306928,0.6,0,0,0,0,0,0.00522822903902972,0.00520731059786363,0.75,0.612299728201166,0.25,0.248163996376016,0.139536275422819,0.816399637601554,0.000719330822498905,0,0,0,0,3
383,20.514040600923,0.861469599405347,0.278270338123737,0.635317272926155,0.6,0,0,0,0,0,0.00522639066791617,0.00520582660709964,0.75,0.611859440509302,0.25,0.248158125873457,0.139982433617241,0.815812587345735,0.000719330822498905,0,0,0,0,3
384,20.5233666490303,0.861522121381942,0.27828753551624,0.635281043476214,0.6,0,0,0,0,0,0.00522458149290268,0.00520437000074629,0.75,0.611419469416062,0.25,0.248152259592214,0.140428270991724,0.815225959221416,0.000719330822498905,0,0,0,0,3
385,20.5326909164995,0.861574565823428,0.278304707723865,0.635244867846688,0.6,0,0,0,0,0,0.0052228013634695,0.00520294064009541,0.75,0.610979814693789,0.25,0.248146397529251,0.14087378777696,0.814639752925052,0.000719330822498905,0,0,0,0,3
386,20.5420134021077,0.86162693288783,0.278321854797687,0.635208745927462,0.6,0,0,0,0,0,0.00522105013011084,0.00520153838730747,0.75,0.61054047611499,0.25,0.248140539681533,0.141318984203477,0.81405396815332,0.000719330822498905,0,0,0,0,3
387,20.5513341046317,0.861679222732748,0.278338976788643,0.635172677608714,0.6,0,0,0,0,0,0.00521932764432212,0.00520016310540114,0.75,0.610101453452335,0.25,0.248134686046031,0.141763860501634,0.813468604603113,0.000719330822498905,0,0,0,0,3
388,20.5606530228484,0.861731435515358,0.278356073747534,0.635136662780922,0.6,0,0,0,0,0,0.00521763375858768,0.00519881465824294,0.75,0.609662746478656,0.25,0.248128836619715,0.142208416901629,0.812883661971541,0.000719330822498905,0,0,0,0,3
389,20.5699701555335,0.861783571392411,0.278373145725023,0.635100701334858,0.6,0,0,0,0,0,0.00521596832636839,0.00519749291053696,0.75,0.609224354966951,0.25,0.248122991399559,0.14265265363349,0.812299139955935,0.000719330822498905,0,0,0,0,3
390,20.5792855014612,0.861835630520238,0.278390192771637,0.635064793161587,0.6,0,0,0,0,0,0.00521433120208969,0.00519619772781486,0.75,0.60878627869038,0.25,0.248117150382538,0.143096570927081,0.811715038253841,0.000719330822498905,0,0,0,0,3
391,20.5885990594054,0.86188761305475,0.278407214937769,0.635028938152469,0.6,0,0,0,0,0,0.00521272224112963,0.0051949289764259,0.75,0.608348517422267,0.25,0.24811131356563,0.143540169012103,0.811131356563022,0.000719330822498905,0,0,0,0,3
392,20.5979108281399,0.861939519151437,0.278424212273676,0.634993136199156,0.6,0,0,0,0,0,0.00521114129980717,0.00519368652352717,0.75,0.607911070936096,0.25,0.248105480945815,0.143983448118089,0.810548094581462,0.000719330822498905,0,0,0,0,3
393,20.6072208064385,0.861991348965373,0.27844118482948,0.634957387193591,0.6,0,0,0,0,0,0.00520958823537059,0.00519247023707395,0.75,0.607473939005518,0.25,0.248099652520074,0.144426408474408,0.809965252007357,0.000719330822498905,0,0,0,0,3
394,20.6165289930748,0.862043102651217,0.278458132655169,0.634921691028007,0.6,0,0,0,0,0,0.00520806290598618,0.00519127998581017,0.75,0.607037121404344,0.25,0.248093828285391,0.144869050310264,0.809382828539126,0.000719330822498905,0,0,0,0,3
395,20.6258353868226,0.862094780363212,0.278475055800597,0.634886047594928,0.6,0,0,0,0,0,0.00520656517072693,0.00519011563925907,0.75,0.606600617906549,0.25,0.248088008238754,0.145311373854697,0.808800823875399,0.000719330822498905,0,0,0,0,3
396,20.6351399864555,0.862146382255186,0.278491954315486,0.634850456787164,0.6,0,0,0,0,0,0.00520509488956149,0.00518897706771392,0.75,0.60616442828627,0.25,0.24808219237715,0.14575337933658,0.808219237715026,0.000719330822498905,0,0,0,0,3
397,20.6444427907471,0.86219790848056,0.278508828249424,0.634814918497814,0.6,0,0,0,0,0,0.00520365192334332,0.00518786414222901,0.75,0.605728552317805,0.25,0.248076380697571,0.146195066984624,0.807638069757074,0.000719330822498905,0,0,0,0,3
398,20.6537437984711,0.862249359192339,0.278525677651867,0.634779432620264,0.6,0,0,0,0,0,0.0052022361337999,0.00518677673461057,0.75,0.605292989775617,0.25,0.248070573197008,0.146636437027374,0.807057319700823,0.000719330822498905,0,0,0,0,3
399,20.6630430084011,0.862300734543123,0.278542502572138,0.634743999048184,0.6,0,0,0,0,0,0.00520084738352215,0.00518571471740794,0.75,0.604857740434331,0.25,0.248064769872458,0.147077489693212,0.806476987245774,0.000719330822498905,0,0,0,0,3
400,20.6723404193097,0.862352034685101,0.27855930305943,0.63470861767553,0.6,0,0,0,0,0,0.00519948553595394,0.00518467796390491,0.75,0.60442280406873,0.25,0.248058970720916,0.147518225210353,0.80589707209164,0.000719330822498905,0,0,0,0,3
401,20.6816360299677,0.862403259770059,0.278576079162804,0.634673288396541,0.6,0,0,0,0,0,0.00519815045538187,0.00518366634811108,0.75,0.603988180453764,0.25,0.248053175739384,0.147958643806852,0.805317573938353,0.000719330822498905,0,0,0,0,3
402,20.6909298391459,0.862454409949375,0.278592830931191,0.634638011105738,0.6,0,0,0,0,0,0.00519684200692506,0.00518267974475338,0.75,0.603553869364543,0.25,0.248047384924861,0.148398745710597,0.804738492486057,0.000719330822498905,0,0,0,0,3
403,20.7002218456151,0.862505485374025,0.27860955841339,0.634602785697925,0.6,0,0,0,0,0,0.00519556005652519,0.00518171802926778,0.75,0.603119870576337,0.25,0.248041598274351,0.148838531149312,0.804159827435116,0.000719330822498905,0,0,0,0,3
404,20.7095120481461,0.862556486194582,0.278626261658073,0.634567612068186,0.6,0,0,0,0,0,0.00519430447093666,0.00518078107779093,0.75,0.60268618386458,0.25,0.248035815784861,0.149278000350559,0.803581578486107,0.000719330822498905,0,0,0,0,3
405,20.7188004455097,0.862607412561219,0.278642940713781,0.634532490111885,0.6,0,0,0,0,0,0.00519307511771681,0.00517986876715214,0.75,0.602252809004866,0.25,0.248030037453398,0.149717153541736,0.803003745339821,0.000719330822498905,0,0,0,0,3
406,20.728087036477,0.862658264623707,0.278659595628926,0.634497419724664,0.6,0,0,0,0,0,0.00519187186521643,0.00517898097486532,0.75,0.601819745772951,0.25,0.248024263276973,0.150155990950076,0.802426327697268,0.000719330822498905,0,0,0,0,3
407,20.7373718198187,0.86270904253142,0.278676226451792,0.634462400802446,0.6,0,0,0,0,0,0.00519069458257023,0.00517811757912115,0.75,0.601386993944753,0.25,0.248018493252597,0.150594512802651,0.80184932525967,0.000719330822498905,0,0,0,0,3
408,20.7466547943061,0.862759746433337,0.278692833230535,0.634427433241428,0.6,0,0,0,0,0,0.00518954313968765,0.00517727845877922,0.75,0.600954553296349,0.25,0.248012727377285,0.151032719326367,0.801272737728465,0.000719330822498905,0,0,0,0,3
409,20.7559359587103,0.862810376478037,0.278709416013182,0.634392516938085,0.6,0,0,0,0,0,0.00518841740724359,0.00517646349336045,0.75,0.600522423603978,0.25,0.248006965648053,0.151470610747968,0.800696564805305,0.000719330822498905,0,0,0,0,3
410,20.7652153118022,0.862860932813709,0.278725974847635,0.634357651789165,0.6,0,0,0,0,0,0.00518731725666943,0.00517567256303942,0.75,0.600090604644042,0.25,0.248001208061921,0.151908187294037,0.800120806192056,0.000719330822498905,0,0,0,0,3
411,20.7744928523511,0.862911415588146,0.278742509781668,0.634322837691692,0.6,0,0,0,0,0,0.00518624256014408,0.00517490554863708,0.75,0.599659096193101,0.25,0.247995454615908,0.152345449190991,0.799545461590801,0.000719330822498905,0,0,0,0,3
412,20.7837685791252,0.862961824948751,0.278759020862928,0.634288074542964,0.6,0,0,0,0,0,0.00518519319058519,0.00517416233161325,0.75,0.599227898027876,0.25,0.247989705307038,0.152782396665086,0.798970530703834,0.000719330822498905,0,0,0,0,3
413,20.7930424908931,0.863012161042535,0.278775508138938,0.634253362240551,0.6,0,0,0,0,0,0.00518416902164055,0.00517344279405947,0.75,0.598797009925249,0.25,0.247983960132337,0.153219029942414,0.798396013233666,0.000719330822498905,0,0,0,0,3
414,20.8023145864232,0.86306242401612,0.278791971657093,0.634218700682294,0.6,0,0,0,0,0,0.00518316992767945,0.00517274681869184,0.75,0.598366431662264,0.25,0.24797821908883,0.153655349248905,0.797821908883019,0.000719330822498905,0,0,0,0,3
415,20.8115848644842,0.863112614015742,0.278808411464665,0.634184089766304,0.6,0,0,0,0,0,0.00518219578378437,0.00517207428884393,0.75,0.597936163016124,0.25,0.247972482173548,0.154091354810328,0.797248217354832,0.000719330822498905,0,0,0,0,3
416,20.8208533238447,0.863162731187248,0.2788248276088,0.634149529390964,0.6,0,0,0,0,0,0.00518124646574263,0.00517142508845991,0.75,0.59750620376419,0.25,0.247966749383523,0.154527046852287,0.796674938352254,0.000719330822498905,0,0,0,0,3
417,20.8301199632738,0.863212775676101,0.27884122013652,0.634115019454924,0.6,0,0,0,0,0,0.00518032185003818,0.00517079910208768,0.75,0.597076553683988,0.25,0.247961020715786,0.154962425600226,0.79610207157865,0.000719330822498905,0,0,0,0,3
418,20.8393847815404,0.863262747627379,0.278857589094724,0.634080559857103,0.6,0,0,0,0,0,0.00517942181384365,0.0051701962148721,0.75,0.596647212553199,0.25,0.247955296167376,0.155397491279425,0.795529616737598,0.000719330822498905,0,0,0,0,3
419,20.8486477774138,0.86331264718578,0.278873934530186,0.634046150496687,0.6,0,0,0,0,0,0.00517854623501231,0.00516961631254841,0.75,0.596218180149667,0.25,0.247949575735329,0.155832244115004,0.794957573532889,0.000719330822498905,0,0,0,0,3
420,20.8579089496633,0.863362474495616,0.278890256489558,0.634011791273128,0.6,0,0,0,0,0,0.00517769499207025,0.00516905928143559,0.75,0.595789456251395,0.25,0.247943859416685,0.15626668433192,0.794385941668526,0.000719330822498905,0,0,0,0,3
421,20.8671682970571,0.863412229700822,0.278906555019369,0.633977482086143,0.6,0,0,0,0,0,0.00517686796420871,0.00516852500842997,0.75,0.595361040636545,0.25,0.247938147208487,0.156700812154968,0.793814720848726,0.000719330822498905,0,0,0,0,3
422,20.8764258183616,0.863461912944953,0.278922830166025,0.633943222835715,0.6,0,0,0,0,0,0.0051760650312764,0.00516801338099886,0.75,0.594932933083439,0.25,0.247932439107779,0.157134627808782,0.793243910777918,0.000719330822498905,0,0,0,0,3
423,20.8856815123434,0.863511524371186,0.278939081975813,0.633909013422089,0.6,0,0,0,0,0,0.005175286073772,0.00516752428717422,0.75,0.594505133370558,0.25,0.247926735111607,0.157568131517834,0.792673511160745,0.000719330822498905,0,0,0,0,3
424,20.8949353777693,0.863561064122323,0.278955310494894,0.633874853745774,0.6,0,0,0,0,0,0.0051745309728368,0.0051670576155465,0.75,0.594077641276544,0.25,0.247921035217021,0.158001323506435,0.792103521702059,0.000719330822498905,0,0,0,0,3
425,20.9041874134063,0.863610532340788,0.278971515769312,0.63384074370754,0.6,0,0,0,0,0,0.0051737996102474,0.00516661325525857,0.75,0.593650456580196,0.25,0.247915339421069,0.158434203998735,0.791533942106928,0.000719330822498905,0,0,0,0,3
426,20.9134376180217,0.863659929168633,0.278987697844988,0.633806683208419,0.6,0,0,0,0,0,0.00517309186840846,0.0051661910959996,0.75,0.593223579060473,0.25,0.247909647720806,0.158866773218721,0.790964772080631,0.000719330822498905,0,0,0,0,3
427,20.9226859903828,0.863709254747536,0.279003856767724,0.633772672149701,0.6,0,0,0,0,0,0.00517240763034569,0.00516579102799926,0.75,0.592797008496493,0.25,0.247903960113287,0.159299031390221,0.790396011328657,0.000719330822498905,0,0,0,0,3
428,20.9319325292574,0.863758509218805,0.279019992583201,0.633738710432938,0.6,0,0,0,0,0,0.00517174677969882,0.00516541294202175,0.75,0.592370744667532,0.25,0.247898276595567,0.159730978736901,0.789827659556709,0.000719330822498905,0,0,0,0,3
429,20.9411772334132,0.863807692723377,0.279036105336981,0.633704797959939,0.6,0,0,0,0,0,0.00517110920071472,0.00516505672936014,0.75,0.591944787353026,0.25,0.247892597164707,0.160162615482267,0.789259716470701,0.000719330822498905,0,0,0,0,3
430,20.9504201016185,0.863856805401818,0.279052195074508,0.633670934632772,0.6,0,0,0,0,0,0.00517049477824063,0.00516472228183062,0.75,0.591519136332568,0.25,0.247886921817768,0.160593941849664,0.788692181776758,0.000719330822498905,0,0,0,0,3
431,20.9596611326401,0.863905847394328,0.279068261841106,0.633637120353759,0.6,0,0,0,0,0,0.00516990339771741,0.00516440949176691,0.75,0.591093791385912,0.25,0.247881250551812,0.161024958062276,0.788125055181216,0.000719330822498905,0,0,0,0,3
432,20.9689003252433,0.86395481884074,0.27908430568198,0.633603355025481,0.6,0,0,0,0,0,0.00516933494517302,0.00516411825201479,0.75,0.590668752292968,0.25,0.247875583363906,0.161455664343125,0.787558336390625,0.000719330822498905,0,0,0,0,3
433,20.9781376781933,0.864003719880521,0.27910032664222,0.633569638550773,0.6,0,0,0,0,0,0.00516878930721593,0.00516384845592659,0.75,0.590244018833806,0.25,0.247869920251117,0.161886060915077,0.786992025111741,0.000719330822498905,0,0,0,0,3
434,20.987373190256,0.864052550652774,0.279116324766795,0.633535970832723,0.6,0,0,0,0,0,0.00516826637102873,0.00516359999735585,0.75,0.589819590788652,0.25,0.247864261210515,0.162316148000833,0.786426121051536,0.000719330822498905,0,0,0,0,3
435,20.9966068601972,0.864101311296239,0.279132300100559,0.633502351774675,0.6,0,0,0,0,0,0.00516776602436184,0.00516337277065203,0.75,0.589395467937891,0.25,0.247858606239172,0.162745925822937,0.785860623917188,0.000719330822498905,0,0,0,0,3
436,21.0058386867832,0.864150001949293,0.279148252688248,0.633468781280222,0.6,0,0,0,0,0,0.00516728815552722,0.00516316667065531,0.75,0.588971650062068,0.25,0.247852955334161,0.163175394603771,0.78529553341609,0.000719330822498905,0,0,0,0,3
437,21.0150686687806,0.864198622749953,0.279164182574484,0.633435259253213,0.6,0,0,0,0,0,0.00516683265339227,0.00516298159269137,0.75,0.588548136941883,0.25,0.247847308492558,0.163604554565559,0.784730849255843,0.000719330822498905,0,0,0,0,3
438,21.0242968049563,0.864247173835876,0.279180089803769,0.633401785597746,0.6,0,0,0,0,0,0.00516639940737376,0.00516281743256644,0.75,0.588124928358194,0.25,0.247841665711443,0.164033405930364,0.784166571144258,0.000719330822498905,0,0,0,0,3
439,21.0335230940773,0.864295655344362,0.279195974420493,0.633368360218167,0.6,0,0,0,0,0,0.00516598830743183,0.0051626740865622,0.75,0.587702024092018,0.25,0.247836026987894,0.164461948920088,0.783602698789358,0.000719330822498905,0,0,0,0,3
440,21.0427475349112,0.864344067412351,0.27921183646893,0.633334983019075,0.6,0,0,0,0,0,0.00516559924406416,0.00516255145143093,0.75,0.587279423924529,0.25,0.247830392318994,0.164890183756477,0.783039231899372,0.000719330822498905,0,0,0,0,3
441,21.0519701262232,0.864392410176429,0.279227675993237,0.633301653905315,0.6,0,0,0,0,0,0.00516523210830012,0.00516244942439061,0.75,0.586857127637058,0.25,0.247824761701827,0.165318110661114,0.782476170182744,0.000719330822498905,0,0,0,0,3
442,21.061190866778,0.864440683772827,0.279243493037458,0.633268372781982,0.6,0,0,0,0,0,0.00516488679169503,0.00516236790312015,0.75,0.586435135011093,0.25,0.247819135133481,0.165745729855426,0.781913513348124,0.000719330822498905,0,0,0,0,3
443,21.0704097553403,0.864488888337421,0.279259287645525,0.633235139554416,0.6,0,0,0,0,0,0.00516456318632457,0.00516230678575469,0.75,0.58601344582828,0.25,0.247813512611044,0.166173041560676,0.781351261104373,0.000719330822498905,0,0,0,0,3
444,21.0796267906753,0.864537024005735,0.279275059861251,0.633201954128203,0.6,0,0,0,0,0,0.00516426118477917,0.0051622659708809,0.75,0.585592059870421,0.25,0.247807894131606,0.166600045997974,0.780789413160561,0.000719330822498905,0,0,0,0,3
445,21.0888419715485,0.864585090912941,0.279290809728341,0.633168816409175,0.6,0,0,0,0,0,0.00516398068015854,0.00516224535753244,0.75,0.585170976919475,0.25,0.24780227969226,0.167026743388265,0.780227969225967,0.000719330822498905,0,0,0,0,3
446,21.0980552967257,0.864633089193862,0.279306537290383,0.633135726303409,0.6,0,0,0,0,0,0.00516372156606628,0.00516224484518543,0.75,0.584750196757559,0.25,0.247796669290101,0.16745313395234,0.779666929010079,0.000719330822498905,0,0,0,0,3
447,21.1072667649733,0.86468101898297,0.279322242590856,0.633102683717225,0.6,0,0,0,0,0,0.00516348373660455,0.00516226433375396,0.75,0.584329719166945,0.25,0.247791062922226,0.167879217910829,0.779106292222594,0.000719330822498905,0,0,0,0,3
448,21.116476375058,0.86472888041439,0.279337925673123,0.633069688557187,0.6,0,0,0,0,0,0.00516326708636879,0.00516230372358576,0.75,0.583909543930064,0.25,0.247785460585734,0.168304995484202,0.778546058573418,0.000719330822498905,0,0,0,0,3
449,21.1256841257467,0.8647766736219,0.279353586580437,0.633036740730099,0.6,0,0,0,0,0,0.00516307151044257,0.0051623629154578,0.75,0.5834896708295,0.25,0.247779862277727,0.168730466892774,0.777986227772666,0.000719330822498905,0,0,0,0,3
450,21.134890015806,0.864824398738931,0.27936922535594,0.633003840143008,0.6,0,0,0,0,0,0.0051628969043925,0.0051624418105721,0.75,0.583070099647996,0.25,0.247774267995307,0.169155632356698,0.777426799530661,0.000719330822498905,0,0,0,0,3
451,21.1440940440002,0.864872055898571,0.279384842042661,0.632970986703201,0.6,0,0,0,0,0,0.00516274316426316,0.00516254031055147,0.75,0.58265083016845,0.25,0.247768677735579,0.169580492095971,0.776867773557933,0.000719330822498905,0,0,0,0,3
452,21.1532962090936,0.864919645233562,0.279400436683519,0.632938180318205,0.6,0,0,0,0,0,0.00516261018657214,0.00516265831743543,0.75,0.582231862173917,0.25,0.247763091495652,0.170005046330431,0.776309149565223,0.000719330822498905,0,0,0,0,3
453,21.1624965098511,0.864967166876307,0.279416009321324,0.632905420895787,0.6,0,0,0,0,0,0.00516249786830518,0.00516279573367602,0.75,0.581813195447607,0.25,0.247757509272635,0.170429295279758,0.775750927263476,0.000719330822498905,0,0,0,0,3
454,21.1716949450378,0.865014620958864,0.279431559998774,0.632872708343951,0.6,0,0,0,0,0,0.00516240610691132,0.00516295246213385,0.75,0.581394829772888,0.25,0.247751931063638,0.170853239163474,0.77519310636385,0.000719330822498905,0,0,0,0,3
455,21.1808915134195,0.865062007612953,0.279447088758457,0.632840042570937,0.6,0,0,0,0,0,0.00516233480029817,0.00516312840607412,0.75,0.58097676493328,0.25,0.247746356865777,0.171276878200943,0.774635686577706,0.000719330822498905,0,0,0,0,3
456,21.1900862137624,0.865109326969954,0.279462595642852,0.632807423485226,0.6,0,0,0,0,0,0.00516228384682719,0.0051633234691627,0.75,0.580559000712462,0.25,0.247740786676166,0.171700212611372,0.774078667616616,0.000719330822498905,0,0,0,0,3
457,21.1992790448329,0.865156579160908,0.27947808069433,0.63277485099553,0.6,0,0,0,0,0,0.00516225314530911,0.00516353755546223,0.75,0.580141536894267,0.25,0.247735220491924,0.172123242613809,0.773522049192356,0.000719330822498905,0,0,0,0,3
458,21.2084700053982,0.86520376431652,0.279493543955153,0.632742325010801,0.6,0,0,0,0,0,0.00516224259499936,0.00516377056942843,0.75,0.579724373262684,0.25,0.247729658310169,0.172545968427147,0.772965831016912,0.000719330822498905,0,0,0,0,3
459,21.2176590942254,0.86525088256716,0.279508985467473,0.632709845440222,0.6,0,0,0,0,0,0.00516225209559364,0.00516402241590622,0.75,0.579307509601857,0.25,0.247724100128025,0.172968390270118,0.772410012802477,0.000719330822498905,0,0,0,0,3
460,21.2268463100793,0.865297934042861,0.279524405273335,0.63267741219321,0.6,0,0,0,0,0,0.00516228154722338,0.00516429300012614,0.75,0.578890945696086,0.25,0.247718545942614,0.173390508361299,0.771854594261448,0.000719330822498905,0,0,0,0,3
461,21.2360316517244,0.865344918873324,0.279539803414677,0.632645025179417,0.6,0,0,0,0,0,0.0051623308504515,0.00516458222770065,0.75,0.578474681329825,0.25,0.247712995751064,0.17381232291911,0.771299575106434,0.000719330822498905,0,0,0,0,3
462,21.2452151179256,0.865391837187915,0.279555179933328,0.632612684308725,0.6,0,0,0,0,0,0.00516239990626802,0.00516489000462058,0.75,0.578058716287684,0.25,0.247707449550502,0.174233834161814,0.770744955050245,0.000719330822498905,0,0,0,0,3
463,21.2543967074481,0.865438689115671,0.279570534871013,0.632580389491249,0.6,0,0,0,0,0,0.00516248861608589,0.00516521623725156,0.75,0.577643050354426,0.25,0.247701907338059,0.174655042307515,0.770190733805902,0.000719330822498905,0,0,0,0,3
464,21.2635764190581,0.865485474785297,0.279585868269347,0.632548140637334,0.6,0,0,0,0,0,0.00516259688173675,0.00516556083233055,0.75,0.577227683314971,0.25,0.247696369110866,0.175075947574162,0.769636911086629,0.000719330822498905,0,0,0,0,3
465,21.2727542515218,0.865532194325169,0.27960118016984,0.632515937657554,0.6,0,0,0,0,0,0.00516272460546691,0.00516592369696241,0.75,0.576812614954394,0.25,0.247690834866059,0.175496550179548,0.769083486605858,0.000719330822498905,0,0,0,0,3
466,21.2819302036064,0.865578847863333,0.279616470613896,0.632483780462714,0.6,0,0,0,0,0,0.00516287168993317,0.00516630473861652,0.75,0.576397845057921,0.25,0.247685304600772,0.175916850341307,0.768530460077228,0.000719330822498905,0,0,0,0,3
467,21.2911042740793,0.86562543552751,0.279631739642814,0.632451668963847,0.6,0,0,0,0,0,0.00516303803819893,0.00516670386512345,0.75,0.575983373410936,0.25,0.247679778312146,0.176336848276918,0.767977831214581,0.000719330822498905,0,0,0,0,3
468,21.3002764617083,0.865671957445093,0.279646987297787,0.632419603072213,0.6,0,0,0,0,0,0.00516322355373022,0.00516712098467167,0.75,0.575569199798976,0.25,0.24767425599732,0.176756544203704,0.767425599731968,0.000719330822498905,0,0,0,0,3
469,21.309446765259,0.86571841374315,0.279662213619904,0.6323875826993,0.6,0,0,0,0,0,0.00516342814039177,0.00516755600580429,0.75,0.575155324007733,0.25,0.247668737653436,0.177175938338831,0.766873765343643,0.000719330822498905,0,0,0,0,3
470,21.3186151834961,0.865764804548424,0.279677418650147,0.632355607756821,0.6,0,0,0,0,0,0.00516365170244325,0.00516800883741596,0.75,0.574741745823051,0.25,0.247663223277641,0.177595030899309,0.766322327764068,0.000719330822498905,0,0,0,0,3
471,21.3277817151852,0.865811129987337,0.279692602429396,0.632323678156715,0.6,0,0,0,0,0,0.00516389414453543,0.0051684793887496,0.75,0.57432846503093,0.25,0.247657712867079,0.178013822101991,0.765771286707907,0.000719330822498905,0,0,0,0,3
472,21.3369463590923,0.865857390185986,0.279707764998427,0.632291793811147,0.6,0,0,0,0,0,0.00516415537170652,0.00516896756939338,0.75,0.573915481417524,0.25,0.2476522064189,0.178432312163576,0.765220641890032,0.000719330822498905,0,0,0,0,3
473,21.346109113984,0.865903585270148,0.279722906397911,0.632259954632506,0.6,0,0,0,0,0,0.00516443528937847,0.00516947328927765,0.75,0.573502794769139,0.25,0.247646703930255,0.178850501300606,0.764670393025518,0.000719330822498905,0,0,0,0,3
474,21.3552699786275,0.865949715365281,0.279738026668417,0.632228160533403,0.6,0,0,0,0,0,0.00516473380335336,0.00516999645867196,0.75,0.573090404872236,0.25,0.247641205398296,0.179268389729467,0.764120539829648,0.000719330822498905,0,0,0,0,3
475,21.3644289517908,0.865995780596521,0.279753125850409,0.632196411426673,0.6,0,0,0,0,0,0.00516505081980983,0.00517053698818201,0.75,0.57267831151343,0.25,0.247635710820179,0.179685977666391,0.763571082017907,0.000719330822498905,0,0,0,0,3
476,21.3735860322421,0.86604178108869,0.279768203984252,0.632164707225372,0.6,0,0,0,0,0,0.0051653862452996,0.00517109478874683,0.75,0.572266514479488,0.25,0.24763022019306,0.180103265327452,0.763022019305984,0.000719330822498905,0,0,0,0,3
477,21.3827412187501,0.866087716966287,0.279783261110205,0.632133047842778,0.6,0,0,0,0,0,0.00516573998674404,0.00517166977163587,0.75,0.571855013557331,0.25,0.247624733514098,0.180520252928571,0.762473351409775,0.000719330822498905,0,0,0,0,3
478,21.391894510081,0.866133588353501,0.279798297268427,0.632101433192389,0.6,0,0,0,0,0,0.00516611195143068,0.00517226184844615,0.75,0.571443808534033,0.25,0.247619250780454,0.180936940685513,0.761925078045378,0.000719330822498905,0,0,0,0,3
479,21.4010459050004,0.866179395374203,0.279813312498975,0.632069863187924,0.6,0,0,0,0,0,0.00516650204700992,0.0051728709310995,0.75,0.571032899196823,0.25,0.247613771989291,0.181353328813886,0.761377198929097,0.000719330822498905,0,0,0,0,3
480,21.410195402275,0.866225138151948,0.279828306841804,0.632038337743321,0.6,0,0,0,0,0,0.0051669101814917,0.00517349693183978,0.75,0.570622285333079,0.25,0.247608297137774,0.181769417529146,0.760829713777439,0.000719330822498905,0,0,0,0,3
481,21.4193430006717,0.866270816809981,0.279843280336769,0.632006856772735,0.6,0,0,0,0,0,0.0051673362632422,0.00517413976323016,0.75,0.570211966730336,0.25,0.247602826223071,0.182185207046593,0.760282622307115,0.000719330822498905,0,0,0,0,3
482,21.4284886989584,0.866316431471234,0.279858233023623,0.631975420190541,0.6,0,0,0,0,0,0.0051677802009807,0.00517479933815049,0.75,0.56980194317628,0.25,0.24759735924235,0.18260069758137,0.75973592423504,0.000719330822498905,0,0,0,0,3
483,21.4376324959036,0.866361982258328,0.279873164942021,0.631944027911328,0.6,0,0,0,0,0,0.00516824190377636,0.00517547556979464,0.75,0.569392214458748,0.25,0.247591896192783,0.183015889348468,0.759189619278331,0.000719330822498905,0,0,0,0,3
484,21.4467743902764,0.866407469293572,0.279888076131514,0.631912679849906,0.6,0,0,0,0,0,0.0051687212810451,0.0051761683716679,0.75,0.568982780365733,0.25,0.247586437071543,0.183430782562723,0.758643707154311,0.000719330822498905,0,0,0,0,3
485,21.4559143808466,0.866452892698968,0.279902966631558,0.631881375921296,0.6,0,0,0,0,0,0.00516921824254655,0.00517687765758446,0.75,0.568573640685379,0.25,0.247580981875805,0.183845377438816,0.758098187580505,0.000719330822498905,0,0,0,0,3
486,21.4650524663835,0.866498252596209,0.279917836481506,0.631850116040738,0.6,0,0,0,0,0,0.00516973269838104,0.00517760334166488,0.75,0.56816479520598,0.25,0.247575530602746,0.184259674191274,0.75755306027464,0.000719330822498905,0,0,0,0,3
487,21.4741886456539,0.866543549106681,0.279932685720613,0.631818900123683,0.6,0,0,0,0,0,0.00517026455898658,0.00517834533833362,0.75,0.567756243715986,0.25,0.247570083249546,0.184673673034468,0.757008324954648,0.000719330822498905,0,0,0,0,3
488,21.483322917425,0.866588782351463,0.279947514388035,0.631787728085798,0.6,0,0,0,0,0,0.0051708137351359,0.00517910356231661,0.75,0.567347986003997,0.25,0.247564639813387,0.185087374182617,0.756463981338662,0.000719330822498905,0,0,0,0,3
489,21.4924552804648,0.866633952451329,0.279962322522831,0.631756599842963,0.6,0,0,0,0,0,0.00517138013793362,0.00517987792863881,0.75,0.566940021858765,0.25,0.24755920029145,0.185500777849785,0.75592002914502,0.000719330822498905,0,0,0,0,3
490,21.501585733542,0.86667905952675,0.279977110163959,0.631725515311269,0.6,0,0,0,0,0,0.00517196367881331,0.00518066835262187,0.75,0.566532351069194,0.25,0.247553764680923,0.185913884249883,0.755376468092259,0.000719330822498905,0,0,0,0,3
491,21.510714275426,0.866724103697892,0.279991877350281,0.631694474407019,0.6,0,0,0,0,0,0.00517256426953473,0.0051814747498818,0.75,0.566124973424342,0.25,0.247548332978991,0.186326693596667,0.754833297899122,0.000719330822498905,0,0,0,0,3
492,21.5198409048869,0.866769085084618,0.280006624120562,0.631663477046729,0.6,0,0,0,0,0,0.00517318182218106,0.00518229703632665,0.75,0.565717888713414,0.25,0.247542905182846,0.18673920610374,0.754290518284553,0.000719330822498905,0,0,0,0,3
493,21.5289656206957,0.866814003806493,0.280021350513468,0.631632523147122,0.6,0,0,0,0,0,0.00517381624915614,0.00518313512815429,0.75,0.565311096725772,0.25,0.247537481289677,0.187151421984551,0.753748128967696,0.000719330822498905,0,0,0,0,3
494,21.5380884216238,0.866858859982776,0.28003605656757,0.631601612625134,0.6,0,0,0,0,0,0.00517446746318182,0.00518398894185014,0.75,0.564904597250926,0.25,0.247532061296679,0.187563341452395,0.753206129667901,0.000719330822498905,0,0,0,0,3
495,21.5472093064407,0.866903653732432,0.28005074232134,0.631570745397908,0.6,0,0,0,0,0,0.00517513537729528,0.00518485839418503,0.75,0.564498390078537,0.25,0.247526645201047,0.187974964720416,0.752664520104716,0.000719330822498905,0,0,0,0,3
496,21.5563282739145,0.866948385174124,0.280065407813155,0.631539921382795,0.6,0,0,0,0,0,0.00517581990484644,0.005185743402213,0.75,0.56409247499842,0.25,0.247521232999979,0.188386292001601,0.752123299997893,0.000719330822498905,0,0,0,0,3
497,21.5654453228145,0.866993054426219,0.280080053081296,0.631509140497357,0.6,0,0,0,0,0,0.00517652095949535,0.0051866438832692,0.75,0.563686851800538,0.25,0.247515824690674,0.188797323508788,0.751582469067384,0.000719330822498905,0,0,0,0,3
498,21.5745604519106,0.867037661606785,0.280094678163948,0.631478402659358,0.6,0,0,0,0,0,0.00517723845520973,0.00518755975496774,0.75,0.563281520275008,0.25,0.247510420270333,0.189208059454658,0.751042027033344,0.000719330822498905,0,0,0,0,3
499,21.5836736599733,0.867082206833596,0.280109283099202,0.631447707786773,0.6,0,0,0,0,0,0.00517797230626238,0.0051884909351997,0.75,0.562876480212096,0.25,0.247505019736161,0.189618500051742,0.750501973616129,0.000719330822498905,0,0,0,0,3
500,21.5927849457743,0.867126690224131,0.280123867925051,0.63141705579778,0.6,0,0,0,0,0,0.00517872242722878,0.00518943734213107,0.75,0.56247173140222,0.25,0.247499623085363,0.190028645512417,0.749962308536293,0.000719330822498905,0,0,0,0,3
501,21.6018943080859,0.867171111895574,0.280138432679394,0.631386446610763,0.6,0,0,0,0,0,0.00517948873298467,0.00519039889420072,0.75,0.562067273635947,0.25,0.247494230315146,0.190438496048907,0.749423031514596,0.000719330822498905,0,0,0,0,3
502,21.6110017456812,0.867215471964819,0.280152977400039,0.631355880144312,0.6,0,0,0,0,0,0.00518027113870363,0.00519137551011847,0.75,0.561663106703996,0.25,0.24748884142272,0.190848051873284,0.748884142271995,0.000719330822498905,0,0,0,0,3
503,21.6201072573325,0.867259770548462,0.280167502124694,0.631325356317219,0.6,0,0,0,0,0,0.00518106955985479,0.00519236710886318,0.75,0.561259230397237,0.25,0.247483456405296,0.191257313197467,0.748345640529649,0.000719330822498905,0,0,0,0,3
504,21.6292108418098,0.867304007762814,0.280182006890977,0.631294875048478,0.6,0,0,0,0,0,0.00518188391220049,0.00519337360968078,0.75,0.560855644506688,0.25,0.247478075260089,0.191666280233223,0.747807526008917,0.000719330822498905,0,0,0,0,3
505,21.6383124978836,0.867348183723892,0.280196491736411,0.631264436257289,0.6,0,0,0,0,0,0.00518271411179395,0.00519439493208245,0.75,0.560452348823519,0.25,0.247472697984314,0.192074953192167,0.747269798431359,0.000719330822498905,0,0,0,0,3
506,21.6474122243256,0.867392298547425,0.280210956698426,0.631234039863051,0.6,0,0,0,0,0,0.00518356007497714,0.00519543099584272,0.75,0.560049343139051,0.25,0.247467324575187,0.192483332285761,0.746732457518735,0.000719330822498905,0,0,0,0,3
507,21.6565100199078,0.867436352348852,0.280225401814359,0.631203685785367,0.6,0,0,0,0,0,0.00518442171837842,0.00519648172099769,0.75,0.559646627244754,0.25,0.24746195502993,0.192891417725316,0.746195502993005,0.000719330822498905,0,0,0,0,3
508,21.6656058834036,0.867480345243326,0.280239827121454,0.631173373944037,0.6,0,0,0,0,0,0.00518529895891051,0.00519754702784319,0.75,0.559244200932247,0.25,0.247456589345763,0.19329920972199,0.745658934576329,0.000719330822498905,0,0,0,0,3
509,21.6746998135871,0.867524277345712,0.280254232656862,0.631143104259065,0.6,0,0,0,0,0,0.00518619171376823,0.00519862683693306,0.75,0.5588420639933,0.25,0.247451227519911,0.193706708486789,0.745122751991067,0.000719330822498905,0,0,0,0,3
510,21.6837918092331,0.867568148770591,0.280268618457642,0.631112876650652,0.6,0,0,0,0,0,0.00518709990042648,0.00519972106907744,0.75,0.558440216219833,0.25,0.247445869549598,0.194113914230569,0.744586954959777,0.000719330822498905,0,0,0,0,3
511,21.6928818691166,0.867611959632258,0.280282984560763,0.631082691039199,0.6,0,0,0,0,0,0.00518802343663811,0.00520082964534098,0.75,0.558038657403915,0.25,0.247440515432052,0.194520827164033,0.74405154320522,0.000719330822498905,0,0,0,0,3
512,21.7019699920098,0.867655710044722,0.280297331003098,0.631052547345304,0.6,0,0,0,0,0,0.00518896224043189,0.00520195248704125,0.75,0.557637387337764,0.25,0.247435165164504,0.194927447497732,0.743516516450353,0.000719330822498905,0,0,0,0,3
513,21.7110561766851,0.867699400121713,0.280311657821434,0.631022445489764,0.6,0,0,0,0,0,0.00518991623011054,0.00520308951574704,0.75,0.55723640581375,0.25,0.247429818744183,0.195333775442067,0.742981874418333,0.000719330822498905,0,0,0,0,3
514,21.7201404219157,0.867743029976675,0.280325965052462,0.630992385393571,0.6,0,0,0,0,0,0.00519088532424865,0.00520424065327674,0.75,0.556835712624388,0.25,0.247424476168325,0.195739811207287,0.742447616832517,0.000719330822498905,0,0,0,0,3
515,21.7292227264761,0.867786599722772,0.280340252732786,0.630962366977916,0.6,0,0,0,0,0,0.00519186944169079,0.00520540582169672,0.75,0.556435307562345,0.25,0.247419137434165,0.19614555500349,0.741913743416461,0.000719330822498905,0,0,0,0,3
516,21.7383030891413,0.867830109472888,0.280354520898917,0.630932390164184,0.6,0,0,0,0,0,0.00519286850154962,0.00520658494331977,0.75,0.556035190420439,0.25,0.247413802538939,0.196551007040622,0.741380253893918,0.000719330822498905,0,0,0,0,3
517,21.7473815086876,0.867873559339627,0.280368769587277,0.630902454873955,0.6,0,0,0,0,0,0.00519388242320388,0.00520777794070357,0.75,0.555635360991632,0.25,0.247408471479888,0.19695616752848,0.740847147988842,0.000719330822498905,0,0,0,0,3
518,21.7564579838921,0.867916949435314,0.280382998834198,0.630872561029005,0.6,0,0,0,0,0,0.00519491112629665,0.0052089847366491,0.75,0.555235819069038,0.25,0.247403144254254,0.197361036676708,0.740314425425384,0.000719330822498905,0,0,0,0,3
519,21.765532513532,0.867960279871995,0.280397208675922,0.630842708551302,0.6,0,0,0,0,0,0.00519595453073348,0.00521020525419923,0.75,0.55483656444592,0.25,0.247397820859279,0.197765614694801,0.739782085927894,0.000719330822498905,0,0,0,0,3
520,21.7746050963821,0.868003550761441,0.280411399148601,0.630812897363009,0.6,0,0,0,0,0,0.00519701255668053,0.00521143941663721,0.75,0.554437596915689,0.25,0.247392501292209,0.198169901792102,0.739250129220919,0.000719330822498905,0,0,0,0,3
521,21.7836757312167,0.868046762215145,0.280425570288299,0.63078312738648,0.6,0,0,0,0,0,0.00519808512456291,0.00521268714748519,0.75,0.554038916271904,0.25,0.247387185550292,0.198573898177804,0.738718555029205,0.000719330822498905,0,0,0,0,3
522,21.7927444168115,0.868089914344327,0.280439722130991,0.630753398544263,0.6,0,0,0,0,0,0.0051991721550628,0.00521394837050282,0.75,0.553640522308273,0.25,0.247381873630777,0.19897760406095,0.738187363077698,0.000719330822498905,0,0,0,0,3
523,21.801811151943,0.868133007259928,0.280453854712563,0.630723710759097,0.6,0,0,0,0,0,0.00520027356911784,0.00521522300968581,0.75,0.553242414818653,0.25,0.247376565530915,0.199381019650432,0.737656553091537,0.000719330822498905,0,0,0,0,3
524,21.8108759353889,0.868176041072621,0.280467968068812,0.630694063953911,0.6,0,0,0,0,0,0.00520138928791933,0.0052165109892646,0.75,0.552844593597047,0.25,0.247371261247961,0.199784145154992,0.737126124796063,0.000719330822498905,0,0,0,0,3
525,21.8199387659277,0.868219015892803,0.280482062235449,0.630664458051825,0.6,0,0,0,0,0,0.00520251923291066,0.00521781223370296,0.75,0.552447058437609,0.25,0.247365960779168,0.200186980783223,0.736596077916812,0.000719330822498905,0,0,0,0,3
526,21.828999642339,0.868261931830598,0.280496137248096,0.63063489297615,0.6,0,0,0,0,0,0.00520366332578559,0.00521912666769665,0.75,0.552049809134639,0.25,0.247360664121795,0.200589526743565,0.736066412179519,0.000719330822498905,0,0,0,0,3
527,21.8380585634025,0.86830478899586,0.280510193142286,0.630605368650383,0.6,0,0,0,0,0,0.00520482148848668,0.00522045421617214,0.75,0.551652845482586,0.25,0.247355371273101,0.200991783244313,0.735537127310115,0.000719330822498905,0,0,0,0,3
528,21.8471155278952,0.868347587498175,0.280524229953468,0.630575884998214,0.6,0,0,0,0,0,0.00520599364320373,0.00522179480428533,0.75,0.551256167276046,0.25,0.247350082230347,0.201393750493606,0.735008223034729,0.000719330822498905,0,0,0,0,3
529,21.8561705345941,0.868390327446857,0.280538247717001,0.630546441943517,0.6,0,0,0,0,0,0.00520717971237217,0.00522314835742022,0.75,0.550859774309764,0.25,0.247344796990797,0.201795428699439,0.734479699079685,0.000719330822498905,0,0,0,0,3
530,21.8652235822773,0.86843300895095,0.28055224646816,0.630517039410355,0.6,0,0,0,0,0,0.00520837961867154,0.00522451480118772,0.75,0.55046366637863,0.25,0.247339515551715,0.202196818069655,0.733951555171507,0.000719330822498905,0,0,0,0,3
531,21.8742746697241,0.868475632119233,0.280566226242131,0.630487677322978,0.6,0,0,0,0,0,0.00520959328502397,0.00522589406142436,0.75,0.550067843277684,0.25,0.247334237910369,0.202597918811947,0.733423791036912,0.000719330822498905,0,0,0,0,3
532,21.8833237957147,0.868518197060218,0.280580187074017,0.630458355605824,0.6,0,0,0,0,0,0.00521082063459268,0.00522728606419114,0.75,0.549672304802113,0.25,0.247328964064028,0.202998731133859,0.732896406402818,0.000719330822498905,0,0,0,0,3
533,21.8923709590306,0.868560703882149,0.280594128998832,0.630429074183513,0.6,0,0,0,0,0,0.00521206159078054,0.0052286907357723,0.75,0.54927705074725,0.25,0.247323694009963,0.203399255242786,0.732369400996334,0.000719330822498905,0,0,0,0,3
534,21.901416158454,0.868603152693005,0.280608052051505,0.630399832980852,0.6,0,0,0,0,0,0.00521331607722862,0.00523010800267416,0.75,0.548882080908577,0.25,0.247318427745448,0.203799491345975,0.731842774544769,0.000719330822498905,0,0,0,0,3
535,21.9104593927672,0.868645543600501,0.280621956266881,0.630370631922835,0.6,0,0,0,0,0,0.00521458401781476,0.00523153779162402,0.75,0.548487395081721,0.25,0.247313165267756,0.204199439650523,0.731316526775628,0.000719330822498905,0,0,0,0,3
536,21.9195006607492,0.868687876712089,0.28063584167972,0.630341470934636,0.6,0,0,0,0,0,0.00521586533665221,0.005232980029569,0.75,0.548092993062458,0.25,0.247307906574166,0.204599100363376,0.73079065741661,0.000719330822498905,0,0,0,0,3
537,21.9285399611802,0.868730152134956,0.280649708324695,0.630312349941614,0.6,0,0,0,0,0,0.00521715995808825,0.00523443464367492,0.75,0.547698874646709,0.25,0.247302651661956,0.204998473691335,0.730265166195611,0.000719330822498905,0,0,0,0,3
538,21.937577292841,0.868772369976029,0.280663556236396,0.630283268869312,0.6,0,0,0,0,0,0.00521846780670283,0.00523590156132524,0.75,0.547305039630542,0.25,0.247297400528407,0.20539755984105,0.729740052840723,0.000719330822498905,0,0,0,0,3
539,21.946612654514,0.868814530341973,0.280677385449329,0.630254227643453,0.6,0,0,0,0,0,0.00521978880730726,0.00523738071011996,0.75,0.546911487810174,0.25,0.247292153170802,0.205796359019023,0.729215317080232,0.000719330822498905,0,0,0,0,3
540,21.9556460449824,0.868856633339191,0.280691195997915,0.630225226189945,0.6,0,0,0,0,0,0.00522112288494285,0.00523887201787456,0.75,0.546518218981966,0.25,0.247286909586426,0.206194871431608,0.728690958642622,0.000719330822498905,0,0,0,0,3
541,21.9646774630308,0.868898679073828,0.280704987916492,0.630196264434875,0.6,0,0,0,0,0,0.00522246996487971,0.00524037541261903,0.75,0.546125232942426,0.25,0.247281669772566,0.206593097285008,0.728166977256568,0.000719330822498905,0,0,0,0,3
542,21.9737069074447,0.86894066765177,0.280718761239313,0.630167342304511,0.6,0,0,0,0,0,0.00522382997261542,0.00524189082259678,0.75,0.545732529488209,0.25,0.247276433726509,0.206991036785282,0.727643372650945,0.000719330822498905,0,0,0,0,3
543,21.9827343770079,0.868982599178644,0.28073251600055,0.6301384597253,0.6,0,0,0,0,0,0.00522520283387386,0.0052434181762637,0.75,0.545340108416115,0.25,0.247271201445548,0.207388690138337,0.72712014455482,0.000719330822498905,0,0,0,0,3
544,21.9917598705027,0.869024473759821,0.28074625223429,0.630109616623872,0.6,0,0,0,0,0,0.00522658847460394,0.00524495740228719,0.75,0.544947969523092,0.25,0.247265972926975,0.207786057549934,0.726597292697456,0.000719330822498905,0,0,0,0,3
545,22.000783386712,0.869066291500412,0.280759969974538,0.630080812927032,0.6,0,0,0,0,0,0.00522798682097845,0.00524650842954517,0.75,0.544556112606231,0.25,0.247260748168083,0.208183139225685,0.726074816808309,0.000719330822498905,0,0,0,0,3
546,22.0098049244202,0.869108052505278,0.280773669255216,0.630052048561766,0.6,0,0,0,0,0,0.00522939779939281,0.00524807118712511,0.75,0.544164537462773,0.25,0.24725552716617,0.208579935371057,0.725552716617031,0.000719330822498905,0,0,0,0,3
547,22.0188244824129,0.869149756879019,0.280787350110164,0.630023323455237,0.6,0,0,0,0,0,0.005230821336464,0.00524964560432314,0.75,0.543773243890102,0.25,0.247250309918535,0.208976446191364,0.725030991853469,0.000719330822498905,0,0,0,0,3
548,22.0278420594768,0.869191404725984,0.280801012573141,0.629994637534786,0.6,0,0,0,0,0,0.00523225735902937,0.00525123161064314,0.75,0.543382231685747,0.25,0.247245096422477,0.209372671891777,0.724509642247662,0.000719330822498905,0,0,0,0,3
549,22.0368576543999,0.869232996150269,0.280814656677822,0.629965990727931,0.6,0,0,0,0,0,0.00523370579414549,0.00525282913579582,0.75,0.542991500647385,0.25,0.247239886675298,0.209768612677317,0.723988667529846,0.000719330822498905,0,0,0,0,3
550,22.0458712659707,0.869274531255715,0.280828282457803,0.629937382962364,0.6,0,0,0,0,0,0.00523516656908714,0.00525443810969787,0.75,0.542601050572837,0.25,0.247234680674304,0.210164268752858,0.723468067430449,0.000719330822498905,0,0,0,0,3
551,22.0548828929747,0.869316010145913,0.280841889946597,0.629908814165956,0.6,0,0,0,0,0,0.00523663961134615,0.00525605846247113,0.75,0.54221088126007,0.25,0.247229478416801,0.210559640323129,0.722947841680093,0.000719330822498905,0,0,0,0,3
552,22.0638925341973,0.869357432924202,0.280855479177635,0.629880284266751,0.6,0,0,0,0,0,0.00523812484863041,0.00525769012444166,0.75,0.541820992507196,0.25,0.247224279900096,0.210954727592708,0.722427990009595,0.000719330822498905,0,0,0,0,3
553,22.0729001884254,0.869398799693671,0.28086905018427,0.629851793192969,0.6,0,0,0,0,0,0.00523962220886281,0.00525933302613902,0.75,0.541431384112472,0.25,0.2472190851215,0.211349530766029,0.721908512149962,0.000719330822498905,0,0,0,0,3
554,22.0819058544468,0.869440110557158,0.280882602999773,0.629823340873003,0.6,0,0,0,0,0,0.00524113162018017,0.00526098709829533,0.75,0.5410420558743,0.25,0.247213894078324,0.211744050047376,0.7213894078324,0.000719330822498905,0,0,0,0,3
555,22.0909095310508,0.869481365617254,0.280896137657334,0.629794927235422,0.6,0,0,0,0,0,0.0052426530109323,0.00526265227184457,0.75,0.540653007591228,0.25,0.247208706767883,0.212138285640889,0.720870676788304,0.000719330822498905,0,0,0,0,3
556,22.0999112170279,0.869522564976301,0.280909654190064,0.629766552208965,0.6,0,0,0,0,0,0.00524418630968094,0.00526432847792177,0.75,0.540264239061947,0.25,0.247203523187493,0.21253223775056,0.720352318749263,0.000719330822498905,0,0,0,0,3
557,22.1089109111699,0.869563708736394,0.280923152630994,0.629738215722545,0.6,0,0,0,0,0,0.00524573144519884,0.00526601564786216,0.75,0.539875750085295,0.25,0.247198343334471,0.212925906580234,0.71983433344706,0.000719330822498905,0,0,0,0,3
558,22.1179086122669,0.86960479699938,0.280936633013075,0.629709917705247,0.6,0,0,0,0,0,0.00524728834646881,0.00526771371320059,0.75,0.539487540460253,0.25,0.247193167206137,0.21331929233361,0.719316720613671,0.000719330822498905,0,0,0,0,3
559,22.1269043191074,0.869645829866862,0.280950095369179,0.629681658086329,0.6,0,0,0,0,0,0.00524885694268274,0.00526942260567066,0.75,0.539099609985947,0.25,0.247187994799813,0.21371239521424,0.718799479981263,0.000719330822498905,0,0,0,0,3
560,22.1358980304804,0.869686807440197,0.280963539732098,0.629653436795219,0.6,0,0,0,0,0,0.0052504371632408,0.00527114225720403,0.75,0.538711958461647,0.25,0.247182826112822,0.214105215425531,0.718282611282197,0.000719330822498905,0,0,0,0,3
561,22.1448897451768,0.869727729820497,0.280976966134547,0.629625253761513,0.6,0,0,0,0,0,0.00525202893775038,0.00527287259992973,0.75,0.538324585686769,0.25,0.24717766114249,0.214497753170741,0.717766114249025,0.000719330822498905,0,0,0,0,3
562,22.1538794619883,0.869768597108631,0.280990374609161,0.629597108914981,0.6,0,0,0,0,0,0.00525363219602531,0.00527461356617338,0.75,0.537937491460871,0.25,0.247172499886145,0.214890008652984,0.717249988614495,0.000719330822498905,0,0,0,0,3
563,22.1628671797083,0.869809409405225,0.281003765188496,0.62956900218556,0.6,0,0,0,0,0,0.00525524686808498,0.0052763650884566,0.75,0.537550675583656,0.25,0.247167342341115,0.215281982075228,0.716734234111542,0.000719330822498905,0,0,0,0,3
564,22.1718528971315,0.869850166810664,0.281017137905032,0.629540933503358,0.6,0,0,0,0,0,0.00525687288415342,0.00527812709949629,0.75,0.537164137854972,0.25,0.247162188504733,0.215673673640295,0.716218850473296,0.000719330822498905,0,0,0,0,3
565,22.1808366130527,0.869890869425088,0.281030492791169,0.629512902798649,0.6,0,0,0,0,0,0.00525851017465851,0.00527989953220401,0.75,0.53677787807481,0.25,0.247157038374331,0.216065083550859,0.71570383743308,0.000719330822498905,0,0,0,0,3
566,22.1898183262635,0.8699315173484,0.28104382987923,0.629484910001876,0.6,0,0,0,0,0,0.00526015867023118,0.00528168231968531,0.75,0.536391896043305,0.25,0.247151891947244,0.216456212009451,0.715189194724407,0.000719330822498905,0,0,0,0,3
567,22.1987980355561,0.86997211068026,0.281057149201461,0.629456955043652,0.6,0,0,0,0,0,0.00526181830170461,0.00528347539523913,0.75,0.536006191560735,0.25,0.24714674922081,0.216847059218455,0.71467492208098,0.000719330822498905,0,0,0,0,3
568,22.207775739724,0.870012649520093,0.281070450790031,0.629429037854751,0.6,0,0,0,0,0,0.00526348900011338,0.00528527869235715,0.75,0.535620764427523,0.25,0.247141610192367,0.21723762538011,0.714161019236698,0.000719330822498905,0,0,0,0,3
569,22.2167514375622,0.87005313396708,0.28108373467703,0.629401158366121,0.6,0,0,0,0,0,0.00526517069669276,0.00528709214472317,0.75,0.535235614444235,0.25,0.247136474859256,0.217627910696509,0.713647485925647,0.000719330822498905,0,0,0,0,3
570,22.2257251278669,0.870093564120167,0.281097000894474,0.629373316508869,0.6,0,0,0,0,0,0.0052668633228779,0.00528891568621256,0.75,0.534850741411579,0.25,0.247131343218821,0.2180179153696,0.713134321882106,0.000719330822498905,0,0,0,0,3
571,22.2346968094358,0.870133940078064,0.281110249474301,0.629345512214272,0.6,0,0,0,0,0,0.00526856681030308,0.00529074925089163,0.75,0.534466145130409,0.25,0.247126215268405,0.218407639601186,0.712621526840545,0.000719330822498905,0,0,0,0,3
572,22.2436664810677,0.870174261939242,0.281123480448373,0.629317745413771,0.6,0,0,0,0,0,0.00527028109080103,0.00529259277301712,0.75,0.534081825401719,0.25,0.247121091005356,0.218797083592924,0.712109100535626,0.000719330822498905,0,0,0,0,3
573,22.2526341415584,0.870214529801937,0.281136693848474,0.629290016038969,0.6,0,0,0,0,0,0.00527200609640213,0.00529444618703563,0.75,0.53369778202665,0.25,0.247115970427022,0.219186247546328,0.7115970427022,0.000719330822498905,0,0,0,0,3
574,22.261599789703,0.870254743764152,0.281149889706316,0.629262324021637,0.6,0,0,0,0,0,0.00527374175933381,0.00529630942758304,0.75,0.533314014806482,0.25,0.247110853530753,0.219575131662765,0.711085353075309,0.000719330822498905,0,0,0,0,3
575,22.2705634242983,0.870294903923652,0.281163068053533,0.629234669293707,0.6,0,0,0,0,0,0.00527548801201979,0.00529818242948403,0.75,0.53293052354264,0.25,0.247105740313902,0.219963736143458,0.710574031390186,0.000719330822498905,0,0,0,0,3
576,22.2795250441423,0.870335010377971,0.281176228921683,0.629207051787273,0.6,0,0,0,0,0,0.00527724478707943,0.00530006512775149,0.75,0.532547308036692,0.25,0.247100630773823,0.220352061189486,0.710063077382256,0.000719330822498905,0,0,0,0,3
577,22.2884846480347,0.87037506322441,0.28118937234225,0.629179471434595,0.6,0,0,0,0,0,0.00527901201732706,0.00530195745758605,0.75,0.532164368090348,0.25,0.247095524907871,0.220740107001781,0.70955249078713,0.000719330822498905,0,0,0,0,3
578,22.2974422347765,0.870415062560037,0.281202498346644,0.629151928168091,0.6,0,0,0,0,0,0.0052807896357713,0.0053038593543756,0.75,0.53178170350546,0.25,0.247090422713406,0.221127873781133,0.709042271340614,0.000719330822498905,0,0,0,0,3
579,22.3063978031699,0.870455008481688,0.281215606966198,0.629124421920344,0.6,0,0,0,0,0,0.00528257757561447,0.00530577075369474,0.75,0.531399314084025,0.25,0.247085324187787,0.221515361728188,0.7085324187787,0.000719330822498905,0,0,0,0,3
580,22.315351352015,0.87049490108597,0.281228698232171,0.629096952624097,0.6,0,0,0,0,0,0.00528437577025192,0.00530769159130437,0.75,0.531017199628179,0.25,0.247080229328376,0.221902571043445,0.708022932837572,0.000719330822498905,0,0,0,0,3
581,22.3243028801105,0.870534740469257,0.28124177217575,0.629069520212251,0.6,0,0,0,0,0,0.00528618415327145,0.00530962180315121,0.75,0.530635359940203,0.25,0.247075138132536,0.222289501927261,0.707513813253604,0.000719330822498905,0,0,0,0,3
582,22.3332523862563,0.870574526727697,0.281254828828046,0.629042124617871,0.6,0,0,0,0,0,0.00528800265845276,0.0053115613253673,0.75,0.530253794822518,0.25,0.247070050597634,0.222676154579848,0.707005059763357,0.000719330822498905,0,0,0,0,3
583,22.3421998692541,0.870614259957206,0.281267868220095,0.62901476577418,0.6,0,0,0,0,0,0.00528983121976676,0.00531351009426961,0.75,0.529872504077689,0.25,0.247064966721036,0.223062529201275,0.706496672103585,0.000719330822498905,0,0,0,0,3
584,22.3511453279068,0.870653940253474,0.281280890382862,0.628987443614559,0.6,0,0,0,0,0,0.00529166977137507,0.00531546804635953,0.75,0.529491487508422,0.25,0.247059886500112,0.223448625991466,0.705988650011229,0.000719330822498905,0,0,0,0,3
585,22.3600887610191,0.870693567711963,0.281293895347238,0.628960158072549,0.6,0,0,0,0,0,0.00529351824762942,0.00531743511832253,0.75,0.529110744917564,0.25,0.247054809932234,0.223834445150202,0.705480993223419,0.000719330822498905,0,0,0,0,3
586,22.3690301673971,0.870733142427907,0.281306883144039,0.628932909081849,0.6,0,0,0,0,0,0.00529537658307112,0.00531941124702764,0.75,0.528730276108106,0.25,0.247049737014775,0.224219986877119,0.704973701477475,0.000719330822498905,0,0,0,0,3
587,22.3779695458447,0.870772664496316,0.28131985380401,0.628905696576316,0.6,0,0,0,0,0,0.00529724471243047,0.00532139636952717,0.75,0.528350080883179,0.25,0.247044667745109,0.224605251371712,0.704466774510905,0.000719330822498905,0,0,0,0,3
588,22.3869068951642,0.870812134011972,0.281332807357823,0.628878520489963,0.6,0,0,0,0,0,0.00529912257062632,0.00532339042305624,0.75,0.527970159046056,0.25,0.247039602120614,0.22499023883333,0.703960212061408,0.000719330822498905,0,0,0,0,3
589,22.3958422141594,0.870851551069436,0.281345743836076,0.628851380756962,0.6,0,0,0,0,0,0.00530101009276552,0.00532539334503241,0.75,0.527590510400151,0.25,0.247034540138669,0.22537494946118,0.703454013866868,0.000719330822498905,0,0,0,0,3
590,22.4047755016354,0.870890915763042,0.281358663269296,0.628824277311639,0.6,0,0,0,0,0,0.00530290721414239,0.00532740507305525,0.75,0.52721113474902,0.25,0.247029481796654,0.225759383454326,0.70294817966536,0.000719330822498905,0,0,0,0,3
591,22.4137067563991,0.8709302281869,0.281371565687938,0.628797210088476,0.6,0,0,0,0,0,0.00530481387023824,0.00532942554490605,0.75,0.526832031896361,0.25,0.247024427091951,0.226143541011688,0.702442709195148,0.000719330822498905,0,0,0,0,3
592,22.4226359772588,0.8709694884349,0.281384451122385,0.628770179022114,0.6,0,0,0,0,0,0.00530672999672091,0.0053314546985474,0.75,0.526453201646011,0.25,0.247019376021947,0.226527422332042,0.701937602194681,0.000719330822498905,0,0,0,0,3
593,22.4315631630244,0.871008696600709,0.281397319602948,0.628743184047344,0.6,0,0,0,0,0,0.00530865552944424,0.00533349247212285,0.75,0.52607464380195,0.25,0.247014328584026,0.226911027614024,0.7014328584026,0.000719330822498905,0,0,0,0,3
594,22.4404883125039,0.87104785277777,0.281410171159865,0.628716225099115,0.6,0,0,0,0,0,0.00531059040444765,0.00533553880395661,0.75,0.525696358168298,0.25,0.247009284775577,0.227294357056125,0.70092847755773,0.000719330822498905,0,0,0,0,3
595,22.4494114245033,0.871086957059309,0.281423005823307,0.628689302112527,0.6,0,0,0,0,0,0.00531253455795569,0.00533759363255319,0.75,0.525318344549315,0.25,0.247004244593991,0.227677410856694,0.700424459399087,0.000719330822498905,0,0,0,0,3
596,22.4583324978302,0.871126009538329,0.28143582362337,0.628662415022837,0.6,0,0,0,0,0,0.00531448792637759,0.00533965689659706,0.75,0.524940602749405,0.25,0.246999208036659,0.228060189213936,0.699920803665873,0.000719330822498905,0,0,0,0,3
597,22.4672515312937,0.871165010307616,0.28144862459008,0.628635563765453,0.6,0,0,0,0,0,0.00531645044630685,0.00534172853495233,0.75,0.524563132573109,0.25,0.246994175100975,0.228442692325917,0.699417510097478,0.000719330822498905,0,0,0,0,3
598,22.4761685237047,0.871203959459734,0.281461408753394,0.628608748275936,0.6,0,0,0,0,0,0.0053184220545208,0.00534380848666248,0.75,0.52418593382511,0.25,0.246989145784335,0.228824920390556,0.69891457843348,0.000719330822498905,0,0,0,0,3
599,22.4850834738755,0.871242857087032,0.281474176143197,0.628581968489999,0.6,0,0,0,0,0,0.00532040268798016,0.00534589669094998,0.75,0.523809006310232,0.25,0.246984120084136,0.229206873605632,0.698412008413642,0.000719330822498905,0,0,0,0,3
600,22.4939963806202,0.87128170328164,0.281486926789304,0.628555224343508,0.6,0,0,0,0,0,0.0053223922838287,0.00534799308721609,0.75,0.523432349833438,0.25,0.246979097997779,0.229588552168783,0.697909799777917,0.000719330822498905,0,0,0,0,3
601,22.5029072427502,0.871320498135471,0.281499660721461,0.628528515772478,0.6,0,0,0,0,0,0.00532439077939276,0.00535009761504052,0.75,0.523055964199833,0.25,0.246974079522664,0.229969956277502,0.697407952266444,0.000719330822498905,0,0,0,0,3
602,22.5118160590756,0.871359241740222,0.281512377969343,0.628501842713077,0.6,0,0,0,0,0,0.00532639811218094,0.0053522102141812,0.75,0.522679849214661,0.25,0.246969064656195,0.230351086129143,0.696906465619548,0.000719330822498905,0,0,0,0,3
603,22.5207228284081,0.871397934187374,0.281525078562556,0.628475205101623,0.6,0,0,0,0,0,0.00532841421988374,0.00535433082457393,0.75,0.522304004683306,0.25,0.246964053395777,0.230731941920916,0.696405339577742,0.000719330822498905,0,0,0,0,3
604,22.529627549561,0.871436575568194,0.281537762530636,0.628448602874583,0.6,0,0,0,0,0,0.00533043904037315,0.00535645938633221,0.75,0.521928430411293,0.25,0.246959045738817,0.23111252384989,0.695904573881723,0.000719330822498905,0,0,0,0,3
605,22.5385302213493,0.871475165973733,0.281550429903051,0.628422035968576,0.6,0,0,0,0,0,0.0053324725117023,0.00535859583974691,0.75,0.521553126204284,0.25,0.246954041682724,0.231492832112992,0.695404168272379,0.000719330822498905,0,0,0,0,3
606,22.54743084259,0.87151370549483,0.281563080709199,0.628395504320366,0.6,0,0,0,0,0,0.00533451457210511,0.00536074012528603,0.75,0.521178091868085,0.25,0.246949041224908,0.231872866907007,0.69490412249078,0.000719330822498905,0,0,0,0,3
607,22.5563294121009,0.871552194222109,0.281575714978411,0.628369007866869,0.6,0,0,0,0,0,0.00533656515999599,0.0053628921835945,0.75,0.520803327208638,0.25,0.246944044362782,0.23225262842858,0.694404436278184,0.000719330822498905,0,0,0,0,3
608,22.565225928697,0.871590632245985,0.281588332739946,0.628342546545148,0.6,0,0,0,0,0,0.00533862421396945,0.00536505195549395,0.75,0.520428832032027,0.25,0.24693905109376,0.232632116874213,0.693905109376036,0.000719330822498905,0,0,0,0,3
609,22.5741203911925,0.871629019656656,0.281600934022997,0.628316120292414,0.6,0,0,0,0,0,0.00534069167279978,0.00536721938198243,0.75,0.520054606144473,0.25,0.24693406141526,0.233011332440267,0.693406141525965,0.000719330822498905,0,0,0,0,3
610,22.5830127984036,0.871667356544114,0.28161351885669,0.628289729046027,0.6,0,0,0,0,0,0.00534276747544084,0.00536939440423426,0.75,0.519680649352339,0.25,0.246929075324698,0.233390275322963,0.692907532469786,0.000719330822498905,0,0,0,0,3
611,22.5919031491481,0.871705642998136,0.281626087270079,0.628263372743489,0.6,0,0,0,0,0,0.00534485156102564,0.00537157696359972,0.75,0.519306961462126,0.25,0.246924092819495,0.233768945718379,0.692409281949502,0.000719330822498905,0,0,0,0,3
612,22.6007914422455,0.871743879108293,0.281638639292156,0.628237051322455,0.6,0,0,0,0,0,0.00534694386886612,0.00537376700160492,0.75,0.518933542280474,0.25,0.246919113897073,0.234147343822454,0.691911389707298,0.000719330822498905,0,0,0,0,3
613,22.6096776765172,0.871782064963942,0.281651174951839,0.628210764720722,0.6,0,0,0,0,0,0.00534904433845281,0.00537596445995158,0.75,0.518560391614161,0.25,0.246914138554855,0.234525469830984,0.691413855485547,0.000719330822498905,0,0,0,0,3
614,22.6185618507849,0.871820200654236,0.281663694277984,0.628184512876232,0.6,0,0,0,0,0,0.00535115290945452,0.00537816928051682,0.75,0.518187509270106,0.25,0.246909166790268,0.234903323939626,0.690916679026808,0.000719330822498905,0,0,0,0,3
615,22.6274439638671,0.871858286268117,0.281676197299377,0.628158295727076,0.6,0,0,0,0,0,0.00535326952171815,0.00538038140535299,0.75,0.517814895055366,0.25,0.246904198600738,0.235280906343896,0.690419860073821,0.000719330822498905,0,0,0,0,3
616,22.6363240145827,0.87189632189432,0.281688684044737,0.628132113211486,0.6,0,0,0,0,0,0.00535539411526837,0.00538260077668752,0.75,0.517442548777136,0.25,0.246899233983695,0.235658217239169,0.689923398369515,0.000719330822498905,0,0,0,0,3
617,22.6452020017523,0.871934307621372,0.281701154542717,0.62810596526784,0.6,0,0,0,0,0,0.0053575266303074,0.00538482733692266,0.75,0.517070470242751,0.25,0.24689427293657,0.236035256820679,0.689427293657002,0.000719330822498905,0,0,0,0,3
618,22.6540779241985,0.871972243537597,0.281713608821904,0.628079851834661,0.6,0,0,0,0,0,0.00535966700721473,0.00538706102863536,0.75,0.516698659259684,0.25,0.246889315456796,0.23641202528352,0.688931545679579,0.000719330822498905,0,0,0,0,3
619,22.6629517807455,0.87201012973111,0.281726046910818,0.628053772850613,0.6,0,0,0,0,0,0.00536181518654686,0.00538930179457712,0.75,0.516327115635546,0.25,0.246884361541807,0.236788522822647,0.688436154180728,0.000719330822498905,0,0,0,0,3
620,22.6718235702196,0.872047966289821,0.281738468837911,0.628027728254505,0.6,0,0,0,0,0,0.0053639711090371,0.00539154957767377,0.75,0.515955839178086,0.25,0.246879411189041,0.237164749632872,0.687941118904115,0.000719330822498905,0,0,0,0,3
621,22.6806932914457,0.872085753301438,0.281750874631573,0.628001717985289,0.6,0,0,0,0,0,0.00536613471559531,0.00539380432102539,0.75,0.515584829695193,0.25,0.246874464395936,0.237540705908871,0.687446439593591,0.000719330822498905,0,0,0,0,3
622,22.6895609432461,0.872123490853463,0.281763264320123,0.627975741982057,0.6,0,0,0,0,0,0.00536830594730768,0.00539606596790614,0.75,0.515214086994893,0.25,0.246869521159932,0.237916391845175,0.686952115993191,0.000719330822498905,0,0,0,0,3
623,22.6984265244447,0.872161179033194,0.28177563793182,0.627949800184046,0.6,0,0,0,0,0,0.00537048474543653,0.00539833446176409,0.75,0.514843610885349,0.25,0.246864581478471,0.23829180763618,0.686458147847132,0.000719330822498905,0,0,0,0,3
624,22.7072900338669,0.872198817927728,0.281787995494853,0.627923892530631,0.6,0,0,0,0,0,0.00537267105142011,0.00540060974622109,0.75,0.514473401174864,0.25,0.246859645348998,0.238666953476138,0.685964534899818,0.000719330822498905,0,0,0,0,3
625,22.7161514703402,0.87223640762396,0.281800337037348,0.62789801896133,0.6,0,0,0,0,0,0.00537486480687233,0.00540289176507267,0.75,0.514103457671877,0.25,0.246854712768958,0.239041829559165,0.685471276895836,0.000719330822498905,0,0,0,0,3
626,22.725010832694,0.872273948208581,0.281812662587365,0.627872179415804,0.6,0,0,0,0,0,0.00537706595358268,0.00540518046228785,0.75,0.513733780184966,0.25,0.2468497837358,0.239416436079235,0.684978373579955,0.000719330822498905,0,0,0,0,3
627,22.7338681197592,0.872311439768084,0.2818249721729,0.627846373833848,0.6,0,0,0,0,0,0.00537927443351592,0.00540747578200908,0.75,0.513364368522846,0.25,0.246844858246971,0.239790773230183,0.684485824697128,0.000719330822498905,0,0,0,0,3
628,22.7427233303633,0.872348882388759,0.281837265821884,0.627820602155403,0.6,0,0,0,0,0,0.00538149018881194,0.00540977766855209,0.75,0.512995222494371,0.25,0.246839936299925,0.240164841205704,0.683993629992494,0.000719330822498905,0,0,0,0,3
629,22.7515764633334,0.872386276156697,0.281849543562183,0.627794864320546,0.6,0,0,0,0,0,0.00538371316178557,0.00541208606640581,0.75,0.51262634190853,0.25,0.246835017892114,0.240538640199357,0.683501789211373,0.000719330822498905,0,0,0,0,3
630,22.7604275174983,0.872423621157791,0.2818618054216,0.627769160269494,0.6,0,0,0,0,0,0.00538594329492645,0.00541440092023222,0.75,0.51225772657445,0.25,0.246830103020993,0.240912170404557,0.683010302099267,0.000719330822498905,0,0,0,0,3
631,22.7692764916888,0.872460917477735,0.281874051427871,0.627743489942603,0.6,0,0,0,0,0,0.00538818053089882,0.00541672217486627,0.75,0.511889376301398,0.25,0.246825191684019,0.241285432014584,0.682519168401863,0.000719330822498905,0,0,0,0,3
632,22.7781233847376,0.872498165202022,0.281886281608672,0.627717853280366,0.6,0,0,0,0,0,0.00539042481254139,0.00541904977531574,0.75,0.511521290898774,0.25,0.24682028387865,0.241658425222576,0.682028387865032,0.000719330822498905,0,0,0,0,3
633,22.7869681954793,0.872535364415951,0.281898495991612,0.627692250223414,0.6,0,0,0,0,0,0.00539267608286714,0.0054213836667612,0.75,0.511153470176118,0.25,0.246815379602348,0.242031150221534,0.681537960234823,0.000719330822498905,0,0,0,0,3
634,22.7958109227483,0.872572515204624,0.281910694604239,0.627666680712517,0.6,0,0,0,0,0,0.0053949342850632,0.00542372379455591,0.75,0.510785913943105,0.25,0.246810478852575,0.24240360720432,0.681047885257474,0.000719330822498905,0,0,0,0,3
635,22.8046515653756,0.872609617652943,0.281922877474035,0.627641144688581,0.6,0,0,0,0,0,0.00539719936249068,0.0054260701042257,0.75,0.510418622009549,0.25,0.246805581626794,0.242775796363657,0.680558162679399,0.000719330822498905,0,0,0,0,3
636,22.8134901221934,0.872646671845617,0.28193504462842,0.627615642092647,0.6,0,0,0,0,0,0.00539947125868457,0.00542842254146891,0.75,0.5100515941854,0.25,0.246800687922472,0.243147717892128,0.6800687922472,0.000719330822498905,0,0,0,0,3
637,22.8223265920359,0.87268367786716,0.281947196094752,0.627590172865895,0.6,0,0,0,0,0,0.00540174991735356,0.00543078105215636,0.75,0.509684830280743,0.25,0.246795797737077,0.24351937198218,0.679579773707658,0.000719330822498905,0,0,0,0,3
638,22.8311609737393,0.872720635801891,0.281959331900325,0.627564736949639,0.6,0,0,0,0,0,0.00540403528237995,0.00543314558233115,0.75,0.509318330105802,0.25,0.246790911068077,0.243890758826121,0.679091106807736,0.000719330822498905,0,0,0,0,3
639,22.8399932661418,0.872757545733932,0.28197145207237,0.62753933428533,0.6,0,0,0,0,0,0.00540632729781951,0.00543551607820869,0.75,0.508952093470935,0.25,0.246786027912946,0.244261878616119,0.67860279129458,0.000719330822498905,0,0,0,0,3
640,22.8488234680832,0.872794407747217,0.281983556638057,0.627513964814552,0.6,0,0,0,0,0,0.00540862590790135,0.00543789248617662,0.75,0.508586120186638,0.25,0.246781148269155,0.244632731544207,0.678114826915518,0.000719330822498905,0,0,0,0,3
641,22.8576515784001,0.872831221925481,0.281995645624492,0.627488628479024,0.6,0,0,0,0,0,0.00541093105702781,0.0054402747527947,0.75,0.508220410063544,0.25,0.246776272134181,0.245003317802275,0.677627213418059,0.000719330822498905,0,0,0,0,3
642,22.8664775959282,0.872867988352271,0.282007719058721,0.627463325220601,0.6,0,0,0,0,0,0.00541324268977432,0.00544266282479482,0.75,0.50785496291242,0.25,0.246771399505499,0.245373637582081,0.677139950549894,0.000719330822498905,0,0,0,0,3
643,22.8753015195054,0.87290470711094,0.282019776967724,0.627438054981271,0.6,0,0,0,0,0,0.00541556075088937,0.00544505664908091,0.75,0.507489778544171,0.25,0.246766530380589,0.24574369107524,0.676653038058894,0.000719330822498905,0,0,0,0,3
644,22.8841233479715,0.87294137828465,0.282031819378425,0.627412817703155,0.6,0,0,0,0,0,0.00541788518529433,0.00544745617272885,0.75,0.507124856769836,0.25,0.246761664756931,0.246113478473233,0.676166475693115,0.000719330822498905,0,0,0,0,3
645,22.8929430801685,0.872978001956372,0.282043846317681,0.627387613328506,0.6,0,0,0,0,0,0.00542021593808342,0.00544986134298645,0.75,0.506760197400592,0.25,0.246756802632008,0.2464829999674,0.67568026320079,0.000719330822498905,0,0,0,0,3
646,22.9017607149404,0.873014578208887,0.282055857812292,0.627362441799713,0.6,0,0,0,0,0,0.00542255295452356,0.00545227210727343,0.75,0.506395800247751,0.25,0.246751944003303,0.246852255748946,0.675194400330335,0.000719330822498905,0,0,0,0,3
647,22.9105762511299,0.873051107124787,0.282067853888994,0.627337303059295,0.6,0,0,0,0,0,0.00542489618005432,0.00545468841318134,0.75,0.50603166512276,0.25,0.246747088868303,0.247221246008937,0.674708886830346,0.000719330822498905,0,0,0,0,3
648,22.919389687577,0.873087588786472,0.282079834574461,0.627312197049903,0.6,0,0,0,0,0,0.00542724556028776,0.00545711020847352,0.75,0.505667791837202,0.25,0.246742237224496,0.247589970938302,0.674223722449602,0.000719330822498905,0,0,0,0,3
649,22.9282010231234,0.873124023276158,0.28209179989531,0.62728712371432,0.6,0,0,0,0,0,0.00542960104100847,0.0054595374410851,0.75,0.505304180202795,0.25,0.246737389069371,0.247958430727834,0.67373890693706,0.000719330822498905,0,0,0,0,3
650,22.9370102566126,0.873160410675868,0.282103749878095,0.627262082995461,0.6,0,0,0,0,0,0.00543196256817341,0.00546197005912293,0.75,0.504940830031394,0.25,0.246732544400419,0.248326625568188,0.673254440041859,0.000719330822498905,0,0,0,0,3
651,22.9458173868905,0.873196751067442,0.282115684549308,0.62723707483637,0.6,0,0,0,0,0,0.00543433008791188,0.00546440801086553,0.75,0.504577741134988,0.25,0.246727703215133,0.248694555649879,0.672770321513317,0.000719330822498905,0,0,0,0,3
652,22.954622412805,0.873233044532529,0.282127603935384,0.627212099180223,0.6,0,0,0,0,0,0.00543670354652539,0.00546685124476311,0.75,0.504214913325701,0.25,0.246722865511009,0.24906222116329,0.672286551100934,0.000719330822498905,0,0,0,0,3
653,22.9634253332047,0.873269291152594,0.282139508062694,0.627187155970326,0.6,0,0,0,0,0,0.00543908289048767,0.00546929970943751,0.75,0.503852346415792,0.25,0.246718031285544,0.249429622298664,0.67180312855439,0.000719330822498905,0,0,0,0,3
654,22.9722261469345,0.873305491008916,0.282151396957553,0.627162245150113,0.6,0,0,0,0,0,0.00544146806644455,0.00547175335368218,0.75,0.503490040217657,0.25,0.246713200536235,0.249796759246107,0.671320053623543,0.000719330822498905,0,0,0,0,3
655,22.9810248528399,0.873341644182586,0.282163270646212,0.62713736666315,0.6,0,0,0,0,0,0.00544385902121393,0.00547421212646219,0.75,0.503127994543825,0.25,0.246708373260584,0.25016363219559,0.670837326058434,0.000719330822498905,0,0,0,0,3
656,22.9898214497685,0.873377750754513,0.282175129154867,0.627112520453131,0.6,0,0,0,0,0,0.0054462557017857,0.00547667597691416,0.75,0.50276620920696,0.25,0.246703549456093,0.250530241336947,0.67035494560928,0.000719330822498905,0,0,0,0,3
657,22.9986159365703,0.873413810805421,0.28218697250965,0.627087706463876,0.6,0,0,0,0,0,0.00544865805532173,0.00547914485434625,0.75,0.50240468401986,0.25,0.246698729120265,0.250896586859875,0.66987291202648,0.000719330822498905,0,0,0,0,3
658,23.0074083120971,0.87344982441585,0.282198800736636,0.627062924639337,0.6,0,0,0,0,0,0.00545106602915582,0.0054816187082382,0.75,0.50204341879546,0.25,0.246693912250606,0.251262668953934,0.669391225060613,0.000719330822498905,0,0,0,0,3
659,23.0161985752026,0.873485791666155,0.28221061386184,0.627038174923592,0.6,0,0,0,0,0,0.00545347957079358,0.00548409748824125,0.75,0.501682413346827,0.25,0.246689098844624,0.251628487808548,0.668909884462437,0.000719330822498905,0,0,0,0,3
660,23.0249867247373,0.873521712636512,0.28222241191122,0.627013457260848,0.6,0,0,0,0,0,0.00545589862791248,0.00548658114417816,0.75,0.501321667487165,0.25,0.246684288899829,0.251994043613006,0.668428889982886,0.000719330822498905,0,0,0,0,3
661,23.0337727595508,0.87355758740691,0.282234194910673,0.626988771595436,0.6,0,0,0,0,0,0.00545832314836174,0.00548906962604321,0.75,0.500961181029809,0.25,0.246679482413731,0.252359336556461,0.667948241373078,0.000719330822498905,0,0,0,0,3
662,23.042556678495,0.87359341605716,0.282245962886037,0.626964117871817,0.6,0,0,0,0,0,0.00546075308016237,0.00549156288400218,0.75,0.50060095378823,0.25,0.246674679383843,0.252724366827927,0.667467938384307,0.000719330822498905,0,0,0,0,3
663,23.0513384804237,0.87362919866689,0.282257715863093,0.626939496034577,0.6,0,0,0,0,0,0.00546318837150702,0.00549406086839235,0.75,0.500240985576035,0.25,0.24666987980768,0.253089134616285,0.666987980768047,0.000719330822498905,0,0,0,0,3
664,23.0601181641933,0.873664935315548,0.282269453867563,0.626914906028428,0.6,0,0,0,0,0,0.0054656289707601,0.00549656352972247,0.75,0.499881276206962,0.25,0.246665083682759,0.253453640110279,0.666508368275949,0.000719330822498905,0,0,0,0,3
665,23.068895728662,0.873700626082401,0.282281176925111,0.626890347798208,0.6,0,0,0,0,0,0.00546807482645763,0.0054990708186728,0.75,0.499521825494883,0.25,0.246660291006598,0.253817883498518,0.666029100659845,0.000719330822498905,0,0,0,0,3
666,23.0776711726861,0.873736271046537,0.282292885061343,0.62686582128888,0.6,0,0,0,0,0,0.00547052588730727,0.00550158268609509,0.75,0.499162633253807,0.25,0.246655501776717,0.254181864969475,0.665550177671743,0.000719330822498905,0,0,0,0,3
667,23.0864444951194,0.873771870286865,0.282304578301807,0.626841326445533,0.6,0,0,0,0,0,0.00547298210218826,0.00550409908301258,0.75,0.498803699297874,0.25,0.246650715990638,0.254545584711488,0.665071599063832,0.000719330822498905,0,0,0,0,3
668,23.0952156948182,0.873807423882114,0.282316256671994,0.62681686321338,0.6,0,0,0,0,0,0.00547544342015144,0.00550661996062001,0.75,0.498445023441358,0.25,0.246645933645885,0.254909042912757,0.664593364588478,0.000719330822498905,0,0,0,0,3
669,23.1039847706409,0.873842931910836,0.282327920197336,0.626792431537758,0.6,0,0,0,0,0,0.00547790979041923,0.00550914527028361,0.75,0.498086605498667,0.25,0.246641154739982,0.255272239761351,0.664115473998223,0.000719330822498905,0,0,0,0,3
670,23.112751721448,0.873878394451406,0.282339568903209,0.626768031364128,0.6,0,0,0,0,0,0.00548038116238556,0.00551167496354114,0.75,0.497728445284343,0.25,0.246636379270458,0.255635175445199,0.66363792704579,0.000719330822498905,0,0,0,0,3
671,23.1215165461024,0.87391381158202,0.282351202814932,0.626743662638074,0.6,0,0,0,0,0,0.00548285748561593,0.00551420899210184,0.75,0.497370542613059,0.25,0.246631607234841,0.2559978501521,0.663160723484079,0.000719330822498905,0,0,0,0,3
672,23.1302792434659,0.873949183380698,0.282362821957765,0.626719325305305,0.6,0,0,0,0,0,0.00548533870984735,0.00551674730784652,0.75,0.497012897299625,0.25,0.246626838630662,0.256360264069713,0.662683863066167,0.000719330822498905,0,0,0,0,3
673,23.1390398123971,0.873984509925285,0.282374426356914,0.626695019311652,0.6,0,0,0,0,0,0.00548782478498833,0.00551928986282745,0.75,0.496655509158981,0.25,0.246622073455453,0.256722417385566,0.662207345545308,0.000719330822498905,0,0,0,0,3
674,23.1477982517566,0.874019791293449,0.282386016037525,0.626670744603067,0.6,0,0,0,0,0,0.00549031566111891,0.00552183660926851,0.75,0.496298378006202,0.25,0.246617311706749,0.257084310287049,0.661731170674935,0.000719330822498905,0,0,0,0,3
675,23.1565545604073,0.874055027562682,0.282397591024691,0.626646501125627,0.6,0,0,0,0,0,0.0054928112884906,0.0055243874995651,0.75,0.495941503656493,0.25,0.246612553382087,0.25744594296142,0.661255338208658,0.000719330822498905,0,0,0,0,3
676,23.1653087372145,0.874090218810304,0.282409151343445,0.626622288825529,0.6,0,0,0,0,0,0.00549531161752642,0.0055269424862842,0.75,0.495584885925197,0.25,0.246607798479003,0.2578073155958,0.660779847900263,0.000719330822498905,0,0,0,0,3
677,23.1740607810456,0.874125365113459,0.282420697018767,0.626598107649092,0.6,0,0,0,0,0,0.00549781659882089,0.00552950152216434,0.75,0.495228524627785,0.25,0.246603046995037,0.258168428377177,0.660304699503714,0.000719330822498905,0,0,0,0,3
678,23.1828106907678,0.874160466549118,0.28243222807558,0.626573957542756,0.6,0,0,0,0,0,0.00550032618314001,0.00553206456011568,0.75,0.494872419579864,0.25,0.246598298927732,0.258529281492405,0.659829892773152,0.000719330822498905,0,0,0,0,3
679,23.1915584652444,0.874195523194077,0.282443744538749,0.626549838453081,0.6,0,0,0,0,0,0.00550284032142128,0.00553463155321998,0.75,0.49451657059717,0.25,0.246593554274629,0.258889875128201,0.659355427462893,0.000719330822498905,0,0,0,0,3
680,23.2003041033408,0.874230535124962,0.282455246433086,0.626525750326749,0.6,0,0,0,0,0,0.00550535896477368,0.00553720245473058,0.75,0.494160977495575,0.25,0.246588813033274,0.25925020947115,0.658881303327434,0.000719330822498905,0,0,0,0,3
681,23.2090476039245,0.874265502418225,0.282466733783346,0.626501693110562,0.6,0,0,0,0,0,0.0055078820644777,0.00553977721807252,0.75,0.493805640091082,0.25,0.246584075201214,0.259610284707703,0.658407520121443,0.000719330822498905,0,0,0,0,3
682,23.2177889658656,0.874300425150147,0.282478206614229,0.626477666751441,0.6,0,0,0,0,0,0.00551040957198533,0.00554235579684246,0.75,0.493450558199826,0.25,0.246579340775998,0.259970101024176,0.657934077599769,0.000719330822498905,0,0,0,0,3
683,23.2265281880363,0.874335303396837,0.28248966495038,0.626453671196427,0.6,0,0,0,0,0,0.00551294143892007,0.00554493814480875,0.75,0.493095731638075,0.25,0.246574609755174,0.26032965860675,0.657460975517434,0.000719330822498905,0,0,0,0,3
684,23.2352652693088,0.874370137234234,0.282501108816387,0.626429706392679,0.6,0,0,0,0,0,0.00551547761707694,0.00554752421591141,0.75,0.492741160222228,0.25,0.246569882136296,0.260688957641475,0.656988213629638,0.000719330822498905,0,0,0,0,3
685,23.2440002085515,0.874404926738106,0.282512538236786,0.626405772287476,0.6,0,0,0,0,0,0.00551801805842248,0.00555011396426219,0.75,0.492386843768818,0.25,0.246565157916918,0.261047998314265,0.656515791691757,0.000719330822498905,0,0,0,0,3
686,23.2527330046345,0.874439671984053,0.282523953236056,0.626381868828216,0.6,0,0,0,0,0,0.00552056271509477,0.00555270734414456,0.75,0.492032782094507,0.25,0.246560437094593,0.2614067808109,0.656043709459342,0.000719330822498905,0,0,0,0,3
687,23.2614636564302,0.874474373047502,0.282535353838622,0.626357995962413,0.6,0,0,0,0,0,0.00552311153940345,0.00555530431001372,0.75,0.491678975016091,0.25,0.246555719666881,0.261765305317028,0.655571966688121,0.000719330822498905,0,0,0,0,3
688,23.2701921628135,0.874509030003714,0.282546740068854,0.626334153637701,0.6,0,0,0,0,0,0.0055256644838297,0.00555790481649664,0.75,0.491325422350497,0.25,0.24655100563134,0.262123572018163,0.655100563133996,0.000719330822498905,0,0,0,0,3
689,23.2789185226619,0.874543642927782,0.282558111951069,0.62631034180183,0.6,0,0,0,0,0,0.00552822150102628,0.00556050881839209,0.75,0.490972123914784,0.25,0.24654629498553,0.262481581099685,0.654629498553046,0.000719330822498905,0,0,0,0,3
690,23.2876427348522,0.874578211894628,0.282569469509528,0.626286560402668,0.6,0,0,0,0,0,0.00553078254381753,0.00556311627067065,0.75,0.490619079526143,0.25,0.246541587727015,0.262839332746842,0.654158772701524,0.000719330822498905,0,0,0,0,3
691,23.296364798258,0.874612736979011,0.28258081276844,0.626262809388198,0.6,0,0,0,0,0,0.0055333475651994,0.00556572712847465,0.75,0.490266289001895,0.25,0.246536883853359,0.263196827144747,0.65368838533586,0.000719330822498905,0,0,0,0,3
692,23.3050847117541,0.874647218255518,0.282592141751958,0.626239088706523,0.6,0,0,0,0,0,0.00553591651833945,0.00556834134711832,0.75,0.489913752159493,0.25,0.246532183362127,0.26355406447838,0.653218336212658,0.000719330822498905,0,0,0,0,3
693,23.3138024742182,0.874681655798574,0.282603456484183,0.626215398305859,0.6,0,0,0,0,0,0.00553848935657686,0.00557095888208773,0.75,0.489561468816523,0.25,0.246527486250887,0.26391104493259,0.652748625088697,0.000719330822498905,0,0,0,0,3
694,23.3225180845302,0.874716049682434,0.28261475698916,0.62619173813454,0.6,0,0,0,0,0,0.00554106603342249,0.00557357968904084,0.75,0.489209438790699,0.25,0.246522792517209,0.264267768692092,0.652279251720931,0.000719330822498905,0,0,0,0,3
695,23.3312315415727,0.874750399981191,0.282626043290883,0.626168108141013,0.6,0,0,0,0,0,0.00554364650255883,0.00557620372380747,0.75,0.488857661899868,0.25,0.246518102158665,0.264624235941467,0.65181021586649,0.000719330822498905,0,0,0,0,3
696,23.3399428442274,0.87478470676877,0.282637315413293,0.626144508273842,0.6,0,0,0,0,0,0.00554623071784008,0.00557883094238938,0.75,0.488506137962008,0.25,0.246513415172827,0.264980446865166,0.651341517282677,0.000719330822498905,0,0,0,0,3
697,23.3486519913727,0.874818970118933,0.282648573380275,0.626120938481705,0.6,0,0,0,0,0,0.00554881863329209,0.00558146130096023,0.75,0.488154866795227,0.25,0.24650873155727,0.265336401647503,0.650873155726969,0.000719330822498905,0,0,0,0,3
698,23.3573589818887,0.874853190105277,0.282659817215663,0.626097398713396,0.6,0,0,0,0,0,0.0055514102031125,0.00558409475586564,0.75,0.487803848217765,0.25,0.24650405130957,0.265692100472664,0.65040513095702,0.000719330822498905,0,0,0,0,3
699,23.3660638146582,0.874887366801236,0.282671046943238,0.626073888917823,0.6,0,0,0,0,0,0.00555400538167063,0.0055867312636232,0.75,0.487453082047992,0.25,0.246499374427307,0.266047543524701,0.649937442730656,0.000719330822498905,0,0,0,0,3
700,23.3747664885665,0.874921500280079,0.282682262586728,0.626050409044005,0.6,0,0,0,0,0,0.00555660412350757,0.00558937078092246,0.75,0.487102568104409,0.25,0.246494700908059,0.266402730987532,0.649470090805878,0.000719330822498905,0,0,0,0,3
701,23.3834670025014,0.874955590614915,0.282693464169808,0.626026959041077,0.6,0,0,0,0,0,0.00555920638333618,0.00559201326462497,0.75,0.486752306205646,0.25,0.246490030749409,0.266757663044945,0.649003074940861,0.000719330822498905,0,0,0,0,3
702,23.3921653553491,0.874989637878688,0.282704651716102,0.626003538858288,0.6,0,0,0,0,0,0.00556181211604112,0.00559465867176429,0.75,0.486402296170465,0.25,0.24648536394894,0.267112339880595,0.648536394893954,0.000719330822498905,0,0,0,0,3
703,23.4008615459932,0.875023642144181,0.282715825249181,0.625980148444999,0.6,0,0,0,0,0,0.00556442127667885,0.005597306959546,0.75,0.486052537817759,0.25,0.246480700504237,0.267466761678004,0.648070050423679,0.000719330822498905,0,0,0,0,3
704,23.4095555733191,0.875057603484016,0.282726984792562,0.625956787750683,0.6,0,0,0,0,0,0.00556703382047766,0.00559995808534769,0.75,0.485703030966549,0.25,0.246476040412887,0.267820928620564,0.647604041288732,0.000719330822498905,0,0,0,0,3
705,23.4182474362149,0.875091521970652,0.282738130369713,0.625933456724926,0.6,0,0,0,0,0,0.00556964970283771,0.00560261200671903,0.75,0.485353775435987,0.25,0.24647138367248,0.268174840891533,0.647138367247983,0.000719330822498905,0,0,0,0,3
706,23.4269371335715,0.875125397676391,0.282749262004048,0.625910155317426,0.6,0,0,0,0,0,0.00557226887933099,0.00560526868138173,0.75,0.485004771045357,0.25,0.246466730280605,0.268528498674038,0.646673028060476,0.000719330822498905,0,0,0,0,3
707,23.4356246642819,0.875159230673371,0.282760379718931,0.625886883477992,0.6,0,0,0,0,0,0.00557489130570139,0.00560792806722958,0.75,0.484656017614069,0.25,0.246462080234854,0.268881902151076,0.646208023485426,0.000719330822498905,0,0,0,0,3
708,23.4443100272368,0.875193021033573,0.282771483537672,0.625863641156546,0.6,0,0,0,0,0,0.0055775169378647,0.00561059012232846,0.75,0.484307514961667,0.25,0.246457433532822,0.269235051505511,0.645743353282223,0.000719330822498905,0,0,0,0,3
709,23.4529932213248,0.875226768828817,0.282782573483533,0.62584042830312,0.6,0,0,0,0,0,0.00558014573190861,0.00561325480491628,0.75,0.483959262907822,0.25,0.246452790172104,0.269587946920074,0.645279017210429,0.000719330822498905,0,0,0,0,3
710,23.461674245437,0.875260474130764,0.282793649579722,0.625817244867856,0.6,0,0,0,0,0,0.00558277764409279,0.00561592207340311,0.75,0.483611261272336,0.25,0.246448150150298,0.269940588577367,0.644815015029781,0.000719330822498905,0,0,0,0,3
711,23.4703530984671,0.87529413701092,0.282804711849397,0.625794090801009,0.6,0,0,0,0,0,0.00558541263084884,0.00561859188637109,0.75,0.483263509875139,0.25,0.246443513465002,0.270292976659859,0.644351346500185,0.000719330822498905,0,0,0,0,3
712,23.4790297793115,0.875327757540629,0.282815760315664,0.62577096605294,0.6,0,0,0,0,0,0.0055880506487803,0.00562126420257447,0.75,0.482916008536293,0.25,0.246438880113817,0.27064511134989,0.643888011381724,0.000719330822498905,0,0,0,0,3
713,23.4877042868686,0.875361335791078,0.28282679500158,0.625747870574125,0.6,0,0,0,0,0,0.00559069165466276,0.00562393898093963,0.75,0.482568757075987,0.25,0.246434250094346,0.270996992829666,0.64342500943465,0.000719330822498905,0,0,0,0,3
714,23.4963766200331,0.8753948718333,0.282837815930149,0.625724804315145,0.6,0,0,0,0,0,0.00559333560544372,0.00562661618056507,0.75,0.482221755314541,0.25,0.246429623404194,0.271348621281265,0.642962340419389,0.000719330822498905,0,0,0,0,3
715,23.5050467776992,0.875428365738168,0.282848823124326,0.625701767226694,0.6,0,0,0,0,0,0.00559598245824278,0.00562929576072134,0.75,0.481875003072404,0.25,0.246425000040965,0.271699996886631,0.642500004096539,0.000719330822498905,0,0,0,0,3
716,23.5137147587637,0.8754618175764,0.282859816607015,0.625678759259571,0.6,0,0,0,0,0,0.00559863217035151,0.00563197768085117,0.75,0.481528500170152,0.25,0.246420380002269,0.272051119827579,0.642038000226869,0.000719330822498905,0,0,0,0,3
717,23.5223805621261,0.875495227418559,0.282870796401071,0.625655780364688,0.6,0,0,0,0,0,0.00560128469923358,0.00563466190056938,0.75,0.481182246428493,0.25,0.246415763285713,0.272401990285794,0.641576328571324,0.000719330822498905,0,0,0,0,3
718,23.5310441866885,0.875528595335051,0.282881762529296,0.625632830493061,0.6,0,0,0,0,0,0.00560394000252464,0.00563734837966293,0.75,0.480836241668262,0.25,0.24641114988891,0.272752608442828,0.641114988891015,0.000719330822498905,0,0,0,0,3
719,23.5397056313543,0.875561921396129,0.282892715014445,0.625609909595818,0.6,0,0,0,0,0,0.00560659803803244,0.00564003707809088,0.75,0.480490485710423,0.25,0.246406539809472,0.273102974480105,0.64065398094723,0.000719330822498905,0,0,0,0,3
720,23.5483648950225,0.87559520567189,0.282903653879222,0.625587017624192,0.6,0,0,0,0,0,0.00560925876373681,0.00564272795598438,0.75,0.480144978376069,0.25,0.246401933045014,0.273453088578916,0.640193304501426,0.000719330822498905,0,0,0,0,3
721,23.5570219765929,0.875628448232277,0.282914579146279,0.625564154529526,0.6,0,0,0,0,0,0.00561192213778965,0.00564542097364665,0.75,0.479799719486423,0.25,0.246397329593152,0.273802950920424,0.639732959315231,0.000719330822498905,0,0,0,0,3
722,23.5656768749684,0.875661649147081,0.282925490838223,0.625541320263266,0.6,0,0,0,0,0,0.00561458811851495,0.00564811609155305,0.75,0.479454708862835,0.25,0.246392729451504,0.27415256168566,0.639272945150447,0.000719330822498905,0,0,0,0,3
723,23.5743295890542,0.875694808485937,0.282936388977608,0.625518514776969,0.6,0,0,0,0,0,0.00561725666440884,0.005650813270351,0.75,0.479109946326783,0.25,0.24638813261769,0.274501921055526,0.638813261769044,0.000719330822498905,0,0,0,0,3
724,23.5829801177587,0.875727926318329,0.28294727358694,0.625495738022297,0.6,0,0,0,0,0,0.0056199277341395,0.00565351247085998,0.75,0.478765431699875,0.25,0.246383539089332,0.274851029210794,0.638353908933166,0.000719330822498905,0,0,0,0,3
725,23.5916284599891,0.875761002713589,0.282958144688674,0.625472989951018,0.6,0,0,0,0,0,0.00562260128654723,0.00565621365407155,0.75,0.478421164803846,0.25,0.246378948864051,0.275199886332103,0.637894886405127,0.000719330822498905,0,0,0,0,3
726,23.6002746146494,0.875794037740896,0.28296900230522,0.625450270515006,0.6,0,0,0,0,0,0.00562527728064445,0.00565891678114926,0.75,0.478077145460559,0.25,0.246374361939474,0.275548492599967,0.637436193947412,0.000719330822498905,0,0,0,0,3
727,23.6089185806455,0.875827031469278,0.282979846458934,0.625427579666242,0.6,0,0,0,0,0,0.00562795567561569,0.00566162181342869,0.75,0.477733373492007,0.25,0.246369778313227,0.275896848194767,0.636977831322676,0.000719330822498905,0,0,0,0,3
728,23.6175603568861,0.875859983967612,0.282990677172127,0.625404917356811,0.6,0,0,0,0,0,0.00563063643081765,0.00566432871241742,0.75,0.477389848720308,0.25,0.246365197982937,0.276244953296754,0.636519798293745,0.000719330822498905,0,0,0,0,3
729,23.6261999422829,0.875892895304622,0.28300149446706,0.625382283538903,0.6,0,0,0,0,0,0.00563331950577907,0.00566703743979505,0.75,0.477046570967712,0.25,0.246360620946236,0.276592808086052,0.636062094623616,0.000719330822498905,0,0,0,0,3
730,23.6348373357491,0.875925765548886,0.283012298365945,0.625359678164814,0.6,0,0,0,0,0,0.00563600486020085,0.00566974795741309,0.75,0.476703540056593,0.25,0.246356047200755,0.276940412742653,0.635604720075457,0.000719330822498905,0,0,0,0,3
